{"epoch": 0, "time_epoch": 90.07375, "eta": 8917.30113, "eta_hours": 2.47703, "loss": 0.8177615, "lr": 0.0, "params": 558625, "time_iter": 0.08754, "accuracy": 0.03745, "precision": 0.03745, "recall": 1.0, "f1": 0.07219, "auc": 0.42719}
{"epoch": 1, "time_epoch": 85.87363, "eta": 8621.42162, "eta_hours": 2.39484, "loss": 0.54038255, "lr": 2e-05, "params": 558625, "time_iter": 0.08345, "accuracy": 0.67308, "precision": 0.03857, "recall": 0.32305, "f1": 0.06891, "auc": 0.51301}
{"epoch": 2, "time_epoch": 84.67956, "eta": 8426.93767, "eta_hours": 2.34082, "loss": 0.19202116, "lr": 4e-05, "params": 558625, "time_iter": 0.08229, "accuracy": 0.96179, "precision": 0.0, "recall": 0.0, "f1": 0.0, "auc": 0.59344}
{"epoch": 3, "time_epoch": 84.39649, "eta": 8280.56231, "eta_hours": 2.30016, "loss": 0.15115635, "lr": 6e-05, "params": 558625, "time_iter": 0.08202, "accuracy": 0.96258, "precision": 0.57143, "recall": 0.00325, "f1": 0.00646, "auc": 0.68072}
{"epoch": 4, "time_epoch": 84.62546, "eta": 8163.32891, "eta_hours": 2.26759, "loss": 0.14321941, "lr": 8e-05, "params": 558625, "time_iter": 0.08224, "accuracy": 0.96274, "precision": 0.59375, "recall": 0.01542, "f1": 0.03006, "auc": 0.72185}
{"epoch": 5, "time_epoch": 83.1156, "eta": 8033.31039, "eta_hours": 2.23148, "loss": 0.13545319, "lr": 0.0001, "params": 558625, "time_iter": 0.08077, "accuracy": 0.96304, "precision": 0.58163, "recall": 0.04627, "f1": 0.08571, "auc": 0.76324}
{"epoch": 6, "time_epoch": 81.32845, "eta": 7892.94904, "eta_hours": 2.19249, "loss": 0.12863037, "lr": 9.997e-05, "params": 558625, "time_iter": 0.07904, "accuracy": 0.96471, "precision": 0.68394, "recall": 0.10714, "f1": 0.18526, "auc": 0.78453}
{"epoch": 7, "time_epoch": 82.74553, "eta": 7783.64235, "eta_hours": 2.16212, "loss": 0.12531808, "lr": 9.989e-05, "params": 558625, "time_iter": 0.08041, "accuracy": 0.96505, "precision": 0.63399, "recall": 0.15747, "f1": 0.25228, "auc": 0.79786}
{"epoch": 8, "time_epoch": 85.07099, "eta": 7703.7512, "eta_hours": 2.13993, "loss": 0.12351428, "lr": 9.975e-05, "params": 558625, "time_iter": 0.08267, "accuracy": 0.96553, "precision": 0.63687, "recall": 0.18506, "f1": 0.28679, "auc": 0.80075}
{"epoch": 9, "time_epoch": 83.67374, "eta": 7610.24882, "eta_hours": 2.11396, "loss": 0.11964976, "lr": 9.956e-05, "params": 558625, "time_iter": 0.08132, "accuracy": 0.9662, "precision": 0.63514, "recall": 0.2289, "f1": 0.33652, "auc": 0.82052}
{"epoch": 10, "time_epoch": 85.403, "eta": 7532.5247, "eta_hours": 2.09237, "loss": 0.11694242, "lr": 9.932e-05, "params": 558625, "time_iter": 0.083, "accuracy": 0.96687, "precision": 0.64549, "recall": 0.25568, "f1": 0.36628, "auc": 0.82458}
{"epoch": 11, "time_epoch": 85.69266, "eta": 7455.64495, "eta_hours": 2.07101, "loss": 0.11440184, "lr": 9.902e-05, "params": 558625, "time_iter": 0.08328, "accuracy": 0.9673, "precision": 0.65, "recall": 0.27435, "f1": 0.38584, "auc": 0.83606}
{"epoch": 12, "time_epoch": 85.61987, "eta": 7376.92226, "eta_hours": 2.04915, "loss": 0.11307042, "lr": 9.867e-05, "params": 558625, "time_iter": 0.08321, "accuracy": 0.96754, "precision": 0.64909, "recall": 0.28977, "f1": 0.40067, "auc": 0.84374}
{"epoch": 13, "time_epoch": 85.5568, "eta": 7296.82683, "eta_hours": 2.0269, "loss": 0.11117144, "lr": 9.826e-05, "params": 558625, "time_iter": 0.08315, "accuracy": 0.96839, "precision": 0.66901, "recall": 0.30844, "f1": 0.42222, "auc": 0.84876}
{"epoch": 14, "time_epoch": 85.45338, "eta": 7215.41717, "eta_hours": 2.00428, "loss": 0.1089802, "lr": 9.78e-05, "params": 558625, "time_iter": 0.08305, "accuracy": 0.96888, "precision": 0.67869, "recall": 0.32062, "f1": 0.4355, "auc": 0.85039}
{"epoch": 15, "time_epoch": 86.8382, "eta": 7140.77233, "eta_hours": 1.98355, "loss": 0.10580077, "lr": 9.729e-05, "params": 558625, "time_iter": 0.08439, "accuracy": 0.96967, "precision": 0.69898, "recall": 0.3336, "f1": 0.45165, "auc": 0.86657}
{"epoch": 16, "time_epoch": 85.20555, "eta": 7056.7218, "eta_hours": 1.9602, "loss": 0.10518277, "lr": 9.673e-05, "params": 558625, "time_iter": 0.0828, "accuracy": 0.97006, "precision": 0.70346, "recall": 0.34659, "f1": 0.46438, "auc": 0.86814}
{"epoch": 17, "time_epoch": 86.96575, "eta": 6980.56162, "eta_hours": 1.93904, "loss": 0.10468852, "lr": 9.611e-05, "params": 558625, "time_iter": 0.08451, "accuracy": 0.9707, "precision": 0.72112, "recall": 0.35471, "f1": 0.47552, "auc": 0.86768}
{"epoch": 18, "time_epoch": 84.4242, "eta": 6892.42902, "eta_hours": 1.91456, "loss": 0.10148763, "lr": 9.545e-05, "params": 558625, "time_iter": 0.08204, "accuracy": 0.97122, "precision": 0.73554, "recall": 0.3612, "f1": 0.48449, "auc": 0.88042}
{"epoch": 19, "time_epoch": 83.64017, "eta": 6801.53112, "eta_hours": 1.88931, "loss": 0.10115956, "lr": 9.474e-05, "params": 558625, "time_iter": 0.08128, "accuracy": 0.97158, "precision": 0.73312, "recall": 0.37906, "f1": 0.49973, "auc": 0.88068}
{"epoch": 20, "time_epoch": 89.86722, "eta": 6734.75001, "eta_hours": 1.87076, "loss": 0.09992272, "lr": 9.397e-05, "params": 558625, "time_iter": 0.08733, "accuracy": 0.97143, "precision": 0.72462, "recall": 0.38231, "f1": 0.50053, "auc": 0.88678}
{"epoch": 21, "time_epoch": 91.38022, "eta": 6671.23444, "eta_hours": 1.85312, "loss": 0.09877283, "lr": 9.316e-05, "params": 558625, "time_iter": 0.0888, "accuracy": 0.97149, "precision": 0.73786, "recall": 0.37013, "f1": 0.49297, "auc": 0.89188}
{"epoch": 22, "time_epoch": 83.48434, "eta": 6578.86182, "eta_hours": 1.82746, "loss": 0.09675142, "lr": 9.23e-05, "params": 558625, "time_iter": 0.08113, "accuracy": 0.97198, "precision": 0.72997, "recall": 0.39935, "f1": 0.51626, "auc": 0.89842}
{"epoch": 23, "time_epoch": 82.09877, "eta": 6482.84224, "eta_hours": 1.80079, "loss": 0.09548646, "lr": 9.14e-05, "params": 558625, "time_iter": 0.07979, "accuracy": 0.97207, "precision": 0.72847, "recall": 0.40503, "f1": 0.52061, "auc": 0.89874}
{"epoch": 24, "time_epoch": 81.59071, "eta": 6386.41216, "eta_hours": 1.774, "loss": 0.09455792, "lr": 9.045e-05, "params": 558625, "time_iter": 0.07929, "accuracy": 0.97249, "precision": 0.74151, "recall": 0.40747, "f1": 0.52593, "auc": 0.90595}
{"epoch": 25, "time_epoch": 82.12529, "eta": 6292.64505, "eta_hours": 1.74796, "loss": 0.09200279, "lr": 8.946e-05, "params": 558625, "time_iter": 0.07981, "accuracy": 0.97331, "precision": 0.76029, "recall": 0.41964, "f1": 0.54079, "auc": 0.90996}
{"epoch": 26, "time_epoch": 79.92802, "eta": 6193.79954, "eta_hours": 1.7205, "loss": 0.09104096, "lr": 8.842e-05, "params": 558625, "time_iter": 0.07768, "accuracy": 0.97304, "precision": 0.74892, "recall": 0.42127, "f1": 0.53922, "auc": 0.91226}
{"epoch": 27, "time_epoch": 81.6965, "eta": 6100.85279, "eta_hours": 1.69468, "loss": 0.09030413, "lr": 8.734e-05, "params": 558625, "time_iter": 0.07939, "accuracy": 0.97362, "precision": 0.75348, "recall": 0.43912, "f1": 0.55487, "auc": 0.91571}
{"epoch": 28, "time_epoch": 77.31745, "eta": 5997.96079, "eta_hours": 1.6661, "loss": 0.08818774, "lr": 8.622e-05, "params": 558625, "time_iter": 0.07514, "accuracy": 0.97377, "precision": 0.76023, "recall": 0.4375, "f1": 0.55538, "auc": 0.92206}
{"epoch": 29, "time_epoch": 77.02566, "eta": 5896.09293, "eta_hours": 1.6378, "loss": 0.08672518, "lr": 8.506e-05, "params": 558625, "time_iter": 0.07485, "accuracy": 0.97359, "precision": 0.74829, "recall": 0.44399, "f1": 0.55731, "auc": 0.92723}
{"epoch": 30, "time_epoch": 77.99624, "eta": 5797.98811, "eta_hours": 1.61055, "loss": 0.08568489, "lr": 8.386e-05, "params": 558625, "time_iter": 0.0758, "accuracy": 0.97447, "precision": 0.77684, "recall": 0.44643, "f1": 0.56701, "auc": 0.93156}
{"epoch": 31, "time_epoch": 76.84922, "eta": 5698.70266, "eta_hours": 1.58297, "loss": 0.08530888, "lr": 8.263e-05, "params": 558625, "time_iter": 0.07468, "accuracy": 0.97413, "precision": 0.76869, "recall": 0.44237, "f1": 0.56157, "auc": 0.93324}
{"epoch": 32, "time_epoch": 87.25229, "eta": 5621.89836, "eta_hours": 1.56164, "loss": 0.08309978, "lr": 8.136e-05, "params": 558625, "time_iter": 0.08479, "accuracy": 0.97511, "precision": 0.77943, "recall": 0.46753, "f1": 0.58447, "auc": 0.93602}
{"epoch": 33, "time_epoch": 87.15247, "eta": 5544.28572, "eta_hours": 1.54008, "loss": 0.08272316, "lr": 8.005e-05, "params": 558625, "time_iter": 0.0847, "accuracy": 0.97492, "precision": 0.77315, "recall": 0.46753, "f1": 0.5827, "auc": 0.9391}
{"epoch": 34, "time_epoch": 86.06635, "eta": 5464.11085, "eta_hours": 1.51781, "loss": 0.0819456, "lr": 7.872e-05, "params": 558625, "time_iter": 0.08364, "accuracy": 0.97538, "precision": 0.78437, "recall": 0.4724, "f1": 0.58967, "auc": 0.94026}
{"epoch": 35, "time_epoch": 85.2016, "eta": 5382.07136, "eta_hours": 1.49502, "loss": 0.07956213, "lr": 7.735e-05, "params": 558625, "time_iter": 0.0828, "accuracy": 0.97538, "precision": 0.77403, "recall": 0.48377, "f1": 0.5954, "auc": 0.94484}
{"epoch": 36, "time_epoch": 85.29814, "eta": 5300.02531, "eta_hours": 1.47223, "loss": 0.07995986, "lr": 7.595e-05, "params": 558625, "time_iter": 0.08289, "accuracy": 0.97508, "precision": 0.77467, "recall": 0.47159, "f1": 0.58628, "auc": 0.945}
{"epoch": 37, "time_epoch": 83.50493, "eta": 5214.88234, "eta_hours": 1.44858, "loss": 0.07839687, "lr": 7.452e-05, "params": 558625, "time_iter": 0.08115, "accuracy": 0.97572, "precision": 0.77721, "recall": 0.49269, "f1": 0.60308, "auc": 0.94671}
{"epoch": 38, "time_epoch": 85.48668, "eta": 5132.92304, "eta_hours": 1.42581, "loss": 0.07750975, "lr": 7.307e-05, "params": 558625, "time_iter": 0.08308, "accuracy": 0.97538, "precision": 0.76641, "recall": 0.49269, "f1": 0.5998, "auc": 0.95206}
{"epoch": 39, "time_epoch": 85.716, "eta": 5051.13135, "eta_hours": 1.40309, "loss": 0.07582093, "lr": 7.159e-05, "params": 558625, "time_iter": 0.0833, "accuracy": 0.97638, "precision": 0.79355, "recall": 0.49919, "f1": 0.61286, "auc": 0.95439}
{"epoch": 40, "time_epoch": 85.87099, "eta": 4969.37125, "eta_hours": 1.38038, "loss": 0.07200107, "lr": 7.008e-05, "params": 558625, "time_iter": 0.08345, "accuracy": 0.97647, "precision": 0.78841, "recall": 0.50812, "f1": 0.61797, "auc": 0.96108}
{"epoch": 41, "time_epoch": 85.67906, "eta": 4887.15035, "eta_hours": 1.35754, "loss": 0.07484083, "lr": 6.856e-05, "params": 558625, "time_iter": 0.08326, "accuracy": 0.97572, "precision": 0.7663, "recall": 0.50568, "f1": 0.60929, "auc": 0.956}
{"epoch": 42, "time_epoch": 85.78525, "eta": 4804.90937, "eta_hours": 1.3347, "loss": 0.07427264, "lr": 6.701e-05, "params": 558625, "time_iter": 0.08337, "accuracy": 0.97702, "precision": 0.80051, "recall": 0.51461, "f1": 0.62648, "auc": 0.95431}
{"epoch": 43, "time_epoch": 85.62759, "eta": 4722.30664, "eta_hours": 1.31175, "loss": 0.0719706, "lr": 6.545e-05, "params": 558625, "time_iter": 0.08321, "accuracy": 0.97696, "precision": 0.78486, "recall": 0.53003, "f1": 0.63275, "auc": 0.95808}
{"epoch": 44, "time_epoch": 82.14006, "eta": 4635.30693, "eta_hours": 1.28759, "loss": 0.07154091, "lr": 6.387e-05, "params": 558625, "time_iter": 0.07983, "accuracy": 0.97705, "precision": 0.8, "recall": 0.51623, "f1": 0.62753, "auc": 0.9608}
{"epoch": 45, "time_epoch": 85.33854, "eta": 4552.27324, "eta_hours": 1.26452, "loss": 0.06883509, "lr": 6.227e-05, "params": 558625, "time_iter": 0.08293, "accuracy": 0.97806, "precision": 0.8, "recall": 0.55195, "f1": 0.65322, "auc": 0.96391}
{"epoch": 46, "time_epoch": 84.3256, "eta": 4467.99922, "eta_hours": 1.24111, "loss": 0.06946116, "lr": 6.066e-05, "params": 558625, "time_iter": 0.08195, "accuracy": 0.97739, "precision": 0.7954, "recall": 0.53328, "f1": 0.63848, "auc": 0.96508}
{"epoch": 47, "time_epoch": 84.93624, "eta": 4384.38458, "eta_hours": 1.21788, "loss": 0.06792609, "lr": 5.904e-05, "params": 558625, "time_iter": 0.08254, "accuracy": 0.9776, "precision": 0.78351, "recall": 0.55519, "f1": 0.64988, "auc": 0.96669}
{"epoch": 48, "time_epoch": 85.29447, "eta": 4301.08885, "eta_hours": 1.19475, "loss": 0.06581715, "lr": 5.741e-05, "params": 558625, "time_iter": 0.08289, "accuracy": 0.97769, "precision": 0.79785, "recall": 0.5414, "f1": 0.64507, "auc": 0.97006}
{"epoch": 49, "time_epoch": 86.93342, "eta": 4219.35212, "eta_hours": 1.17204, "loss": 0.06871376, "lr": 5.577e-05, "params": 558625, "time_iter": 0.08448, "accuracy": 0.97739, "precision": 0.78571, "recall": 0.54464, "f1": 0.64334, "auc": 0.96865}
{"epoch": 50, "time_epoch": 85.4235, "eta": 4135.96089, "eta_hours": 1.14888, "loss": 0.06718726, "lr": 5.413e-05, "params": 558625, "time_iter": 0.08302, "accuracy": 0.97833, "precision": 0.80856, "recall": 0.55195, "f1": 0.65605, "auc": 0.96759}
{"epoch": 51, "time_epoch": 89.42212, "eta": 4056.18253, "eta_hours": 1.12672, "loss": 0.06480554, "lr": 5.248e-05, "params": 558625, "time_iter": 0.0869, "accuracy": 0.97866, "precision": 0.80814, "recall": 0.56412, "f1": 0.66444, "auc": 0.9714}
{"epoch": 52, "time_epoch": 94.91201, "eta": 3980.90865, "eta_hours": 1.10581, "loss": 0.06072239, "lr": 5.083e-05, "params": 558625, "time_iter": 0.09224, "accuracy": 0.97982, "precision": 0.81839, "recall": 0.59253, "f1": 0.68738, "auc": 0.9747}
{"epoch": 53, "time_epoch": 90.33446, "eta": 3901.00804, "eta_hours": 1.08361, "loss": 0.06185732, "lr": 4.917e-05, "params": 558625, "time_iter": 0.08779, "accuracy": 0.97939, "precision": 0.81335, "recall": 0.5836, "f1": 0.67958, "auc": 0.97352}
{"epoch": 54, "time_epoch": 80.89669, "eta": 3813.00619, "eta_hours": 1.05917, "loss": 0.06007608, "lr": 4.752e-05, "params": 558625, "time_iter": 0.07862, "accuracy": 0.97967, "precision": 0.81736, "recall": 0.58847, "f1": 0.68429, "auc": 0.97766}
{"epoch": 55, "time_epoch": 80.81641, "eta": 3725.19503, "eta_hours": 1.03478, "loss": 0.06111416, "lr": 4.587e-05, "params": 558625, "time_iter": 0.07854, "accuracy": 0.97958, "precision": 0.8125, "recall": 0.59091, "f1": 0.68421, "auc": 0.97553}
{"epoch": 56, "time_epoch": 79.31948, "eta": 3636.50004, "eta_hours": 1.01014, "loss": 0.05999512, "lr": 4.423e-05, "params": 558625, "time_iter": 0.07708, "accuracy": 0.97991, "precision": 0.81066, "recall": 0.60471, "f1": 0.6927, "auc": 0.97802}
{"epoch": 57, "time_epoch": 79.09038, "eta": 3547.96244, "eta_hours": 0.98555, "loss": 0.05985301, "lr": 4.259e-05, "params": 558625, "time_iter": 0.07686, "accuracy": 0.97997, "precision": 0.82373, "recall": 0.59172, "f1": 0.68871, "auc": 0.97721}
{"epoch": 58, "time_epoch": 81.16428, "eta": 3461.18627, "eta_hours": 0.96144, "loss": 0.05893228, "lr": 4.096e-05, "params": 558625, "time_iter": 0.07888, "accuracy": 0.9803, "precision": 0.82018, "recall": 0.60714, "f1": 0.69776, "auc": 0.97761}
{"epoch": 59, "time_epoch": 81.59267, "eta": 3374.88275, "eta_hours": 0.93747, "loss": 0.05968934, "lr": 3.934e-05, "params": 558625, "time_iter": 0.07929, "accuracy": 0.9804, "precision": 0.81661, "recall": 0.61445, "f1": 0.70125, "auc": 0.977}
{"epoch": 60, "time_epoch": 81.93669, "eta": 3288.95364, "eta_hours": 0.9136, "loss": 0.05723969, "lr": 3.773e-05, "params": 558625, "time_iter": 0.07963, "accuracy": 0.98106, "precision": 0.83871, "recall": 0.61201, "f1": 0.70765, "auc": 0.97945}
{"epoch": 61, "time_epoch": 78.87944, "eta": 3201.27951, "eta_hours": 0.88924, "loss": 0.05776549, "lr": 3.613e-05, "params": 558625, "time_iter": 0.07666, "accuracy": 0.98088, "precision": 0.83168, "recall": 0.61364, "f1": 0.70621, "auc": 0.97851}
{"epoch": 62, "time_epoch": 78.47534, "eta": 3113.64725, "eta_hours": 0.8649, "loss": 0.05662514, "lr": 3.455e-05, "params": 558625, "time_iter": 0.07626, "accuracy": 0.98128, "precision": 0.8319, "recall": 0.62662, "f1": 0.71481, "auc": 0.97928}
{"epoch": 63, "time_epoch": 79.75536, "eta": 3027.02116, "eta_hours": 0.84084, "loss": 0.0563902, "lr": 3.299e-05, "params": 558625, "time_iter": 0.07751, "accuracy": 0.98076, "precision": 0.8176, "recall": 0.62581, "f1": 0.70897, "auc": 0.97999}
{"epoch": 64, "time_epoch": 78.748, "eta": 2940.06405, "eta_hours": 0.81668, "loss": 0.05511092, "lr": 3.144e-05, "params": 558625, "time_iter": 0.07653, "accuracy": 0.98131, "precision": 0.82577, "recall": 0.63474, "f1": 0.71776, "auc": 0.98002}
{"epoch": 65, "time_epoch": 79.53109, "eta": 2853.75911, "eta_hours": 0.79271, "loss": 0.05454615, "lr": 2.992e-05, "params": 558625, "time_iter": 0.07729, "accuracy": 0.98103, "precision": 0.82068, "recall": 0.63149, "f1": 0.71376, "auc": 0.98284}
{"epoch": 66, "time_epoch": 79.21761, "eta": 2767.50198, "eta_hours": 0.76875, "loss": 0.05450303, "lr": 2.841e-05, "params": 558625, "time_iter": 0.07699, "accuracy": 0.98179, "precision": 0.82197, "recall": 0.65584, "f1": 0.72957, "auc": 0.98231}
{"epoch": 67, "time_epoch": 80.26194, "eta": 2681.94334, "eta_hours": 0.74498, "loss": 0.05482843, "lr": 2.693e-05, "params": 558625, "time_iter": 0.078, "accuracy": 0.98143, "precision": 0.83423, "recall": 0.62906, "f1": 0.71726, "auc": 0.98197}
{"epoch": 68, "time_epoch": 78.78925, "eta": 2595.87658, "eta_hours": 0.72108, "loss": 0.05090667, "lr": 2.548e-05, "params": 558625, "time_iter": 0.07657, "accuracy": 0.98216, "precision": 0.83912, "recall": 0.64773, "f1": 0.7311, "auc": 0.98562}
{"epoch": 69, "time_epoch": 79.21413, "eta": 2510.19984, "eta_hours": 0.69728, "loss": 0.05092922, "lr": 2.405e-05, "params": 558625, "time_iter": 0.07698, "accuracy": 0.98286, "precision": 0.85608, "recall": 0.65179, "f1": 0.74009, "auc": 0.98462}
{"epoch": 70, "time_epoch": 80.75896, "eta": 2425.33614, "eta_hours": 0.6737, "loss": 0.05223906, "lr": 2.265e-05, "params": 558625, "time_iter": 0.07848, "accuracy": 0.98207, "precision": 0.83932, "recall": 0.64448, "f1": 0.72911, "auc": 0.98504}
{"epoch": 71, "time_epoch": 78.17025, "eta": 2339.57973, "eta_hours": 0.64988, "loss": 0.05149428, "lr": 2.128e-05, "params": 558625, "time_iter": 0.07597, "accuracy": 0.98225, "precision": 0.8375, "recall": 0.6526, "f1": 0.73358, "auc": 0.98511}
{"epoch": 72, "time_epoch": 79.12362, "eta": 2254.38378, "eta_hours": 0.62622, "loss": 0.04943973, "lr": 1.995e-05, "params": 558625, "time_iter": 0.07689, "accuracy": 0.98292, "precision": 0.84607, "recall": 0.66477, "f1": 0.74455, "auc": 0.98575}
{"epoch": 73, "time_epoch": 80.25116, "eta": 2169.74812, "eta_hours": 0.60271, "loss": 0.05024791, "lr": 1.864e-05, "params": 558625, "time_iter": 0.07799, "accuracy": 0.98246, "precision": 0.83114, "recall": 0.66721, "f1": 0.74021, "auc": 0.98611}
{"epoch": 74, "time_epoch": 79.7278, "eta": 2085.05492, "eta_hours": 0.57918, "loss": 0.05174229, "lr": 1.737e-05, "params": 558625, "time_iter": 0.07748, "accuracy": 0.98268, "precision": 0.84623, "recall": 0.65666, "f1": 0.73949, "auc": 0.98477}
{"epoch": 75, "time_epoch": 77.72843, "eta": 1999.861, "eta_hours": 0.55552, "loss": 0.04967575, "lr": 1.614e-05, "params": 558625, "time_iter": 0.07554, "accuracy": 0.98313, "precision": 0.85005, "recall": 0.66721, "f1": 0.74761, "auc": 0.98619}
{"epoch": 76, "time_epoch": 79.47482, "eta": 1915.38265, "eta_hours": 0.53205, "loss": 0.04775272, "lr": 1.494e-05, "params": 558625, "time_iter": 0.07724, "accuracy": 0.98413, "precision": 0.86077, "recall": 0.6875, "f1": 0.76444, "auc": 0.98741}
{"epoch": 77, "time_epoch": 77.9784, "eta": 1830.61052, "eta_hours": 0.5085, "loss": 0.0502019, "lr": 1.378e-05, "params": 558625, "time_iter": 0.07578, "accuracy": 0.98356, "precision": 0.85582, "recall": 0.67451, "f1": 0.75443, "auc": 0.98519}
{"epoch": 78, "time_epoch": 78.27955, "eta": 1746.09044, "eta_hours": 0.48503, "loss": 0.04896687, "lr": 1.266e-05, "params": 558625, "time_iter": 0.07607, "accuracy": 0.98365, "precision": 0.8402, "recall": 0.69562, "f1": 0.7611, "auc": 0.98552}
{"epoch": 79, "time_epoch": 79.50762, "eta": 1662.03339, "eta_hours": 0.46168, "loss": 0.05004192, "lr": 1.158e-05, "params": 558625, "time_iter": 0.07727, "accuracy": 0.98319, "precision": 0.85774, "recall": 0.66071, "f1": 0.74645, "auc": 0.98666}
{"epoch": 80, "time_epoch": 79.73756, "eta": 1578.14261, "eta_hours": 0.43837, "loss": 0.04663081, "lr": 1.054e-05, "params": 558625, "time_iter": 0.07749, "accuracy": 0.98416, "precision": 0.86313, "recall": 0.68588, "f1": 0.76436, "auc": 0.988}
{"epoch": 81, "time_epoch": 79.09169, "eta": 1494.21135, "eta_hours": 0.41506, "loss": 0.0464769, "lr": 9.55e-06, "params": 558625, "time_iter": 0.07686, "accuracy": 0.98347, "precision": 0.84331, "recall": 0.68588, "f1": 0.75649, "auc": 0.98884}
{"epoch": 82, "time_epoch": 79.14941, "eta": 1410.40853, "eta_hours": 0.39178, "loss": 0.04671722, "lr": 8.6e-06, "params": 558625, "time_iter": 0.07692, "accuracy": 0.98371, "precision": 0.85152, "recall": 0.68425, "f1": 0.75878, "auc": 0.98826}
{"epoch": 83, "time_epoch": 79.91732, "eta": 1326.86277, "eta_hours": 0.36857, "loss": 0.0473638, "lr": 7.7e-06, "params": 558625, "time_iter": 0.07767, "accuracy": 0.98389, "precision": 0.84891, "recall": 0.69318, "f1": 0.76318, "auc": 0.98726}
{"epoch": 84, "time_epoch": 80.25048, "eta": 1243.46118, "eta_hours": 0.34541, "loss": 0.04629024, "lr": 6.84e-06, "params": 558625, "time_iter": 0.07799, "accuracy": 0.98368, "precision": 0.84236, "recall": 0.69399, "f1": 0.76101, "auc": 0.98821}
{"epoch": 85, "time_epoch": 80.7826, "eta": 1160.2195, "eta_hours": 0.32228, "loss": 0.04463708, "lr": 6.03e-06, "params": 558625, "time_iter": 0.07851, "accuracy": 0.98432, "precision": 0.85729, "recall": 0.69724, "f1": 0.76902, "auc": 0.98912}
{"epoch": 86, "time_epoch": 80.50071, "eta": 1076.99222, "eta_hours": 0.29916, "loss": 0.04712813, "lr": 5.26e-06, "params": 558625, "time_iter": 0.07823, "accuracy": 0.98407, "precision": 0.85119, "recall": 0.69643, "f1": 0.76607, "auc": 0.98746}
{"epoch": 87, "time_epoch": 80.91794, "eta": 993.88381, "eta_hours": 0.27608, "loss": 0.04686294, "lr": 4.55e-06, "params": 558625, "time_iter": 0.07864, "accuracy": 0.98407, "precision": 0.85614, "recall": 0.69075, "f1": 0.7646, "auc": 0.98816}
{"epoch": 88, "time_epoch": 79.30979, "eta": 910.62586, "eta_hours": 0.25295, "loss": 0.04498299, "lr": 3.89e-06, "params": 558625, "time_iter": 0.07707, "accuracy": 0.98462, "precision": 0.86155, "recall": 0.70211, "f1": 0.7737, "auc": 0.98886}
{"epoch": 89, "time_epoch": 80.50273, "eta": 827.5882, "eta_hours": 0.22989, "loss": 0.04318902, "lr": 3.27e-06, "params": 558625, "time_iter": 0.07823, "accuracy": 0.98505, "precision": 0.85853, "recall": 0.71916, "f1": 0.78269, "auc": 0.98977}
{"epoch": 90, "time_epoch": 77.28049, "eta": 744.28757, "eta_hours": 0.20675, "loss": 0.04767419, "lr": 2.71e-06, "params": 558625, "time_iter": 0.0751, "accuracy": 0.98401, "precision": 0.84813, "recall": 0.69805, "f1": 0.76581, "auc": 0.98763}
{"epoch": 91, "time_epoch": 77.66614, "eta": 661.15134, "eta_hours": 0.18365, "loss": 0.04640307, "lr": 2.2e-06, "params": 558625, "time_iter": 0.07548, "accuracy": 0.98401, "precision": 0.85585, "recall": 0.68912, "f1": 0.76349, "auc": 0.98805}
{"epoch": 92, "time_epoch": 79.88644, "eta": 578.29987, "eta_hours": 0.16064, "loss": 0.04641024, "lr": 1.74e-06, "params": 558625, "time_iter": 0.07764, "accuracy": 0.98395, "precision": 0.85556, "recall": 0.6875, "f1": 0.76238, "auc": 0.98822}
{"epoch": 93, "time_epoch": 77.80645, "eta": 495.37872, "eta_hours": 0.13761, "loss": 0.04382375, "lr": 1.33e-06, "params": 558625, "time_iter": 0.07561, "accuracy": 0.98465, "precision": 0.86533, "recall": 0.69886, "f1": 0.77324, "auc": 0.98897}
{"epoch": 94, "time_epoch": 78.28682, "eta": 412.59053, "eta_hours": 0.11461, "loss": 0.04397625, "lr": 9.8e-07, "params": 558625, "time_iter": 0.07608, "accuracy": 0.98447, "precision": 0.85171, "recall": 0.7086, "f1": 0.77359, "auc": 0.98964}
{"epoch": 95, "time_epoch": 81.64092, "eta": 330.03588, "eta_hours": 0.09168, "loss": 0.04394938, "lr": 6.8e-07, "params": 558625, "time_iter": 0.07934, "accuracy": 0.98468, "precision": 0.86111, "recall": 0.70455, "f1": 0.775, "auc": 0.99002}
{"epoch": 96, "time_epoch": 79.76023, "eta": 247.4419, "eta_hours": 0.06873, "loss": 0.04395079, "lr": 4.4e-07, "params": 558625, "time_iter": 0.07751, "accuracy": 0.98502, "precision": 0.86261, "recall": 0.71347, "f1": 0.78099, "auc": 0.98955}
{"epoch": 97, "time_epoch": 77.12158, "eta": 164.8519, "eta_hours": 0.04579, "loss": 0.04299269, "lr": 2.5e-07, "params": 558625, "time_iter": 0.07495, "accuracy": 0.98486, "precision": 0.86122, "recall": 0.71023, "f1": 0.77847, "auc": 0.9904}
{"epoch": 98, "time_epoch": 77.73834, "eta": 82.3786, "eta_hours": 0.02288, "loss": 0.04370625, "lr": 1.1e-07, "params": 558625, "time_iter": 0.07555, "accuracy": 0.98508, "precision": 0.86006, "recall": 0.71834, "f1": 0.78284, "auc": 0.98968}
{"epoch": 99, "time_epoch": 77.4855, "eta": 0.0, "eta_hours": 0.0, "loss": 0.04462106, "lr": 3e-08, "params": 558625, "time_iter": 0.0753, "accuracy": 0.98465, "precision": 0.85813, "recall": 0.70698, "f1": 0.77526, "auc": 0.9894}
