{"epoch": 0, "time_epoch": 76.7242, "eta": 7595.69592, "eta_hours": 2.10992, "loss": 2.3093204, "lr": 0.0, "params": 115394, "time_iter": 0.02232, "accuracy": 0.088, "f1": 0.02978, "auc": 0.50568}
{"epoch": 1, "time_epoch": 69.70708, "eta": 7175.13295, "eta_hours": 1.99309, "loss": 1.68119255, "lr": 0.0002, "params": 115394, "time_iter": 0.02028, "accuracy": 0.6336, "f1": 0.61712, "auc": 0.91207}
{"epoch": 2, "time_epoch": 69.67083, "eta": 6987.3017, "eta_hours": 1.94092, "loss": 0.71387726, "lr": 0.0004, "params": 115394, "time_iter": 0.02026, "accuracy": 0.8752, "f1": 0.87354, "auc": 0.98009}
{"epoch": 3, "time_epoch": 69.68911, "eta": 6858.98947, "eta_hours": 1.90527, "loss": 0.35087667, "lr": 0.0006, "params": 115394, "time_iter": 0.02027, "accuracy": 0.90705, "f1": 0.9061, "auc": 0.99046}
{"epoch": 4, "time_epoch": 69.75074, "eta": 6755.29737, "eta_hours": 1.87647, "loss": 0.26315315, "lr": 0.0008, "params": 115394, "time_iter": 0.02029, "accuracy": 0.92433, "f1": 0.92363, "auc": 0.99443}
{"epoch": 5, "time_epoch": 69.76712, "eta": 6663.17571, "eta_hours": 1.85088, "loss": 0.22125139, "lr": 0.001, "params": 115394, "time_iter": 0.02029, "accuracy": 0.93504, "f1": 0.93448, "auc": 0.99596}
{"epoch": 6, "time_epoch": 69.62652, "eta": 6575.57305, "eta_hours": 1.82655, "loss": 0.18933463, "lr": 0.00099973, "params": 115394, "time_iter": 0.02025, "accuracy": 0.94385, "f1": 0.94342, "auc": 0.99722}
{"epoch": 7, "time_epoch": 69.69772, "eta": 6493.28321, "eta_hours": 1.80369, "loss": 0.1665562, "lr": 0.00099891, "params": 115394, "time_iter": 0.02027, "accuracy": 0.95113, "f1": 0.95073, "auc": 0.99768}
{"epoch": 8, "time_epoch": 69.69346, "eta": 6413.74853, "eta_hours": 1.7816, "loss": 0.14889884, "lr": 0.00099754, "params": 115394, "time_iter": 0.02027, "accuracy": 0.95496, "f1": 0.95461, "auc": 0.99825}
{"epoch": 9, "time_epoch": 69.80976, "eta": 6337.2288, "eta_hours": 1.76034, "loss": 0.13694542, "lr": 0.00099563, "params": 115394, "time_iter": 0.02031, "accuracy": 0.95873, "f1": 0.95842, "auc": 0.99847}
{"epoch": 10, "time_epoch": 69.68587, "eta": 6260.9267, "eta_hours": 1.73915, "loss": 0.12702979, "lr": 0.00099318, "params": 115394, "time_iter": 0.02027, "accuracy": 0.96191, "f1": 0.96163, "auc": 0.99868}
{"epoch": 11, "time_epoch": 69.72561, "eta": 6186.01873, "eta_hours": 1.71834, "loss": 0.11995952, "lr": 0.00099019, "params": 115394, "time_iter": 0.02028, "accuracy": 0.964, "f1": 0.96373, "auc": 0.99883}
{"epoch": 12, "time_epoch": 69.70177, "eta": 6111.74848, "eta_hours": 1.69771, "loss": 0.11020108, "lr": 0.00098666, "params": 115394, "time_iter": 0.02027, "accuracy": 0.96622, "f1": 0.96594, "auc": 0.999}
{"epoch": 13, "time_epoch": 69.72705, "eta": 6038.28617, "eta_hours": 1.6773, "loss": 0.10448369, "lr": 0.0009826, "params": 115394, "time_iter": 0.02028, "accuracy": 0.96822, "f1": 0.96797, "auc": 0.99906}
{"epoch": 14, "time_epoch": 69.71505, "eta": 5965.25391, "eta_hours": 1.65701, "loss": 0.10126401, "lr": 0.00097802, "params": 115394, "time_iter": 0.02028, "accuracy": 0.96842, "f1": 0.9682, "auc": 0.99919}
{"epoch": 15, "time_epoch": 69.67002, "eta": 5892.39988, "eta_hours": 1.63678, "loss": 0.09527238, "lr": 0.00097291, "params": 115394, "time_iter": 0.02026, "accuracy": 0.97089, "f1": 0.97068, "auc": 0.99926}
{"epoch": 16, "time_epoch": 69.66483, "eta": 5819.89512, "eta_hours": 1.61664, "loss": 0.09064858, "lr": 0.00096728, "params": 115394, "time_iter": 0.02026, "accuracy": 0.97262, "f1": 0.97241, "auc": 0.99928}
{"epoch": 17, "time_epoch": 69.73635, "eta": 5748.03172, "eta_hours": 1.59668, "loss": 0.08758615, "lr": 0.00096114, "params": 115394, "time_iter": 0.02028, "accuracy": 0.9738, "f1": 0.97356, "auc": 0.99934}
{"epoch": 18, "time_epoch": 69.6571, "eta": 5676.05435, "eta_hours": 1.57668, "loss": 0.0821384, "lr": 0.0009545, "params": 115394, "time_iter": 0.02026, "accuracy": 0.97449, "f1": 0.97427, "auc": 0.99945}
{"epoch": 19, "time_epoch": 69.72229, "eta": 5604.5698, "eta_hours": 1.55682, "loss": 0.0808936, "lr": 0.00094736, "params": 115394, "time_iter": 0.02028, "accuracy": 0.976, "f1": 0.97581, "auc": 0.99943}
{"epoch": 20, "time_epoch": 69.69228, "eta": 5533.14019, "eta_hours": 1.53698, "loss": 0.07590481, "lr": 0.00093974, "params": 115394, "time_iter": 0.02027, "accuracy": 0.97758, "f1": 0.97741, "auc": 0.99948}
{"epoch": 21, "time_epoch": 69.79696, "eta": 5462.23963, "eta_hours": 1.51729, "loss": 0.07404449, "lr": 0.00093163, "params": 115394, "time_iter": 0.0203, "accuracy": 0.97722, "f1": 0.97703, "auc": 0.99955}
{"epoch": 22, "time_epoch": 69.73842, "eta": 5391.23906, "eta_hours": 1.49757, "loss": 0.06964436, "lr": 0.00092305, "params": 115394, "time_iter": 0.02028, "accuracy": 0.97884, "f1": 0.97868, "auc": 0.99961}
{"epoch": 23, "time_epoch": 69.76274, "eta": 5320.4207, "eta_hours": 1.47789, "loss": 0.07051775, "lr": 0.000914, "params": 115394, "time_iter": 0.02029, "accuracy": 0.9784, "f1": 0.97825, "auc": 0.99959}
{"epoch": 24, "time_epoch": 69.68798, "eta": 5249.46249, "eta_hours": 1.45818, "loss": 0.06665567, "lr": 0.00090451, "params": 115394, "time_iter": 0.02027, "accuracy": 0.97893, "f1": 0.97876, "auc": 0.99964}
{"epoch": 25, "time_epoch": 69.74177, "eta": 5178.75508, "eta_hours": 1.43854, "loss": 0.05999831, "lr": 0.00089457, "params": 115394, "time_iter": 0.02029, "accuracy": 0.98109, "f1": 0.98097, "auc": 0.99972}
{"epoch": 26, "time_epoch": 69.71915, "eta": 5108.05805, "eta_hours": 1.41891, "loss": 0.06099639, "lr": 0.0008842, "params": 115394, "time_iter": 0.02028, "accuracy": 0.98125, "f1": 0.98114, "auc": 0.99969}
{"epoch": 27, "time_epoch": 69.63924, "eta": 5037.22539, "eta_hours": 1.39923, "loss": 0.0541258, "lr": 0.00087341, "params": 115394, "time_iter": 0.02026, "accuracy": 0.98265, "f1": 0.9825, "auc": 0.99975}
{"epoch": 28, "time_epoch": 69.82336, "eta": 4966.92582, "eta_hours": 1.3797, "loss": 0.05584215, "lr": 0.00086221, "params": 115394, "time_iter": 0.02031, "accuracy": 0.98304, "f1": 0.98292, "auc": 0.99976}
{"epoch": 29, "time_epoch": 69.75488, "eta": 4896.49821, "eta_hours": 1.36014, "loss": 0.05608781, "lr": 0.00085062, "params": 115394, "time_iter": 0.02029, "accuracy": 0.9824, "f1": 0.98229, "auc": 0.99975}
{"epoch": 30, "time_epoch": 69.70552, "eta": 4826.00414, "eta_hours": 1.34056, "loss": 0.04904084, "lr": 0.00083864, "params": 115394, "time_iter": 0.02028, "accuracy": 0.98509, "f1": 0.985, "auc": 0.99979}
{"epoch": 31, "time_epoch": 69.68147, "eta": 4755.50823, "eta_hours": 1.32097, "loss": 0.04989507, "lr": 0.00082629, "params": 115394, "time_iter": 0.02027, "accuracy": 0.98453, "f1": 0.98443, "auc": 0.99979}
{"epoch": 32, "time_epoch": 69.71721, "eta": 4685.13425, "eta_hours": 1.30143, "loss": 0.04546465, "lr": 0.00081359, "params": 115394, "time_iter": 0.02028, "accuracy": 0.98585, "f1": 0.98575, "auc": 0.99983}
{"epoch": 33, "time_epoch": 69.73364, "eta": 4614.8308, "eta_hours": 1.2819, "loss": 0.044963, "lr": 0.00080054, "params": 115394, "time_iter": 0.02028, "accuracy": 0.98625, "f1": 0.98615, "auc": 0.99984}
{"epoch": 34, "time_epoch": 69.7742, "eta": 4544.63524, "eta_hours": 1.2624, "loss": 0.04594254, "lr": 0.00078716, "params": 115394, "time_iter": 0.02029, "accuracy": 0.98638, "f1": 0.98628, "auc": 0.99982}
{"epoch": 35, "time_epoch": 69.71018, "eta": 4474.34926, "eta_hours": 1.24287, "loss": 0.04270507, "lr": 0.00077347, "params": 115394, "time_iter": 0.02028, "accuracy": 0.98713, "f1": 0.98704, "auc": 0.99982}
{"epoch": 36, "time_epoch": 69.73197, "eta": 4404.13151, "eta_hours": 1.22337, "loss": 0.04030744, "lr": 0.00075948, "params": 115394, "time_iter": 0.02028, "accuracy": 0.98755, "f1": 0.98745, "auc": 0.99986}
{"epoch": 37, "time_epoch": 70.82445, "eta": 4335.7218, "eta_hours": 1.20437, "loss": 0.03783584, "lr": 0.00074521, "params": 115394, "time_iter": 0.0206, "accuracy": 0.98818, "f1": 0.9881, "auc": 0.99988}
{"epoch": 38, "time_epoch": 69.70065, "eta": 4265.43052, "eta_hours": 1.18484, "loss": 0.03632224, "lr": 0.00073067, "params": 115394, "time_iter": 0.02027, "accuracy": 0.98849, "f1": 0.9884, "auc": 0.99989}
{"epoch": 39, "time_epoch": 69.71701, "eta": 4195.1933, "eta_hours": 1.16533, "loss": 0.03448751, "lr": 0.00071588, "params": 115394, "time_iter": 0.02028, "accuracy": 0.98922, "f1": 0.98913, "auc": 0.9999}
{"epoch": 40, "time_epoch": 69.67219, "eta": 4124.91697, "eta_hours": 1.14581, "loss": 0.03263664, "lr": 0.00070085, "params": 115394, "time_iter": 0.02027, "accuracy": 0.98973, "f1": 0.98963, "auc": 0.99991}
{"epoch": 41, "time_epoch": 69.6324, "eta": 4054.61446, "eta_hours": 1.12628, "loss": 0.02993111, "lr": 0.0006856, "params": 115394, "time_iter": 0.02025, "accuracy": 0.99076, "f1": 0.99072, "auc": 0.99992}
{"epoch": 42, "time_epoch": 69.69586, "eta": 3984.42724, "eta_hours": 1.10679, "loss": 0.02844407, "lr": 0.00067015, "params": 115394, "time_iter": 0.02027, "accuracy": 0.99107, "f1": 0.99101, "auc": 0.99993}
{"epoch": 43, "time_epoch": 69.68333, "eta": 3914.2464, "eta_hours": 1.08729, "loss": 0.03012663, "lr": 0.00065451, "params": 115394, "time_iter": 0.02027, "accuracy": 0.99085, "f1": 0.99081, "auc": 0.99993}
{"epoch": 44, "time_epoch": 70.0132, "eta": 3844.49085, "eta_hours": 1.06791, "loss": 0.02693597, "lr": 0.0006387, "params": 115394, "time_iter": 0.02036, "accuracy": 0.99102, "f1": 0.99095, "auc": 0.99995}
{"epoch": 45, "time_epoch": 69.6095, "eta": 3774.25019, "eta_hours": 1.0484, "loss": 0.0263838, "lr": 0.00062274, "params": 115394, "time_iter": 0.02025, "accuracy": 0.9916, "f1": 0.99154, "auc": 0.99994}
{"epoch": 46, "time_epoch": 69.62393, "eta": 3704.05266, "eta_hours": 1.0289, "loss": 0.02539627, "lr": 0.00060665, "params": 115394, "time_iter": 0.02025, "accuracy": 0.99224, "f1": 0.99217, "auc": 0.99994}
{"epoch": 47, "time_epoch": 69.70827, "eta": 3633.9704, "eta_hours": 1.00944, "loss": 0.0230553, "lr": 0.00059044, "params": 115394, "time_iter": 0.02028, "accuracy": 0.99247, "f1": 0.99242, "auc": 0.99996}
{"epoch": 48, "time_epoch": 69.66166, "eta": 3563.85489, "eta_hours": 0.98996, "loss": 0.02308678, "lr": 0.00057413, "params": 115394, "time_iter": 0.02026, "accuracy": 0.99289, "f1": 0.99285, "auc": 0.99994}
{"epoch": 49, "time_epoch": 69.57155, "eta": 3493.66742, "eta_hours": 0.97046, "loss": 0.02389256, "lr": 0.00055774, "params": 115394, "time_iter": 0.02024, "accuracy": 0.99284, "f1": 0.99278, "auc": 0.99995}
{"epoch": 50, "time_epoch": 69.28481, "eta": 3423.22862, "eta_hours": 0.9509, "loss": 0.01965068, "lr": 0.00054129, "params": 115394, "time_iter": 0.02015, "accuracy": 0.99362, "f1": 0.99358, "auc": 0.99997}
{"epoch": 51, "time_epoch": 69.30884, "eta": 3352.85638, "eta_hours": 0.93135, "loss": 0.01988618, "lr": 0.00052479, "params": 115394, "time_iter": 0.02016, "accuracy": 0.99407, "f1": 0.99404, "auc": 0.99997}
{"epoch": 52, "time_epoch": 69.25267, "eta": 3282.47445, "eta_hours": 0.9118, "loss": 0.01799395, "lr": 0.00050827, "params": 115394, "time_iter": 0.02014, "accuracy": 0.99465, "f1": 0.99462, "auc": 0.99997}
{"epoch": 53, "time_epoch": 69.34654, "eta": 3212.21431, "eta_hours": 0.89228, "loss": 0.01702748, "lr": 0.00049173, "params": 115394, "time_iter": 0.02017, "accuracy": 0.99504, "f1": 0.99501, "auc": 0.99997}
{"epoch": 54, "time_epoch": 69.30499, "eta": 3141.9534, "eta_hours": 0.87276, "loss": 0.01602833, "lr": 0.00047521, "params": 115394, "time_iter": 0.02016, "accuracy": 0.99511, "f1": 0.99509, "auc": 0.99997}
{"epoch": 55, "time_epoch": 69.31776, "eta": 3071.73666, "eta_hours": 0.85326, "loss": 0.01663305, "lr": 0.00045871, "params": 115394, "time_iter": 0.02016, "accuracy": 0.99511, "f1": 0.99508, "auc": 0.99998}
{"epoch": 56, "time_epoch": 69.33031, "eta": 3001.56094, "eta_hours": 0.83377, "loss": 0.01240154, "lr": 0.00044226, "params": 115394, "time_iter": 0.02017, "accuracy": 0.99622, "f1": 0.99619, "auc": 0.99998}
{"epoch": 57, "time_epoch": 69.31193, "eta": 2931.40106, "eta_hours": 0.81428, "loss": 0.01339893, "lr": 0.00042587, "params": 115394, "time_iter": 0.02016, "accuracy": 0.99584, "f1": 0.99581, "auc": 0.99998}
{"epoch": 58, "time_epoch": 69.33949, "eta": 2861.28907, "eta_hours": 0.7948, "loss": 0.01181516, "lr": 0.00040956, "params": 115394, "time_iter": 0.02017, "accuracy": 0.99635, "f1": 0.99632, "auc": 0.99999}
{"epoch": 59, "time_epoch": 69.3645, "eta": 2791.2195, "eta_hours": 0.77534, "loss": 0.01259484, "lr": 0.00039335, "params": 115394, "time_iter": 0.02018, "accuracy": 0.99638, "f1": 0.99635, "auc": 0.99999}
{"epoch": 60, "time_epoch": 69.31587, "eta": 2721.14197, "eta_hours": 0.75587, "loss": 0.0128145, "lr": 0.00037726, "params": 115394, "time_iter": 0.02016, "accuracy": 0.99596, "f1": 0.99593, "auc": 0.99998}
{"epoch": 61, "time_epoch": 69.33631, "eta": 2651.10153, "eta_hours": 0.73642, "loss": 0.01198067, "lr": 0.0003613, "params": 115394, "time_iter": 0.02017, "accuracy": 0.99647, "f1": 0.99644, "auc": 0.99999}
{"epoch": 62, "time_epoch": 69.30544, "eta": 2581.06531, "eta_hours": 0.71696, "loss": 0.00892979, "lr": 0.00034549, "params": 115394, "time_iter": 0.02016, "accuracy": 0.99724, "f1": 0.99721, "auc": 0.99999}
{"epoch": 63, "time_epoch": 69.38399, "eta": 2511.09612, "eta_hours": 0.69753, "loss": 0.00929386, "lr": 0.00032985, "params": 115394, "time_iter": 0.02018, "accuracy": 0.99698, "f1": 0.99695, "auc": 0.99999}
{"epoch": 64, "time_epoch": 69.36246, "eta": 2441.13333, "eta_hours": 0.67809, "loss": 0.00940623, "lr": 0.0003144, "params": 115394, "time_iter": 0.02018, "accuracy": 0.99715, "f1": 0.99712, "auc": 0.99999}
{"epoch": 65, "time_epoch": 69.38823, "eta": 2371.20201, "eta_hours": 0.65867, "loss": 0.00851266, "lr": 0.00029915, "params": 115394, "time_iter": 0.02018, "accuracy": 0.99751, "f1": 0.9975, "auc": 0.99999}
{"epoch": 66, "time_epoch": 69.40735, "eta": 2301.29632, "eta_hours": 0.63925, "loss": 0.00793632, "lr": 0.00028412, "params": 115394, "time_iter": 0.02019, "accuracy": 0.99773, "f1": 0.99771, "auc": 0.99999}
{"epoch": 67, "time_epoch": 69.36525, "eta": 2231.38548, "eta_hours": 0.61983, "loss": 0.00751719, "lr": 0.00026933, "params": 115394, "time_iter": 0.02018, "accuracy": 0.99787, "f1": 0.99786, "auc": 0.99999}
{"epoch": 68, "time_epoch": 69.30767, "eta": 2161.46458, "eta_hours": 0.60041, "loss": 0.00573027, "lr": 0.00025479, "params": 115394, "time_iter": 0.02016, "accuracy": 0.998, "f1": 0.99799, "auc": 1.0}
{"epoch": 69, "time_epoch": 69.37008, "eta": 2091.58796, "eta_hours": 0.581, "loss": 0.00640873, "lr": 0.00024052, "params": 115394, "time_iter": 0.02018, "accuracy": 0.998, "f1": 0.99797, "auc": 0.99999}
{"epoch": 70, "time_epoch": 69.36053, "eta": 2021.7217, "eta_hours": 0.56159, "loss": 0.00602516, "lr": 0.00022653, "params": 115394, "time_iter": 0.02017, "accuracy": 0.99798, "f1": 0.99796, "auc": 1.0}
{"epoch": 71, "time_epoch": 69.2582, "eta": 1951.82969, "eta_hours": 0.54217, "loss": 0.00570443, "lr": 0.00021284, "params": 115394, "time_iter": 0.02014, "accuracy": 0.99833, "f1": 0.99833, "auc": 1.0}
{"epoch": 72, "time_epoch": 69.35613, "eta": 1881.99127, "eta_hours": 0.52278, "loss": 0.00487246, "lr": 0.00019946, "params": 115394, "time_iter": 0.02017, "accuracy": 0.99855, "f1": 0.99853, "auc": 1.0}
{"epoch": 73, "time_epoch": 69.2956, "eta": 1812.14461, "eta_hours": 0.50337, "loss": 0.00417355, "lr": 0.00018641, "params": 115394, "time_iter": 0.02016, "accuracy": 0.99865, "f1": 0.99865, "auc": 1.0}
{"epoch": 74, "time_epoch": 69.3111, "eta": 1742.31782, "eta_hours": 0.48398, "loss": 0.00424024, "lr": 0.00017371, "params": 115394, "time_iter": 0.02016, "accuracy": 0.99876, "f1": 0.99876, "auc": 1.0}
{"epoch": 75, "time_epoch": 70.34203, "eta": 1672.83016, "eta_hours": 0.46468, "loss": 0.00445583, "lr": 0.00016136, "params": 115394, "time_iter": 0.02046, "accuracy": 0.99869, "f1": 0.99867, "auc": 1.0}
{"epoch": 76, "time_epoch": 69.36541, "eta": 1603.02858, "eta_hours": 0.44529, "loss": 0.00376017, "lr": 0.00014938, "params": 115394, "time_iter": 0.02018, "accuracy": 0.99885, "f1": 0.99884, "auc": 1.0}
{"epoch": 77, "time_epoch": 69.40852, "eta": 1533.25035, "eta_hours": 0.4259, "loss": 0.00362225, "lr": 0.00013779, "params": 115394, "time_iter": 0.02019, "accuracy": 0.99893, "f1": 0.99893, "auc": 1.0}
{"epoch": 78, "time_epoch": 69.33992, "eta": 1463.46324, "eta_hours": 0.40652, "loss": 0.0028547, "lr": 0.00012659, "params": 115394, "time_iter": 0.02017, "accuracy": 0.99922, "f1": 0.99921, "auc": 1.0}
{"epoch": 79, "time_epoch": 69.30649, "eta": 1393.67896, "eta_hours": 0.38713, "loss": 0.00218164, "lr": 0.0001158, "params": 115394, "time_iter": 0.02016, "accuracy": 0.99931, "f1": 0.9993, "auc": 1.0}
{"epoch": 80, "time_epoch": 69.33807, "eta": 1323.91388, "eta_hours": 0.36775, "loss": 0.00248506, "lr": 0.00010543, "params": 115394, "time_iter": 0.02017, "accuracy": 0.99927, "f1": 0.99927, "auc": 1.0}
{"epoch": 81, "time_epoch": 69.35011, "eta": 1254.16186, "eta_hours": 0.34838, "loss": 0.00210184, "lr": 9.549e-05, "params": 115394, "time_iter": 0.02017, "accuracy": 0.99931, "f1": 0.9993, "auc": 1.0}
{"epoch": 82, "time_epoch": 69.32371, "eta": 1184.41411, "eta_hours": 0.329, "loss": 0.00225198, "lr": 8.6e-05, "params": 115394, "time_iter": 0.02016, "accuracy": 0.99942, "f1": 0.99941, "auc": 1.0}
{"epoch": 83, "time_epoch": 69.31933, "eta": 1114.67563, "eta_hours": 0.30963, "loss": 0.00192686, "lr": 7.695e-05, "params": 115394, "time_iter": 0.02016, "accuracy": 0.99947, "f1": 0.99947, "auc": 1.0}
{"epoch": 84, "time_epoch": 69.43671, "eta": 1044.96772, "eta_hours": 0.29027, "loss": 0.00243667, "lr": 6.837e-05, "params": 115394, "time_iter": 0.0202, "accuracy": 0.9992, "f1": 0.9992, "auc": 1.0}
{"epoch": 85, "time_epoch": 69.36728, "eta": 975.25482, "eta_hours": 0.2709, "loss": 0.00185172, "lr": 6.026e-05, "params": 115394, "time_iter": 0.02018, "accuracy": 0.9994, "f1": 0.9994, "auc": 1.0}
{"epoch": 86, "time_epoch": 69.30835, "eta": 905.54106, "eta_hours": 0.25154, "loss": 0.00153724, "lr": 5.264e-05, "params": 115394, "time_iter": 0.02016, "accuracy": 0.99964, "f1": 0.99963, "auc": 1.0}
{"epoch": 87, "time_epoch": 69.35902, "eta": 835.84342, "eta_hours": 0.23218, "loss": 0.00134259, "lr": 4.55e-05, "params": 115394, "time_iter": 0.02017, "accuracy": 0.99958, "f1": 0.99958, "auc": 1.0}
{"epoch": 88, "time_epoch": 69.32446, "eta": 766.14912, "eta_hours": 0.21282, "loss": 0.0016595, "lr": 3.886e-05, "params": 115394, "time_iter": 0.02016, "accuracy": 0.99951, "f1": 0.9995, "auc": 1.0}
{"epoch": 89, "time_epoch": 69.35201, "eta": 696.4661, "eta_hours": 0.19346, "loss": 0.00067275, "lr": 3.272e-05, "params": 115394, "time_iter": 0.02017, "accuracy": 0.99978, "f1": 0.99978, "auc": 1.0}
{"epoch": 90, "time_epoch": 69.31372, "eta": 626.78656, "eta_hours": 0.17411, "loss": 0.00125774, "lr": 2.709e-05, "params": 115394, "time_iter": 0.02016, "accuracy": 0.9996, "f1": 0.99959, "auc": 1.0}
{"epoch": 91, "time_epoch": 69.37015, "eta": 557.11989, "eta_hours": 0.15476, "loss": 0.00122889, "lr": 2.198e-05, "params": 115394, "time_iter": 0.02018, "accuracy": 0.99965, "f1": 0.99965, "auc": 1.0}
{"epoch": 92, "time_epoch": 69.31797, "eta": 487.45567, "eta_hours": 0.1354, "loss": 0.00122627, "lr": 1.74e-05, "params": 115394, "time_iter": 0.02016, "accuracy": 0.99965, "f1": 0.99965, "auc": 1.0}
{"epoch": 93, "time_epoch": 69.37351, "eta": 417.80236, "eta_hours": 0.11606, "loss": 0.00152288, "lr": 1.334e-05, "params": 115394, "time_iter": 0.02018, "accuracy": 0.9996, "f1": 0.9996, "auc": 1.0}
{"epoch": 94, "time_epoch": 69.30489, "eta": 348.15132, "eta_hours": 0.09671, "loss": 0.00073288, "lr": 9.81e-06, "params": 115394, "time_iter": 0.02016, "accuracy": 0.99973, "f1": 0.99972, "auc": 1.0}
{"epoch": 95, "time_epoch": 69.34959, "eta": 278.50936, "eta_hours": 0.07736, "loss": 0.00106635, "lr": 6.82e-06, "params": 115394, "time_iter": 0.02017, "accuracy": 0.99964, "f1": 0.99963, "auc": 1.0}
{"epoch": 96, "time_epoch": 69.37051, "eta": 208.87408, "eta_hours": 0.05802, "loss": 0.00100458, "lr": 4.37e-06, "params": 115394, "time_iter": 0.02018, "accuracy": 0.99969, "f1": 0.99969, "auc": 1.0}
{"epoch": 97, "time_epoch": 69.2445, "eta": 139.24163, "eta_hours": 0.03868, "loss": 0.00133997, "lr": 2.46e-06, "params": 115394, "time_iter": 0.02014, "accuracy": 0.99965, "f1": 0.99965, "auc": 1.0}
{"epoch": 98, "time_epoch": 69.09422, "eta": 69.61549, "eta_hours": 0.01934, "loss": 0.00097886, "lr": 1.09e-06, "params": 115394, "time_iter": 0.0201, "accuracy": 0.99958, "f1": 0.99958, "auc": 1.0}
{"epoch": 99, "time_epoch": 69.11728, "eta": 0.0, "eta_hours": 0.0, "loss": 0.00110974, "lr": 2.7e-07, "params": 115394, "time_iter": 0.0201, "accuracy": 0.99973, "f1": 0.99972, "auc": 1.0}
