{"epoch": 0, "time_epoch": 81.68853, "eta": 12171.59043, "eta_hours": 3.381, "loss": 1.6125059, "lr": 0.0, "params": 282437, "time_iter": 0.09336, "accuracy": 0.19886, "f1": 0.06641, "auc": 0.6219}
{"epoch": 1, "time_epoch": 80.59677, "eta": 12009.11185, "eta_hours": 3.33586, "loss": 1.54948643, "lr": 5e-05, "params": 282437, "time_iter": 0.09211, "accuracy": 0.37057, "f1": 0.30234, "auc": 0.78827}
{"epoch": 2, "time_epoch": 79.7443, "eta": 11859.45023, "eta_hours": 3.29429, "loss": 1.42280737, "lr": 0.0001, "params": 282437, "time_iter": 0.09114, "accuracy": 0.66057, "f1": 0.61916, "auc": 0.88845}
{"epoch": 3, "time_epoch": 79.85822, "eta": 11748.90536, "eta_hours": 3.26358, "loss": 1.32792925, "lr": 0.00015, "params": 282437, "time_iter": 0.09127, "accuracy": 0.73771, "f1": 0.71218, "auc": 0.92573}
{"epoch": 4, "time_epoch": 80.76489, "eta": 11676.92843, "eta_hours": 3.24359, "loss": 1.24405533, "lr": 0.0002, "params": 282437, "time_iter": 0.0923, "accuracy": 0.78343, "f1": 0.7715, "auc": 0.94461}
{"epoch": 5, "time_epoch": 80.53977, "eta": 11596.61932, "eta_hours": 3.22128, "loss": 1.15773119, "lr": 0.00025, "params": 282437, "time_iter": 0.09205, "accuracy": 0.81029, "f1": 0.8004, "auc": 0.94736}
{"epoch": 6, "time_epoch": 80.09456, "eta": 11507.14932, "eta_hours": 3.19643, "loss": 1.05061168, "lr": 0.0003, "params": 282437, "time_iter": 0.09154, "accuracy": 0.824, "f1": 0.81495, "auc": 0.95848}
{"epoch": 7, "time_epoch": 80.27356, "eta": 11423.20051, "eta_hours": 3.17311, "loss": 0.94777044, "lr": 0.00035, "params": 282437, "time_iter": 0.09174, "accuracy": 0.84143, "f1": 0.83744, "auc": 0.96292}
{"epoch": 8, "time_epoch": 80.95198, "eta": 11350.69694, "eta_hours": 3.15297, "loss": 0.84133067, "lr": 0.0004, "params": 282437, "time_iter": 0.09252, "accuracy": 0.86371, "f1": 0.8616, "auc": 0.97092}
{"epoch": 9, "time_epoch": 78.83593, "eta": 11246.879, "eta_hours": 3.12413, "loss": 0.7490527, "lr": 0.00045, "params": 282437, "time_iter": 0.0901, "accuracy": 0.87114, "f1": 0.8705, "auc": 0.97552}
{"epoch": 10, "time_epoch": 80.65775, "eta": 11170.62442, "eta_hours": 3.10295, "loss": 0.66218508, "lr": 0.0005, "params": 282437, "time_iter": 0.09218, "accuracy": 0.88857, "f1": 0.88844, "auc": 0.97801}
{"epoch": 11, "time_epoch": 80.04844, "eta": 11086.62895, "eta_hours": 3.07962, "loss": 0.57741221, "lr": 0.00049994, "params": 282437, "time_iter": 0.09148, "accuracy": 0.90257, "f1": 0.90242, "auc": 0.98084}
{"epoch": 12, "time_epoch": 80.04649, "eta": 11003.2201, "eta_hours": 3.05645, "loss": 0.51065691, "lr": 0.00049975, "params": 282437, "time_iter": 0.09148, "accuracy": 0.90629, "f1": 0.90621, "auc": 0.98187}
{"epoch": 13, "time_epoch": 80.52973, "eta": 10924.98595, "eta_hours": 3.03472, "loss": 0.45338366, "lr": 0.00049943, "params": 282437, "time_iter": 0.09203, "accuracy": 0.90971, "f1": 0.9101, "auc": 0.98361}
{"epoch": 14, "time_epoch": 79.9705, "eta": 10841.41262, "eta_hours": 3.0115, "loss": 0.39441761, "lr": 0.00049899, "params": 282437, "time_iter": 0.09139, "accuracy": 0.91771, "f1": 0.9177, "auc": 0.98567}
{"epoch": 15, "time_epoch": 79.86144, "eta": 10757.37627, "eta_hours": 2.98816, "loss": 0.36331305, "lr": 0.00049843, "params": 282437, "time_iter": 0.09127, "accuracy": 0.91971, "f1": 0.91962, "auc": 0.98721}
{"epoch": 16, "time_epoch": 80.05705, "eta": 10675.3615, "eta_hours": 2.96538, "loss": 0.3149923, "lr": 0.00049774, "params": 282437, "time_iter": 0.09149, "accuracy": 0.93229, "f1": 0.93257, "auc": 0.9884}
{"epoch": 17, "time_epoch": 80.55353, "eta": 10597.20506, "eta_hours": 2.94367, "loss": 0.30937155, "lr": 0.00049692, "params": 282437, "time_iter": 0.09206, "accuracy": 0.92314, "f1": 0.92349, "auc": 0.98821}
{"epoch": 18, "time_epoch": 80.52848, "eta": 10518.62361, "eta_hours": 2.92184, "loss": 0.27122186, "lr": 0.00049598, "params": 282437, "time_iter": 0.09203, "accuracy": 0.93543, "f1": 0.93542, "auc": 0.98974}
{"epoch": 19, "time_epoch": 80.43834, "eta": 10439.26154, "eta_hours": 2.89979, "loss": 0.25569181, "lr": 0.00049492, "params": 282437, "time_iter": 0.09193, "accuracy": 0.93514, "f1": 0.93535, "auc": 0.98963}
{"epoch": 20, "time_epoch": 80.46409, "eta": 10359.95518, "eta_hours": 2.87777, "loss": 0.24304562, "lr": 0.00049373, "params": 282437, "time_iter": 0.09196, "accuracy": 0.93857, "f1": 0.93848, "auc": 0.98977}
{"epoch": 21, "time_epoch": 80.89114, "eta": 10283.0282, "eta_hours": 2.8564, "loss": 0.2294542, "lr": 0.00049242, "params": 282437, "time_iter": 0.09245, "accuracy": 0.93943, "f1": 0.93958, "auc": 0.99114}
{"epoch": 22, "time_epoch": 79.91208, "eta": 10200.35041, "eta_hours": 2.83343, "loss": 0.22605999, "lr": 0.00049099, "params": 282437, "time_iter": 0.09133, "accuracy": 0.93743, "f1": 0.93763, "auc": 0.99094}
{"epoch": 23, "time_epoch": 79.93849, "eta": 10118.04173, "eta_hours": 2.81057, "loss": 0.20079126, "lr": 0.00048944, "params": 282437, "time_iter": 0.09136, "accuracy": 0.94771, "f1": 0.94776, "auc": 0.9919}
{"epoch": 24, "time_epoch": 79.56245, "eta": 10034.04245, "eta_hours": 2.78723, "loss": 0.20372505, "lr": 0.00048776, "params": 282437, "time_iter": 0.09093, "accuracy": 0.94286, "f1": 0.94307, "auc": 0.99184}
{"epoch": 25, "time_epoch": 80.2121, "eta": 9953.48281, "eta_hours": 2.76486, "loss": 0.19487398, "lr": 0.00048597, "params": 282437, "time_iter": 0.09167, "accuracy": 0.94286, "f1": 0.94293, "auc": 0.99247}
{"epoch": 26, "time_epoch": 79.68013, "eta": 9870.52548, "eta_hours": 2.74181, "loss": 0.18006814, "lr": 0.00048406, "params": 282437, "time_iter": 0.09106, "accuracy": 0.95029, "f1": 0.95039, "auc": 0.99276}
{"epoch": 27, "time_epoch": 80.66095, "eta": 9792.07581, "eta_hours": 2.72002, "loss": 0.16957329, "lr": 0.00048203, "params": 282437, "time_iter": 0.09218, "accuracy": 0.95371, "f1": 0.95361, "auc": 0.9937}
{"epoch": 28, "time_epoch": 80.15822, "eta": 9711.37605, "eta_hours": 2.6976, "loss": 0.17278792, "lr": 0.00047988, "params": 282437, "time_iter": 0.09161, "accuracy": 0.95314, "f1": 0.95321, "auc": 0.99335}
{"epoch": 29, "time_epoch": 79.97169, "eta": 9629.96628, "eta_hours": 2.67499, "loss": 0.16722505, "lr": 0.00047762, "params": 282437, "time_iter": 0.0914, "accuracy": 0.95143, "f1": 0.9515, "auc": 0.99378}
{"epoch": 30, "time_epoch": 80.32442, "eta": 9550.00332, "eta_hours": 2.65278, "loss": 0.15696108, "lr": 0.00047524, "params": 282437, "time_iter": 0.0918, "accuracy": 0.954, "f1": 0.954, "auc": 0.99364}
{"epoch": 31, "time_epoch": 81.07117, "eta": 9472.77142, "eta_hours": 2.63133, "loss": 0.16555455, "lr": 0.00047275, "params": 282437, "time_iter": 0.09265, "accuracy": 0.95343, "f1": 0.9533, "auc": 0.9933}
{"epoch": 32, "time_epoch": 80.01106, "eta": 9391.54827, "eta_hours": 2.60876, "loss": 0.16730984, "lr": 0.00047015, "params": 282437, "time_iter": 0.09144, "accuracy": 0.958, "f1": 0.95801, "auc": 0.99333}
{"epoch": 33, "time_epoch": 79.78871, "eta": 9309.6378, "eta_hours": 2.58601, "loss": 0.16027819, "lr": 0.00046744, "params": 282437, "time_iter": 0.09119, "accuracy": 0.95371, "f1": 0.95367, "auc": 0.99392}
{"epoch": 34, "time_epoch": 79.31837, "eta": 9226.30318, "eta_hours": 2.56286, "loss": 0.15053003, "lr": 0.00046461, "params": 282437, "time_iter": 0.09065, "accuracy": 0.958, "f1": 0.95807, "auc": 0.9944}
{"epoch": 35, "time_epoch": 80.27322, "eta": 9146.21538, "eta_hours": 2.54062, "loss": 0.14955451, "lr": 0.00046168, "params": 282437, "time_iter": 0.09174, "accuracy": 0.95857, "f1": 0.95857, "auc": 0.99389}
{"epoch": 36, "time_epoch": 80.4882, "eta": 9066.7741, "eta_hours": 2.51855, "loss": 0.14314585, "lr": 0.00045864, "params": 282437, "time_iter": 0.09199, "accuracy": 0.95914, "f1": 0.9591, "auc": 0.99509}
{"epoch": 37, "time_epoch": 80.47354, "eta": 8987.23451, "eta_hours": 2.49645, "loss": 0.13932535, "lr": 0.0004555, "params": 282437, "time_iter": 0.09197, "accuracy": 0.95971, "f1": 0.95971, "auc": 0.99528}
{"epoch": 38, "time_epoch": 79.94695, "eta": 8906.14829, "eta_hours": 2.47393, "loss": 0.14203669, "lr": 0.00045225, "params": 282437, "time_iter": 0.09137, "accuracy": 0.95829, "f1": 0.95825, "auc": 0.99599}
{"epoch": 39, "time_epoch": 80.51246, "eta": 8826.67416, "eta_hours": 2.45185, "loss": 0.14505617, "lr": 0.00044891, "params": 282437, "time_iter": 0.09201, "accuracy": 0.96171, "f1": 0.96177, "auc": 0.99516}
{"epoch": 40, "time_epoch": 79.20089, "eta": 8743.66254, "eta_hours": 2.4288, "loss": 0.12936971, "lr": 0.00044546, "params": 282437, "time_iter": 0.09052, "accuracy": 0.96486, "f1": 0.96481, "auc": 0.99514}
{"epoch": 41, "time_epoch": 79.08857, "eta": 8660.54354, "eta_hours": 2.40571, "loss": 0.1309358, "lr": 0.00044191, "params": 282437, "time_iter": 0.09039, "accuracy": 0.966, "f1": 0.96596, "auc": 0.99522}
{"epoch": 42, "time_epoch": 79.96447, "eta": 8579.79157, "eta_hours": 2.38328, "loss": 0.12749031, "lr": 0.00043827, "params": 282437, "time_iter": 0.09139, "accuracy": 0.964, "f1": 0.96404, "auc": 0.99619}
{"epoch": 43, "time_epoch": 80.04775, "eta": 8499.27604, "eta_hours": 2.36091, "loss": 0.1365167, "lr": 0.00043453, "params": 282437, "time_iter": 0.09148, "accuracy": 0.96171, "f1": 0.96174, "auc": 0.99567}
{"epoch": 44, "time_epoch": 80.39804, "eta": 8419.59863, "eta_hours": 2.33878, "loss": 0.13598969, "lr": 0.0004307, "params": 282437, "time_iter": 0.09188, "accuracy": 0.96114, "f1": 0.96117, "auc": 0.99532}
{"epoch": 45, "time_epoch": 79.34627, "eta": 8337.51198, "eta_hours": 2.31598, "loss": 0.12184519, "lr": 0.00042678, "params": 282437, "time_iter": 0.09068, "accuracy": 0.966, "f1": 0.96599, "auc": 0.99615}
{"epoch": 46, "time_epoch": 79.17921, "eta": 8255.17582, "eta_hours": 2.2931, "loss": 0.11749054, "lr": 0.00042277, "params": 282437, "time_iter": 0.09049, "accuracy": 0.96571, "f1": 0.96572, "auc": 0.9964}
{"epoch": 47, "time_epoch": 79.76868, "eta": 8174.22384, "eta_hours": 2.27062, "loss": 0.12466997, "lr": 0.00041867, "params": 282437, "time_iter": 0.09116, "accuracy": 0.96686, "f1": 0.96682, "auc": 0.99615}
{"epoch": 48, "time_epoch": 80.52608, "eta": 8094.88132, "eta_hours": 2.24858, "loss": 0.1238635, "lr": 0.00041448, "params": 282437, "time_iter": 0.09203, "accuracy": 0.96829, "f1": 0.96825, "auc": 0.99641}
{"epoch": 49, "time_epoch": 79.9132, "eta": 8014.26571, "eta_hours": 2.22618, "loss": 0.12749958, "lr": 0.00041022, "params": 282437, "time_iter": 0.09133, "accuracy": 0.96629, "f1": 0.96627, "auc": 0.996}
{"epoch": 50, "time_epoch": 80.71627, "eta": 7935.23653, "eta_hours": 2.20423, "loss": 0.1297783, "lr": 0.00040587, "params": 282437, "time_iter": 0.09225, "accuracy": 0.96771, "f1": 0.96772, "auc": 0.99654}
{"epoch": 51, "time_epoch": 81.02476, "eta": 7856.72385, "eta_hours": 2.18242, "loss": 0.11191526, "lr": 0.00040145, "params": 282437, "time_iter": 0.0926, "accuracy": 0.97171, "f1": 0.97168, "auc": 0.9971}
{"epoch": 52, "time_epoch": 79.27968, "eta": 7774.92255, "eta_hours": 2.1597, "loss": 0.10853979, "lr": 0.00039695, "params": 282437, "time_iter": 0.09061, "accuracy": 0.97171, "f1": 0.97168, "auc": 0.99636}
{"epoch": 53, "time_epoch": 80.511, "eta": 7695.40367, "eta_hours": 2.13761, "loss": 0.10976236, "lr": 0.00039237, "params": 282437, "time_iter": 0.09201, "accuracy": 0.97086, "f1": 0.97082, "auc": 0.99706}
{"epoch": 54, "time_epoch": 80.43228, "eta": 7615.71274, "eta_hours": 2.11548, "loss": 0.11276559, "lr": 0.00038772, "params": 282437, "time_iter": 0.09192, "accuracy": 0.97171, "f1": 0.97165, "auc": 0.9963}
{"epoch": 55, "time_epoch": 80.07683, "eta": 7535.39867, "eta_hours": 2.09317, "loss": 0.11468431, "lr": 0.00038301, "params": 282437, "time_iter": 0.09152, "accuracy": 0.96829, "f1": 0.96831, "auc": 0.99655}
{"epoch": 56, "time_epoch": 80.93962, "eta": 7456.50063, "eta_hours": 2.07125, "loss": 0.1224823, "lr": 0.00037822, "params": 282437, "time_iter": 0.0925, "accuracy": 0.97143, "f1": 0.97134, "auc": 0.99641}
{"epoch": 57, "time_epoch": 78.97984, "eta": 7374.42359, "eta_hours": 2.04845, "loss": 0.10828848, "lr": 0.00037338, "params": 282437, "time_iter": 0.09026, "accuracy": 0.96971, "f1": 0.96968, "auc": 0.99714}
{"epoch": 58, "time_epoch": 79.83272, "eta": 7293.76699, "eta_hours": 2.02605, "loss": 0.09388853, "lr": 0.00036847, "params": 282437, "time_iter": 0.09124, "accuracy": 0.97743, "f1": 0.97743, "auc": 0.99779}
{"epoch": 59, "time_epoch": 79.96751, "eta": 7213.34004, "eta_hours": 2.00371, "loss": 0.09394414, "lr": 0.0003635, "params": 282437, "time_iter": 0.09139, "accuracy": 0.97257, "f1": 0.97255, "auc": 0.99716}
{"epoch": 60, "time_epoch": 79.72337, "eta": 7132.57195, "eta_hours": 1.98127, "loss": 0.09444978, "lr": 0.00035847, "params": 282437, "time_iter": 0.09111, "accuracy": 0.97686, "f1": 0.97682, "auc": 0.99778}
{"epoch": 61, "time_epoch": 79.99605, "eta": 7052.22459, "eta_hours": 1.95895, "loss": 0.09340721, "lr": 0.00035339, "params": 282437, "time_iter": 0.09142, "accuracy": 0.97571, "f1": 0.97567, "auc": 0.99769}
{"epoch": 62, "time_epoch": 79.95009, "eta": 6971.82491, "eta_hours": 1.93662, "loss": 0.09899369, "lr": 0.00034826, "params": 282437, "time_iter": 0.09137, "accuracy": 0.97543, "f1": 0.9754, "auc": 0.99761}
{"epoch": 63, "time_epoch": 78.48524, "eta": 6889.4709, "eta_hours": 1.91374, "loss": 0.08883462, "lr": 0.00034307, "params": 282437, "time_iter": 0.0897, "accuracy": 0.97743, "f1": 0.9774, "auc": 0.99806}
{"epoch": 64, "time_epoch": 80.07544, "eta": 6809.31542, "eta_hours": 1.89148, "loss": 0.09776338, "lr": 0.00033784, "params": 282437, "time_iter": 0.09151, "accuracy": 0.97714, "f1": 0.97709, "auc": 0.99735}
{"epoch": 65, "time_epoch": 79.62541, "eta": 6728.58959, "eta_hours": 1.86905, "loss": 0.10518181, "lr": 0.00033257, "params": 282437, "time_iter": 0.091, "accuracy": 0.974, "f1": 0.97397, "auc": 0.99682}
{"epoch": 66, "time_epoch": 79.79439, "eta": 6648.10595, "eta_hours": 1.8467, "loss": 0.09724226, "lr": 0.00032725, "params": 282437, "time_iter": 0.09119, "accuracy": 0.97543, "f1": 0.97541, "auc": 0.99768}
{"epoch": 67, "time_epoch": 80.35681, "eta": 6568.32078, "eta_hours": 1.82453, "loss": 0.09940447, "lr": 0.0003219, "params": 282437, "time_iter": 0.09184, "accuracy": 0.97486, "f1": 0.97483, "auc": 0.99816}
{"epoch": 68, "time_epoch": 79.47731, "eta": 6487.48659, "eta_hours": 1.80208, "loss": 0.08613449, "lr": 0.00031651, "params": 282437, "time_iter": 0.09083, "accuracy": 0.97971, "f1": 0.9797, "auc": 0.99802}
{"epoch": 69, "time_epoch": 79.15427, "eta": 6406.32198, "eta_hours": 1.77953, "loss": 0.09561236, "lr": 0.00031109, "params": 282437, "time_iter": 0.09046, "accuracy": 0.97714, "f1": 0.97711, "auc": 0.9978}
{"epoch": 70, "time_epoch": 80.61336, "eta": 6326.8375, "eta_hours": 1.75745, "loss": 0.085132, "lr": 0.00030563, "params": 282437, "time_iter": 0.09213, "accuracy": 0.978, "f1": 0.97797, "auc": 0.99804}
{"epoch": 71, "time_epoch": 80.18502, "eta": 6246.85762, "eta_hours": 1.73524, "loss": 0.08482175, "lr": 0.00030015, "params": 282437, "time_iter": 0.09164, "accuracy": 0.97857, "f1": 0.97854, "auc": 0.99818}
{"epoch": 72, "time_epoch": 80.06944, "eta": 6166.75021, "eta_hours": 1.71299, "loss": 0.08088535, "lr": 0.00029464, "params": 282437, "time_iter": 0.09151, "accuracy": 0.97943, "f1": 0.9794, "auc": 0.9984}
{"epoch": 73, "time_epoch": 80.26717, "eta": 6086.8469, "eta_hours": 1.69079, "loss": 0.08342837, "lr": 0.00028911, "params": 282437, "time_iter": 0.09173, "accuracy": 0.97914, "f1": 0.97911, "auc": 0.99782}
{"epoch": 74, "time_epoch": 79.60128, "eta": 6006.268, "eta_hours": 1.66841, "loss": 0.07881386, "lr": 0.00028356, "params": 282437, "time_iter": 0.09097, "accuracy": 0.97914, "f1": 0.9791, "auc": 0.99827}
{"epoch": 75, "time_epoch": 79.95645, "eta": 5926.06065, "eta_hours": 1.64613, "loss": 0.0799994, "lr": 0.00027799, "params": 282437, "time_iter": 0.09138, "accuracy": 0.97857, "f1": 0.97854, "auc": 0.99821}
{"epoch": 76, "time_epoch": 79.99987, "eta": 5845.90098, "eta_hours": 1.62386, "loss": 0.07049767, "lr": 0.00027241, "params": 282437, "time_iter": 0.09143, "accuracy": 0.98229, "f1": 0.98227, "auc": 0.99843}
{"epoch": 77, "time_epoch": 80.46532, "eta": 5766.17506, "eta_hours": 1.60172, "loss": 0.08249468, "lr": 0.00026682, "params": 282437, "time_iter": 0.09196, "accuracy": 0.97857, "f1": 0.97852, "auc": 0.99786}
{"epoch": 78, "time_epoch": 79.43576, "eta": 5685.50511, "eta_hours": 1.57931, "loss": 0.07238845, "lr": 0.00026122, "params": 282437, "time_iter": 0.09078, "accuracy": 0.982, "f1": 0.98197, "auc": 0.9984}
{"epoch": 79, "time_epoch": 80.43353, "eta": 5605.73907, "eta_hours": 1.55715, "loss": 0.07502071, "lr": 0.00025561, "params": 282437, "time_iter": 0.09192, "accuracy": 0.98286, "f1": 0.98283, "auc": 0.99828}
{"epoch": 80, "time_epoch": 81.25343, "eta": 5526.65497, "eta_hours": 1.53518, "loss": 0.07152385, "lr": 0.00025, "params": 282437, "time_iter": 0.09286, "accuracy": 0.982, "f1": 0.98198, "auc": 0.9987}
{"epoch": 81, "time_epoch": 80.49881, "eta": 5446.89219, "eta_hours": 1.51303, "loss": 0.07709488, "lr": 0.00024439, "params": 282437, "time_iter": 0.092, "accuracy": 0.98143, "f1": 0.9814, "auc": 0.99827}
{"epoch": 82, "time_epoch": 80.6132, "eta": 5367.20401, "eta_hours": 1.49089, "loss": 0.07226596, "lr": 0.00023878, "params": 282437, "time_iter": 0.09213, "accuracy": 0.98143, "f1": 0.9814, "auc": 0.9985}
{"epoch": 83, "time_epoch": 79.9529, "eta": 5286.975, "eta_hours": 1.4686, "loss": 0.06826079, "lr": 0.00023318, "params": 282437, "time_iter": 0.09137, "accuracy": 0.98314, "f1": 0.98312, "auc": 0.99854}
{"epoch": 84, "time_epoch": 79.6889, "eta": 5206.5506, "eta_hours": 1.44626, "loss": 0.0662819, "lr": 0.00022759, "params": 282437, "time_iter": 0.09107, "accuracy": 0.98371, "f1": 0.98369, "auc": 0.99868}
{"epoch": 85, "time_epoch": 78.97667, "eta": 5125.61327, "eta_hours": 1.42378, "loss": 0.06540815, "lr": 0.00022201, "params": 282437, "time_iter": 0.09026, "accuracy": 0.98371, "f1": 0.98369, "auc": 0.99876}
{"epoch": 86, "time_epoch": 79.68959, "eta": 5045.23728, "eta_hours": 1.40145, "loss": 0.06551793, "lr": 0.00021644, "params": 282437, "time_iter": 0.09107, "accuracy": 0.98371, "f1": 0.98369, "auc": 0.99886}
{"epoch": 87, "time_epoch": 80.1353, "eta": 4965.1909, "eta_hours": 1.37922, "loss": 0.0675174, "lr": 0.00021089, "params": 282437, "time_iter": 0.09158, "accuracy": 0.98429, "f1": 0.98426, "auc": 0.99875}
{"epoch": 88, "time_epoch": 80.94272, "eta": 4885.69593, "eta_hours": 1.35714, "loss": 0.06331684, "lr": 0.00020536, "params": 282437, "time_iter": 0.09251, "accuracy": 0.98371, "f1": 0.98369, "auc": 0.99899}
{"epoch": 89, "time_epoch": 79.97802, "eta": 4805.52565, "eta_hours": 1.33487, "loss": 0.06650624, "lr": 0.00019985, "params": 282437, "time_iter": 0.0914, "accuracy": 0.98343, "f1": 0.98341, "auc": 0.99864}
{"epoch": 90, "time_epoch": 79.74635, "eta": 4725.20939, "eta_hours": 1.31256, "loss": 0.06288238, "lr": 0.00019437, "params": 282437, "time_iter": 0.09114, "accuracy": 0.98457, "f1": 0.98455, "auc": 0.99863}
{"epoch": 91, "time_epoch": 81.01184, "eta": 4645.70333, "eta_hours": 1.29047, "loss": 0.06211872, "lr": 0.00018891, "params": 282437, "time_iter": 0.09258, "accuracy": 0.98429, "f1": 0.98427, "auc": 0.9989}
{"epoch": 92, "time_epoch": 79.05183, "eta": 4564.96359, "eta_hours": 1.26805, "loss": 0.06588044, "lr": 0.00018349, "params": 282437, "time_iter": 0.09034, "accuracy": 0.98371, "f1": 0.98369, "auc": 0.9986}
{"epoch": 93, "time_epoch": 79.41975, "eta": 4484.47895, "eta_hours": 1.24569, "loss": 0.06562951, "lr": 0.0001781, "params": 282437, "time_iter": 0.09077, "accuracy": 0.984, "f1": 0.98398, "auc": 0.99875}
{"epoch": 94, "time_epoch": 80.62495, "eta": 4404.71448, "eta_hours": 1.22353, "loss": 0.05979605, "lr": 0.00017275, "params": 282437, "time_iter": 0.09214, "accuracy": 0.98543, "f1": 0.98541, "auc": 0.99865}
{"epoch": 95, "time_epoch": 79.21971, "eta": 4324.14164, "eta_hours": 1.20115, "loss": 0.06168685, "lr": 0.00016743, "params": 282437, "time_iter": 0.09054, "accuracy": 0.98457, "f1": 0.98455, "auc": 0.99887}
{"epoch": 96, "time_epoch": 79.70695, "eta": 4243.86291, "eta_hours": 1.17885, "loss": 0.06735911, "lr": 0.00016216, "params": 282437, "time_iter": 0.09109, "accuracy": 0.98371, "f1": 0.98369, "auc": 0.99869}
{"epoch": 97, "time_epoch": 79.83676, "eta": 4163.66474, "eta_hours": 1.15657, "loss": 0.06322274, "lr": 0.00015693, "params": 282437, "time_iter": 0.09124, "accuracy": 0.982, "f1": 0.98197, "auc": 0.99913}
{"epoch": 98, "time_epoch": 78.90542, "eta": 4082.99408, "eta_hours": 1.13417, "loss": 0.05687608, "lr": 0.00015174, "params": 282437, "time_iter": 0.09018, "accuracy": 0.986, "f1": 0.98599, "auc": 0.99882}
{"epoch": 99, "time_epoch": 80.75737, "eta": 4003.28471, "eta_hours": 1.11202, "loss": 0.05861763, "lr": 0.00014661, "params": 282437, "time_iter": 0.09229, "accuracy": 0.98571, "f1": 0.9857, "auc": 0.99901}
{"epoch": 100, "time_epoch": 80.16993, "eta": 3923.26958, "eta_hours": 1.0898, "loss": 0.05870962, "lr": 0.00014153, "params": 282437, "time_iter": 0.09162, "accuracy": 0.986, "f1": 0.98598, "auc": 0.9991}
{"epoch": 101, "time_epoch": 80.73629, "eta": 3843.51795, "eta_hours": 1.06764, "loss": 0.05310945, "lr": 0.0001365, "params": 282437, "time_iter": 0.09227, "accuracy": 0.98686, "f1": 0.98685, "auc": 0.99908}
{"epoch": 102, "time_epoch": 80.40915, "eta": 3763.59791, "eta_hours": 1.04544, "loss": 0.05871952, "lr": 0.00013153, "params": 282437, "time_iter": 0.0919, "accuracy": 0.98571, "f1": 0.9857, "auc": 0.99904}
{"epoch": 103, "time_epoch": 80.66262, "eta": 3683.78058, "eta_hours": 1.02327, "loss": 0.05280438, "lr": 0.00012662, "params": 282437, "time_iter": 0.09219, "accuracy": 0.986, "f1": 0.98599, "auc": 0.99907}
{"epoch": 104, "time_epoch": 79.61984, "eta": 3603.50025, "eta_hours": 1.00097, "loss": 0.05560864, "lr": 0.00012178, "params": 282437, "time_iter": 0.09099, "accuracy": 0.98629, "f1": 0.98627, "auc": 0.99906}
{"epoch": 105, "time_epoch": 79.54767, "eta": 3523.20242, "eta_hours": 0.97867, "loss": 0.05631387, "lr": 0.00011699, "params": 282437, "time_iter": 0.09091, "accuracy": 0.98571, "f1": 0.9857, "auc": 0.99911}
{"epoch": 106, "time_epoch": 80.56489, "eta": 3443.3274, "eta_hours": 0.95648, "loss": 0.0532479, "lr": 0.00011228, "params": 282437, "time_iter": 0.09207, "accuracy": 0.98686, "f1": 0.98684, "auc": 0.9992}
{"epoch": 107, "time_epoch": 80.31869, "eta": 3363.34386, "eta_hours": 0.93426, "loss": 0.04717414, "lr": 0.00010763, "params": 282437, "time_iter": 0.09179, "accuracy": 0.98714, "f1": 0.98713, "auc": 0.99918}
{"epoch": 108, "time_epoch": 80.02095, "eta": 3283.24218, "eta_hours": 0.91201, "loss": 0.05199354, "lr": 0.00010305, "params": 282437, "time_iter": 0.09145, "accuracy": 0.98743, "f1": 0.98742, "auc": 0.99899}
{"epoch": 109, "time_epoch": 81.05961, "eta": 3203.51966, "eta_hours": 0.88987, "loss": 0.04938077, "lr": 9.855e-05, "params": 282437, "time_iter": 0.09264, "accuracy": 0.98743, "f1": 0.98742, "auc": 0.99909}
{"epoch": 110, "time_epoch": 81.05233, "eta": 3123.77049, "eta_hours": 0.86771, "loss": 0.04884876, "lr": 9.413e-05, "params": 282437, "time_iter": 0.09263, "accuracy": 0.98743, "f1": 0.98742, "auc": 0.99906}
{"epoch": 111, "time_epoch": 80.81477, "eta": 3043.91745, "eta_hours": 0.84553, "loss": 0.05101559, "lr": 8.978e-05, "params": 282437, "time_iter": 0.09236, "accuracy": 0.98686, "f1": 0.98684, "auc": 0.99898}
{"epoch": 112, "time_epoch": 80.1609, "eta": 2963.83329, "eta_hours": 0.82329, "loss": 0.05079678, "lr": 8.552e-05, "params": 282437, "time_iter": 0.09161, "accuracy": 0.98657, "f1": 0.98655, "auc": 0.99888}
{"epoch": 113, "time_epoch": 79.64702, "eta": 2883.5855, "eta_hours": 0.801, "loss": 0.04825087, "lr": 8.133e-05, "params": 282437, "time_iter": 0.09103, "accuracy": 0.98714, "f1": 0.98713, "auc": 0.9991}
{"epoch": 114, "time_epoch": 79.99671, "eta": 2803.45459, "eta_hours": 0.77874, "loss": 0.04538038, "lr": 7.723e-05, "params": 282437, "time_iter": 0.09142, "accuracy": 0.98686, "f1": 0.98684, "auc": 0.9991}
{"epoch": 115, "time_epoch": 80.60183, "eta": 2723.50336, "eta_hours": 0.75653, "loss": 0.04751661, "lr": 7.322e-05, "params": 282437, "time_iter": 0.09212, "accuracy": 0.98714, "f1": 0.98713, "auc": 0.99897}
{"epoch": 116, "time_epoch": 80.35401, "eta": 2643.47111, "eta_hours": 0.7343, "loss": 0.04900589, "lr": 6.93e-05, "params": 282437, "time_iter": 0.09183, "accuracy": 0.98743, "f1": 0.98742, "auc": 0.999}
{"epoch": 117, "time_epoch": 80.38867, "eta": 2563.4428, "eta_hours": 0.71207, "loss": 0.04705823, "lr": 6.547e-05, "params": 282437, "time_iter": 0.09187, "accuracy": 0.98771, "f1": 0.9877, "auc": 0.99922}
{"epoch": 118, "time_epoch": 79.41243, "eta": 2483.15412, "eta_hours": 0.68977, "loss": 0.05073019, "lr": 6.173e-05, "params": 282437, "time_iter": 0.09076, "accuracy": 0.98629, "f1": 0.98627, "auc": 0.99907}
{"epoch": 119, "time_epoch": 79.26937, "eta": 2402.84428, "eta_hours": 0.66746, "loss": 0.04822543, "lr": 5.809e-05, "params": 282437, "time_iter": 0.09059, "accuracy": 0.98771, "f1": 0.9877, "auc": 0.99906}
{"epoch": 120, "time_epoch": 80.02274, "eta": 2322.7322, "eta_hours": 0.6452, "loss": 0.04612296, "lr": 5.454e-05, "params": 282437, "time_iter": 0.09145, "accuracy": 0.98771, "f1": 0.9877, "auc": 0.99916}
{"epoch": 121, "time_epoch": 80.02379, "eta": 2242.62182, "eta_hours": 0.62295, "loss": 0.04758471, "lr": 5.109e-05, "params": 282437, "time_iter": 0.09146, "accuracy": 0.98771, "f1": 0.9877, "auc": 0.99922}
{"epoch": 122, "time_epoch": 79.80678, "eta": 2162.46522, "eta_hours": 0.60068, "loss": 0.04562939, "lr": 4.775e-05, "params": 282437, "time_iter": 0.09121, "accuracy": 0.98743, "f1": 0.98742, "auc": 0.99909}
{"epoch": 123, "time_epoch": 80.05333, "eta": 2082.36595, "eta_hours": 0.57843, "loss": 0.0452416, "lr": 4.45e-05, "params": 282437, "time_iter": 0.09149, "accuracy": 0.988, "f1": 0.98799, "auc": 0.99916}
{"epoch": 124, "time_epoch": 80.70299, "eta": 2002.39735, "eta_hours": 0.55622, "loss": 0.04398377, "lr": 4.136e-05, "params": 282437, "time_iter": 0.09223, "accuracy": 0.98829, "f1": 0.98828, "auc": 0.99893}
{"epoch": 125, "time_epoch": 79.83342, "eta": 1922.25146, "eta_hours": 0.53396, "loss": 0.05083881, "lr": 3.832e-05, "params": 282437, "time_iter": 0.09124, "accuracy": 0.98686, "f1": 0.98684, "auc": 0.99903}
{"epoch": 126, "time_epoch": 80.49523, "eta": 1842.23035, "eta_hours": 0.51173, "loss": 0.04642781, "lr": 3.539e-05, "params": 282437, "time_iter": 0.09199, "accuracy": 0.98857, "f1": 0.98856, "auc": 0.99908}
{"epoch": 127, "time_epoch": 80.47666, "eta": 1762.19864, "eta_hours": 0.4895, "loss": 0.04580919, "lr": 3.256e-05, "params": 282437, "time_iter": 0.09197, "accuracy": 0.98857, "f1": 0.98856, "auc": 0.99913}
{"epoch": 128, "time_epoch": 80.98669, "eta": 1682.24305, "eta_hours": 0.46729, "loss": 0.04530412, "lr": 2.985e-05, "params": 282437, "time_iter": 0.09256, "accuracy": 0.98771, "f1": 0.98771, "auc": 0.99924}
{"epoch": 129, "time_epoch": 79.61036, "eta": 1602.05986, "eta_hours": 0.44502, "loss": 0.04400226, "lr": 2.725e-05, "params": 282437, "time_iter": 0.09098, "accuracy": 0.98829, "f1": 0.98828, "auc": 0.99915}
{"epoch": 130, "time_epoch": 81.03181, "eta": 1522.09158, "eta_hours": 0.4228, "loss": 0.04446406, "lr": 2.476e-05, "params": 282437, "time_iter": 0.09261, "accuracy": 0.98886, "f1": 0.98885, "auc": 0.99916}
{"epoch": 131, "time_epoch": 79.83195, "eta": 1441.94357, "eta_hours": 0.40054, "loss": 0.04390686, "lr": 2.238e-05, "params": 282437, "time_iter": 0.09124, "accuracy": 0.988, "f1": 0.98799, "auc": 0.99922}
{"epoch": 132, "time_epoch": 79.07724, "eta": 1361.70385, "eta_hours": 0.37825, "loss": 0.04329348, "lr": 2.012e-05, "params": 282437, "time_iter": 0.09037, "accuracy": 0.98829, "f1": 0.98828, "auc": 0.99924}
{"epoch": 133, "time_epoch": 80.17948, "eta": 1281.61309, "eta_hours": 0.356, "loss": 0.0457132, "lr": 1.797e-05, "params": 282437, "time_iter": 0.09163, "accuracy": 0.988, "f1": 0.98799, "auc": 0.9991}
{"epoch": 134, "time_epoch": 81.00561, "eta": 1201.6128, "eta_hours": 0.33378, "loss": 0.04421543, "lr": 1.594e-05, "params": 282437, "time_iter": 0.09258, "accuracy": 0.98829, "f1": 0.98828, "auc": 0.9992}
{"epoch": 135, "time_epoch": 81.08845, "eta": 1121.60626, "eta_hours": 0.31156, "loss": 0.04404371, "lr": 1.403e-05, "params": 282437, "time_iter": 0.09267, "accuracy": 0.98829, "f1": 0.98828, "auc": 0.99921}
{"epoch": 136, "time_epoch": 80.41774, "eta": 1041.52028, "eta_hours": 0.28931, "loss": 0.04281518, "lr": 1.224e-05, "params": 282437, "time_iter": 0.09191, "accuracy": 0.98886, "f1": 0.98885, "auc": 0.99931}
{"epoch": 137, "time_epoch": 80.84978, "eta": 961.46706, "eta_hours": 0.26707, "loss": 0.04183613, "lr": 1.056e-05, "params": 282437, "time_iter": 0.0924, "accuracy": 0.98914, "f1": 0.98914, "auc": 0.99918}
{"epoch": 138, "time_epoch": 80.15456, "eta": 881.34736, "eta_hours": 0.24482, "loss": 0.04258589, "lr": 9.01e-06, "params": 282437, "time_iter": 0.09161, "accuracy": 0.98829, "f1": 0.98828, "auc": 0.99922}
{"epoch": 139, "time_epoch": 79.53292, "eta": 801.18276, "eta_hours": 0.22255, "loss": 0.04489048, "lr": 7.58e-06, "params": 282437, "time_iter": 0.09089, "accuracy": 0.988, "f1": 0.98799, "auc": 0.99918}
{"epoch": 140, "time_epoch": 80.08545, "eta": 721.06239, "eta_hours": 0.2003, "loss": 0.04648114, "lr": 6.27e-06, "params": 282437, "time_iter": 0.09153, "accuracy": 0.98771, "f1": 0.9877, "auc": 0.9992}
{"epoch": 141, "time_epoch": 79.97607, "eta": 640.93635, "eta_hours": 0.17804, "loss": 0.04762333, "lr": 5.08e-06, "params": 282437, "time_iter": 0.0914, "accuracy": 0.98743, "f1": 0.98741, "auc": 0.99909}
{"epoch": 142, "time_epoch": 79.70825, "eta": 560.79929, "eta_hours": 0.15578, "loss": 0.04370863, "lr": 4.02e-06, "params": 282437, "time_iter": 0.0911, "accuracy": 0.98857, "f1": 0.98857, "auc": 0.99903}
{"epoch": 143, "time_epoch": 80.37907, "eta": 480.69615, "eta_hours": 0.13353, "loss": 0.04250345, "lr": 3.08e-06, "params": 282437, "time_iter": 0.09186, "accuracy": 0.98829, "f1": 0.98828, "auc": 0.99916}
{"epoch": 144, "time_epoch": 79.94219, "eta": 400.57413, "eta_hours": 0.11127, "loss": 0.03967002, "lr": 2.26e-06, "params": 282437, "time_iter": 0.09136, "accuracy": 0.98914, "f1": 0.98914, "auc": 0.99924}
{"epoch": 145, "time_epoch": 78.87581, "eta": 320.42536, "eta_hours": 0.08901, "loss": 0.04051445, "lr": 1.57e-06, "params": 282437, "time_iter": 0.09014, "accuracy": 0.98886, "f1": 0.98885, "auc": 0.99938}
{"epoch": 146, "time_epoch": 80.61867, "eta": 240.32947, "eta_hours": 0.06676, "loss": 0.04126947, "lr": 1.01e-06, "params": 282437, "time_iter": 0.09214, "accuracy": 0.98914, "f1": 0.98914, "auc": 0.99921}
{"epoch": 147, "time_epoch": 80.09072, "eta": 160.21939, "eta_hours": 0.04451, "loss": 0.04195889, "lr": 5.7e-07, "params": 282437, "time_iter": 0.09153, "accuracy": 0.98857, "f1": 0.98856, "auc": 0.99918}
{"epoch": 148, "time_epoch": 80.22027, "eta": 80.11044, "eta_hours": 0.02225, "loss": 0.04117413, "lr": 2.5e-07, "params": 282437, "time_iter": 0.09168, "accuracy": 0.98886, "f1": 0.98885, "auc": 0.99934}
{"epoch": 149, "time_epoch": 79.9594, "eta": 0.0, "eta_hours": 0.0, "loss": 0.04064167, "lr": 6e-08, "params": 282437, "time_iter": 0.09138, "accuracy": 0.98886, "f1": 0.98885, "auc": 0.99922}
