{"epoch": 0, "time_epoch": 61.27069, "eta": 6065.79798, "eta_hours": 1.68494, "loss": 2.30231119, "lr": 0.0, "params": 112726, "time_iter": 0.02178, "accuracy": 0.09673, "f1": 0.02976, "auc": 0.5331}
{"epoch": 1, "time_epoch": 56.33259, "eta": 5762.56056, "eta_hours": 1.60071, "loss": 2.02522563, "lr": 0.0002, "params": 112726, "time_iter": 0.02003, "accuracy": 0.32396, "f1": 0.3148, "auc": 0.77733}
{"epoch": 2, "time_epoch": 56.70608, "eta": 5636.00255, "eta_hours": 1.56556, "loss": 1.68028142, "lr": 0.0004, "params": 112726, "time_iter": 0.02016, "accuracy": 0.43564, "f1": 0.42601, "auc": 0.84861}
{"epoch": 3, "time_epoch": 56.41383, "eta": 5537.35642, "eta_hours": 1.53815, "loss": 1.45759452, "lr": 0.0006, "params": 112726, "time_iter": 0.02005, "accuracy": 0.49384, "f1": 0.48949, "auc": 0.87912}
{"epoch": 4, "time_epoch": 56.44247, "eta": 5456.14739, "eta_hours": 1.5156, "loss": 1.33015146, "lr": 0.0008, "params": 112726, "time_iter": 0.02006, "accuracy": 0.53169, "f1": 0.52952, "auc": 0.89706}
{"epoch": 5, "time_epoch": 56.43253, "eta": 5383.03825, "eta_hours": 1.49529, "loss": 1.25338355, "lr": 0.001, "params": 112726, "time_iter": 0.02006, "accuracy": 0.55842, "f1": 0.55688, "auc": 0.90799}
{"epoch": 6, "time_epoch": 56.91561, "eta": 5321.11189, "eta_hours": 1.47809, "loss": 1.17344316, "lr": 0.00099973, "params": 112726, "time_iter": 0.02023, "accuracy": 0.58482, "f1": 0.58343, "auc": 0.91933}
{"epoch": 7, "time_epoch": 57.88544, "eta": 5271.59119, "eta_hours": 1.46433, "loss": 1.11496207, "lr": 0.00099891, "params": 112726, "time_iter": 0.02058, "accuracy": 0.60878, "f1": 0.60772, "auc": 0.92708}
{"epoch": 8, "time_epoch": 58.03932, "eta": 5221.7676, "eta_hours": 1.45049, "loss": 1.06554662, "lr": 0.00099754, "params": 112726, "time_iter": 0.02063, "accuracy": 0.62807, "f1": 0.62728, "auc": 0.93308}
{"epoch": 9, "time_epoch": 56.76037, "eta": 5158.7903, "eta_hours": 1.433, "loss": 1.02492096, "lr": 0.00099563, "params": 112726, "time_iter": 0.02018, "accuracy": 0.64149, "f1": 0.6407, "auc": 0.93792}
{"epoch": 10, "time_epoch": 56.49967, "eta": 5094.83408, "eta_hours": 1.41523, "loss": 0.99343596, "lr": 0.00099318, "params": 112726, "time_iter": 0.02009, "accuracy": 0.65404, "f1": 0.65324, "auc": 0.94135}
{"epoch": 11, "time_epoch": 56.30557, "eta": 5030.69718, "eta_hours": 1.39742, "loss": 0.96819998, "lr": 0.00099019, "params": 112726, "time_iter": 0.02002, "accuracy": 0.66142, "f1": 0.66065, "auc": 0.94436}
{"epoch": 12, "time_epoch": 56.24895, "eta": 4967.38623, "eta_hours": 1.37983, "loss": 0.93907062, "lr": 0.00098666, "params": 112726, "time_iter": 0.02, "accuracy": 0.67398, "f1": 0.6733, "auc": 0.94744}
{"epoch": 13, "time_epoch": 57.02155, "eta": 4909.83007, "eta_hours": 1.36384, "loss": 0.91516652, "lr": 0.0009826, "params": 112726, "time_iter": 0.02027, "accuracy": 0.67804, "f1": 0.67742, "auc": 0.95009}
{"epoch": 14, "time_epoch": 56.54637, "eta": 4849.65251, "eta_hours": 1.34713, "loss": 0.89436558, "lr": 0.00097802, "params": 112726, "time_iter": 0.0201, "accuracy": 0.68671, "f1": 0.68622, "auc": 0.95219}
{"epoch": 15, "time_epoch": 56.22865, "eta": 4788.26083, "eta_hours": 1.33007, "loss": 0.87073342, "lr": 0.00097291, "params": 112726, "time_iter": 0.01999, "accuracy": 0.69693, "f1": 0.69632, "auc": 0.9546}
{"epoch": 16, "time_epoch": 56.17036, "eta": 4727.19196, "eta_hours": 1.31311, "loss": 0.85775768, "lr": 0.00096728, "params": 112726, "time_iter": 0.01997, "accuracy": 0.70193, "f1": 0.7015, "auc": 0.95597}
{"epoch": 17, "time_epoch": 56.06503, "eta": 4666.18756, "eta_hours": 1.29616, "loss": 0.83648167, "lr": 0.00096114, "params": 112726, "time_iter": 0.01993, "accuracy": 0.70853, "f1": 0.70812, "auc": 0.95787}
{"epoch": 18, "time_epoch": 56.04128, "eta": 4605.60182, "eta_hours": 1.27933, "loss": 0.81421151, "lr": 0.0009545, "params": 112726, "time_iter": 0.01992, "accuracy": 0.71724, "f1": 0.71674, "auc": 0.95984}
{"epoch": 19, "time_epoch": 56.53892, "eta": 4547.46107, "eta_hours": 1.26318, "loss": 0.80449579, "lr": 0.00094736, "params": 112726, "time_iter": 0.0201, "accuracy": 0.71927, "f1": 0.71893, "auc": 0.961}
{"epoch": 20, "time_epoch": 56.26634, "eta": 4488.44747, "eta_hours": 1.24679, "loss": 0.78933612, "lr": 0.00093974, "params": 112726, "time_iter": 0.02, "accuracy": 0.72509, "f1": 0.72474, "auc": 0.96238}
{"epoch": 21, "time_epoch": 56.34847, "eta": 4429.97483, "eta_hours": 1.23055, "loss": 0.77210512, "lr": 0.00093163, "params": 112726, "time_iter": 0.02003, "accuracy": 0.73111, "f1": 0.73072, "auc": 0.96389}
{"epoch": 22, "time_epoch": 56.3675, "eta": 4371.75059, "eta_hours": 1.21438, "loss": 0.75607181, "lr": 0.00092305, "params": 112726, "time_iter": 0.02004, "accuracy": 0.73867, "f1": 0.73829, "auc": 0.9652}
{"epoch": 23, "time_epoch": 56.5198, "eta": 4314.16337, "eta_hours": 1.19838, "loss": 0.74944727, "lr": 0.000914, "params": 112726, "time_iter": 0.02009, "accuracy": 0.73736, "f1": 0.73706, "auc": 0.96587}
{"epoch": 24, "time_epoch": 56.42369, "eta": 4256.37322, "eta_hours": 1.18233, "loss": 0.73063807, "lr": 0.00090451, "params": 112726, "time_iter": 0.02006, "accuracy": 0.74711, "f1": 0.74667, "auc": 0.96731}
{"epoch": 25, "time_epoch": 56.64632, "eta": 4199.32181, "eta_hours": 1.16648, "loss": 0.72076699, "lr": 0.00089457, "params": 112726, "time_iter": 0.02014, "accuracy": 0.75036, "f1": 0.75004, "auc": 0.96818}
{"epoch": 26, "time_epoch": 56.3804, "eta": 4141.58143, "eta_hours": 1.15044, "loss": 0.70894861, "lr": 0.0008842, "params": 112726, "time_iter": 0.02004, "accuracy": 0.7542, "f1": 0.75384, "auc": 0.96921}
{"epoch": 27, "time_epoch": 56.33799, "eta": 4083.82914, "eta_hours": 1.1344, "loss": 0.69737863, "lr": 0.00087341, "params": 112726, "time_iter": 0.02003, "accuracy": 0.75762, "f1": 0.75734, "auc": 0.97011}
{"epoch": 28, "time_epoch": 56.55298, "eta": 4026.70074, "eta_hours": 1.11853, "loss": 0.67800838, "lr": 0.00086221, "params": 112726, "time_iter": 0.0201, "accuracy": 0.76504, "f1": 0.76473, "auc": 0.97171}
{"epoch": 29, "time_epoch": 56.29252, "eta": 3969.00297, "eta_hours": 1.1025, "loss": 0.67227377, "lr": 0.00085062, "params": 112726, "time_iter": 0.02001, "accuracy": 0.76724, "f1": 0.76713, "auc": 0.97216}
{"epoch": 30, "time_epoch": 56.33566, "eta": 3911.49189, "eta_hours": 1.08653, "loss": 0.66205466, "lr": 0.00083864, "params": 112726, "time_iter": 0.02003, "accuracy": 0.77162, "f1": 0.77141, "auc": 0.97295}
{"epoch": 31, "time_epoch": 56.16002, "eta": 3853.68103, "eta_hours": 1.07047, "loss": 0.65409603, "lr": 0.00082629, "params": 112726, "time_iter": 0.01996, "accuracy": 0.77387, "f1": 0.77366, "auc": 0.97363}
{"epoch": 32, "time_epoch": 56.01622, "eta": 3795.67826, "eta_hours": 1.05436, "loss": 0.63636932, "lr": 0.00081359, "params": 112726, "time_iter": 0.01991, "accuracy": 0.77796, "f1": 0.77767, "auc": 0.97496}
{"epoch": 33, "time_epoch": 56.30182, "eta": 3738.34675, "eta_hours": 1.03843, "loss": 0.62946133, "lr": 0.00080054, "params": 112726, "time_iter": 0.02001, "accuracy": 0.78242, "f1": 0.78221, "auc": 0.97541}
{"epoch": 34, "time_epoch": 56.76084, "eta": 3681.92655, "eta_hours": 1.02276, "loss": 0.6144582, "lr": 0.00078716, "params": 112726, "time_iter": 0.02018, "accuracy": 0.78811, "f1": 0.78798, "auc": 0.97658}
{"epoch": 35, "time_epoch": 56.79181, "eta": 3625.54248, "eta_hours": 1.0071, "loss": 0.60588902, "lr": 0.00077347, "params": 112726, "time_iter": 0.02019, "accuracy": 0.79027, "f1": 0.79004, "auc": 0.97713}
{"epoch": 36, "time_epoch": 56.21948, "eta": 3568.16187, "eta_hours": 0.99116, "loss": 0.59418974, "lr": 0.00075948, "params": 112726, "time_iter": 0.01999, "accuracy": 0.79489, "f1": 0.79469, "auc": 0.97789}
{"epoch": 37, "time_epoch": 56.4096, "eta": 3511.15256, "eta_hours": 0.97532, "loss": 0.58977638, "lr": 0.00074521, "params": 112726, "time_iter": 0.02005, "accuracy": 0.79627, "f1": 0.7959, "auc": 0.97831}
{"epoch": 38, "time_epoch": 56.7071, "eta": 3454.63933, "eta_hours": 0.95962, "loss": 0.58175362, "lr": 0.00073067, "params": 112726, "time_iter": 0.02016, "accuracy": 0.79962, "f1": 0.79936, "auc": 0.97886}
{"epoch": 39, "time_epoch": 56.52743, "eta": 3397.8469, "eta_hours": 0.94385, "loss": 0.56362357, "lr": 0.00071588, "params": 112726, "time_iter": 0.0201, "accuracy": 0.80649, "f1": 0.80639, "auc": 0.9801}
{"epoch": 40, "time_epoch": 56.62173, "eta": 3341.20309, "eta_hours": 0.92811, "loss": 0.55250897, "lr": 0.00070085, "params": 112726, "time_iter": 0.02013, "accuracy": 0.81004, "f1": 0.80989, "auc": 0.98095}
{"epoch": 41, "time_epoch": 56.29175, "eta": 3284.10466, "eta_hours": 0.91225, "loss": 0.55023613, "lr": 0.0006856, "params": 112726, "time_iter": 0.02001, "accuracy": 0.80909, "f1": 0.80885, "auc": 0.98098}
{"epoch": 42, "time_epoch": 56.87476, "eta": 3227.81656, "eta_hours": 0.89662, "loss": 0.53821475, "lr": 0.00067015, "params": 112726, "time_iter": 0.02022, "accuracy": 0.81462, "f1": 0.81445, "auc": 0.98166}
{"epoch": 43, "time_epoch": 56.98872, "eta": 3171.64684, "eta_hours": 0.88101, "loss": 0.52757809, "lr": 0.00065451, "params": 112726, "time_iter": 0.02026, "accuracy": 0.81722, "f1": 0.81709, "auc": 0.98238}
{"epoch": 44, "time_epoch": 60.821, "eta": 3120.12461, "eta_hours": 0.8667, "loss": 0.51785188, "lr": 0.0006387, "params": 112726, "time_iter": 0.02162, "accuracy": 0.82122, "f1": 0.82104, "auc": 0.98311}
{"epoch": 45, "time_epoch": 58.95873, "eta": 3066.01195, "eta_hours": 0.85167, "loss": 0.51156136, "lr": 0.00062274, "params": 112726, "time_iter": 0.02096, "accuracy": 0.8252, "f1": 0.82499, "auc": 0.98334}
{"epoch": 46, "time_epoch": 56.65588, "eta": 3009.09624, "eta_hours": 0.83586, "loss": 0.49978424, "lr": 0.00060665, "params": 112726, "time_iter": 0.02014, "accuracy": 0.82751, "f1": 0.82742, "auc": 0.9841}
{"epoch": 47, "time_epoch": 56.31803, "eta": 2951.82535, "eta_hours": 0.81995, "loss": 0.49850847, "lr": 0.00059044, "params": 112726, "time_iter": 0.02002, "accuracy": 0.82916, "f1": 0.82901, "auc": 0.98431}
{"epoch": 48, "time_epoch": 56.60896, "eta": 2894.89617, "eta_hours": 0.80414, "loss": 0.48436238, "lr": 0.00057413, "params": 112726, "time_iter": 0.02012, "accuracy": 0.83278, "f1": 0.83261, "auc": 0.98502}
{"epoch": 49, "time_epoch": 56.37604, "eta": 2837.74686, "eta_hours": 0.78826, "loss": 0.47119822, "lr": 0.00055774, "params": 112726, "time_iter": 0.02004, "accuracy": 0.83633, "f1": 0.83617, "auc": 0.98578}
{"epoch": 50, "time_epoch": 57.67552, "eta": 2781.87641, "eta_hours": 0.77274, "loss": 0.46554786, "lr": 0.00054129, "params": 112726, "time_iter": 0.0205, "accuracy": 0.84016, "f1": 0.83992, "auc": 0.98607}
{"epoch": 51, "time_epoch": 56.58244, "eta": 2724.92753, "eta_hours": 0.75692, "loss": 0.45426678, "lr": 0.00052479, "params": 112726, "time_iter": 0.02011, "accuracy": 0.84336, "f1": 0.84322, "auc": 0.98668}
{"epoch": 52, "time_epoch": 56.49898, "eta": 2667.91847, "eta_hours": 0.74109, "loss": 0.44909402, "lr": 0.00050827, "params": 112726, "time_iter": 0.02008, "accuracy": 0.84616, "f1": 0.84605, "auc": 0.98703}
{"epoch": 53, "time_epoch": 56.38559, "eta": 2610.83171, "eta_hours": 0.72523, "loss": 0.44053978, "lr": 0.00049173, "params": 112726, "time_iter": 0.02004, "accuracy": 0.84771, "f1": 0.84762, "auc": 0.98762}
{"epoch": 54, "time_epoch": 57.21628, "eta": 2554.4501, "eta_hours": 0.70957, "loss": 0.43167199, "lr": 0.00047521, "params": 112726, "time_iter": 0.02034, "accuracy": 0.85229, "f1": 0.85214, "auc": 0.98797}
{"epoch": 55, "time_epoch": 56.43882, "eta": 2497.42782, "eta_hours": 0.69373, "loss": 0.42202638, "lr": 0.00045871, "params": 112726, "time_iter": 0.02006, "accuracy": 0.85689, "f1": 0.85677, "auc": 0.98841}
{"epoch": 56, "time_epoch": 56.73274, "eta": 2440.64774, "eta_hours": 0.67796, "loss": 0.41861843, "lr": 0.00044226, "params": 112726, "time_iter": 0.02017, "accuracy": 0.85658, "f1": 0.85648, "auc": 0.98866}
{"epoch": 57, "time_epoch": 56.39525, "eta": 2383.62491, "eta_hours": 0.66212, "loss": 0.40692898, "lr": 0.00042587, "params": 112726, "time_iter": 0.02005, "accuracy": 0.85918, "f1": 0.85904, "auc": 0.98927}
{"epoch": 58, "time_epoch": 56.4101, "eta": 2326.63367, "eta_hours": 0.64629, "loss": 0.39718058, "lr": 0.00040956, "params": 112726, "time_iter": 0.02005, "accuracy": 0.86393, "f1": 0.86385, "auc": 0.98969}
{"epoch": 59, "time_epoch": 56.45337, "eta": 2269.69064, "eta_hours": 0.63047, "loss": 0.38943442, "lr": 0.00039335, "params": 112726, "time_iter": 0.02007, "accuracy": 0.86624, "f1": 0.86614, "auc": 0.99003}
{"epoch": 60, "time_epoch": 56.36465, "eta": 2212.70695, "eta_hours": 0.61464, "loss": 0.3852495, "lr": 0.00037726, "params": 112726, "time_iter": 0.02004, "accuracy": 0.86813, "f1": 0.86809, "auc": 0.99028}
{"epoch": 61, "time_epoch": 56.37621, "eta": 2155.75031, "eta_hours": 0.59882, "loss": 0.37363286, "lr": 0.0003613, "params": 112726, "time_iter": 0.02004, "accuracy": 0.87216, "f1": 0.87201, "auc": 0.99086}
{"epoch": 62, "time_epoch": 56.28442, "eta": 2098.75819, "eta_hours": 0.58299, "loss": 0.36450659, "lr": 0.00034549, "params": 112726, "time_iter": 0.02001, "accuracy": 0.8744, "f1": 0.87427, "auc": 0.99128}
{"epoch": 63, "time_epoch": 56.52168, "eta": 2041.92164, "eta_hours": 0.5672, "loss": 0.358494, "lr": 0.00032985, "params": 112726, "time_iter": 0.02009, "accuracy": 0.87702, "f1": 0.877, "auc": 0.99152}
{"epoch": 64, "time_epoch": 56.74961, "eta": 1985.21752, "eta_hours": 0.55145, "loss": 0.35113045, "lr": 0.0003144, "params": 112726, "time_iter": 0.02017, "accuracy": 0.87851, "f1": 0.87846, "auc": 0.99189}
{"epoch": 65, "time_epoch": 57.36206, "eta": 1928.82752, "eta_hours": 0.53579, "loss": 0.3403919, "lr": 0.00029915, "params": 112726, "time_iter": 0.02039, "accuracy": 0.88322, "f1": 0.88314, "auc": 0.9923}
{"epoch": 66, "time_epoch": 56.54019, "eta": 1872.0037, "eta_hours": 0.52, "loss": 0.3396438, "lr": 0.00028412, "params": 112726, "time_iter": 0.0201, "accuracy": 0.88351, "f1": 0.88344, "auc": 0.99238}
{"epoch": 67, "time_epoch": 56.38593, "eta": 1815.11563, "eta_hours": 0.5042, "loss": 0.3304844, "lr": 0.00026933, "params": 112726, "time_iter": 0.02004, "accuracy": 0.886, "f1": 0.88591, "auc": 0.99276}
{"epoch": 68, "time_epoch": 56.38782, "eta": 1758.24297, "eta_hours": 0.4884, "loss": 0.32318366, "lr": 0.00025479, "params": 112726, "time_iter": 0.02005, "accuracy": 0.8894, "f1": 0.88936, "auc": 0.99311}
{"epoch": 69, "time_epoch": 56.66452, "eta": 1701.50274, "eta_hours": 0.47264, "loss": 0.31375058, "lr": 0.00024052, "params": 112726, "time_iter": 0.02014, "accuracy": 0.89067, "f1": 0.89065, "auc": 0.99351}
{"epoch": 70, "time_epoch": 56.40367, "eta": 1644.6581, "eta_hours": 0.45685, "loss": 0.309813, "lr": 0.00022653, "params": 112726, "time_iter": 0.02005, "accuracy": 0.89391, "f1": 0.89383, "auc": 0.99354}
{"epoch": 71, "time_epoch": 56.60273, "eta": 1587.90312, "eta_hours": 0.44108, "loss": 0.31150583, "lr": 0.00021284, "params": 112726, "time_iter": 0.02012, "accuracy": 0.89187, "f1": 0.8918, "auc": 0.99356}
{"epoch": 72, "time_epoch": 56.63622, "eta": 1531.1647, "eta_hours": 0.42532, "loss": 0.29695466, "lr": 0.00019946, "params": 112726, "time_iter": 0.02013, "accuracy": 0.89909, "f1": 0.89902, "auc": 0.99404}
{"epoch": 73, "time_epoch": 56.73657, "eta": 1474.4643, "eta_hours": 0.40957, "loss": 0.29212942, "lr": 0.00018641, "params": 112726, "time_iter": 0.02017, "accuracy": 0.90082, "f1": 0.90073, "auc": 0.99422}
{"epoch": 74, "time_epoch": 56.53868, "eta": 1417.69698, "eta_hours": 0.3938, "loss": 0.28913489, "lr": 0.00017371, "params": 112726, "time_iter": 0.0201, "accuracy": 0.90044, "f1": 0.90039, "auc": 0.99437}
{"epoch": 75, "time_epoch": 56.40231, "eta": 1360.8926, "eta_hours": 0.37803, "loss": 0.2793932, "lr": 0.00016136, "params": 112726, "time_iter": 0.02005, "accuracy": 0.90269, "f1": 0.90269, "auc": 0.99479}
{"epoch": 76, "time_epoch": 56.51133, "eta": 1304.13123, "eta_hours": 0.36226, "loss": 0.27811658, "lr": 0.00014938, "params": 112726, "time_iter": 0.02009, "accuracy": 0.90562, "f1": 0.90558, "auc": 0.99475}
{"epoch": 77, "time_epoch": 56.50825, "eta": 1247.37541, "eta_hours": 0.34649, "loss": 0.26558956, "lr": 0.00013779, "params": 112726, "time_iter": 0.02009, "accuracy": 0.91078, "f1": 0.91072, "auc": 0.99515}
{"epoch": 78, "time_epoch": 56.82486, "eta": 1190.71001, "eta_hours": 0.33075, "loss": 0.26190256, "lr": 0.00012659, "params": 112726, "time_iter": 0.0202, "accuracy": 0.91016, "f1": 0.91013, "auc": 0.99535}
{"epoch": 79, "time_epoch": 56.59518, "eta": 1133.98321, "eta_hours": 0.315, "loss": 0.26358972, "lr": 0.0001158, "params": 112726, "time_iter": 0.02012, "accuracy": 0.9104, "f1": 0.91039, "auc": 0.9953}
{"epoch": 80, "time_epoch": 56.4676, "eta": 1077.22974, "eta_hours": 0.29923, "loss": 0.25520046, "lr": 0.00010543, "params": 112726, "time_iter": 0.02007, "accuracy": 0.91262, "f1": 0.91261, "auc": 0.99553}
{"epoch": 81, "time_epoch": 56.38158, "eta": 1020.46435, "eta_hours": 0.28346, "loss": 0.25393408, "lr": 9.549e-05, "params": 112726, "time_iter": 0.02004, "accuracy": 0.9138, "f1": 0.91379, "auc": 0.99559}
{"epoch": 82, "time_epoch": 56.98786, "eta": 963.83239, "eta_hours": 0.26773, "loss": 0.2505897, "lr": 8.6e-05, "params": 112726, "time_iter": 0.02026, "accuracy": 0.9148, "f1": 0.9148, "auc": 0.99567}
{"epoch": 83, "time_epoch": 57.38365, "eta": 907.26734, "eta_hours": 0.25202, "loss": 0.2457865, "lr": 7.695e-05, "params": 112726, "time_iter": 0.0204, "accuracy": 0.91729, "f1": 0.91728, "auc": 0.99587}
{"epoch": 84, "time_epoch": 56.36523, "eta": 850.50331, "eta_hours": 0.23625, "loss": 0.2486572, "lr": 6.837e-05, "params": 112726, "time_iter": 0.02004, "accuracy": 0.91704, "f1": 0.91703, "auc": 0.99577}
{"epoch": 85, "time_epoch": 56.28876, "eta": 793.73611, "eta_hours": 0.22048, "loss": 0.24315943, "lr": 6.026e-05, "params": 112726, "time_iter": 0.02001, "accuracy": 0.9176, "f1": 0.91759, "auc": 0.99592}
{"epoch": 86, "time_epoch": 56.61686, "eta": 737.02893, "eta_hours": 0.20473, "loss": 0.23867433, "lr": 5.264e-05, "params": 112726, "time_iter": 0.02013, "accuracy": 0.91907, "f1": 0.91905, "auc": 0.99608}
{"epoch": 87, "time_epoch": 57.46469, "eta": 680.43942, "eta_hours": 0.18901, "loss": 0.22991054, "lr": 4.55e-05, "params": 112726, "time_iter": 0.02043, "accuracy": 0.92176, "f1": 0.92173, "auc": 0.99635}
{"epoch": 88, "time_epoch": 57.93943, "eta": 623.88892, "eta_hours": 0.1733, "loss": 0.23246222, "lr": 3.886e-05, "params": 112726, "time_iter": 0.0206, "accuracy": 0.92204, "f1": 0.92202, "auc": 0.99625}
{"epoch": 89, "time_epoch": 56.24332, "eta": 567.11909, "eta_hours": 0.15753, "loss": 0.22779331, "lr": 3.272e-05, "params": 112726, "time_iter": 0.01999, "accuracy": 0.92398, "f1": 0.92395, "auc": 0.99639}
{"epoch": 90, "time_epoch": 56.2099, "eta": 510.35753, "eta_hours": 0.14177, "loss": 0.2219996, "lr": 2.709e-05, "params": 112726, "time_iter": 0.01998, "accuracy": 0.92609, "f1": 0.92607, "auc": 0.9966}
{"epoch": 91, "time_epoch": 56.18831, "eta": 453.60609, "eta_hours": 0.126, "loss": 0.22640334, "lr": 2.198e-05, "params": 112726, "time_iter": 0.01997, "accuracy": 0.92378, "f1": 0.92376, "auc": 0.99643}
{"epoch": 92, "time_epoch": 56.06591, "eta": 396.85754, "eta_hours": 0.11024, "loss": 0.22579348, "lr": 1.74e-05, "params": 112726, "time_iter": 0.01993, "accuracy": 0.92327, "f1": 0.92323, "auc": 0.9965}
{"epoch": 93, "time_epoch": 56.05261, "eta": 340.12267, "eta_hours": 0.09448, "loss": 0.22070402, "lr": 1.334e-05, "params": 112726, "time_iter": 0.01993, "accuracy": 0.92456, "f1": 0.92452, "auc": 0.99666}
{"epoch": 94, "time_epoch": 56.43967, "eta": 283.42254, "eta_hours": 0.07873, "loss": 0.22223188, "lr": 9.81e-06, "params": 112726, "time_iter": 0.02006, "accuracy": 0.9248, "f1": 0.92479, "auc": 0.99654}
{"epoch": 95, "time_epoch": 56.12195, "eta": 226.71459, "eta_hours": 0.06298, "loss": 0.21695079, "lr": 6.82e-06, "params": 112726, "time_iter": 0.01995, "accuracy": 0.92722, "f1": 0.92723, "auc": 0.99673}
{"epoch": 96, "time_epoch": 55.90149, "eta": 170.01191, "eta_hours": 0.04723, "loss": 0.21807205, "lr": 4.37e-06, "params": 112726, "time_iter": 0.01987, "accuracy": 0.92582, "f1": 0.92579, "auc": 0.99673}
{"epoch": 97, "time_epoch": 55.95536, "eta": 113.32667, "eta_hours": 0.03148, "loss": 0.22173559, "lr": 2.46e-06, "params": 112726, "time_iter": 0.01989, "accuracy": 0.92471, "f1": 0.9247, "auc": 0.99659}
{"epoch": 98, "time_epoch": 56.08593, "eta": 56.6575, "eta_hours": 0.01574, "loss": 0.21796461, "lr": 1.09e-06, "params": 112726, "time_iter": 0.01994, "accuracy": 0.92613, "f1": 0.92612, "auc": 0.9967}
{"epoch": 99, "time_epoch": 56.1957, "eta": 0.0, "eta_hours": 0.0, "loss": 0.22251135, "lr": 2.7e-07, "params": 112726, "time_iter": 0.01998, "accuracy": 0.92582, "f1": 0.92581, "auc": 0.99654}
