{"epoch": 0, "time_epoch": 203.87748, "eta": 20183.87083, "eta_hours": 5.60663, "loss": 0.69744479, "lr": 0.0, "params": 9744496, "time_iter": 0.29763, "accuracy": 0.49306, "ap": 0.02108, "auc": 0.51011}
{"epoch": 1, "time_epoch": 169.56505, "eta": 18298.68398, "eta_hours": 5.08297, "loss": 0.33397144, "lr": 0.0001, "params": 9744496, "time_iter": 0.24754, "accuracy": 0.92102, "ap": 0.03025, "auc": 0.54665}
{"epoch": 2, "time_epoch": 168.61917, "eta": 17526.66151, "eta_hours": 4.86852, "loss": 0.06799132, "lr": 0.0002, "params": 9744496, "time_iter": 0.24616, "accuracy": 0.97944, "ap": 0.04239, "auc": 0.62602}
{"epoch": 3, "time_epoch": 168.65937, "eta": 17057.30564, "eta_hours": 4.73814, "loss": 0.04890526, "lr": 0.0003, "params": 9744496, "time_iter": 0.24622, "accuracy": 0.98106, "ap": 0.07889, "auc": 0.73579}
{"epoch": 4, "time_epoch": 169.14067, "eta": 16717.37303, "eta_hours": 4.64371, "loss": 0.04512538, "lr": 0.0004, "params": 9744496, "time_iter": 0.24692, "accuracy": 0.98184, "ap": 0.10781, "auc": 0.79637}
{"epoch": 5, "time_epoch": 168.45451, "eta": 16423.62124, "eta_hours": 4.56212, "loss": 0.04308207, "lr": 0.0005, "params": 9744496, "time_iter": 0.24592, "accuracy": 0.98251, "ap": 0.13194, "auc": 0.82499}
{"epoch": 6, "time_epoch": 169.6745, "eta": 16181.87713, "eta_hours": 4.49497, "loss": 0.04143107, "lr": 0.00049986, "params": 9744496, "time_iter": 0.2477, "accuracy": 0.98309, "ap": 0.15483, "auc": 0.84382}
{"epoch": 7, "time_epoch": 169.73753, "eta": 15958.87526, "eta_hours": 4.43302, "loss": 0.04018193, "lr": 0.00049945, "params": 9744496, "time_iter": 0.24779, "accuracy": 0.98357, "ap": 0.17347, "auc": 0.85509}
{"epoch": 8, "time_epoch": 169.33885, "eta": 15743.67876, "eta_hours": 4.37324, "loss": 0.03920277, "lr": 0.00049877, "params": 9744496, "time_iter": 0.24721, "accuracy": 0.9838, "ap": 0.19103, "auc": 0.86461}
{"epoch": 9, "time_epoch": 169.72951, "eta": 15541.16979, "eta_hours": 4.31699, "loss": 0.03836689, "lr": 0.00049782, "params": 9744496, "time_iter": 0.24778, "accuracy": 0.98421, "ap": 0.20775, "auc": 0.87094}
{"epoch": 10, "time_epoch": 169.0395, "eta": 15339.03786, "eta_hours": 4.26084, "loss": 0.03782084, "lr": 0.00049659, "params": 9744496, "time_iter": 0.24677, "accuracy": 0.98443, "ap": 0.21821, "auc": 0.87576}
{"epoch": 11, "time_epoch": 168.75738, "eta": 15140.35244, "eta_hours": 4.20565, "loss": 0.03698063, "lr": 0.00049509, "params": 9744496, "time_iter": 0.24636, "accuracy": 0.98482, "ap": 0.23705, "auc": 0.88097}
{"epoch": 12, "time_epoch": 169.69455, "eta": 14952.54322, "eta_hours": 4.15348, "loss": 0.03622414, "lr": 0.00049333, "params": 9744496, "time_iter": 0.24773, "accuracy": 0.98499, "ap": 0.25191, "auc": 0.8873}
{"epoch": 13, "time_epoch": 168.50807, "eta": 14760.03343, "eta_hours": 4.10001, "loss": 0.0356404, "lr": 0.0004913, "params": 9744496, "time_iter": 0.246, "accuracy": 0.98526, "ap": 0.26503, "auc": 0.89166}
{"epoch": 14, "time_epoch": 170.44737, "eta": 14581.71324, "eta_hours": 4.05048, "loss": 0.03519398, "lr": 0.00048901, "params": 9744496, "time_iter": 0.24883, "accuracy": 0.98536, "ap": 0.27256, "auc": 0.8944}
{"epoch": 15, "time_epoch": 169.21055, "eta": 14397.88383, "eta_hours": 3.99941, "loss": 0.03462527, "lr": 0.00048645, "params": 9744496, "time_iter": 0.24702, "accuracy": 0.98565, "ap": 0.28548, "auc": 0.89907}
{"epoch": 16, "time_epoch": 169.03711, "eta": 14214.92748, "eta_hours": 3.94859, "loss": 0.03404628, "lr": 0.00048364, "params": 9744496, "time_iter": 0.24677, "accuracy": 0.98577, "ap": 0.29865, "auc": 0.90206}
{"epoch": 17, "time_epoch": 170.86539, "eta": 14041.84654, "eta_hours": 3.90051, "loss": 0.03379987, "lr": 0.00048057, "params": 9744496, "time_iter": 0.24944, "accuracy": 0.98597, "ap": 0.30642, "auc": 0.90492}
{"epoch": 18, "time_epoch": 168.72298, "eta": 13859.8654, "eta_hours": 3.84996, "loss": 0.03314116, "lr": 0.00047725, "params": 9744496, "time_iter": 0.24631, "accuracy": 0.98624, "ap": 0.32084, "auc": 0.90862}
{"epoch": 19, "time_epoch": 168.38095, "eta": 13677.84195, "eta_hours": 3.7994, "loss": 0.03268539, "lr": 0.00047368, "params": 9744496, "time_iter": 0.24581, "accuracy": 0.9864, "ap": 0.33303, "auc": 0.9121}
{"epoch": 20, "time_epoch": 170.28783, "eta": 13504.29127, "eta_hours": 3.75119, "loss": 0.03223283, "lr": 0.00046987, "params": 9744496, "time_iter": 0.2486, "accuracy": 0.9865, "ap": 0.34173, "auc": 0.91499}
{"epoch": 21, "time_epoch": 168.9818, "eta": 13326.40676, "eta_hours": 3.70178, "loss": 0.03192528, "lr": 0.00046581, "params": 9744496, "time_iter": 0.24669, "accuracy": 0.98671, "ap": 0.34916, "auc": 0.91684}
{"epoch": 22, "time_epoch": 170.23302, "eta": 13153.48527, "eta_hours": 3.65375, "loss": 0.03154421, "lr": 0.00046152, "params": 9744496, "time_iter": 0.24852, "accuracy": 0.98687, "ap": 0.35972, "auc": 0.9201}
{"epoch": 23, "time_epoch": 171.65902, "eta": 12985.30349, "eta_hours": 3.60703, "loss": 0.03119444, "lr": 0.000457, "params": 9744496, "time_iter": 0.2506, "accuracy": 0.98694, "ap": 0.37038, "auc": 0.92238}
{"epoch": 24, "time_epoch": 171.16585, "eta": 12815.36402, "eta_hours": 3.55982, "loss": 0.03093239, "lr": 0.00045225, "params": 9744496, "time_iter": 0.24988, "accuracy": 0.98714, "ap": 0.37737, "auc": 0.92303}
{"epoch": 25, "time_epoch": 172.2583, "eta": 12648.43949, "eta_hours": 3.51346, "loss": 0.03076568, "lr": 0.00044729, "params": 9744496, "time_iter": 0.25147, "accuracy": 0.98712, "ap": 0.37985, "auc": 0.92536}
{"epoch": 26, "time_epoch": 169.99744, "eta": 12475.00716, "eta_hours": 3.46528, "loss": 0.03025392, "lr": 0.0004421, "params": 9744496, "time_iter": 0.24817, "accuracy": 0.98733, "ap": 0.39509, "auc": 0.92818}
{"epoch": 27, "time_epoch": 169.97222, "eta": 12301.75533, "eta_hours": 3.41715, "loss": 0.02988823, "lr": 0.00043671, "params": 9744496, "time_iter": 0.24813, "accuracy": 0.98748, "ap": 0.40295, "auc": 0.93036}
{"epoch": 28, "time_epoch": 170.61004, "eta": 12130.29125, "eta_hours": 3.36953, "loss": 0.02968628, "lr": 0.00043111, "params": 9744496, "time_iter": 0.24907, "accuracy": 0.98758, "ap": 0.40739, "auc": 0.93219}
{"epoch": 29, "time_epoch": 170.64668, "eta": 11958.96959, "eta_hours": 3.32194, "loss": 0.02933799, "lr": 0.00042531, "params": 9744496, "time_iter": 0.24912, "accuracy": 0.9877, "ap": 0.42034, "auc": 0.93445}
{"epoch": 30, "time_epoch": 170.4572, "eta": 11787.26975, "eta_hours": 3.27424, "loss": 0.02905598, "lr": 0.00041932, "params": 9744496, "time_iter": 0.24884, "accuracy": 0.98783, "ap": 0.42774, "auc": 0.93613}
{"epoch": 31, "time_epoch": 168.60797, "eta": 11611.71795, "eta_hours": 3.22548, "loss": 0.02880058, "lr": 0.00041315, "params": 9744496, "time_iter": 0.24614, "accuracy": 0.98802, "ap": 0.4295, "auc": 0.93817}
{"epoch": 32, "time_epoch": 170.07585, "eta": 11439.56722, "eta_hours": 3.17766, "loss": 0.02855046, "lr": 0.00040679, "params": 9744496, "time_iter": 0.24829, "accuracy": 0.98813, "ap": 0.4386, "auc": 0.93898}
{"epoch": 33, "time_epoch": 169.44471, "eta": 11266.31339, "eta_hours": 3.12953, "loss": 0.02828702, "lr": 0.00040027, "params": 9744496, "time_iter": 0.24736, "accuracy": 0.98816, "ap": 0.44406, "auc": 0.9413}
{"epoch": 34, "time_epoch": 169.5799, "eta": 11093.5283, "eta_hours": 3.08154, "loss": 0.027992, "lr": 0.00039358, "params": 9744496, "time_iter": 0.24756, "accuracy": 0.9883, "ap": 0.45429, "auc": 0.94312}
{"epoch": 35, "time_epoch": 168.99909, "eta": 10919.88873, "eta_hours": 3.0333, "loss": 0.02779782, "lr": 0.00038674, "params": 9744496, "time_iter": 0.24671, "accuracy": 0.98843, "ap": 0.45956, "auc": 0.9445}
{"epoch": 36, "time_epoch": 169.21458, "eta": 10746.8669, "eta_hours": 2.98524, "loss": 0.02756083, "lr": 0.00037974, "params": 9744496, "time_iter": 0.24703, "accuracy": 0.98856, "ap": 0.46739, "auc": 0.9458}
{"epoch": 37, "time_epoch": 168.8827, "eta": 10573.50397, "eta_hours": 2.93708, "loss": 0.02728306, "lr": 0.00037261, "params": 9744496, "time_iter": 0.24654, "accuracy": 0.98862, "ap": 0.47507, "auc": 0.94716}
{"epoch": 38, "time_epoch": 169.70441, "eta": 10401.65603, "eta_hours": 2.88935, "loss": 0.02705374, "lr": 0.00036534, "params": 9744496, "time_iter": 0.24774, "accuracy": 0.98868, "ap": 0.47789, "auc": 0.94823}
{"epoch": 39, "time_epoch": 169.80294, "eta": 10230.06305, "eta_hours": 2.84168, "loss": 0.02683527, "lr": 0.00035794, "params": 9744496, "time_iter": 0.24789, "accuracy": 0.98885, "ap": 0.48388, "auc": 0.95017}
{"epoch": 40, "time_epoch": 168.91966, "eta": 10057.28634, "eta_hours": 2.79369, "loss": 0.02665697, "lr": 0.00035042, "params": 9744496, "time_iter": 0.2466, "accuracy": 0.98886, "ap": 0.49079, "auc": 0.95142}
{"epoch": 41, "time_epoch": 168.5513, "eta": 9884.18461, "eta_hours": 2.74561, "loss": 0.0263477, "lr": 0.0003428, "params": 9744496, "time_iter": 0.24606, "accuracy": 0.98903, "ap": 0.49788, "auc": 0.95285}
{"epoch": 42, "time_epoch": 169.73361, "eta": 9712.86177, "eta_hours": 2.69802, "loss": 0.02612859, "lr": 0.00033507, "params": 9744496, "time_iter": 0.24779, "accuracy": 0.98913, "ap": 0.50371, "auc": 0.95428}
{"epoch": 43, "time_epoch": 167.92442, "eta": 9539.30857, "eta_hours": 2.64981, "loss": 0.0259028, "lr": 0.00032725, "params": 9744496, "time_iter": 0.24515, "accuracy": 0.98923, "ap": 0.50902, "auc": 0.95545}
{"epoch": 44, "time_epoch": 170.17387, "eta": 9368.75487, "eta_hours": 2.60243, "loss": 0.02567475, "lr": 0.00031935, "params": 9744496, "time_iter": 0.24843, "accuracy": 0.98929, "ap": 0.51283, "auc": 0.95649}
{"epoch": 45, "time_epoch": 168.81509, "eta": 9196.62258, "eta_hours": 2.55462, "loss": 0.02544929, "lr": 0.00031137, "params": 9744496, "time_iter": 0.24645, "accuracy": 0.98939, "ap": 0.52387, "auc": 0.95778}
{"epoch": 46, "time_epoch": 167.83017, "eta": 9023.52081, "eta_hours": 2.50653, "loss": 0.02522808, "lr": 0.00030332, "params": 9744496, "time_iter": 0.24501, "accuracy": 0.98955, "ap": 0.52935, "auc": 0.95886}
{"epoch": 47, "time_epoch": 169.51915, "eta": 8852.46841, "eta_hours": 2.45902, "loss": 0.02498786, "lr": 0.00029522, "params": 9744496, "time_iter": 0.24747, "accuracy": 0.98967, "ap": 0.53502, "auc": 0.96005}
{"epoch": 48, "time_epoch": 168.20937, "eta": 8680.11535, "eta_hours": 2.41114, "loss": 0.02481932, "lr": 0.00028707, "params": 9744496, "time_iter": 0.24556, "accuracy": 0.98963, "ap": 0.54024, "auc": 0.96111}
{"epoch": 49, "time_epoch": 169.03202, "eta": 8508.75069, "eta_hours": 2.36354, "loss": 0.02464475, "lr": 0.00027887, "params": 9744496, "time_iter": 0.24676, "accuracy": 0.98972, "ap": 0.543, "auc": 0.96203}
{"epoch": 50, "time_epoch": 169.55246, "eta": 8337.97754, "eta_hours": 2.3161, "loss": 0.02438764, "lr": 0.00027064, "params": 9744496, "time_iter": 0.24752, "accuracy": 0.98979, "ap": 0.55225, "auc": 0.96318}
{"epoch": 51, "time_epoch": 168.35355, "eta": 8166.14465, "eta_hours": 2.26837, "loss": 0.02420292, "lr": 0.0002624, "params": 9744496, "time_iter": 0.24577, "accuracy": 0.98995, "ap": 0.55607, "auc": 0.96409}
{"epoch": 52, "time_epoch": 170.64464, "eta": 7996.47477, "eta_hours": 2.22124, "loss": 0.02398452, "lr": 0.00025413, "params": 9744496, "time_iter": 0.24912, "accuracy": 0.99003, "ap": 0.56098, "auc": 0.96494}
{"epoch": 53, "time_epoch": 168.13487, "eta": 7824.63084, "eta_hours": 2.17351, "loss": 0.023779, "lr": 0.00024587, "params": 9744496, "time_iter": 0.24545, "accuracy": 0.99019, "ap": 0.56823, "auc": 0.9662}
{"epoch": 54, "time_epoch": 168.84939, "eta": 7653.5064, "eta_hours": 2.12597, "loss": 0.02362253, "lr": 0.0002376, "params": 9744496, "time_iter": 0.2465, "accuracy": 0.99016, "ap": 0.57319, "auc": 0.96685}
{"epoch": 55, "time_epoch": 168.86347, "eta": 7482.47427, "eta_hours": 2.07847, "loss": 0.02339889, "lr": 0.00022936, "params": 9744496, "time_iter": 0.24652, "accuracy": 0.99031, "ap": 0.57731, "auc": 0.96778}
{"epoch": 56, "time_epoch": 169.25805, "eta": 7311.8159, "eta_hours": 2.03106, "loss": 0.02322898, "lr": 0.00022113, "params": 9744496, "time_iter": 0.24709, "accuracy": 0.99033, "ap": 0.58204, "auc": 0.96865}
{"epoch": 57, "time_epoch": 170.23068, "eta": 7141.91014, "eta_hours": 1.98386, "loss": 0.02298536, "lr": 0.00021293, "params": 9744496, "time_iter": 0.24851, "accuracy": 0.99048, "ap": 0.58829, "auc": 0.96956}
{"epoch": 58, "time_epoch": 171.87854, "eta": 6973.13848, "eta_hours": 1.93698, "loss": 0.022845, "lr": 0.00020478, "params": 9744496, "time_iter": 0.25092, "accuracy": 0.99056, "ap": 0.59135, "auc": 0.97024}
{"epoch": 59, "time_epoch": 169.98442, "eta": 6803.00051, "eta_hours": 1.88972, "loss": 0.02269686, "lr": 0.00019668, "params": 9744496, "time_iter": 0.24815, "accuracy": 0.99058, "ap": 0.59973, "auc": 0.97098}
{"epoch": 60, "time_epoch": 170.47762, "eta": 6633.1829, "eta_hours": 1.84255, "loss": 0.02250165, "lr": 0.00018863, "params": 9744496, "time_iter": 0.24887, "accuracy": 0.9907, "ap": 0.60321, "auc": 0.97167}
{"epoch": 61, "time_epoch": 169.59248, "eta": 6462.8015, "eta_hours": 1.79522, "loss": 0.02228751, "lr": 0.00018065, "params": 9744496, "time_iter": 0.24758, "accuracy": 0.99081, "ap": 0.60525, "auc": 0.97244}
{"epoch": 62, "time_epoch": 169.31153, "eta": 6292.28013, "eta_hours": 1.74786, "loss": 0.02210871, "lr": 0.00017275, "params": 9744496, "time_iter": 0.24717, "accuracy": 0.99087, "ap": 0.61386, "auc": 0.97319}
{"epoch": 63, "time_epoch": 171.26243, "eta": 6122.89396, "eta_hours": 1.7008, "loss": 0.0219783, "lr": 0.00016493, "params": 9744496, "time_iter": 0.25002, "accuracy": 0.99093, "ap": 0.61582, "auc": 0.97371}
{"epoch": 64, "time_epoch": 169.41998, "eta": 5952.45797, "eta_hours": 1.65346, "loss": 0.02181736, "lr": 0.0001572, "params": 9744496, "time_iter": 0.24733, "accuracy": 0.99102, "ap": 0.62055, "auc": 0.97418}
{"epoch": 65, "time_epoch": 171.15623, "eta": 5782.9472, "eta_hours": 1.60637, "loss": 0.02167345, "lr": 0.00014958, "params": 9744496, "time_iter": 0.24986, "accuracy": 0.991, "ap": 0.62403, "auc": 0.97477}
{"epoch": 66, "time_epoch": 172.35207, "eta": 5613.9763, "eta_hours": 1.55944, "loss": 0.021491, "lr": 0.00014206, "params": 9744496, "time_iter": 0.25161, "accuracy": 0.99113, "ap": 0.62888, "auc": 0.97537}
{"epoch": 67, "time_epoch": 168.57259, "eta": 5443.12738, "eta_hours": 1.51198, "loss": 0.02134091, "lr": 0.00013466, "params": 9744496, "time_iter": 0.24609, "accuracy": 0.9912, "ap": 0.63323, "auc": 0.9758}
{"epoch": 68, "time_epoch": 168.66184, "eta": 5272.38454, "eta_hours": 1.46455, "loss": 0.0212073, "lr": 0.00012739, "params": 9744496, "time_iter": 0.24622, "accuracy": 0.99124, "ap": 0.63601, "auc": 0.97658}
{"epoch": 69, "time_epoch": 168.54722, "eta": 5101.65204, "eta_hours": 1.41713, "loss": 0.02106322, "lr": 0.00012026, "params": 9744496, "time_iter": 0.24605, "accuracy": 0.99133, "ap": 0.64088, "auc": 0.97724}
{"epoch": 70, "time_epoch": 167.95634, "eta": 4930.73974, "eta_hours": 1.36965, "loss": 0.02091823, "lr": 0.00011326, "params": 9744496, "time_iter": 0.24519, "accuracy": 0.99135, "ap": 0.64271, "auc": 0.97759}
{"epoch": 71, "time_epoch": 169.63232, "eta": 4760.56133, "eta_hours": 1.32238, "loss": 0.02081646, "lr": 0.00010642, "params": 9744496, "time_iter": 0.24764, "accuracy": 0.99143, "ap": 0.64503, "auc": 0.97767}
{"epoch": 72, "time_epoch": 168.3274, "eta": 4589.91523, "eta_hours": 1.27498, "loss": 0.02067553, "lr": 9.973e-05, "params": 9744496, "time_iter": 0.24573, "accuracy": 0.99143, "ap": 0.65048, "auc": 0.97816}
{"epoch": 73, "time_epoch": 168.59891, "eta": 4419.4272, "eta_hours": 1.22762, "loss": 0.02051663, "lr": 9.321e-05, "params": 9744496, "time_iter": 0.24613, "accuracy": 0.99153, "ap": 0.6549, "auc": 0.97867}
{"epoch": 74, "time_epoch": 168.66271, "eta": 4249.01081, "eta_hours": 1.18028, "loss": 0.02042492, "lr": 8.685e-05, "params": 9744496, "time_iter": 0.24622, "accuracy": 0.99158, "ap": 0.65664, "auc": 0.97895}
{"epoch": 75, "time_epoch": 167.30019, "eta": 4078.2103, "eta_hours": 1.13284, "loss": 0.02031558, "lr": 8.068e-05, "params": 9744496, "time_iter": 0.24423, "accuracy": 0.99166, "ap": 0.66044, "auc": 0.9796}
{"epoch": 76, "time_epoch": 168.47927, "eta": 3907.8529, "eta_hours": 1.08551, "loss": 0.02018905, "lr": 7.469e-05, "params": 9744496, "time_iter": 0.24596, "accuracy": 0.99166, "ap": 0.66126, "auc": 0.97971}
{"epoch": 77, "time_epoch": 169.35378, "eta": 3737.79032, "eta_hours": 1.03828, "loss": 0.0201211, "lr": 6.889e-05, "params": 9744496, "time_iter": 0.24723, "accuracy": 0.99165, "ap": 0.66256, "auc": 0.9799}
{"epoch": 78, "time_epoch": 167.76176, "eta": 3567.32248, "eta_hours": 0.99092, "loss": 0.0200401, "lr": 6.329e-05, "params": 9744496, "time_iter": 0.24491, "accuracy": 0.99167, "ap": 0.66498, "auc": 0.98012}
{"epoch": 79, "time_epoch": 168.61205, "eta": 3397.13487, "eta_hours": 0.94365, "loss": 0.01991685, "lr": 5.79e-05, "params": 9744496, "time_iter": 0.24615, "accuracy": 0.99184, "ap": 0.66884, "auc": 0.98071}
{"epoch": 80, "time_epoch": 168.5353, "eta": 3226.96816, "eta_hours": 0.89638, "loss": 0.01982304, "lr": 5.271e-05, "params": 9744496, "time_iter": 0.24604, "accuracy": 0.99179, "ap": 0.6742, "auc": 0.98088}
{"epoch": 81, "time_epoch": 167.34651, "eta": 3056.58028, "eta_hours": 0.84905, "loss": 0.01971836, "lr": 4.775e-05, "params": 9744496, "time_iter": 0.2443, "accuracy": 0.99176, "ap": 0.67487, "auc": 0.98107}
{"epoch": 82, "time_epoch": 168.89724, "eta": 2886.58331, "eta_hours": 0.80183, "loss": 0.01968029, "lr": 4.3e-05, "params": 9744496, "time_iter": 0.24657, "accuracy": 0.99186, "ap": 0.67585, "auc": 0.98127}
{"epoch": 83, "time_epoch": 167.85847, "eta": 2716.41467, "eta_hours": 0.75456, "loss": 0.01956004, "lr": 3.848e-05, "params": 9744496, "time_iter": 0.24505, "accuracy": 0.99192, "ap": 0.67981, "auc": 0.98168}
{"epoch": 84, "time_epoch": 169.18662, "eta": 2546.53476, "eta_hours": 0.70737, "loss": 0.01951082, "lr": 3.419e-05, "params": 9744496, "time_iter": 0.24699, "accuracy": 0.99196, "ap": 0.68153, "auc": 0.9816}
{"epoch": 85, "time_epoch": 170.39067, "eta": 2376.86698, "eta_hours": 0.66024, "loss": 0.01945487, "lr": 3.013e-05, "params": 9744496, "time_iter": 0.24875, "accuracy": 0.99197, "ap": 0.68138, "auc": 0.98171}
{"epoch": 86, "time_epoch": 167.9631, "eta": 2206.81984, "eta_hours": 0.61301, "loss": 0.01943918, "lr": 2.632e-05, "params": 9744496, "time_iter": 0.2452, "accuracy": 0.99197, "ap": 0.68164, "auc": 0.98199}
{"epoch": 87, "time_epoch": 169.58975, "eta": 2037.04188, "eta_hours": 0.56584, "loss": 0.01935101, "lr": 2.275e-05, "params": 9744496, "time_iter": 0.24758, "accuracy": 0.99203, "ap": 0.68355, "auc": 0.982}
{"epoch": 88, "time_epoch": 167.75463, "eta": 1867.04134, "eta_hours": 0.51862, "loss": 0.01930837, "lr": 1.943e-05, "params": 9744496, "time_iter": 0.2449, "accuracy": 0.99202, "ap": 0.68589, "auc": 0.98223}
{"epoch": 89, "time_epoch": 168.03469, "eta": 1697.12183, "eta_hours": 0.47142, "loss": 0.01928215, "lr": 1.636e-05, "params": 9744496, "time_iter": 0.24531, "accuracy": 0.99203, "ap": 0.68615, "auc": 0.98209}
{"epoch": 90, "time_epoch": 170.88477, "eta": 1527.52562, "eta_hours": 0.42431, "loss": 0.01922087, "lr": 1.355e-05, "params": 9744496, "time_iter": 0.24947, "accuracy": 0.9921, "ap": 0.68769, "auc": 0.98246}
{"epoch": 91, "time_epoch": 169.2908, "eta": 1357.76279, "eta_hours": 0.37716, "loss": 0.01922153, "lr": 1.099e-05, "params": 9744496, "time_iter": 0.24714, "accuracy": 0.9921, "ap": 0.68666, "auc": 0.98231}
{"epoch": 92, "time_epoch": 169.55439, "eta": 1188.02995, "eta_hours": 0.33001, "loss": 0.01914975, "lr": 8.7e-06, "params": 9744496, "time_iter": 0.24752, "accuracy": 0.99218, "ap": 0.69182, "auc": 0.98248}
{"epoch": 93, "time_epoch": 168.85515, "eta": 1018.25627, "eta_hours": 0.28285, "loss": 0.01915045, "lr": 6.67e-06, "params": 9744496, "time_iter": 0.2465, "accuracy": 0.99213, "ap": 0.68902, "auc": 0.98258}
{"epoch": 94, "time_epoch": 167.78652, "eta": 848.44569, "eta_hours": 0.23568, "loss": 0.0191349, "lr": 4.91e-06, "params": 9744496, "time_iter": 0.24494, "accuracy": 0.99215, "ap": 0.6908, "auc": 0.9826}
{"epoch": 95, "time_epoch": 172.88797, "eta": 678.88984, "eta_hours": 0.18858, "loss": 0.0190998, "lr": 3.41e-06, "params": 9744496, "time_iter": 0.25239, "accuracy": 0.99213, "ap": 0.69299, "auc": 0.98274}
{"epoch": 96, "time_epoch": 168.12623, "eta": 509.11801, "eta_hours": 0.14142, "loss": 0.01907386, "lr": 2.18e-06, "params": 9744496, "time_iter": 0.24544, "accuracy": 0.99218, "ap": 0.69406, "auc": 0.98285}
{"epoch": 97, "time_epoch": 169.98668, "eta": 339.41773, "eta_hours": 0.09428, "loss": 0.01908158, "lr": 1.23e-06, "params": 9744496, "time_iter": 0.24816, "accuracy": 0.99203, "ap": 0.68835, "auc": 0.98262}
{"epoch": 98, "time_epoch": 170.74966, "eta": 169.71938, "eta_hours": 0.04714, "loss": 0.01908226, "lr": 5.5e-07, "params": 9744496, "time_iter": 0.24927, "accuracy": 0.99218, "ap": 0.69173, "auc": 0.98284}
{"epoch": 99, "time_epoch": 168.96541, "eta": 0.0, "eta_hours": 0.0, "loss": 0.01907479, "lr": 1.4e-07, "params": 9744496, "time_iter": 0.24666, "accuracy": 0.99211, "ap": 0.69146, "auc": 0.98287}
