{"epoch": 0, "time_epoch": 64.26089, "eta": 6361.82842, "eta_hours": 1.76717, "loss": 2.30546078, "lr": 0.0, "params": 112726, "time_iter": 0.02284, "accuracy": 0.09669, "f1": 0.0673, "auc": 0.50038}
{"epoch": 1, "time_epoch": 59.584, "eta": 6068.39999, "eta_hours": 1.68567, "loss": 2.02673934, "lr": 0.0002, "params": 112726, "time_iter": 0.02118, "accuracy": 0.3264, "f1": 0.30313, "auc": 0.77887}
{"epoch": 2, "time_epoch": 59.95482, "eta": 5942.85766, "eta_hours": 1.65079, "loss": 1.68746832, "lr": 0.0004, "params": 112726, "time_iter": 0.02131, "accuracy": 0.43073, "f1": 0.42085, "auc": 0.84637}
{"epoch": 3, "time_epoch": 59.35027, "eta": 5835.59988, "eta_hours": 1.621, "loss": 1.46292093, "lr": 0.0006, "params": 112726, "time_iter": 0.0211, "accuracy": 0.49362, "f1": 0.48886, "auc": 0.87813}
{"epoch": 4, "time_epoch": 58.96985, "eta": 5740.2771, "eta_hours": 1.59452, "loss": 1.32981026, "lr": 0.0008, "params": 112726, "time_iter": 0.02096, "accuracy": 0.53478, "f1": 0.53165, "auc": 0.89706}
{"epoch": 5, "time_epoch": 59.60289, "eta": 5666.98959, "eta_hours": 1.57416, "loss": 1.25037158, "lr": 0.001, "params": 112726, "time_iter": 0.02119, "accuracy": 0.56147, "f1": 0.55967, "auc": 0.90841}
{"epoch": 6, "time_epoch": 59.9654, "eta": 5602.42815, "eta_hours": 1.55623, "loss": 1.16763591, "lr": 0.00099973, "params": 112726, "time_iter": 0.02132, "accuracy": 0.59051, "f1": 0.58946, "auc": 0.91989}
{"epoch": 7, "time_epoch": 59.78332, "eta": 5536.9218, "eta_hours": 1.53803, "loss": 1.1077929, "lr": 0.00099891, "params": 112726, "time_iter": 0.02125, "accuracy": 0.61162, "f1": 0.61086, "auc": 0.92781}
{"epoch": 8, "time_epoch": 59.58696, "eta": 5470.70179, "eta_hours": 1.51964, "loss": 1.05234707, "lr": 0.00099754, "params": 112726, "time_iter": 0.02118, "accuracy": 0.6318, "f1": 0.63082, "auc": 0.93458}
{"epoch": 9, "time_epoch": 59.6274, "eta": 5406.17238, "eta_hours": 1.50171, "loss": 1.01553182, "lr": 0.00099563, "params": 112726, "time_iter": 0.0212, "accuracy": 0.64533, "f1": 0.64456, "auc": 0.93902}
{"epoch": 10, "time_epoch": 58.84468, "eta": 5336.20133, "eta_hours": 1.48228, "loss": 0.97630632, "lr": 0.00099318, "params": 112726, "time_iter": 0.02092, "accuracy": 0.65818, "f1": 0.65759, "auc": 0.9435}
{"epoch": 11, "time_epoch": 59.47144, "eta": 5272.68093, "eta_hours": 1.46463, "loss": 0.94753242, "lr": 0.00099019, "params": 112726, "time_iter": 0.02114, "accuracy": 0.67124, "f1": 0.67063, "auc": 0.94655}
{"epoch": 12, "time_epoch": 60.35793, "eta": 5215.71606, "eta_hours": 1.44881, "loss": 0.92171646, "lr": 0.00098666, "params": 112726, "time_iter": 0.02146, "accuracy": 0.68038, "f1": 0.67983, "auc": 0.94932}
{"epoch": 13, "time_epoch": 59.58239, "eta": 5153.50243, "eta_hours": 1.43153, "loss": 0.89774464, "lr": 0.0009826, "params": 112726, "time_iter": 0.02118, "accuracy": 0.68898, "f1": 0.68861, "auc": 0.95176}
{"epoch": 14, "time_epoch": 59.59557, "eta": 5091.71433, "eta_hours": 1.41437, "loss": 0.8772976, "lr": 0.00097802, "params": 112726, "time_iter": 0.02119, "accuracy": 0.69444, "f1": 0.69397, "auc": 0.9541}
{"epoch": 15, "time_epoch": 59.28741, "eta": 5028.58245, "eta_hours": 1.39683, "loss": 0.85074111, "lr": 0.00097291, "params": 112726, "time_iter": 0.02108, "accuracy": 0.70222, "f1": 0.70182, "auc": 0.95654}
{"epoch": 16, "time_epoch": 58.66468, "eta": 4962.86249, "eta_hours": 1.37857, "loss": 0.83465186, "lr": 0.00096728, "params": 112726, "time_iter": 0.02085, "accuracy": 0.70876, "f1": 0.70824, "auc": 0.9582}
{"epoch": 17, "time_epoch": 58.82077, "eta": 4898.63755, "eta_hours": 1.36073, "loss": 0.81614969, "lr": 0.00096114, "params": 112726, "time_iter": 0.02091, "accuracy": 0.71887, "f1": 0.71843, "auc": 0.95971}
{"epoch": 18, "time_epoch": 59.593, "eta": 4838.27358, "eta_hours": 1.34396, "loss": 0.80402923, "lr": 0.0009545, "params": 112726, "time_iter": 0.02118, "accuracy": 0.71951, "f1": 0.71897, "auc": 0.96105}
{"epoch": 19, "time_epoch": 59.42802, "eta": 4777.32678, "eta_hours": 1.32704, "loss": 0.78530603, "lr": 0.00094736, "params": 112726, "time_iter": 0.02113, "accuracy": 0.72938, "f1": 0.72901, "auc": 0.96266}
{"epoch": 20, "time_epoch": 59.4309, "eta": 4716.53549, "eta_hours": 1.31015, "loss": 0.76974668, "lr": 0.00093974, "params": 112726, "time_iter": 0.02113, "accuracy": 0.73282, "f1": 0.73249, "auc": 0.96406}
{"epoch": 21, "time_epoch": 59.4598, "eta": 4655.97031, "eta_hours": 1.29333, "loss": 0.75741553, "lr": 0.00093163, "params": 112726, "time_iter": 0.02114, "accuracy": 0.73713, "f1": 0.73673, "auc": 0.96525}
{"epoch": 22, "time_epoch": 58.77499, "eta": 4593.20864, "eta_hours": 1.27589, "loss": 0.74179801, "lr": 0.00092305, "params": 112726, "time_iter": 0.02089, "accuracy": 0.74082, "f1": 0.74042, "auc": 0.96659}
{"epoch": 23, "time_epoch": 59.36994, "eta": 4532.6632, "eta_hours": 1.25907, "loss": 0.73374881, "lr": 0.000914, "params": 112726, "time_iter": 0.02111, "accuracy": 0.74573, "f1": 0.74534, "auc": 0.96725}
{"epoch": 24, "time_epoch": 59.80021, "eta": 4473.5026, "eta_hours": 1.24264, "loss": 0.72002464, "lr": 0.00090451, "params": 112726, "time_iter": 0.02126, "accuracy": 0.75244, "f1": 0.75216, "auc": 0.9684}
{"epoch": 25, "time_epoch": 59.72591, "eta": 4414.08133, "eta_hours": 1.22613, "loss": 0.70666411, "lr": 0.00089457, "params": 112726, "time_iter": 0.02123, "accuracy": 0.75562, "f1": 0.75524, "auc": 0.96952}
{"epoch": 26, "time_epoch": 59.31483, "eta": 4353.52606, "eta_hours": 1.20931, "loss": 0.69216666, "lr": 0.0008842, "params": 112726, "time_iter": 0.02109, "accuracy": 0.76033, "f1": 0.75994, "auc": 0.97069}
{"epoch": 27, "time_epoch": 59.49405, "eta": 4293.52025, "eta_hours": 1.19264, "loss": 0.67507156, "lr": 0.00087341, "params": 112726, "time_iter": 0.02115, "accuracy": 0.76469, "f1": 0.76449, "auc": 0.97217}
{"epoch": 28, "time_epoch": 59.40897, "eta": 4233.34142, "eta_hours": 1.17593, "loss": 0.66959052, "lr": 0.00086221, "params": 112726, "time_iter": 0.02112, "accuracy": 0.76778, "f1": 0.76742, "auc": 0.97258}
{"epoch": 29, "time_epoch": 59.60848, "eta": 4173.67945, "eta_hours": 1.15936, "loss": 0.6594902, "lr": 0.00085062, "params": 112726, "time_iter": 0.02119, "accuracy": 0.77178, "f1": 0.77147, "auc": 0.97337}
{"epoch": 30, "time_epoch": 60.14781, "eta": 4115.22138, "eta_hours": 1.14312, "loss": 0.64591328, "lr": 0.00083864, "params": 112726, "time_iter": 0.02138, "accuracy": 0.77553, "f1": 0.77535, "auc": 0.97442}
{"epoch": 31, "time_epoch": 59.91297, "eta": 4056.15866, "eta_hours": 1.12671, "loss": 0.63429909, "lr": 0.00082629, "params": 112726, "time_iter": 0.0213, "accuracy": 0.77976, "f1": 0.77948, "auc": 0.97521}
{"epoch": 32, "time_epoch": 59.68802, "eta": 3996.58768, "eta_hours": 1.11016, "loss": 0.62410983, "lr": 0.00081359, "params": 112726, "time_iter": 0.02122, "accuracy": 0.78407, "f1": 0.78385, "auc": 0.97604}
{"epoch": 33, "time_epoch": 59.16212, "eta": 3935.98897, "eta_hours": 1.09333, "loss": 0.61221894, "lr": 0.00080054, "params": 112726, "time_iter": 0.02103, "accuracy": 0.78842, "f1": 0.78828, "auc": 0.97675}
{"epoch": 34, "time_epoch": 59.17365, "eta": 3875.49376, "eta_hours": 1.07653, "loss": 0.60537618, "lr": 0.00078716, "params": 112726, "time_iter": 0.02104, "accuracy": 0.79111, "f1": 0.7909, "auc": 0.97718}
{"epoch": 35, "time_epoch": 59.84422, "eta": 3816.26409, "eta_hours": 1.06007, "loss": 0.58950901, "lr": 0.00077347, "params": 112726, "time_iter": 0.02127, "accuracy": 0.79598, "f1": 0.79582, "auc": 0.97838}
{"epoch": 36, "time_epoch": 59.65881, "eta": 3756.68551, "eta_hours": 1.04352, "loss": 0.58370286, "lr": 0.00075948, "params": 112726, "time_iter": 0.02121, "accuracy": 0.79893, "f1": 0.79877, "auc": 0.97877}
{"epoch": 37, "time_epoch": 59.40678, "eta": 3696.69149, "eta_hours": 1.02686, "loss": 0.56860336, "lr": 0.00074521, "params": 112726, "time_iter": 0.02112, "accuracy": 0.80387, "f1": 0.80367, "auc": 0.97978}
{"epoch": 38, "time_epoch": 59.34259, "eta": 3636.62719, "eta_hours": 1.01017, "loss": 0.5639383, "lr": 0.00073067, "params": 112726, "time_iter": 0.0211, "accuracy": 0.80651, "f1": 0.80633, "auc": 0.98023}
{"epoch": 39, "time_epoch": 59.05306, "eta": 3576.16469, "eta_hours": 0.99338, "loss": 0.55390047, "lr": 0.00071588, "params": 112726, "time_iter": 0.02099, "accuracy": 0.80922, "f1": 0.80896, "auc": 0.98074}
{"epoch": 40, "time_epoch": 58.63967, "eta": 3515.17606, "eta_hours": 0.97644, "loss": 0.54631111, "lr": 0.00070085, "params": 112726, "time_iter": 0.02085, "accuracy": 0.81053, "f1": 0.81031, "auc": 0.98146}
{"epoch": 41, "time_epoch": 59.0381, "eta": 3454.84949, "eta_hours": 0.95968, "loss": 0.52991694, "lr": 0.0006856, "params": 112726, "time_iter": 0.02099, "accuracy": 0.818, "f1": 0.81778, "auc": 0.98229}
{"epoch": 42, "time_epoch": 59.57904, "eta": 3395.29992, "eta_hours": 0.94314, "loss": 0.51855979, "lr": 0.00067015, "params": 112726, "time_iter": 0.02118, "accuracy": 0.82038, "f1": 0.82022, "auc": 0.98317}
{"epoch": 43, "time_epoch": 59.29146, "eta": 3335.38299, "eta_hours": 0.9265, "loss": 0.51009166, "lr": 0.00065451, "params": 112726, "time_iter": 0.02108, "accuracy": 0.82404, "f1": 0.82385, "auc": 0.98369}
{"epoch": 44, "time_epoch": 59.36406, "eta": 3275.5826, "eta_hours": 0.90988, "loss": 0.50615121, "lr": 0.0006387, "params": 112726, "time_iter": 0.0211, "accuracy": 0.82598, "f1": 0.8258, "auc": 0.98385}
{"epoch": 45, "time_epoch": 58.75498, "eta": 3215.08617, "eta_hours": 0.89308, "loss": 0.49582064, "lr": 0.00062274, "params": 112726, "time_iter": 0.02089, "accuracy": 0.82896, "f1": 0.82884, "auc": 0.98455}
{"epoch": 46, "time_epoch": 59.78337, "eta": 3155.82352, "eta_hours": 0.87662, "loss": 0.48199024, "lr": 0.00060665, "params": 112726, "time_iter": 0.02125, "accuracy": 0.83387, "f1": 0.83369, "auc": 0.98528}
{"epoch": 47, "time_epoch": 59.42602, "eta": 3096.15204, "eta_hours": 0.86004, "loss": 0.47826156, "lr": 0.00059044, "params": 112726, "time_iter": 0.02113, "accuracy": 0.83631, "f1": 0.83612, "auc": 0.98547}
{"epoch": 48, "time_epoch": 60.18195, "eta": 3037.27737, "eta_hours": 0.84369, "loss": 0.46802167, "lr": 0.00057413, "params": 112726, "time_iter": 0.02139, "accuracy": 0.83867, "f1": 0.8385, "auc": 0.98605}
{"epoch": 49, "time_epoch": 59.74806, "eta": 2977.91651, "eta_hours": 0.8272, "loss": 0.45774334, "lr": 0.00055774, "params": 112726, "time_iter": 0.02124, "accuracy": 0.8414, "f1": 0.84133, "auc": 0.98665}
{"epoch": 50, "time_epoch": 59.37194, "eta": 2918.1791, "eta_hours": 0.81061, "loss": 0.44960674, "lr": 0.00054129, "params": 112726, "time_iter": 0.02111, "accuracy": 0.84549, "f1": 0.84535, "auc": 0.98717}
{"epoch": 51, "time_epoch": 59.07859, "eta": 2858.18497, "eta_hours": 0.79394, "loss": 0.44195497, "lr": 0.00052479, "params": 112726, "time_iter": 0.021, "accuracy": 0.84669, "f1": 0.84661, "auc": 0.98756}
{"epoch": 52, "time_epoch": 59.23529, "eta": 2798.36434, "eta_hours": 0.77732, "loss": 0.43602213, "lr": 0.00050827, "params": 112726, "time_iter": 0.02106, "accuracy": 0.84753, "f1": 0.84751, "auc": 0.9879}
{"epoch": 53, "time_epoch": 60.19274, "eta": 2739.38099, "eta_hours": 0.76094, "loss": 0.42093898, "lr": 0.00049173, "params": 112726, "time_iter": 0.0214, "accuracy": 0.85464, "f1": 0.85452, "auc": 0.98868}
{"epoch": 54, "time_epoch": 60.16643, "eta": 2680.33214, "eta_hours": 0.74454, "loss": 0.41072525, "lr": 0.00047521, "params": 112726, "time_iter": 0.02139, "accuracy": 0.85918, "f1": 0.85912, "auc": 0.98901}
{"epoch": 55, "time_epoch": 59.49573, "eta": 2620.7164, "eta_hours": 0.72798, "loss": 0.40528543, "lr": 0.00045871, "params": 112726, "time_iter": 0.02115, "accuracy": 0.85991, "f1": 0.85983, "auc": 0.98938}
{"epoch": 56, "time_epoch": 59.88852, "eta": 2561.40118, "eta_hours": 0.7115, "loss": 0.39883428, "lr": 0.00044226, "params": 112726, "time_iter": 0.02129, "accuracy": 0.86251, "f1": 0.86242, "auc": 0.98975}
{"epoch": 57, "time_epoch": 58.57223, "eta": 2501.11302, "eta_hours": 0.69475, "loss": 0.39628123, "lr": 0.00042587, "params": 112726, "time_iter": 0.02082, "accuracy": 0.86533, "f1": 0.86527, "auc": 0.98988}
{"epoch": 58, "time_epoch": 59.08247, "eta": 2441.2376, "eta_hours": 0.67812, "loss": 0.3850788, "lr": 0.00040956, "params": 112726, "time_iter": 0.021, "accuracy": 0.86729, "f1": 0.86726, "auc": 0.99049}
{"epoch": 59, "time_epoch": 59.79509, "eta": 2381.8637, "eta_hours": 0.66163, "loss": 0.36981988, "lr": 0.00039335, "params": 112726, "time_iter": 0.02126, "accuracy": 0.87251, "f1": 0.87243, "auc": 0.99113}
{"epoch": 60, "time_epoch": 59.42229, "eta": 2322.23763, "eta_hours": 0.64507, "loss": 0.36635342, "lr": 0.00037726, "params": 112726, "time_iter": 0.02112, "accuracy": 0.87498, "f1": 0.87496, "auc": 0.99127}
{"epoch": 61, "time_epoch": 59.13346, "eta": 2262.44112, "eta_hours": 0.62846, "loss": 0.3555644, "lr": 0.0003613, "params": 112726, "time_iter": 0.02102, "accuracy": 0.87829, "f1": 0.87821, "auc": 0.99174}
{"epoch": 62, "time_epoch": 58.91488, "eta": 2202.53728, "eta_hours": 0.61182, "loss": 0.35246767, "lr": 0.00034549, "params": 112726, "time_iter": 0.02094, "accuracy": 0.87942, "f1": 0.87939, "auc": 0.99192}
{"epoch": 63, "time_epoch": 58.73738, "eta": 2142.5645, "eta_hours": 0.59516, "loss": 0.34555986, "lr": 0.00032985, "params": 112726, "time_iter": 0.02088, "accuracy": 0.88253, "f1": 0.88251, "auc": 0.9922}
{"epoch": 64, "time_epoch": 58.81333, "eta": 2082.67064, "eta_hours": 0.57852, "loss": 0.34038473, "lr": 0.0003144, "params": 112726, "time_iter": 0.02091, "accuracy": 0.88378, "f1": 0.88371, "auc": 0.99243}
{"epoch": 65, "time_epoch": 59.31695, "eta": 2023.06895, "eta_hours": 0.56196, "loss": 0.32886563, "lr": 0.00029915, "params": 112726, "time_iter": 0.02109, "accuracy": 0.88751, "f1": 0.88743, "auc": 0.99287}
{"epoch": 66, "time_epoch": 59.28555, "eta": 1963.4603, "eta_hours": 0.54541, "loss": 0.32298944, "lr": 0.00028412, "params": 112726, "time_iter": 0.02108, "accuracy": 0.89049, "f1": 0.89053, "auc": 0.99315}
{"epoch": 67, "time_epoch": 58.94449, "eta": 1903.70065, "eta_hours": 0.52881, "loss": 0.31878287, "lr": 0.00026933, "params": 112726, "time_iter": 0.02095, "accuracy": 0.89042, "f1": 0.89042, "auc": 0.99336}
{"epoch": 68, "time_epoch": 58.89582, "eta": 1843.94277, "eta_hours": 0.51221, "loss": 0.30375285, "lr": 0.00025479, "params": 112726, "time_iter": 0.02094, "accuracy": 0.8966, "f1": 0.8966, "auc": 0.99392}
{"epoch": 69, "time_epoch": 58.89853, "eta": 1784.21067, "eta_hours": 0.49561, "loss": 0.31122308, "lr": 0.00024052, "params": 112726, "time_iter": 0.02094, "accuracy": 0.89398, "f1": 0.89394, "auc": 0.99357}
{"epoch": 70, "time_epoch": 58.89327, "eta": 1724.49991, "eta_hours": 0.47903, "loss": 0.29853592, "lr": 0.00022653, "params": 112726, "time_iter": 0.02094, "accuracy": 0.8976, "f1": 0.89761, "auc": 0.99407}
{"epoch": 71, "time_epoch": 59.1277, "eta": 1664.90303, "eta_hours": 0.46247, "loss": 0.29123823, "lr": 0.00021284, "params": 112726, "time_iter": 0.02102, "accuracy": 0.90071, "f1": 0.90071, "auc": 0.99437}
{"epoch": 72, "time_epoch": 59.32493, "eta": 1605.39194, "eta_hours": 0.44594, "loss": 0.28204129, "lr": 0.00019946, "params": 112726, "time_iter": 0.02109, "accuracy": 0.90382, "f1": 0.90379, "auc": 0.99476}
{"epoch": 73, "time_epoch": 58.89094, "eta": 1545.73341, "eta_hours": 0.42937, "loss": 0.28102639, "lr": 0.00018641, "params": 112726, "time_iter": 0.02094, "accuracy": 0.90467, "f1": 0.90463, "auc": 0.99478}
{"epoch": 74, "time_epoch": 58.62619, "eta": 1486.00709, "eta_hours": 0.41278, "loss": 0.27391311, "lr": 0.00017371, "params": 112726, "time_iter": 0.02084, "accuracy": 0.90593, "f1": 0.90596, "auc": 0.99506}
{"epoch": 75, "time_epoch": 59.72844, "eta": 1426.6578, "eta_hours": 0.39629, "loss": 0.26736332, "lr": 0.00016136, "params": 112726, "time_iter": 0.02123, "accuracy": 0.9078, "f1": 0.90778, "auc": 0.99527}
{"epoch": 76, "time_epoch": 59.25502, "eta": 1367.15726, "eta_hours": 0.37977, "loss": 0.26159766, "lr": 0.00014938, "params": 112726, "time_iter": 0.02106, "accuracy": 0.91107, "f1": 0.91102, "auc": 0.99537}
{"epoch": 77, "time_epoch": 59.54441, "eta": 1307.74463, "eta_hours": 0.36326, "loss": 0.25938533, "lr": 0.00013779, "params": 112726, "time_iter": 0.02117, "accuracy": 0.91169, "f1": 0.91168, "auc": 0.99554}
{"epoch": 78, "time_epoch": 59.38586, "eta": 1248.28652, "eta_hours": 0.34675, "loss": 0.25491238, "lr": 0.00012659, "params": 112726, "time_iter": 0.02111, "accuracy": 0.91344, "f1": 0.91341, "auc": 0.9956}
{"epoch": 79, "time_epoch": 59.46354, "eta": 1188.84963, "eta_hours": 0.33024, "loss": 0.24832263, "lr": 0.0001158, "params": 112726, "time_iter": 0.02114, "accuracy": 0.91682, "f1": 0.91682, "auc": 0.99583}
{"epoch": 80, "time_epoch": 59.09349, "eta": 1129.32529, "eta_hours": 0.3137, "loss": 0.24646508, "lr": 0.00010543, "params": 112726, "time_iter": 0.02101, "accuracy": 0.91596, "f1": 0.91595, "auc": 0.99594}
{"epoch": 81, "time_epoch": 59.59622, "eta": 1069.92181, "eta_hours": 0.2972, "loss": 0.24538174, "lr": 9.549e-05, "params": 112726, "time_iter": 0.02119, "accuracy": 0.91593, "f1": 0.91595, "auc": 0.99595}
{"epoch": 82, "time_epoch": 59.8629, "eta": 1010.56831, "eta_hours": 0.28071, "loss": 0.23867158, "lr": 8.6e-05, "params": 112726, "time_iter": 0.02128, "accuracy": 0.91929, "f1": 0.91924, "auc": 0.99612}
{"epoch": 83, "time_epoch": 60.31125, "eta": 951.28808, "eta_hours": 0.26425, "loss": 0.23450103, "lr": 7.695e-05, "params": 112726, "time_iter": 0.02144, "accuracy": 0.91982, "f1": 0.91977, "auc": 0.99624}
{"epoch": 84, "time_epoch": 59.5616, "eta": 891.85129, "eta_hours": 0.24774, "loss": 0.22800864, "lr": 6.837e-05, "params": 112726, "time_iter": 0.02117, "accuracy": 0.92251, "f1": 0.92253, "auc": 0.99645}
{"epoch": 85, "time_epoch": 59.53342, "eta": 832.40702, "eta_hours": 0.23122, "loss": 0.22725002, "lr": 6.026e-05, "params": 112726, "time_iter": 0.02116, "accuracy": 0.92353, "f1": 0.92351, "auc": 0.99649}
{"epoch": 86, "time_epoch": 58.80761, "eta": 772.85225, "eta_hours": 0.21468, "loss": 0.22113985, "lr": 5.264e-05, "params": 112726, "time_iter": 0.02091, "accuracy": 0.92513, "f1": 0.9251, "auc": 0.99664}
{"epoch": 87, "time_epoch": 59.59402, "eta": 713.42169, "eta_hours": 0.19817, "loss": 0.21305091, "lr": 4.55e-05, "params": 112726, "time_iter": 0.02119, "accuracy": 0.92784, "f1": 0.92783, "auc": 0.99686}
{"epoch": 88, "time_epoch": 59.97335, "eta": 654.03434, "eta_hours": 0.18168, "loss": 0.21601266, "lr": 3.886e-05, "params": 112726, "time_iter": 0.02132, "accuracy": 0.92764, "f1": 0.92766, "auc": 0.99681}
{"epoch": 89, "time_epoch": 59.82779, "eta": 594.6178, "eta_hours": 0.16517, "loss": 0.21363004, "lr": 3.272e-05, "params": 112726, "time_iter": 0.02127, "accuracy": 0.92871, "f1": 0.9287, "auc": 0.99688}
{"epoch": 90, "time_epoch": 59.34519, "eta": 535.14449, "eta_hours": 0.14865, "loss": 0.21055499, "lr": 2.709e-05, "params": 112726, "time_iter": 0.0211, "accuracy": 0.93024, "f1": 0.93025, "auc": 0.99692}
{"epoch": 91, "time_epoch": 58.57748, "eta": 475.60721, "eta_hours": 0.13211, "loss": 0.21185571, "lr": 2.198e-05, "params": 112726, "time_iter": 0.02082, "accuracy": 0.92893, "f1": 0.92891, "auc": 0.99691}
{"epoch": 92, "time_epoch": 58.69642, "eta": 416.09952, "eta_hours": 0.11558, "loss": 0.21105519, "lr": 1.74e-05, "params": 112726, "time_iter": 0.02087, "accuracy": 0.92993, "f1": 0.92994, "auc": 0.9969}
{"epoch": 93, "time_epoch": 59.04746, "eta": 356.6315, "eta_hours": 0.09906, "loss": 0.20866914, "lr": 1.334e-05, "params": 112726, "time_iter": 0.02099, "accuracy": 0.92991, "f1": 0.92991, "auc": 0.99699}
{"epoch": 94, "time_epoch": 59.43536, "eta": 297.19274, "eta_hours": 0.08255, "loss": 0.20826002, "lr": 9.81e-06, "params": 112726, "time_iter": 0.02113, "accuracy": 0.9296, "f1": 0.92961, "auc": 0.99705}
{"epoch": 95, "time_epoch": 59.01538, "eta": 237.73656, "eta_hours": 0.06604, "loss": 0.20640143, "lr": 6.82e-06, "params": 112726, "time_iter": 0.02098, "accuracy": 0.93138, "f1": 0.93137, "auc": 0.99703}
{"epoch": 96, "time_epoch": 58.75848, "eta": 178.28153, "eta_hours": 0.04952, "loss": 0.20592578, "lr": 4.37e-06, "params": 112726, "time_iter": 0.02089, "accuracy": 0.9294, "f1": 0.92941, "auc": 0.99708}
{"epoch": 97, "time_epoch": 59.16155, "eta": 118.84893, "eta_hours": 0.03301, "loss": 0.20197905, "lr": 2.46e-06, "params": 112726, "time_iter": 0.02103, "accuracy": 0.93238, "f1": 0.93238, "auc": 0.99715}
{"epoch": 98, "time_epoch": 58.8688, "eta": 59.41885, "eta_hours": 0.01651, "loss": 0.20650291, "lr": 1.09e-06, "params": 112726, "time_iter": 0.02093, "accuracy": 0.9312, "f1": 0.93118, "auc": 0.99701}
{"epoch": 99, "time_epoch": 59.29238, "eta": 0.0, "eta_hours": 0.0, "loss": 0.2084725, "lr": 2.7e-07, "params": 112726, "time_iter": 0.02108, "accuracy": 0.93084, "f1": 0.93085, "auc": 0.997}
