{"epoch": 0, "time_epoch": 85.75421, "eta": 8489.66634, "eta_hours": 2.35824, "loss": 0.61991264, "lr": 0.0, "params": 558625, "time_iter": 0.08334, "accuracy": 0.96255, "precision": 0.0, "recall": 0.0, "f1": 0.0, "auc": 0.56371}
{"epoch": 1, "time_epoch": 83.00454, "eta": 8269.17834, "eta_hours": 2.29699, "loss": 0.31394565, "lr": 2e-05, "params": 558625, "time_iter": 0.08067, "accuracy": 0.96255, "precision": 0.0, "recall": 0.0, "f1": 0.0, "auc": 0.53369}
{"epoch": 2, "time_epoch": 85.30903, "eta": 8214.8581, "eta_hours": 2.28191, "loss": 0.15622409, "lr": 4e-05, "params": 558625, "time_iter": 0.0829, "accuracy": 0.96255, "precision": 0.0, "recall": 0.0, "f1": 0.0, "auc": 0.65034}
{"epoch": 3, "time_epoch": 87.39115, "eta": 8195.01414, "eta_hours": 2.27639, "loss": 0.1426199, "lr": 6e-05, "params": 558625, "time_iter": 0.08493, "accuracy": 0.96255, "precision": 0.0, "recall": 0.0, "f1": 0.0, "auc": 0.72795}
{"epoch": 4, "time_epoch": 82.37607, "eta": 8052.86488, "eta_hours": 2.23691, "loss": 0.13527081, "lr": 8e-05, "params": 558625, "time_iter": 0.08005, "accuracy": 0.96255, "precision": 0.0, "recall": 0.0, "f1": 0.0, "auc": 0.75934}
{"epoch": 5, "time_epoch": 82.12848, "eta": 7926.76107, "eta_hours": 2.20188, "loss": 0.13104288, "lr": 0.0001, "params": 558625, "time_iter": 0.07981, "accuracy": 0.96255, "precision": 0.0, "recall": 0.0, "f1": 0.0, "auc": 0.77765}
{"epoch": 6, "time_epoch": 84.77464, "eta": 7848.37779, "eta_hours": 2.1801, "loss": 0.12680939, "lr": 9.997e-05, "params": 558625, "time_iter": 0.08239, "accuracy": 0.96255, "precision": 0.0, "recall": 0.0, "f1": 0.0, "auc": 0.79627}
{"epoch": 7, "time_epoch": 84.32038, "eta": 7763.17268, "eta_hours": 2.15644, "loss": 0.12279813, "lr": 9.989e-05, "params": 558625, "time_iter": 0.08194, "accuracy": 0.96255, "precision": 0.0, "recall": 0.0, "f1": 0.0, "auc": 0.81253}
{"epoch": 8, "time_epoch": 88.31397, "eta": 7718.54379, "eta_hours": 2.14404, "loss": 0.12064576, "lr": 9.975e-05, "params": 558625, "time_iter": 0.08583, "accuracy": 0.96255, "precision": 0.0, "recall": 0.0, "f1": 0.0, "auc": 0.81469}
{"epoch": 9, "time_epoch": 85.01742, "eta": 7635.50895, "eta_hours": 2.12097, "loss": 0.11838559, "lr": 9.956e-05, "params": 558625, "time_iter": 0.08262, "accuracy": 0.96255, "precision": 0.0, "recall": 0.0, "f1": 0.0, "auc": 0.82616}
{"epoch": 10, "time_epoch": 83.0702, "eta": 7536.35888, "eta_hours": 2.09343, "loss": 0.11569452, "lr": 9.932e-05, "params": 558625, "time_iter": 0.08073, "accuracy": 0.96255, "precision": 0.0, "recall": 0.0, "f1": 0.0, "auc": 0.83681}
{"epoch": 11, "time_epoch": 83.69735, "eta": 7444.48785, "eta_hours": 2.06791, "loss": 0.11479683, "lr": 9.902e-05, "params": 558625, "time_iter": 0.08134, "accuracy": 0.96255, "precision": 0.0, "recall": 0.0, "f1": 0.0, "auc": 0.83977}
{"epoch": 12, "time_epoch": 83.05974, "eta": 7349.60725, "eta_hours": 2.04156, "loss": 0.11215708, "lr": 9.867e-05, "params": 558625, "time_iter": 0.08072, "accuracy": 0.96258, "precision": 0.55556, "recall": 0.00406, "f1": 0.00806, "auc": 0.85068}
{"epoch": 13, "time_epoch": 83.42479, "eta": 7258.65777, "eta_hours": 2.01629, "loss": 0.11079662, "lr": 9.826e-05, "params": 558625, "time_iter": 0.08107, "accuracy": 0.96644, "precision": 0.73529, "recall": 0.16234, "f1": 0.26596, "auc": 0.85535}
{"epoch": 14, "time_epoch": 86.71376, "eta": 7187.34909, "eta_hours": 1.99649, "loss": 0.10842373, "lr": 9.78e-05, "params": 558625, "time_iter": 0.08427, "accuracy": 0.96863, "precision": 0.71008, "recall": 0.27435, "f1": 0.39578, "auc": 0.86261}
{"epoch": 15, "time_epoch": 85.00304, "eta": 7105.13352, "eta_hours": 1.97365, "loss": 0.10663138, "lr": 9.729e-05, "params": 558625, "time_iter": 0.08261, "accuracy": 0.96927, "precision": 0.68889, "recall": 0.32711, "f1": 0.44359, "auc": 0.87052}
{"epoch": 16, "time_epoch": 89.08971, "eta": 7042.54254, "eta_hours": 1.95626, "loss": 0.10535081, "lr": 9.673e-05, "params": 558625, "time_iter": 0.08658, "accuracy": 0.96958, "precision": 0.68246, "recall": 0.35065, "f1": 0.46327, "auc": 0.86903}
{"epoch": 17, "time_epoch": 86.22744, "eta": 6963.96805, "eta_hours": 1.93444, "loss": 0.10256141, "lr": 9.611e-05, "params": 558625, "time_iter": 0.0838, "accuracy": 0.97024, "precision": 0.70175, "recall": 0.35714, "f1": 0.47337, "auc": 0.87961}
{"epoch": 18, "time_epoch": 83.47937, "eta": 6872.8725, "eta_hours": 1.90913, "loss": 0.10131741, "lr": 9.545e-05, "params": 558625, "time_iter": 0.08113, "accuracy": 0.96988, "precision": 0.68917, "recall": 0.35633, "f1": 0.46977, "auc": 0.88807}
{"epoch": 19, "time_epoch": 83.4633, "eta": 6782.47432, "eta_hours": 1.88402, "loss": 0.09968083, "lr": 9.474e-05, "params": 558625, "time_iter": 0.08111, "accuracy": 0.97091, "precision": 0.7031, "recall": 0.38636, "f1": 0.49869, "auc": 0.88843}
{"epoch": 20, "time_epoch": 86.84335, "eta": 6705.45203, "eta_hours": 1.86263, "loss": 0.0984806, "lr": 9.397e-05, "params": 558625, "time_iter": 0.0844, "accuracy": 0.97076, "precision": 0.70393, "recall": 0.37825, "f1": 0.49208, "auc": 0.89207}
{"epoch": 21, "time_epoch": 83.63398, "eta": 6616.15822, "eta_hours": 1.83782, "loss": 0.09716592, "lr": 9.316e-05, "params": 558625, "time_iter": 0.08128, "accuracy": 0.97113, "precision": 0.70614, "recall": 0.39205, "f1": 0.50418, "auc": 0.9001}
{"epoch": 22, "time_epoch": 86.14265, "eta": 6535.75518, "eta_hours": 1.81549, "loss": 0.09521732, "lr": 9.23e-05, "params": 558625, "time_iter": 0.08371, "accuracy": 0.97228, "precision": 0.7346, "recall": 0.40666, "f1": 0.52351, "auc": 0.90192}
{"epoch": 23, "time_epoch": 85.23547, "eta": 6452.0011, "eta_hours": 1.79222, "loss": 0.09361301, "lr": 9.14e-05, "params": 558625, "time_iter": 0.08283, "accuracy": 0.97231, "precision": 0.72961, "recall": 0.41396, "f1": 0.52822, "auc": 0.9105}
{"epoch": 24, "time_epoch": 85.27393, "eta": 6368.24389, "eta_hours": 1.76896, "loss": 0.09255059, "lr": 9.045e-05, "params": 558625, "time_iter": 0.08287, "accuracy": 0.97246, "precision": 0.74041, "recall": 0.40747, "f1": 0.52565, "auc": 0.91511}
{"epoch": 25, "time_epoch": 85.59081, "eta": 6285.2719, "eta_hours": 1.74591, "loss": 0.09135504, "lr": 8.946e-05, "params": 558625, "time_iter": 0.08318, "accuracy": 0.97258, "precision": 0.74194, "recall": 0.41071, "f1": 0.52874, "auc": 0.91882}
{"epoch": 26, "time_epoch": 87.60318, "eta": 6207.54677, "eta_hours": 1.72432, "loss": 0.08941906, "lr": 8.842e-05, "params": 558625, "time_iter": 0.08513, "accuracy": 0.97316, "precision": 0.74543, "recall": 0.43019, "f1": 0.54555, "auc": 0.92277}
{"epoch": 27, "time_epoch": 85.50612, "eta": 6123.72362, "eta_hours": 1.70103, "loss": 0.08866551, "lr": 8.734e-05, "params": 558625, "time_iter": 0.0831, "accuracy": 0.97374, "precision": 0.75698, "recall": 0.43994, "f1": 0.55647, "auc": 0.92242}
{"epoch": 28, "time_epoch": 83.49922, "eta": 6034.87096, "eta_hours": 1.67635, "loss": 0.08740305, "lr": 8.622e-05, "params": 558625, "time_iter": 0.08115, "accuracy": 0.9735, "precision": 0.75641, "recall": 0.43101, "f1": 0.54912, "auc": 0.92753}
{"epoch": 29, "time_epoch": 85.84878, "eta": 5951.85751, "eta_hours": 1.65329, "loss": 0.08661765, "lr": 8.506e-05, "params": 558625, "time_iter": 0.08343, "accuracy": 0.97359, "precision": 0.74897, "recall": 0.44318, "f1": 0.55686, "auc": 0.92756}
{"epoch": 30, "time_epoch": 84.23534, "eta": 5865.06993, "eta_hours": 1.62919, "loss": 0.08337028, "lr": 8.386e-05, "params": 558625, "time_iter": 0.08186, "accuracy": 0.97432, "precision": 0.75834, "recall": 0.46104, "f1": 0.57345, "auc": 0.93642}
{"epoch": 31, "time_epoch": 85.91286, "eta": 5782.00659, "eta_hours": 1.60611, "loss": 0.08550269, "lr": 8.263e-05, "params": 558625, "time_iter": 0.08349, "accuracy": 0.97389, "precision": 0.75237, "recall": 0.4513, "f1": 0.56418, "auc": 0.93537}
{"epoch": 32, "time_epoch": 83.76347, "eta": 5694.40664, "eta_hours": 1.58178, "loss": 0.0829705, "lr": 8.136e-05, "params": 558625, "time_iter": 0.0814, "accuracy": 0.9745, "precision": 0.7659, "recall": 0.45942, "f1": 0.57433, "auc": 0.93974}
{"epoch": 33, "time_epoch": 85.83891, "eta": 5611.06116, "eta_hours": 1.55863, "loss": 0.08123057, "lr": 8.005e-05, "params": 558625, "time_iter": 0.08342, "accuracy": 0.97444, "precision": 0.75894, "recall": 0.4651, "f1": 0.57675, "auc": 0.94333}
{"epoch": 34, "time_epoch": 83.93022, "eta": 5524.02849, "eta_hours": 1.53445, "loss": 0.07971814, "lr": 7.872e-05, "params": 558625, "time_iter": 0.08156, "accuracy": 0.97459, "precision": 0.75648, "recall": 0.47403, "f1": 0.58283, "auc": 0.94612}
{"epoch": 35, "time_epoch": 83.11402, "eta": 5435.71715, "eta_hours": 1.50992, "loss": 0.0779801, "lr": 7.735e-05, "params": 558625, "time_iter": 0.08077, "accuracy": 0.97547, "precision": 0.78146, "recall": 0.4789, "f1": 0.59386, "auc": 0.95126}
{"epoch": 36, "time_epoch": 86.37118, "eta": 5353.23273, "eta_hours": 1.48701, "loss": 0.07810913, "lr": 7.595e-05, "params": 558625, "time_iter": 0.08394, "accuracy": 0.97602, "precision": 0.79338, "recall": 0.4862, "f1": 0.60292, "auc": 0.94714}
{"epoch": 37, "time_epoch": 85.13723, "eta": 5268.53046, "eta_hours": 1.46348, "loss": 0.07690638, "lr": 7.452e-05, "params": 558625, "time_iter": 0.08274, "accuracy": 0.97593, "precision": 0.77638, "recall": 0.50162, "f1": 0.60947, "auc": 0.9506}
{"epoch": 38, "time_epoch": 83.2034, "eta": 5180.78117, "eta_hours": 1.43911, "loss": 0.07610169, "lr": 7.307e-05, "params": 558625, "time_iter": 0.08086, "accuracy": 0.97565, "precision": 0.78023, "recall": 0.48701, "f1": 0.5997, "auc": 0.95395}
{"epoch": 39, "time_epoch": 82.93319, "eta": 5092.85386, "eta_hours": 1.41468, "loss": 0.07471587, "lr": 7.159e-05, "params": 558625, "time_iter": 0.0806, "accuracy": 0.97651, "precision": 0.7858, "recall": 0.51218, "f1": 0.62015, "auc": 0.95595}
{"epoch": 40, "time_epoch": 82.75801, "eta": 5004.91807, "eta_hours": 1.39026, "loss": 0.07519082, "lr": 7.008e-05, "params": 558625, "time_iter": 0.08043, "accuracy": 0.97617, "precision": 0.78, "recall": 0.50649, "f1": 0.61417, "auc": 0.95591}
{"epoch": 41, "time_epoch": 86.98915, "eta": 4923.07185, "eta_hours": 1.36752, "loss": 0.0720766, "lr": 6.856e-05, "params": 558625, "time_iter": 0.08454, "accuracy": 0.97711, "precision": 0.7896, "recall": 0.53003, "f1": 0.63429, "auc": 0.95804}
{"epoch": 42, "time_epoch": 87.63466, "eta": 4841.84209, "eta_hours": 1.34496, "loss": 0.07166716, "lr": 6.701e-05, "params": 558625, "time_iter": 0.08516, "accuracy": 0.97681, "precision": 0.7913, "recall": 0.51705, "f1": 0.62543, "auc": 0.96222}
{"epoch": 43, "time_epoch": 83.82211, "eta": 4755.46888, "eta_hours": 1.32096, "loss": 0.07102894, "lr": 6.545e-05, "params": 558625, "time_iter": 0.08146, "accuracy": 0.97742, "precision": 0.80678, "recall": 0.52192, "f1": 0.63381, "auc": 0.9605}
{"epoch": 44, "time_epoch": 84.67819, "eta": 4670.25536, "eta_hours": 1.29729, "loss": 0.07126571, "lr": 6.387e-05, "params": 558625, "time_iter": 0.08229, "accuracy": 0.9773, "precision": 0.79901, "recall": 0.52597, "f1": 0.63436, "auc": 0.96169}
{"epoch": 45, "time_epoch": 82.38006, "eta": 4582.36731, "eta_hours": 1.27288, "loss": 0.06952338, "lr": 6.227e-05, "params": 558625, "time_iter": 0.08006, "accuracy": 0.97793, "precision": 0.79835, "recall": 0.54951, "f1": 0.65096, "auc": 0.96352}
{"epoch": 46, "time_epoch": 88.61024, "eta": 4501.73917, "eta_hours": 1.25048, "loss": 0.06763177, "lr": 6.066e-05, "params": 558625, "time_iter": 0.08611, "accuracy": 0.97778, "precision": 0.80736, "recall": 0.53409, "f1": 0.64289, "auc": 0.96704}
{"epoch": 47, "time_epoch": 81.77476, "eta": 4413.37334, "eta_hours": 1.22594, "loss": 0.06679653, "lr": 5.904e-05, "params": 558625, "time_iter": 0.07947, "accuracy": 0.9786, "precision": 0.81731, "recall": 0.55195, "f1": 0.65891, "auc": 0.96793}
{"epoch": 48, "time_epoch": 84.0002, "eta": 4327.5928, "eta_hours": 1.20211, "loss": 0.06500964, "lr": 5.741e-05, "params": 558625, "time_iter": 0.08163, "accuracy": 0.97754, "precision": 0.7931, "recall": 0.5414, "f1": 0.64351, "auc": 0.97135}
{"epoch": 49, "time_epoch": 84.1182, "eta": 4242.00148, "eta_hours": 1.17833, "loss": 0.06449118, "lr": 5.577e-05, "params": 558625, "time_iter": 0.08175, "accuracy": 0.97845, "precision": 0.80947, "recall": 0.55519, "f1": 0.65864, "auc": 0.97109}
{"epoch": 50, "time_epoch": 82.56514, "eta": 4154.97577, "eta_hours": 1.15416, "loss": 0.06324594, "lr": 5.413e-05, "params": 558625, "time_iter": 0.08024, "accuracy": 0.97912, "precision": 0.82635, "recall": 0.56006, "f1": 0.66763, "auc": 0.97112}
{"epoch": 51, "time_epoch": 84.67595, "eta": 4070.07006, "eta_hours": 1.13058, "loss": 0.06302053, "lr": 5.248e-05, "params": 558625, "time_iter": 0.08229, "accuracy": 0.97918, "precision": 0.81839, "recall": 0.57062, "f1": 0.67241, "auc": 0.973}
{"epoch": 52, "time_epoch": 84.27367, "eta": 3984.81629, "eta_hours": 1.10689, "loss": 0.06178255, "lr": 5.083e-05, "params": 558625, "time_iter": 0.0819, "accuracy": 0.9793, "precision": 0.8245, "recall": 0.56818, "f1": 0.67275, "auc": 0.97411}
{"epoch": 53, "time_epoch": 83.42906, "eta": 3898.87933, "eta_hours": 1.08302, "loss": 0.06205107, "lr": 4.917e-05, "params": 558625, "time_iter": 0.08108, "accuracy": 0.97967, "precision": 0.81808, "recall": 0.58766, "f1": 0.68399, "auc": 0.97471}
{"epoch": 54, "time_epoch": 88.06513, "eta": 3816.82671, "eta_hours": 1.06023, "loss": 0.06189851, "lr": 4.752e-05, "params": 558625, "time_iter": 0.08558, "accuracy": 0.97924, "precision": 0.8067, "recall": 0.58604, "f1": 0.67889, "auc": 0.9756}
{"epoch": 55, "time_epoch": 89.28013, "eta": 3735.51401, "eta_hours": 1.03764, "loss": 0.05898264, "lr": 4.587e-05, "params": 558625, "time_iter": 0.08676, "accuracy": 0.98033, "precision": 0.82108, "recall": 0.60714, "f1": 0.69809, "auc": 0.97715}
{"epoch": 56, "time_epoch": 89.28047, "eta": 3653.922, "eta_hours": 1.01498, "loss": 0.0594769, "lr": 4.423e-05, "params": 558625, "time_iter": 0.08676, "accuracy": 0.9797, "precision": 0.81403, "recall": 0.59334, "f1": 0.68638, "auc": 0.97729}
{"epoch": 57, "time_epoch": 87.2372, "eta": 3570.58527, "eta_hours": 0.99183, "loss": 0.05609589, "lr": 4.259e-05, "params": 558625, "time_iter": 0.08478, "accuracy": 0.98122, "precision": 0.83811, "recall": 0.61769, "f1": 0.71121, "auc": 0.97945}
{"epoch": 58, "time_epoch": 84.82529, "eta": 3485.44025, "eta_hours": 0.96818, "loss": 0.05857676, "lr": 4.096e-05, "params": 558625, "time_iter": 0.08243, "accuracy": 0.97985, "precision": 0.80958, "recall": 0.6039, "f1": 0.69177, "auc": 0.97763}
{"epoch": 59, "time_epoch": 88.23103, "eta": 3402.57637, "eta_hours": 0.94516, "loss": 0.0565244, "lr": 3.934e-05, "params": 558625, "time_iter": 0.08574, "accuracy": 0.98085, "precision": 0.82435, "recall": 0.62094, "f1": 0.70833, "auc": 0.98057}
{"epoch": 60, "time_epoch": 84.89009, "eta": 3317.40051, "eta_hours": 0.9215, "loss": 0.05421587, "lr": 3.773e-05, "params": 558625, "time_iter": 0.0825, "accuracy": 0.98146, "precision": 0.83441, "recall": 0.62987, "f1": 0.71785, "auc": 0.98206}
{"epoch": 61, "time_epoch": 83.54047, "eta": 3231.40668, "eta_hours": 0.89761, "loss": 0.05795314, "lr": 3.613e-05, "params": 558625, "time_iter": 0.08119, "accuracy": 0.98076, "precision": 0.82032, "recall": 0.62256, "f1": 0.70789, "auc": 0.9791}
{"epoch": 62, "time_epoch": 87.92424, "eta": 3148.06533, "eta_hours": 0.87446, "loss": 0.05650814, "lr": 3.455e-05, "params": 558625, "time_iter": 0.08545, "accuracy": 0.98091, "precision": 0.82473, "recall": 0.62256, "f1": 0.70953, "auc": 0.97968}
{"epoch": 63, "time_epoch": 87.37693, "eta": 3064.27291, "eta_hours": 0.85119, "loss": 0.05341627, "lr": 3.299e-05, "params": 558625, "time_iter": 0.08491, "accuracy": 0.98195, "precision": 0.84081, "recall": 0.6388, "f1": 0.72601, "auc": 0.98299}
{"epoch": 64, "time_epoch": 86.42256, "eta": 2979.8563, "eta_hours": 0.82774, "loss": 0.05277327, "lr": 3.144e-05, "params": 558625, "time_iter": 0.08399, "accuracy": 0.98231, "precision": 0.84283, "recall": 0.64854, "f1": 0.73303, "auc": 0.98233}
{"epoch": 65, "time_epoch": 84.47768, "eta": 2894.377, "eta_hours": 0.80399, "loss": 0.05193977, "lr": 2.992e-05, "params": 558625, "time_iter": 0.0821, "accuracy": 0.98219, "precision": 0.83437, "recall": 0.65422, "f1": 0.73339, "auc": 0.9839}
{"epoch": 66, "time_epoch": 83.53305, "eta": 2808.46233, "eta_hours": 0.78013, "loss": 0.05255395, "lr": 2.841e-05, "params": 558625, "time_iter": 0.08118, "accuracy": 0.98255, "precision": 0.84926, "recall": 0.64935, "f1": 0.73597, "auc": 0.98352}
{"epoch": 67, "time_epoch": 87.24187, "eta": 2724.36303, "eta_hours": 0.75677, "loss": 0.05132538, "lr": 2.693e-05, "params": 558625, "time_iter": 0.08478, "accuracy": 0.98289, "precision": 0.85174, "recall": 0.65747, "f1": 0.7421, "auc": 0.98403}
{"epoch": 68, "time_epoch": 84.42066, "eta": 2638.90515, "eta_hours": 0.73303, "loss": 0.05193049, "lr": 2.548e-05, "params": 558625, "time_iter": 0.08204, "accuracy": 0.98268, "precision": 0.83367, "recall": 0.67127, "f1": 0.74371, "auc": 0.98557}
{"epoch": 69, "time_epoch": 85.47421, "eta": 2553.92842, "eta_hours": 0.70942, "loss": 0.05110366, "lr": 2.405e-05, "params": 558625, "time_iter": 0.08307, "accuracy": 0.98295, "precision": 0.83992, "recall": 0.67289, "f1": 0.74718, "auc": 0.98557}
{"epoch": 70, "time_epoch": 87.10897, "eta": 2469.6054, "eta_hours": 0.686, "loss": 0.04916305, "lr": 2.265e-05, "params": 558625, "time_iter": 0.08465, "accuracy": 0.98368, "precision": 0.86617, "recall": 0.66721, "f1": 0.75378, "auc": 0.98656}
{"epoch": 71, "time_epoch": 82.80177, "eta": 2383.52997, "eta_hours": 0.66209, "loss": 0.0498248, "lr": 2.128e-05, "params": 558625, "time_iter": 0.08047, "accuracy": 0.98292, "precision": 0.84254, "recall": 0.66883, "f1": 0.7457, "auc": 0.98619}
{"epoch": 72, "time_epoch": 87.27847, "eta": 2299.19999, "eta_hours": 0.63867, "loss": 0.049761, "lr": 1.995e-05, "params": 558625, "time_iter": 0.08482, "accuracy": 0.98328, "precision": 0.85227, "recall": 0.66964, "f1": 0.75, "auc": 0.9858}
{"epoch": 73, "time_epoch": 84.73213, "eta": 2213.89566, "eta_hours": 0.61497, "loss": 0.04951789, "lr": 1.864e-05, "params": 558625, "time_iter": 0.08234, "accuracy": 0.98331, "precision": 0.84391, "recall": 0.68019, "f1": 0.75326, "auc": 0.98656}
{"epoch": 74, "time_epoch": 88.42391, "eta": 2129.83719, "eta_hours": 0.59162, "loss": 0.04719504, "lr": 1.737e-05, "params": 558625, "time_iter": 0.08593, "accuracy": 0.98435, "precision": 0.86619, "recall": 0.68831, "f1": 0.76707, "auc": 0.98829}
{"epoch": 75, "time_epoch": 85.25231, "eta": 2044.66228, "eta_hours": 0.56796, "loss": 0.04589838, "lr": 1.614e-05, "params": 558625, "time_iter": 0.08285, "accuracy": 0.98492, "precision": 0.87247, "recall": 0.69968, "f1": 0.77658, "auc": 0.98749}
{"epoch": 76, "time_epoch": 83.64106, "eta": 1959.00407, "eta_hours": 0.54417, "loss": 0.04676747, "lr": 1.494e-05, "params": 558625, "time_iter": 0.08128, "accuracy": 0.9838, "precision": 0.86068, "recall": 0.67695, "f1": 0.75784, "auc": 0.98865}
{"epoch": 77, "time_epoch": 82.88472, "eta": 1873.18426, "eta_hours": 0.52033, "loss": 0.04693057, "lr": 1.378e-05, "params": 558625, "time_iter": 0.08055, "accuracy": 0.98371, "precision": 0.85366, "recall": 0.68182, "f1": 0.75812, "auc": 0.98723}
{"epoch": 78, "time_epoch": 88.27663, "eta": 1788.87205, "eta_hours": 0.49691, "loss": 0.0476706, "lr": 1.266e-05, "params": 558625, "time_iter": 0.08579, "accuracy": 0.98404, "precision": 0.85385, "recall": 0.69237, "f1": 0.76468, "auc": 0.98668}
{"epoch": 79, "time_epoch": 84.52679, "eta": 1703.52327, "eta_hours": 0.4732, "loss": 0.04594535, "lr": 1.158e-05, "params": 558625, "time_iter": 0.08214, "accuracy": 0.98441, "precision": 0.85489, "recall": 0.70292, "f1": 0.77149, "auc": 0.98817}
{"epoch": 80, "time_epoch": 82.91762, "eta": 1617.81732, "eta_hours": 0.44939, "loss": 0.04559045, "lr": 1.054e-05, "params": 558625, "time_iter": 0.08058, "accuracy": 0.98441, "precision": 0.86203, "recall": 0.69481, "f1": 0.76944, "auc": 0.98883}
{"epoch": 81, "time_epoch": 88.61874, "eta": 1533.43085, "eta_hours": 0.42595, "loss": 0.04419321, "lr": 9.55e-06, "params": 558625, "time_iter": 0.08612, "accuracy": 0.98529, "precision": 0.8703, "recall": 0.71347, "f1": 0.78412, "auc": 0.98926}
{"epoch": 82, "time_epoch": 85.29016, "eta": 1448.26064, "eta_hours": 0.40229, "loss": 0.04526312, "lr": 8.6e-06, "params": 558625, "time_iter": 0.08289, "accuracy": 0.98432, "precision": 0.85029, "recall": 0.70536, "f1": 0.77107, "auc": 0.98928}
{"epoch": 83, "time_epoch": 83.28367, "eta": 1362.70538, "eta_hours": 0.37853, "loss": 0.04395056, "lr": 7.7e-06, "params": 558625, "time_iter": 0.08094, "accuracy": 0.98447, "precision": 0.84898, "recall": 0.71185, "f1": 0.77439, "auc": 0.99002}
{"epoch": 84, "time_epoch": 83.6744, "eta": 1277.27253, "eta_hours": 0.3548, "loss": 0.04550446, "lr": 6.84e-06, "params": 558625, "time_iter": 0.08132, "accuracy": 0.98435, "precision": 0.85958, "recall": 0.69562, "f1": 0.76895, "auc": 0.9899}
{"epoch": 85, "time_epoch": 85.42595, "eta": 1192.1657, "eta_hours": 0.33116, "loss": 0.04412937, "lr": 6.03e-06, "params": 558625, "time_iter": 0.08302, "accuracy": 0.98511, "precision": 0.86089, "recall": 0.71834, "f1": 0.78319, "auc": 0.98998}
{"epoch": 86, "time_epoch": 79.99622, "eta": 1106.24021, "eta_hours": 0.30729, "loss": 0.04325189, "lr": 5.26e-06, "params": 558625, "time_iter": 0.07774, "accuracy": 0.98535, "precision": 0.86479, "recall": 0.72159, "f1": 0.78673, "auc": 0.98989}
{"epoch": 87, "time_epoch": 82.90732, "eta": 1020.84643, "eta_hours": 0.28357, "loss": 0.04370671, "lr": 4.55e-06, "params": 558625, "time_iter": 0.08057, "accuracy": 0.98477, "precision": 0.86152, "recall": 0.70698, "f1": 0.77664, "auc": 0.98974}
{"epoch": 88, "time_epoch": 84.58971, "eta": 935.71647, "eta_hours": 0.25992, "loss": 0.04145901, "lr": 3.89e-06, "params": 558625, "time_iter": 0.08221, "accuracy": 0.98508, "precision": 0.86647, "recall": 0.71104, "f1": 0.7811, "auc": 0.99082}
{"epoch": 89, "time_epoch": 84.37439, "eta": 850.57458, "eta_hours": 0.23627, "loss": 0.04293464, "lr": 3.27e-06, "params": 558625, "time_iter": 0.082, "accuracy": 0.98526, "precision": 0.87017, "recall": 0.71266, "f1": 0.78358, "auc": 0.99021}
{"epoch": 90, "time_epoch": 89.41085, "eta": 765.94768, "eta_hours": 0.21276, "loss": 0.04170206, "lr": 2.71e-06, "params": 558625, "time_iter": 0.08689, "accuracy": 0.98538, "precision": 0.86778, "recall": 0.71916, "f1": 0.78651, "auc": 0.99101}
{"epoch": 91, "time_epoch": 83.31115, "eta": 680.68637, "eta_hours": 0.18908, "loss": 0.04419098, "lr": 2.2e-06, "params": 558625, "time_iter": 0.08096, "accuracy": 0.98511, "precision": 0.8616, "recall": 0.71753, "f1": 0.78299, "auc": 0.98904}
{"epoch": 92, "time_epoch": 86.24515, "eta": 595.68784, "eta_hours": 0.16547, "loss": 0.04155964, "lr": 1.74e-06, "params": 558625, "time_iter": 0.08381, "accuracy": 0.98529, "precision": 0.8755, "recall": 0.70779, "f1": 0.78276, "auc": 0.99155}
{"epoch": 93, "time_epoch": 83.47458, "eta": 510.48594, "eta_hours": 0.1418, "loss": 0.04202467, "lr": 1.33e-06, "params": 558625, "time_iter": 0.08112, "accuracy": 0.98532, "precision": 0.85906, "recall": 0.72727, "f1": 0.78769, "auc": 0.99038}
{"epoch": 94, "time_epoch": 84.151, "eta": 425.356, "eta_hours": 0.11815, "loss": 0.04150886, "lr": 9.8e-07, "params": 558625, "time_iter": 0.08178, "accuracy": 0.98529, "precision": 0.861, "recall": 0.72403, "f1": 0.7866, "auc": 0.99118}
{"epoch": 95, "time_epoch": 85.38135, "eta": 340.29772, "eta_hours": 0.09453, "loss": 0.04351906, "lr": 6.8e-07, "params": 558625, "time_iter": 0.08298, "accuracy": 0.98526, "precision": 0.8709, "recall": 0.71185, "f1": 0.78339, "auc": 0.99042}
{"epoch": 96, "time_epoch": 87.55827, "eta": 255.30011, "eta_hours": 0.07092, "loss": 0.04343246, "lr": 4.4e-07, "params": 558625, "time_iter": 0.08509, "accuracy": 0.9848, "precision": 0.85397, "recall": 0.71672, "f1": 0.77935, "auc": 0.99052}
{"epoch": 97, "time_epoch": 84.51804, "eta": 170.1882, "eta_hours": 0.04727, "loss": 0.04303977, "lr": 2.5e-07, "params": 558625, "time_iter": 0.08214, "accuracy": 0.98532, "precision": 0.86824, "recall": 0.71672, "f1": 0.78524, "auc": 0.99114}
{"epoch": 98, "time_epoch": 83.95526, "eta": 85.08259, "eta_hours": 0.02363, "loss": 0.04308548, "lr": 1.1e-07, "params": 558625, "time_iter": 0.08159, "accuracy": 0.98526, "precision": 0.87017, "recall": 0.71266, "f1": 0.78358, "auc": 0.98997}
{"epoch": 99, "time_epoch": 83.61164, "eta": 0.0, "eta_hours": 0.0, "loss": 0.04174362, "lr": 3e-08, "params": 558625, "time_iter": 0.08126, "accuracy": 0.98553, "precision": 0.86842, "recall": 0.72321, "f1": 0.78919, "auc": 0.99115}
