{"epoch": 0, "time_epoch": 83.33613, "eta": 12417.08296, "eta_hours": 3.44919, "loss": 1.61035895, "lr": 0.0, "params": 282437, "time_iter": 0.09524, "accuracy": 0.2, "f1": 0.06667, "auc": 0.60824}
{"epoch": 1, "time_epoch": 80.82253, "eta": 12147.74032, "eta_hours": 3.37437, "loss": 1.55540562, "lr": 5e-05, "params": 282437, "time_iter": 0.09237, "accuracy": 0.33143, "f1": 0.2659, "auc": 0.77606}
{"epoch": 2, "time_epoch": 81.51279, "eta": 12037.9009, "eta_hours": 3.34386, "loss": 1.41790378, "lr": 0.0001, "params": 282437, "time_iter": 0.09316, "accuracy": 0.64514, "f1": 0.61982, "auc": 0.8826}
{"epoch": 3, "time_epoch": 80.46313, "eta": 11903.912, "eta_hours": 3.30664, "loss": 1.30910682, "lr": 0.00015, "params": 282437, "time_iter": 0.09196, "accuracy": 0.75486, "f1": 0.75139, "auc": 0.92578}
{"epoch": 4, "time_epoch": 81.27967, "eta": 11815.01306, "eta_hours": 3.28195, "loss": 1.21269851, "lr": 0.0002, "params": 282437, "time_iter": 0.09289, "accuracy": 0.814, "f1": 0.81413, "auc": 0.94845}
{"epoch": 5, "time_epoch": 79.89985, "eta": 11695.53815, "eta_hours": 3.24876, "loss": 1.11565186, "lr": 0.00025, "params": 282437, "time_iter": 0.09131, "accuracy": 0.838, "f1": 0.83552, "auc": 0.95493}
{"epoch": 6, "time_epoch": 81.50779, "eta": 11620.21838, "eta_hours": 3.22784, "loss": 1.02472579, "lr": 0.0003, "params": 282437, "time_iter": 0.09315, "accuracy": 0.84571, "f1": 0.84374, "auc": 0.95664}
{"epoch": 7, "time_epoch": 80.3346, "eta": 11522.52755, "eta_hours": 3.2007, "loss": 0.92337792, "lr": 0.00035, "params": 282437, "time_iter": 0.09181, "accuracy": 0.86029, "f1": 0.85939, "auc": 0.96475}
{"epoch": 8, "time_epoch": 81.50456, "eta": 11447.02298, "eta_hours": 3.17973, "loss": 0.82227177, "lr": 0.0004, "params": 282437, "time_iter": 0.09315, "accuracy": 0.88886, "f1": 0.88777, "auc": 0.97059}
{"epoch": 9, "time_epoch": 80.53096, "eta": 11356.68795, "eta_hours": 3.15464, "loss": 0.71356161, "lr": 0.00045, "params": 282437, "time_iter": 0.09204, "accuracy": 0.90543, "f1": 0.90504, "auc": 0.97596}
{"epoch": 10, "time_epoch": 80.67082, "eta": 11269.90289, "eta_hours": 3.13053, "loss": 0.62524575, "lr": 0.0005, "params": 282437, "time_iter": 0.0922, "accuracy": 0.90743, "f1": 0.90758, "auc": 0.97949}
{"epoch": 11, "time_epoch": 80.54116, "eta": 11182.64576, "eta_hours": 3.10629, "loss": 0.54948887, "lr": 0.00049994, "params": 282437, "time_iter": 0.09205, "accuracy": 0.91257, "f1": 0.91296, "auc": 0.97754}
{"epoch": 12, "time_epoch": 81.90539, "eta": 11110.79877, "eta_hours": 3.08633, "loss": 0.47510504, "lr": 0.00049975, "params": 282437, "time_iter": 0.09361, "accuracy": 0.916, "f1": 0.91641, "auc": 0.98309}
{"epoch": 13, "time_epoch": 81.36283, "eta": 11032.24421, "eta_hours": 3.06451, "loss": 0.40485775, "lr": 0.00049943, "params": 282437, "time_iter": 0.09299, "accuracy": 0.926, "f1": 0.92616, "auc": 0.98534}
{"epoch": 14, "time_epoch": 81.63448, "eta": 10955.7601, "eta_hours": 3.04327, "loss": 0.37395701, "lr": 0.00049899, "params": 282437, "time_iter": 0.0933, "accuracy": 0.92371, "f1": 0.92406, "auc": 0.98635}
{"epoch": 15, "time_epoch": 82.22164, "eta": 10883.5497, "eta_hours": 3.02321, "loss": 0.32686758, "lr": 0.00049843, "params": 282437, "time_iter": 0.09397, "accuracy": 0.93286, "f1": 0.93283, "auc": 0.98814}
{"epoch": 16, "time_epoch": 81.45139, "eta": 10804.13538, "eta_hours": 3.00115, "loss": 0.30459259, "lr": 0.00049774, "params": 282437, "time_iter": 0.09309, "accuracy": 0.93229, "f1": 0.93256, "auc": 0.98921}
{"epoch": 17, "time_epoch": 80.24853, "eta": 10715.67376, "eta_hours": 2.97658, "loss": 0.27176752, "lr": 0.00049692, "params": 282437, "time_iter": 0.09171, "accuracy": 0.94114, "f1": 0.94118, "auc": 0.99019}
{"epoch": 18, "time_epoch": 81.79362, "eta": 10638.72965, "eta_hours": 2.9552, "loss": 0.26577027, "lr": 0.00049598, "params": 282437, "time_iter": 0.09348, "accuracy": 0.93429, "f1": 0.9344, "auc": 0.98989}
{"epoch": 19, "time_epoch": 80.36793, "eta": 10552.03362, "eta_hours": 2.93112, "loss": 0.24179023, "lr": 0.00049492, "params": 282437, "time_iter": 0.09185, "accuracy": 0.93857, "f1": 0.93888, "auc": 0.99132}
{"epoch": 20, "time_epoch": 81.57379, "eta": 10473.34768, "eta_hours": 2.90926, "loss": 0.22753221, "lr": 0.00049373, "params": 282437, "time_iter": 0.09323, "accuracy": 0.94457, "f1": 0.94455, "auc": 0.99072}
{"epoch": 21, "time_epoch": 82.39612, "eta": 10399.18367, "eta_hours": 2.88866, "loss": 0.22891263, "lr": 0.00049242, "params": 282437, "time_iter": 0.09417, "accuracy": 0.94114, "f1": 0.94123, "auc": 0.99014}
{"epoch": 22, "time_epoch": 82.45163, "eta": 10324.61036, "eta_hours": 2.86795, "loss": 0.2066427, "lr": 0.00049099, "params": 282437, "time_iter": 0.09423, "accuracy": 0.94514, "f1": 0.94513, "auc": 0.99166}
{"epoch": 23, "time_epoch": 82.01827, "eta": 10247.10537, "eta_hours": 2.84642, "loss": 0.1911869, "lr": 0.00048944, "params": 282437, "time_iter": 0.09374, "accuracy": 0.95086, "f1": 0.95087, "auc": 0.99258}
{"epoch": 24, "time_epoch": 81.37801, "eta": 10166.03801, "eta_hours": 2.8239, "loss": 0.18750861, "lr": 0.00048776, "params": 282437, "time_iter": 0.093, "accuracy": 0.95029, "f1": 0.95029, "auc": 0.99273}
{"epoch": 25, "time_epoch": 82.2409, "eta": 10089.0621, "eta_hours": 2.80252, "loss": 0.18956757, "lr": 0.00048597, "params": 282437, "time_iter": 0.09399, "accuracy": 0.94771, "f1": 0.94772, "auc": 0.99261}
{"epoch": 26, "time_epoch": 81.35589, "eta": 10007.66445, "eta_hours": 2.77991, "loss": 0.16798974, "lr": 0.00048406, "params": 282437, "time_iter": 0.09298, "accuracy": 0.95314, "f1": 0.95311, "auc": 0.9928}
{"epoch": 27, "time_epoch": 81.68275, "eta": 9927.69399, "eta_hours": 2.75769, "loss": 0.161682, "lr": 0.00048203, "params": 282437, "time_iter": 0.09335, "accuracy": 0.95629, "f1": 0.95634, "auc": 0.99369}
{"epoch": 28, "time_epoch": 82.44921, "eta": 9850.8034, "eta_hours": 2.73633, "loss": 0.16266828, "lr": 0.00047988, "params": 282437, "time_iter": 0.09423, "accuracy": 0.95571, "f1": 0.95565, "auc": 0.99343}
{"epoch": 29, "time_epoch": 82.1243, "eta": 9772.2426, "eta_hours": 2.71451, "loss": 0.15655005, "lr": 0.00047762, "params": 282437, "time_iter": 0.09386, "accuracy": 0.95743, "f1": 0.95731, "auc": 0.99338}
{"epoch": 30, "time_epoch": 81.91613, "eta": 9692.65278, "eta_hours": 2.6924, "loss": 0.16134272, "lr": 0.00047524, "params": 282437, "time_iter": 0.09362, "accuracy": 0.95743, "f1": 0.95741, "auc": 0.99313}
{"epoch": 31, "time_epoch": 80.95723, "eta": 9609.38164, "eta_hours": 2.66927, "loss": 0.15569279, "lr": 0.00047275, "params": 282437, "time_iter": 0.09252, "accuracy": 0.956, "f1": 0.95602, "auc": 0.99415}
{"epoch": 32, "time_epoch": 81.88839, "eta": 9529.55211, "eta_hours": 2.6471, "loss": 0.16357111, "lr": 0.00047015, "params": 282437, "time_iter": 0.09359, "accuracy": 0.954, "f1": 0.954, "auc": 0.99392}
{"epoch": 33, "time_epoch": 81.23522, "eta": 9447.37303, "eta_hours": 2.62427, "loss": 0.13721791, "lr": 0.00046744, "params": 282437, "time_iter": 0.09284, "accuracy": 0.96143, "f1": 0.9614, "auc": 0.99481}
{"epoch": 34, "time_epoch": 80.79971, "eta": 9363.81692, "eta_hours": 2.60106, "loss": 0.16162196, "lr": 0.00046461, "params": 282437, "time_iter": 0.09234, "accuracy": 0.95371, "f1": 0.95369, "auc": 0.99347}
{"epoch": 35, "time_epoch": 81.16291, "eta": 9281.56408, "eta_hours": 2.57821, "loss": 0.13806605, "lr": 0.00046168, "params": 282437, "time_iter": 0.09276, "accuracy": 0.96343, "f1": 0.9634, "auc": 0.99395}
{"epoch": 36, "time_epoch": 80.97693, "eta": 9198.80215, "eta_hours": 2.55522, "loss": 0.14292352, "lr": 0.00045864, "params": 282437, "time_iter": 0.09255, "accuracy": 0.96343, "f1": 0.96343, "auc": 0.99507}
{"epoch": 37, "time_epoch": 79.89668, "eta": 9112.95028, "eta_hours": 2.53138, "loss": 0.13814274, "lr": 0.0004555, "params": 282437, "time_iter": 0.09131, "accuracy": 0.96343, "f1": 0.96338, "auc": 0.99525}
{"epoch": 38, "time_epoch": 79.46194, "eta": 9026.16645, "eta_hours": 2.50727, "loss": 0.12816779, "lr": 0.00045225, "params": 282437, "time_iter": 0.09081, "accuracy": 0.96629, "f1": 0.96628, "auc": 0.99503}
{"epoch": 39, "time_epoch": 80.64968, "eta": 8943.01502, "eta_hours": 2.48417, "loss": 0.13451859, "lr": 0.00044891, "params": 282437, "time_iter": 0.09217, "accuracy": 0.96143, "f1": 0.96139, "auc": 0.99505}
{"epoch": 40, "time_epoch": 81.06695, "eta": 8861.09494, "eta_hours": 2.46142, "loss": 0.13317153, "lr": 0.00044546, "params": 282437, "time_iter": 0.09265, "accuracy": 0.96486, "f1": 0.96489, "auc": 0.99469}
{"epoch": 41, "time_epoch": 81.35481, "eta": 8779.95572, "eta_hours": 2.43888, "loss": 0.1217116, "lr": 0.00044191, "params": 282437, "time_iter": 0.09298, "accuracy": 0.96657, "f1": 0.96654, "auc": 0.9956}
{"epoch": 42, "time_epoch": 79.93467, "eta": 8695.27263, "eta_hours": 2.41535, "loss": 0.11195658, "lr": 0.00043827, "params": 282437, "time_iter": 0.09135, "accuracy": 0.96971, "f1": 0.96969, "auc": 0.99618}
{"epoch": 43, "time_epoch": 79.94095, "eta": 8610.82049, "eta_hours": 2.39189, "loss": 0.12260729, "lr": 0.00043453, "params": 282437, "time_iter": 0.09136, "accuracy": 0.96543, "f1": 0.96531, "auc": 0.99514}
{"epoch": 44, "time_epoch": 80.52958, "eta": 8527.94231, "eta_hours": 2.36887, "loss": 0.11318598, "lr": 0.0004307, "params": 282437, "time_iter": 0.09203, "accuracy": 0.97257, "f1": 0.97254, "auc": 0.99591}
{"epoch": 45, "time_epoch": 79.71383, "eta": 8443.32195, "eta_hours": 2.34537, "loss": 0.11845019, "lr": 0.00042678, "params": 282437, "time_iter": 0.0911, "accuracy": 0.96886, "f1": 0.96884, "auc": 0.99534}
{"epoch": 46, "time_epoch": 80.35005, "eta": 8360.30464, "eta_hours": 2.32231, "loss": 0.11982572, "lr": 0.00042277, "params": 282437, "time_iter": 0.09183, "accuracy": 0.97057, "f1": 0.97053, "auc": 0.99604}
{"epoch": 47, "time_epoch": 80.6721, "eta": 8278.08283, "eta_hours": 2.29947, "loss": 0.12154804, "lr": 0.00041867, "params": 282437, "time_iter": 0.0922, "accuracy": 0.96914, "f1": 0.96914, "auc": 0.99629}
{"epoch": 48, "time_epoch": 81.01038, "eta": 8196.62154, "eta_hours": 2.27684, "loss": 0.11248985, "lr": 0.00041448, "params": 282437, "time_iter": 0.09258, "accuracy": 0.97229, "f1": 0.97223, "auc": 0.99607}
{"epoch": 49, "time_epoch": 80.02888, "eta": 8113.21529, "eta_hours": 2.25367, "loss": 0.11901985, "lr": 0.00041022, "params": 282437, "time_iter": 0.09146, "accuracy": 0.96857, "f1": 0.96854, "auc": 0.99588}
{"epoch": 50, "time_epoch": 79.60193, "eta": 8029.11271, "eta_hours": 2.23031, "loss": 0.12303177, "lr": 0.00040587, "params": 282437, "time_iter": 0.09097, "accuracy": 0.96686, "f1": 0.9668, "auc": 0.99546}
{"epoch": 51, "time_epoch": 79.90715, "eta": 7945.75845, "eta_hours": 2.20716, "loss": 0.11552239, "lr": 0.00040145, "params": 282437, "time_iter": 0.09132, "accuracy": 0.968, "f1": 0.96793, "auc": 0.99606}
{"epoch": 52, "time_epoch": 80.6142, "eta": 7863.8283, "eta_hours": 2.1844, "loss": 0.1075201, "lr": 0.00039695, "params": 282437, "time_iter": 0.09213, "accuracy": 0.97229, "f1": 0.97224, "auc": 0.99653}
{"epoch": 53, "time_epoch": 80.49629, "eta": 7781.73728, "eta_hours": 2.16159, "loss": 0.10258493, "lr": 0.00039237, "params": 282437, "time_iter": 0.092, "accuracy": 0.974, "f1": 0.97394, "auc": 0.9966}
{"epoch": 54, "time_epoch": 80.34497, "eta": 7699.44288, "eta_hours": 2.13873, "loss": 0.12279977, "lr": 0.00038772, "params": 282437, "time_iter": 0.09182, "accuracy": 0.97, "f1": 0.96996, "auc": 0.99632}
{"epoch": 55, "time_epoch": 80.2732, "eta": 7617.09763, "eta_hours": 2.11586, "loss": 0.11232272, "lr": 0.00038301, "params": 282437, "time_iter": 0.09174, "accuracy": 0.97314, "f1": 0.97308, "auc": 0.99649}
{"epoch": 56, "time_epoch": 79.86972, "eta": 7534.16677, "eta_hours": 2.09282, "loss": 0.10666586, "lr": 0.00037822, "params": 282437, "time_iter": 0.09128, "accuracy": 0.97171, "f1": 0.97168, "auc": 0.9965}
{"epoch": 57, "time_epoch": 79.75822, "eta": 7451.16461, "eta_hours": 2.06977, "loss": 0.11029527, "lr": 0.00037338, "params": 282437, "time_iter": 0.09115, "accuracy": 0.97286, "f1": 0.97283, "auc": 0.9968}
{"epoch": 58, "time_epoch": 80.46984, "eta": 7369.36999, "eta_hours": 2.04705, "loss": 0.09987617, "lr": 0.00036847, "params": 282437, "time_iter": 0.09197, "accuracy": 0.97229, "f1": 0.97225, "auc": 0.99768}
{"epoch": 59, "time_epoch": 79.98094, "eta": 7286.88617, "eta_hours": 2.02414, "loss": 0.10029534, "lr": 0.0003635, "params": 282437, "time_iter": 0.09141, "accuracy": 0.97571, "f1": 0.97568, "auc": 0.99758}
{"epoch": 60, "time_epoch": 80.86411, "eta": 7205.77299, "eta_hours": 2.0016, "loss": 0.09875052, "lr": 0.00035847, "params": 282437, "time_iter": 0.09242, "accuracy": 0.97314, "f1": 0.97307, "auc": 0.99754}
{"epoch": 61, "time_epoch": 80.05949, "eta": 7123.52579, "eta_hours": 1.97876, "loss": 0.11783806, "lr": 0.00035339, "params": 282437, "time_iter": 0.0915, "accuracy": 0.97029, "f1": 0.97025, "auc": 0.99674}
{"epoch": 62, "time_epoch": 79.50381, "eta": 7040.58069, "eta_hours": 1.95572, "loss": 0.09665099, "lr": 0.00034826, "params": 282437, "time_iter": 0.09086, "accuracy": 0.97629, "f1": 0.97624, "auc": 0.99766}
{"epoch": 63, "time_epoch": 79.91411, "eta": 6958.29446, "eta_hours": 1.93286, "loss": 0.10139974, "lr": 0.00034307, "params": 282437, "time_iter": 0.09133, "accuracy": 0.97457, "f1": 0.97453, "auc": 0.9972}
{"epoch": 64, "time_epoch": 79.53739, "eta": 6875.58858, "eta_hours": 1.90989, "loss": 0.09160177, "lr": 0.00033784, "params": 282437, "time_iter": 0.0909, "accuracy": 0.97514, "f1": 0.9751, "auc": 0.99783}
{"epoch": 65, "time_epoch": 80.24795, "eta": 6793.88308, "eta_hours": 1.88719, "loss": 0.09405447, "lr": 0.00033257, "params": 282437, "time_iter": 0.09171, "accuracy": 0.97686, "f1": 0.97683, "auc": 0.99737}
{"epoch": 66, "time_epoch": 80.44036, "eta": 6712.45943, "eta_hours": 1.86457, "loss": 0.09046644, "lr": 0.00032725, "params": 282437, "time_iter": 0.09193, "accuracy": 0.97543, "f1": 0.97537, "auc": 0.998}
{"epoch": 67, "time_epoch": 78.9037, "eta": 6629.21168, "eta_hours": 1.84145, "loss": 0.08932363, "lr": 0.0003219, "params": 282437, "time_iter": 0.09018, "accuracy": 0.97829, "f1": 0.97823, "auc": 0.99766}
{"epoch": 68, "time_epoch": 79.73217, "eta": 6547.06239, "eta_hours": 1.81863, "loss": 0.09436751, "lr": 0.00031651, "params": 282437, "time_iter": 0.09112, "accuracy": 0.97686, "f1": 0.97682, "auc": 0.99781}
{"epoch": 69, "time_epoch": 80.41083, "eta": 6465.75778, "eta_hours": 1.79604, "loss": 0.07976874, "lr": 0.00031109, "params": 282437, "time_iter": 0.0919, "accuracy": 0.98, "f1": 0.97997, "auc": 0.99813}
{"epoch": 70, "time_epoch": 80.31011, "eta": 6384.36627, "eta_hours": 1.77344, "loss": 0.08704744, "lr": 0.00030563, "params": 282437, "time_iter": 0.09178, "accuracy": 0.97829, "f1": 0.97825, "auc": 0.99764}
{"epoch": 71, "time_epoch": 79.86122, "eta": 6302.5185, "eta_hours": 1.7507, "loss": 0.08466929, "lr": 0.00030015, "params": 282437, "time_iter": 0.09127, "accuracy": 0.97943, "f1": 0.97938, "auc": 0.99804}
{"epoch": 72, "time_epoch": 80.316, "eta": 6221.20486, "eta_hours": 1.72811, "loss": 0.08460525, "lr": 0.00029464, "params": 282437, "time_iter": 0.09179, "accuracy": 0.97971, "f1": 0.97967, "auc": 0.99804}
{"epoch": 73, "time_epoch": 79.86268, "eta": 6139.45261, "eta_hours": 1.7054, "loss": 0.07861705, "lr": 0.00028911, "params": 282437, "time_iter": 0.09127, "accuracy": 0.98086, "f1": 0.98082, "auc": 0.99834}
{"epoch": 74, "time_epoch": 81.30174, "eta": 6059.18981, "eta_hours": 1.68311, "loss": 0.07365094, "lr": 0.00028356, "params": 282437, "time_iter": 0.09292, "accuracy": 0.98143, "f1": 0.98139, "auc": 0.99804}
{"epoch": 75, "time_epoch": 80.41379, "eta": 5978.03508, "eta_hours": 1.66057, "loss": 0.078027, "lr": 0.00027799, "params": 282437, "time_iter": 0.0919, "accuracy": 0.98086, "f1": 0.98082, "auc": 0.99819}
{"epoch": 76, "time_epoch": 80.81476, "eta": 5897.27974, "eta_hours": 1.63813, "loss": 0.08469771, "lr": 0.00027241, "params": 282437, "time_iter": 0.09236, "accuracy": 0.97886, "f1": 0.97883, "auc": 0.9981}
{"epoch": 77, "time_epoch": 79.72449, "eta": 5815.51648, "eta_hours": 1.61542, "loss": 0.06890023, "lr": 0.00026682, "params": 282437, "time_iter": 0.09111, "accuracy": 0.98114, "f1": 0.98112, "auc": 0.99854}
{"epoch": 78, "time_epoch": 79.94411, "eta": 5734.0022, "eta_hours": 1.59278, "loss": 0.07984562, "lr": 0.00026122, "params": 282437, "time_iter": 0.09136, "accuracy": 0.98029, "f1": 0.98024, "auc": 0.9986}
{"epoch": 79, "time_epoch": 79.90759, "eta": 5652.49523, "eta_hours": 1.57014, "loss": 0.07926907, "lr": 0.00025561, "params": 282437, "time_iter": 0.09132, "accuracy": 0.98057, "f1": 0.98055, "auc": 0.99849}
{"epoch": 80, "time_epoch": 81.14284, "eta": 5572.08, "eta_hours": 1.5478, "loss": 0.07279036, "lr": 0.00025, "params": 282437, "time_iter": 0.09273, "accuracy": 0.98143, "f1": 0.98139, "auc": 0.99859}
{"epoch": 81, "time_epoch": 80.80673, "eta": 5491.36829, "eta_hours": 1.52538, "loss": 0.07038676, "lr": 0.00024439, "params": 282437, "time_iter": 0.09235, "accuracy": 0.982, "f1": 0.98197, "auc": 0.99856}
{"epoch": 82, "time_epoch": 79.7888, "eta": 5409.83259, "eta_hours": 1.50273, "loss": 0.07437676, "lr": 0.00023878, "params": 282437, "time_iter": 0.09119, "accuracy": 0.98229, "f1": 0.98226, "auc": 0.99833}
{"epoch": 83, "time_epoch": 80.37344, "eta": 5328.79784, "eta_hours": 1.48022, "loss": 0.06625195, "lr": 0.00023318, "params": 282437, "time_iter": 0.09186, "accuracy": 0.98429, "f1": 0.98426, "auc": 0.99827}
{"epoch": 84, "time_epoch": 79.47824, "eta": 5247.09409, "eta_hours": 1.45753, "loss": 0.07287919, "lr": 0.00022759, "params": 282437, "time_iter": 0.09083, "accuracy": 0.98229, "f1": 0.98225, "auc": 0.99832}
{"epoch": 85, "time_epoch": 79.2683, "eta": 5165.28587, "eta_hours": 1.4348, "loss": 0.07348451, "lr": 0.00022201, "params": 282437, "time_iter": 0.09059, "accuracy": 0.98229, "f1": 0.98226, "auc": 0.99851}
{"epoch": 86, "time_epoch": 79.45797, "eta": 5083.67338, "eta_hours": 1.41213, "loss": 0.06396396, "lr": 0.00021644, "params": 282437, "time_iter": 0.09081, "accuracy": 0.98429, "f1": 0.98427, "auc": 0.99881}
{"epoch": 87, "time_epoch": 79.33364, "eta": 5002.02225, "eta_hours": 1.38945, "loss": 0.06545319, "lr": 0.00021089, "params": 282437, "time_iter": 0.09067, "accuracy": 0.98343, "f1": 0.9834, "auc": 0.99862}
{"epoch": 88, "time_epoch": 80.70959, "eta": 4921.36628, "eta_hours": 1.36705, "loss": 0.06655014, "lr": 0.00020536, "params": 282437, "time_iter": 0.09224, "accuracy": 0.98343, "f1": 0.9834, "auc": 0.99869}
{"epoch": 89, "time_epoch": 80.53549, "eta": 4840.59304, "eta_hours": 1.34461, "loss": 0.07232037, "lr": 0.00019985, "params": 282437, "time_iter": 0.09204, "accuracy": 0.98257, "f1": 0.98255, "auc": 0.9986}
{"epoch": 90, "time_epoch": 80.75243, "eta": 4759.96569, "eta_hours": 1.32221, "loss": 0.05878584, "lr": 0.00019437, "params": 282437, "time_iter": 0.09229, "accuracy": 0.986, "f1": 0.98598, "auc": 0.99887}
{"epoch": 91, "time_epoch": 79.95077, "eta": 4678.83022, "eta_hours": 1.29968, "loss": 0.0602733, "lr": 0.00018891, "params": 282437, "time_iter": 0.09137, "accuracy": 0.98571, "f1": 0.9857, "auc": 0.99886}
{"epoch": 92, "time_epoch": 79.79643, "eta": 4597.62564, "eta_hours": 1.27712, "loss": 0.06159687, "lr": 0.00018349, "params": 282437, "time_iter": 0.0912, "accuracy": 0.98571, "f1": 0.9857, "auc": 0.99874}
{"epoch": 93, "time_epoch": 80.15248, "eta": 4516.66312, "eta_hours": 1.25463, "loss": 0.05762983, "lr": 0.0001781, "params": 282437, "time_iter": 0.0916, "accuracy": 0.98486, "f1": 0.98483, "auc": 0.99901}
{"epoch": 94, "time_epoch": 80.65883, "eta": 4436.01082, "eta_hours": 1.23223, "loss": 0.06023785, "lr": 0.00017275, "params": 282437, "time_iter": 0.09218, "accuracy": 0.98514, "f1": 0.98512, "auc": 0.99889}
{"epoch": 95, "time_epoch": 80.44972, "eta": 4355.24075, "eta_hours": 1.20979, "loss": 0.05812763, "lr": 0.00016743, "params": 282437, "time_iter": 0.09194, "accuracy": 0.98629, "f1": 0.98627, "auc": 0.99878}
{"epoch": 96, "time_epoch": 80.23636, "eta": 4274.36071, "eta_hours": 1.18732, "loss": 0.05397236, "lr": 0.00016216, "params": 282437, "time_iter": 0.0917, "accuracy": 0.98457, "f1": 0.98455, "auc": 0.99893}
{"epoch": 97, "time_epoch": 80.54953, "eta": 4193.65997, "eta_hours": 1.16491, "loss": 0.05891874, "lr": 0.00015693, "params": 282437, "time_iter": 0.09206, "accuracy": 0.98543, "f1": 0.98541, "auc": 0.99876}
{"epoch": 98, "time_epoch": 79.92927, "eta": 4112.64277, "eta_hours": 1.1424, "loss": 0.05548713, "lr": 0.00015174, "params": 282437, "time_iter": 0.09135, "accuracy": 0.98429, "f1": 0.98426, "auc": 0.99899}
{"epoch": 99, "time_epoch": 80.19772, "eta": 4031.78155, "eta_hours": 1.11994, "loss": 0.05626536, "lr": 0.00014661, "params": 282437, "time_iter": 0.09165, "accuracy": 0.98571, "f1": 0.98569, "auc": 0.99901}
{"epoch": 100, "time_epoch": 80.50014, "eta": 3951.08018, "eta_hours": 1.09752, "loss": 0.05541548, "lr": 0.00014153, "params": 282437, "time_iter": 0.092, "accuracy": 0.98543, "f1": 0.98541, "auc": 0.99891}
{"epoch": 101, "time_epoch": 80.31631, "eta": 3870.29626, "eta_hours": 1.07508, "loss": 0.05870449, "lr": 0.0001365, "params": 282437, "time_iter": 0.09179, "accuracy": 0.984, "f1": 0.98397, "auc": 0.99887}
{"epoch": 102, "time_epoch": 80.58704, "eta": 3789.64495, "eta_hours": 1.05268, "loss": 0.0526198, "lr": 0.00013153, "params": 282437, "time_iter": 0.0921, "accuracy": 0.98571, "f1": 0.98569, "auc": 0.99901}
{"epoch": 103, "time_epoch": 80.35139, "eta": 3708.89064, "eta_hours": 1.03025, "loss": 0.05429966, "lr": 0.00012662, "params": 282437, "time_iter": 0.09183, "accuracy": 0.98629, "f1": 0.98626, "auc": 0.99887}
{"epoch": 104, "time_epoch": 78.81596, "eta": 3627.48597, "eta_hours": 1.00763, "loss": 0.05076594, "lr": 0.00012178, "params": 282437, "time_iter": 0.09008, "accuracy": 0.98714, "f1": 0.98713, "auc": 0.99894}
{"epoch": 105, "time_epoch": 79.57743, "eta": 3546.44623, "eta_hours": 0.98512, "loss": 0.05386561, "lr": 0.00011699, "params": 282437, "time_iter": 0.09095, "accuracy": 0.986, "f1": 0.98598, "auc": 0.99892}
{"epoch": 106, "time_epoch": 81.0834, "eta": 3466.03902, "eta_hours": 0.96279, "loss": 0.05184731, "lr": 0.00011228, "params": 282437, "time_iter": 0.09267, "accuracy": 0.98629, "f1": 0.98627, "auc": 0.9991}
{"epoch": 107, "time_epoch": 80.06442, "eta": 3385.22302, "eta_hours": 0.94034, "loss": 0.0529575, "lr": 0.00010763, "params": 282437, "time_iter": 0.0915, "accuracy": 0.98629, "f1": 0.98626, "auc": 0.99894}
{"epoch": 108, "time_epoch": 79.66568, "eta": 3304.27082, "eta_hours": 0.91785, "loss": 0.05033514, "lr": 0.00010305, "params": 282437, "time_iter": 0.09105, "accuracy": 0.98743, "f1": 0.98742, "auc": 0.99907}
{"epoch": 109, "time_epoch": 78.96642, "eta": 3223.08774, "eta_hours": 0.8953, "loss": 0.05048676, "lr": 9.855e-05, "params": 282437, "time_iter": 0.09025, "accuracy": 0.98714, "f1": 0.98713, "auc": 0.9989}
{"epoch": 110, "time_epoch": 80.64123, "eta": 3142.53305, "eta_hours": 0.87293, "loss": 0.05148787, "lr": 9.413e-05, "params": 282437, "time_iter": 0.09216, "accuracy": 0.98743, "f1": 0.98741, "auc": 0.99907}
{"epoch": 111, "time_epoch": 80.37028, "eta": 3061.88488, "eta_hours": 0.85052, "loss": 0.05344061, "lr": 8.978e-05, "params": 282437, "time_iter": 0.09185, "accuracy": 0.98714, "f1": 0.98713, "auc": 0.99887}
{"epoch": 112, "time_epoch": 81.09465, "eta": 2981.47881, "eta_hours": 0.82819, "loss": 0.05419838, "lr": 8.552e-05, "params": 282437, "time_iter": 0.09268, "accuracy": 0.98743, "f1": 0.98742, "auc": 0.99895}
{"epoch": 113, "time_epoch": 79.38833, "eta": 2900.52183, "eta_hours": 0.8057, "loss": 0.04798764, "lr": 8.133e-05, "params": 282437, "time_iter": 0.09073, "accuracy": 0.98771, "f1": 0.98771, "auc": 0.99922}
{"epoch": 114, "time_epoch": 79.55936, "eta": 2819.64418, "eta_hours": 0.78323, "loss": 0.05241437, "lr": 7.723e-05, "params": 282437, "time_iter": 0.09092, "accuracy": 0.98714, "f1": 0.98713, "auc": 0.99905}
{"epoch": 115, "time_epoch": 81.00086, "eta": 2739.21176, "eta_hours": 0.76089, "loss": 0.05353554, "lr": 7.322e-05, "params": 282437, "time_iter": 0.09257, "accuracy": 0.98714, "f1": 0.98713, "auc": 0.99884}
{"epoch": 116, "time_epoch": 80.9483, "eta": 2658.75481, "eta_hours": 0.73854, "loss": 0.04905106, "lr": 6.93e-05, "params": 282437, "time_iter": 0.09251, "accuracy": 0.98686, "f1": 0.98684, "auc": 0.99905}
{"epoch": 117, "time_epoch": 79.95285, "eta": 2578.01957, "eta_hours": 0.71612, "loss": 0.04965698, "lr": 6.547e-05, "params": 282437, "time_iter": 0.09137, "accuracy": 0.98771, "f1": 0.9877, "auc": 0.99894}
{"epoch": 118, "time_epoch": 80.19084, "eta": 2497.35948, "eta_hours": 0.69371, "loss": 0.04826615, "lr": 6.173e-05, "params": 282437, "time_iter": 0.09165, "accuracy": 0.98743, "f1": 0.98742, "auc": 0.99907}
{"epoch": 119, "time_epoch": 81.64323, "eta": 2417.07031, "eta_hours": 0.67141, "loss": 0.04554337, "lr": 5.809e-05, "params": 282437, "time_iter": 0.09331, "accuracy": 0.988, "f1": 0.98799, "auc": 0.99901}
{"epoch": 120, "time_epoch": 80.6249, "eta": 2336.51469, "eta_hours": 0.64903, "loss": 0.04970545, "lr": 5.454e-05, "params": 282437, "time_iter": 0.09214, "accuracy": 0.98771, "f1": 0.9877, "auc": 0.99909}
{"epoch": 121, "time_epoch": 80.64026, "eta": 2255.96147, "eta_hours": 0.62666, "loss": 0.04649618, "lr": 5.109e-05, "params": 282437, "time_iter": 0.09216, "accuracy": 0.98771, "f1": 0.9877, "auc": 0.99915}
{"epoch": 122, "time_epoch": 80.96469, "eta": 2175.47804, "eta_hours": 0.6043, "loss": 0.04811671, "lr": 4.775e-05, "params": 282437, "time_iter": 0.09253, "accuracy": 0.98743, "f1": 0.98742, "auc": 0.99888}
{"epoch": 123, "time_epoch": 81.86366, "eta": 2095.17535, "eta_hours": 0.58199, "loss": 0.04996391, "lr": 4.45e-05, "params": 282437, "time_iter": 0.09356, "accuracy": 0.98771, "f1": 0.9877, "auc": 0.999}
{"epoch": 124, "time_epoch": 79.56117, "eta": 2014.38718, "eta_hours": 0.55955, "loss": 0.04751557, "lr": 4.136e-05, "params": 282437, "time_iter": 0.09093, "accuracy": 0.98771, "f1": 0.9877, "auc": 0.99935}
{"epoch": 125, "time_epoch": 80.65385, "eta": 1933.82662, "eta_hours": 0.53717, "loss": 0.04956923, "lr": 3.832e-05, "params": 282437, "time_iter": 0.09218, "accuracy": 0.98743, "f1": 0.98742, "auc": 0.99909}
{"epoch": 126, "time_epoch": 80.80459, "eta": 1853.29189, "eta_hours": 0.5148, "loss": 0.04702965, "lr": 3.539e-05, "params": 282437, "time_iter": 0.09235, "accuracy": 0.98771, "f1": 0.9877, "auc": 0.99912}
{"epoch": 127, "time_epoch": 78.68648, "eta": 1772.38889, "eta_hours": 0.49233, "loss": 0.04629376, "lr": 3.256e-05, "params": 282437, "time_iter": 0.08993, "accuracy": 0.98743, "f1": 0.98742, "auc": 0.99905}
{"epoch": 128, "time_epoch": 80.13459, "eta": 1691.756, "eta_hours": 0.46993, "loss": 0.04808105, "lr": 2.985e-05, "params": 282437, "time_iter": 0.09158, "accuracy": 0.98771, "f1": 0.9877, "auc": 0.9991}
{"epoch": 129, "time_epoch": 80.13574, "eta": 1611.13095, "eta_hours": 0.44754, "loss": 0.04551456, "lr": 2.725e-05, "params": 282437, "time_iter": 0.09158, "accuracy": 0.98829, "f1": 0.98828, "auc": 0.99898}
{"epoch": 130, "time_epoch": 80.63797, "eta": 1530.58621, "eta_hours": 0.42516, "loss": 0.04637507, "lr": 2.476e-05, "params": 282437, "time_iter": 0.09216, "accuracy": 0.98743, "f1": 0.98742, "auc": 0.99897}
{"epoch": 131, "time_epoch": 80.82975, "eta": 1450.06621, "eta_hours": 0.4028, "loss": 0.04820979, "lr": 2.238e-05, "params": 282437, "time_iter": 0.09238, "accuracy": 0.98771, "f1": 0.9877, "auc": 0.99907}
{"epoch": 132, "time_epoch": 80.15081, "eta": 1369.45477, "eta_hours": 0.3804, "loss": 0.0460041, "lr": 2.012e-05, "params": 282437, "time_iter": 0.0916, "accuracy": 0.98771, "f1": 0.9877, "auc": 0.99921}
{"epoch": 133, "time_epoch": 82.1055, "eta": 1289.0836, "eta_hours": 0.35808, "loss": 0.04314272, "lr": 1.797e-05, "params": 282437, "time_iter": 0.09383, "accuracy": 0.988, "f1": 0.98799, "auc": 0.99901}
{"epoch": 134, "time_epoch": 80.20278, "eta": 1208.47533, "eta_hours": 0.33569, "loss": 0.04285866, "lr": 1.594e-05, "params": 282437, "time_iter": 0.09166, "accuracy": 0.98829, "f1": 0.98828, "auc": 0.99923}
{"epoch": 135, "time_epoch": 80.41034, "eta": 1127.89438, "eta_hours": 0.3133, "loss": 0.04416294, "lr": 1.403e-05, "params": 282437, "time_iter": 0.0919, "accuracy": 0.988, "f1": 0.98799, "auc": 0.99901}
{"epoch": 136, "time_epoch": 79.84493, "eta": 1047.26228, "eta_hours": 0.29091, "loss": 0.04630616, "lr": 1.224e-05, "params": 282437, "time_iter": 0.09125, "accuracy": 0.98771, "f1": 0.9877, "auc": 0.99896}
{"epoch": 137, "time_epoch": 80.70341, "eta": 966.71623, "eta_hours": 0.26853, "loss": 0.0439782, "lr": 1.056e-05, "params": 282437, "time_iter": 0.09223, "accuracy": 0.98829, "f1": 0.98828, "auc": 0.99925}
{"epoch": 138, "time_epoch": 79.89137, "eta": 886.10366, "eta_hours": 0.24614, "loss": 0.04640916, "lr": 9.01e-06, "params": 282437, "time_iter": 0.0913, "accuracy": 0.988, "f1": 0.98799, "auc": 0.99915}
{"epoch": 139, "time_epoch": 79.82139, "eta": 805.49639, "eta_hours": 0.22375, "loss": 0.04412505, "lr": 7.58e-06, "params": 282437, "time_iter": 0.09122, "accuracy": 0.98857, "f1": 0.98856, "auc": 0.99918}
{"epoch": 140, "time_epoch": 80.13026, "eta": 724.91998, "eta_hours": 0.20137, "loss": 0.04285151, "lr": 6.27e-06, "params": 282437, "time_iter": 0.09158, "accuracy": 0.98886, "f1": 0.98885, "auc": 0.99907}
{"epoch": 141, "time_epoch": 80.54561, "eta": 644.37326, "eta_hours": 0.17899, "loss": 0.0430159, "lr": 5.08e-06, "params": 282437, "time_iter": 0.09205, "accuracy": 0.98857, "f1": 0.98857, "auc": 0.99908}
{"epoch": 142, "time_epoch": 80.34637, "eta": 563.81679, "eta_hours": 0.15662, "loss": 0.04575396, "lr": 4.02e-06, "params": 282437, "time_iter": 0.09182, "accuracy": 0.988, "f1": 0.98799, "auc": 0.99906}
{"epoch": 143, "time_epoch": 80.59666, "eta": 483.27368, "eta_hours": 0.13424, "loss": 0.04292718, "lr": 3.08e-06, "params": 282437, "time_iter": 0.09211, "accuracy": 0.98829, "f1": 0.98828, "auc": 0.99915}
{"epoch": 144, "time_epoch": 80.76674, "eta": 402.73569, "eta_hours": 0.11187, "loss": 0.04320644, "lr": 2.26e-06, "params": 282437, "time_iter": 0.0923, "accuracy": 0.98829, "f1": 0.98828, "auc": 0.99934}
{"epoch": 145, "time_epoch": 81.24297, "eta": 322.20762, "eta_hours": 0.0895, "loss": 0.04432484, "lr": 1.57e-06, "params": 282437, "time_iter": 0.09285, "accuracy": 0.988, "f1": 0.98799, "auc": 0.99917}
{"epoch": 146, "time_epoch": 81.53861, "eta": 241.67585, "eta_hours": 0.06713, "loss": 0.04293725, "lr": 1.01e-06, "params": 282437, "time_iter": 0.09319, "accuracy": 0.98857, "f1": 0.98856, "auc": 0.99912}
{"epoch": 147, "time_epoch": 80.26795, "eta": 161.11331, "eta_hours": 0.04475, "loss": 0.04196732, "lr": 5.7e-07, "params": 282437, "time_iter": 0.09173, "accuracy": 0.988, "f1": 0.98799, "auc": 0.99921}
{"epoch": 148, "time_epoch": 80.76173, "eta": 80.55803, "eta_hours": 0.02238, "loss": 0.04477537, "lr": 2.5e-07, "params": 282437, "time_iter": 0.0923, "accuracy": 0.988, "f1": 0.98799, "auc": 0.99928}
{"epoch": 149, "time_epoch": 80.21457, "eta": 0.0, "eta_hours": 0.0, "loss": 0.04325442, "lr": 6e-08, "params": 282437, "time_iter": 0.09167, "accuracy": 0.98829, "f1": 0.98828, "auc": 0.99915}
