{"epoch": 0, "time_epoch": 39.21787, "eta": 5843.46309, "eta_hours": 1.62318, "loss": 1.61505973, "lr": 0.0, "params": 527237, "time_iter": 0.17908, "accuracy": 0.218, "f1": 0.11976, "auc": 0.53134}
{"epoch": 1, "time_epoch": 38.37145, "eta": 5741.60957, "eta_hours": 1.59489, "loss": 1.53728248, "lr": 5e-05, "params": 527237, "time_iter": 0.17521, "accuracy": 0.44029, "f1": 0.42702, "auc": 0.75026}
{"epoch": 2, "time_epoch": 38.25325, "eta": 5676.28572, "eta_hours": 1.57675, "loss": 1.40399228, "lr": 0.0001, "params": 527237, "time_iter": 0.17467, "accuracy": 0.70171, "f1": 0.69723, "auc": 0.89609}
{"epoch": 3, "time_epoch": 38.51857, "eta": 5634.18138, "eta_hours": 1.56505, "loss": 1.30421875, "lr": 0.00015, "params": 527237, "time_iter": 0.17588, "accuracy": 0.75571, "f1": 0.75269, "auc": 0.93007}
{"epoch": 4, "time_epoch": 38.38646, "eta": 5589.68011, "eta_hours": 1.55269, "loss": 1.20628428, "lr": 0.0002, "params": 527237, "time_iter": 0.17528, "accuracy": 0.79114, "f1": 0.78715, "auc": 0.93609}
{"epoch": 5, "time_epoch": 38.13925, "eta": 5541.28411, "eta_hours": 1.53925, "loss": 1.09956937, "lr": 0.00025, "params": 527237, "time_iter": 0.17415, "accuracy": 0.81686, "f1": 0.81434, "auc": 0.94714}
{"epoch": 6, "time_epoch": 38.45108, "eta": 5502.18898, "eta_hours": 1.52839, "loss": 0.98999167, "lr": 0.0003, "params": 527237, "time_iter": 0.17558, "accuracy": 0.844, "f1": 0.84167, "auc": 0.95798}
{"epoch": 7, "time_epoch": 38.37615, "eta": 5461.92471, "eta_hours": 1.5172, "loss": 0.87090007, "lr": 0.00035, "params": 527237, "time_iter": 0.17523, "accuracy": 0.87629, "f1": 0.8755, "auc": 0.9698}
{"epoch": 8, "time_epoch": 38.08245, "eta": 5417.47872, "eta_hours": 1.50486, "loss": 0.75476367, "lr": 0.0004, "params": 527237, "time_iter": 0.17389, "accuracy": 0.89571, "f1": 0.89559, "auc": 0.97709}
{"epoch": 9, "time_epoch": 38.12294, "eta": 5374.87231, "eta_hours": 1.49302, "loss": 0.65083612, "lr": 0.00045, "params": 527237, "time_iter": 0.17408, "accuracy": 0.90229, "f1": 0.90244, "auc": 0.98138}
{"epoch": 10, "time_epoch": 38.37507, "eta": 5336.26712, "eta_hours": 1.4823, "loss": 0.55433563, "lr": 0.0005, "params": 527237, "time_iter": 0.17523, "accuracy": 0.91771, "f1": 0.91726, "auc": 0.98425}
{"epoch": 11, "time_epoch": 38.3142, "eta": 5297.00029, "eta_hours": 1.47139, "loss": 0.47634614, "lr": 0.00049994, "params": 527237, "time_iter": 0.17495, "accuracy": 0.92371, "f1": 0.92364, "auc": 0.9869}
{"epoch": 12, "time_epoch": 38.17419, "eta": 5256.40456, "eta_hours": 1.46011, "loss": 0.41571566, "lr": 0.00049975, "params": 527237, "time_iter": 0.17431, "accuracy": 0.92886, "f1": 0.92892, "auc": 0.98793}
{"epoch": 13, "time_epoch": 38.29389, "eta": 5217.31751, "eta_hours": 1.44925, "loss": 0.36279876, "lr": 0.00049943, "params": 527237, "time_iter": 0.17486, "accuracy": 0.93457, "f1": 0.93471, "auc": 0.99017}
{"epoch": 14, "time_epoch": 38.04735, "eta": 5176.11742, "eta_hours": 1.43781, "loss": 0.3252264, "lr": 0.00049899, "params": 527237, "time_iter": 0.17373, "accuracy": 0.93629, "f1": 0.93624, "auc": 0.99009}
{"epoch": 15, "time_epoch": 38.39321, "eta": 5138.20796, "eta_hours": 1.42728, "loss": 0.28956273, "lr": 0.00049843, "params": 527237, "time_iter": 0.17531, "accuracy": 0.93886, "f1": 0.93893, "auc": 0.99152}
{"epoch": 16, "time_epoch": 38.48366, "eta": 5100.94924, "eta_hours": 1.41693, "loss": 0.25811677, "lr": 0.00049774, "params": 527237, "time_iter": 0.17572, "accuracy": 0.94714, "f1": 0.94699, "auc": 0.99217}
{"epoch": 17, "time_epoch": 38.02994, "eta": 5060.2271, "eta_hours": 1.40562, "loss": 0.24813665, "lr": 0.00049692, "params": 527237, "time_iter": 0.17365, "accuracy": 0.94257, "f1": 0.94252, "auc": 0.99234}
{"epoch": 18, "time_epoch": 38.2687, "eta": 5021.43456, "eta_hours": 1.39484, "loss": 0.23044494, "lr": 0.00049598, "params": 527237, "time_iter": 0.17474, "accuracy": 0.946, "f1": 0.94593, "auc": 0.99192}
{"epoch": 19, "time_epoch": 37.96849, "eta": 4980.743, "eta_hours": 1.38354, "loss": 0.21214111, "lr": 0.00049492, "params": 527237, "time_iter": 0.17337, "accuracy": 0.95, "f1": 0.95002, "auc": 0.99219}
{"epoch": 20, "time_epoch": 38.37013, "eta": 4942.77805, "eta_hours": 1.37299, "loss": 0.20678737, "lr": 0.00049373, "params": 527237, "time_iter": 0.17521, "accuracy": 0.94571, "f1": 0.94564, "auc": 0.99266}
{"epoch": 21, "time_epoch": 38.24105, "eta": 4904.02521, "eta_hours": 1.36223, "loss": 0.19474296, "lr": 0.00049242, "params": 527237, "time_iter": 0.17462, "accuracy": 0.94971, "f1": 0.9498, "auc": 0.993}
{"epoch": 22, "time_epoch": 38.16781, "eta": 4864.9125, "eta_hours": 1.35136, "loss": 0.17101853, "lr": 0.00049099, "params": 527237, "time_iter": 0.17428, "accuracy": 0.95886, "f1": 0.95885, "auc": 0.99344}
{"epoch": 23, "time_epoch": 38.3715, "eta": 4826.9479, "eta_hours": 1.34082, "loss": 0.17471198, "lr": 0.00048944, "params": 527237, "time_iter": 0.17521, "accuracy": 0.95057, "f1": 0.95048, "auc": 0.99386}
{"epoch": 24, "time_epoch": 38.2358, "eta": 4788.27222, "eta_hours": 1.33008, "loss": 0.16970407, "lr": 0.00048776, "params": 527237, "time_iter": 0.17459, "accuracy": 0.95314, "f1": 0.95311, "auc": 0.99358}
{"epoch": 25, "time_epoch": 37.93131, "eta": 4748.1782, "eta_hours": 1.31894, "loss": 0.16646395, "lr": 0.00048597, "params": 527237, "time_iter": 0.1732, "accuracy": 0.95429, "f1": 0.95427, "auc": 0.9941}
{"epoch": 26, "time_epoch": 38.15353, "eta": 4709.25673, "eta_hours": 1.30813, "loss": 0.15837653, "lr": 0.00048406, "params": 527237, "time_iter": 0.17422, "accuracy": 0.95543, "f1": 0.95538, "auc": 0.99488}
{"epoch": 27, "time_epoch": 38.41205, "eta": 4671.5165, "eta_hours": 1.29764, "loss": 0.14894354, "lr": 0.00048203, "params": 527237, "time_iter": 0.1754, "accuracy": 0.956, "f1": 0.95611, "auc": 0.99519}
{"epoch": 28, "time_epoch": 38.21709, "eta": 4632.9165, "eta_hours": 1.28692, "loss": 0.14022875, "lr": 0.00047988, "params": 527237, "time_iter": 0.17451, "accuracy": 0.95743, "f1": 0.9574, "auc": 0.99526}
{"epoch": 29, "time_epoch": 38.16028, "eta": 4594.11481, "eta_hours": 1.27614, "loss": 0.15700288, "lr": 0.00047762, "params": 527237, "time_iter": 0.17425, "accuracy": 0.95143, "f1": 0.9513, "auc": 0.99465}
{"epoch": 30, "time_epoch": 38.45034, "eta": 4556.46792, "eta_hours": 1.26569, "loss": 0.15087403, "lr": 0.00047524, "params": 527237, "time_iter": 0.17557, "accuracy": 0.95571, "f1": 0.95564, "auc": 0.99477}
{"epoch": 31, "time_epoch": 38.36477, "eta": 4518.45531, "eta_hours": 1.25513, "loss": 0.13015325, "lr": 0.00047275, "params": 527237, "time_iter": 0.17518, "accuracy": 0.96, "f1": 0.96, "auc": 0.99554}
{"epoch": 32, "time_epoch": 38.17569, "eta": 4479.75097, "eta_hours": 1.24438, "loss": 0.13938258, "lr": 0.00047015, "params": 527237, "time_iter": 0.17432, "accuracy": 0.956, "f1": 0.95596, "auc": 0.99488}
{"epoch": 33, "time_epoch": 38.44188, "eta": 4441.98589, "eta_hours": 1.23388, "loss": 0.11687036, "lr": 0.00046744, "params": 527237, "time_iter": 0.17553, "accuracy": 0.96486, "f1": 0.96482, "auc": 0.99629}
{"epoch": 34, "time_epoch": 38.36238, "eta": 4403.92092, "eta_hours": 1.22331, "loss": 0.14031721, "lr": 0.00046461, "params": 527237, "time_iter": 0.17517, "accuracy": 0.95771, "f1": 0.95762, "auc": 0.99503}
{"epoch": 35, "time_epoch": 38.2187, "eta": 4365.38443, "eta_hours": 1.21261, "loss": 0.12794492, "lr": 0.00046168, "params": 527237, "time_iter": 0.17451, "accuracy": 0.96057, "f1": 0.96054, "auc": 0.99569}
{"epoch": 36, "time_epoch": 38.26908, "eta": 4327.019, "eta_hours": 1.20195, "loss": 0.11220546, "lr": 0.00045864, "params": 527237, "time_iter": 0.17474, "accuracy": 0.966, "f1": 0.96599, "auc": 0.99654}
{"epoch": 37, "time_epoch": 38.40041, "eta": 4289.04573, "eta_hours": 1.1914, "loss": 0.12295064, "lr": 0.0004555, "params": 527237, "time_iter": 0.17534, "accuracy": 0.95971, "f1": 0.95971, "auc": 0.99598}
{"epoch": 38, "time_epoch": 38.35564, "eta": 4250.92313, "eta_hours": 1.18081, "loss": 0.12124951, "lr": 0.00045225, "params": 527237, "time_iter": 0.17514, "accuracy": 0.96343, "f1": 0.96337, "auc": 0.99602}
{"epoch": 39, "time_epoch": 38.17616, "eta": 4212.29529, "eta_hours": 1.17008, "loss": 0.11401355, "lr": 0.00044891, "params": 527237, "time_iter": 0.17432, "accuracy": 0.96486, "f1": 0.9649, "auc": 0.99643}
{"epoch": 40, "time_epoch": 38.66286, "eta": 4174.9834, "eta_hours": 1.15972, "loss": 0.11238395, "lr": 0.00044546, "params": 527237, "time_iter": 0.17654, "accuracy": 0.966, "f1": 0.96598, "auc": 0.99596}
{"epoch": 41, "time_epoch": 38.33605, "eta": 4136.76682, "eta_hours": 1.1491, "loss": 0.11322764, "lr": 0.00044191, "params": 527237, "time_iter": 0.17505, "accuracy": 0.96657, "f1": 0.96656, "auc": 0.99659}
{"epoch": 42, "time_epoch": 38.36779, "eta": 4098.62364, "eta_hours": 1.13851, "loss": 0.10977011, "lr": 0.00043827, "params": 527237, "time_iter": 0.1752, "accuracy": 0.96657, "f1": 0.96655, "auc": 0.99686}
{"epoch": 43, "time_epoch": 38.39621, "eta": 4060.53874, "eta_hours": 1.12793, "loss": 0.12347234, "lr": 0.00043453, "params": 527237, "time_iter": 0.17533, "accuracy": 0.96514, "f1": 0.96514, "auc": 0.9963}
{"epoch": 44, "time_epoch": 38.06624, "eta": 4021.67008, "eta_hours": 1.11713, "loss": 0.10922786, "lr": 0.0004307, "params": 527237, "time_iter": 0.17382, "accuracy": 0.96914, "f1": 0.96911, "auc": 0.99655}
{"epoch": 45, "time_epoch": 38.36162, "eta": 3983.50412, "eta_hours": 1.10653, "loss": 0.10817612, "lr": 0.00042678, "params": 527237, "time_iter": 0.17517, "accuracy": 0.96971, "f1": 0.96967, "auc": 0.99658}
{"epoch": 46, "time_epoch": 38.20404, "eta": 3944.98449, "eta_hours": 1.09583, "loss": 0.1087593, "lr": 0.00042277, "params": 527237, "time_iter": 0.17445, "accuracy": 0.96543, "f1": 0.9654, "auc": 0.997}
{"epoch": 47, "time_epoch": 38.59675, "eta": 3907.31251, "eta_hours": 1.08536, "loss": 0.09947586, "lr": 0.00041867, "params": 527237, "time_iter": 0.17624, "accuracy": 0.96943, "f1": 0.96938, "auc": 0.9972}
{"epoch": 48, "time_epoch": 38.15496, "eta": 3868.69217, "eta_hours": 1.07464, "loss": 0.10785482, "lr": 0.00041448, "params": 527237, "time_iter": 0.17422, "accuracy": 0.96629, "f1": 0.9662, "auc": 0.99697}
{"epoch": 49, "time_epoch": 38.35159, "eta": 3830.4837, "eta_hours": 1.06402, "loss": 0.10404152, "lr": 0.00041022, "params": 527237, "time_iter": 0.17512, "accuracy": 0.96857, "f1": 0.96856, "auc": 0.99709}
{"epoch": 50, "time_epoch": 38.10381, "eta": 3791.78864, "eta_hours": 1.05327, "loss": 0.10666053, "lr": 0.00040587, "params": 527237, "time_iter": 0.17399, "accuracy": 0.96657, "f1": 0.96652, "auc": 0.99676}
{"epoch": 51, "time_epoch": 38.26358, "eta": 3753.41743, "eta_hours": 1.04262, "loss": 0.10186828, "lr": 0.00040145, "params": 527237, "time_iter": 0.17472, "accuracy": 0.96971, "f1": 0.96967, "auc": 0.99711}
{"epoch": 52, "time_epoch": 38.44257, "eta": 3715.37786, "eta_hours": 1.03205, "loss": 0.09141789, "lr": 0.00039695, "params": 527237, "time_iter": 0.17554, "accuracy": 0.974, "f1": 0.97394, "auc": 0.99748}
{"epoch": 53, "time_epoch": 38.14361, "eta": 3676.79188, "eta_hours": 1.02133, "loss": 0.09250192, "lr": 0.00039237, "params": 527237, "time_iter": 0.17417, "accuracy": 0.97314, "f1": 0.97311, "auc": 0.99769}
{"epoch": 54, "time_epoch": 38.14426, "eta": 3638.2231, "eta_hours": 1.01062, "loss": 0.09708305, "lr": 0.00038772, "params": 527237, "time_iter": 0.17417, "accuracy": 0.96971, "f1": 0.9697, "auc": 0.99764}
{"epoch": 55, "time_epoch": 38.27918, "eta": 3599.89597, "eta_hours": 0.99997, "loss": 0.09409742, "lr": 0.00038301, "params": 527237, "time_iter": 0.17479, "accuracy": 0.97171, "f1": 0.97166, "auc": 0.99804}
{"epoch": 56, "time_epoch": 38.26382, "eta": 3561.54544, "eta_hours": 0.98932, "loss": 0.10221707, "lr": 0.00037822, "params": 527237, "time_iter": 0.17472, "accuracy": 0.97143, "f1": 0.97134, "auc": 0.99781}
{"epoch": 57, "time_epoch": 38.45613, "eta": 3523.50295, "eta_hours": 0.97875, "loss": 0.08533299, "lr": 0.00037338, "params": 527237, "time_iter": 0.1756, "accuracy": 0.97371, "f1": 0.97369, "auc": 0.99788}
{"epoch": 58, "time_epoch": 38.28775, "eta": 3485.18673, "eta_hours": 0.96811, "loss": 0.08781373, "lr": 0.00036847, "params": 527237, "time_iter": 0.17483, "accuracy": 0.97571, "f1": 0.97569, "auc": 0.99775}
{"epoch": 59, "time_epoch": 38.40368, "eta": 3447.04537, "eta_hours": 0.95751, "loss": 0.08650488, "lr": 0.0003635, "params": 527237, "time_iter": 0.17536, "accuracy": 0.97486, "f1": 0.97484, "auc": 0.99794}
{"epoch": 60, "time_epoch": 38.26902, "eta": 3408.69893, "eta_hours": 0.94686, "loss": 0.08632665, "lr": 0.00035847, "params": 527237, "time_iter": 0.17474, "accuracy": 0.974, "f1": 0.97395, "auc": 0.99787}
{"epoch": 61, "time_epoch": 37.94327, "eta": 3369.89263, "eta_hours": 0.93608, "loss": 0.08309328, "lr": 0.00035339, "params": 527237, "time_iter": 0.17326, "accuracy": 0.97714, "f1": 0.97712, "auc": 0.99812}
{"epoch": 62, "time_epoch": 38.31531, "eta": 3331.6275, "eta_hours": 0.92545, "loss": 0.09390792, "lr": 0.00034826, "params": 527237, "time_iter": 0.17496, "accuracy": 0.97229, "f1": 0.97223, "auc": 0.99771}
{"epoch": 63, "time_epoch": 38.41537, "eta": 3293.49526, "eta_hours": 0.91486, "loss": 0.08557672, "lr": 0.00034307, "params": 527237, "time_iter": 0.17541, "accuracy": 0.97571, "f1": 0.97567, "auc": 0.99804}
{"epoch": 64, "time_epoch": 38.32369, "eta": 3255.23442, "eta_hours": 0.90423, "loss": 0.07814558, "lr": 0.00033784, "params": 527237, "time_iter": 0.17499, "accuracy": 0.97743, "f1": 0.9774, "auc": 0.99831}
{"epoch": 65, "time_epoch": 38.64008, "eta": 3217.37436, "eta_hours": 0.89372, "loss": 0.07594439, "lr": 0.00033257, "params": 527237, "time_iter": 0.17644, "accuracy": 0.97657, "f1": 0.97655, "auc": 0.99839}
{"epoch": 66, "time_epoch": 38.31179, "eta": 3179.08431, "eta_hours": 0.88308, "loss": 0.07774141, "lr": 0.00032725, "params": 527237, "time_iter": 0.17494, "accuracy": 0.97514, "f1": 0.9751, "auc": 0.99837}
{"epoch": 67, "time_epoch": 38.14804, "eta": 3140.59617, "eta_hours": 0.87239, "loss": 0.07406742, "lr": 0.0003219, "params": 527237, "time_iter": 0.17419, "accuracy": 0.97771, "f1": 0.97766, "auc": 0.99821}
{"epoch": 68, "time_epoch": 38.00412, "eta": 3101.94893, "eta_hours": 0.86165, "loss": 0.07315088, "lr": 0.00031651, "params": 527237, "time_iter": 0.17353, "accuracy": 0.97914, "f1": 0.9791, "auc": 0.99833}
{"epoch": 69, "time_epoch": 37.9195, "eta": 3063.22336, "eta_hours": 0.8509, "loss": 0.08047292, "lr": 0.00031109, "params": 527237, "time_iter": 0.17315, "accuracy": 0.97657, "f1": 0.97652, "auc": 0.99838}
{"epoch": 70, "time_epoch": 38.13735, "eta": 3024.7629, "eta_hours": 0.84021, "loss": 0.07459121, "lr": 0.00030563, "params": 527237, "time_iter": 0.17414, "accuracy": 0.97743, "f1": 0.9774, "auc": 0.9985}
{"epoch": 71, "time_epoch": 38.18132, "eta": 2986.35904, "eta_hours": 0.82954, "loss": 0.06731872, "lr": 0.00030015, "params": 527237, "time_iter": 0.17434, "accuracy": 0.98143, "f1": 0.98141, "auc": 0.99872}
{"epoch": 72, "time_epoch": 38.13649, "eta": 2947.91399, "eta_hours": 0.81886, "loss": 0.06718663, "lr": 0.00029464, "params": 527237, "time_iter": 0.17414, "accuracy": 0.97943, "f1": 0.97941, "auc": 0.99871}
{"epoch": 73, "time_epoch": 38.262, "eta": 2909.60618, "eta_hours": 0.80822, "loss": 0.07274614, "lr": 0.00028911, "params": 527237, "time_iter": 0.17471, "accuracy": 0.98, "f1": 0.97995, "auc": 0.99825}
{"epoch": 74, "time_epoch": 38.26876, "eta": 2871.30636, "eta_hours": 0.79759, "loss": 0.06928786, "lr": 0.00028356, "params": 527237, "time_iter": 0.17474, "accuracy": 0.98057, "f1": 0.98054, "auc": 0.99846}
{"epoch": 75, "time_epoch": 38.58818, "eta": 2833.31837, "eta_hours": 0.78703, "loss": 0.06885001, "lr": 0.00027799, "params": 527237, "time_iter": 0.1762, "accuracy": 0.98029, "f1": 0.98025, "auc": 0.99857}
{"epoch": 76, "time_epoch": 38.23949, "eta": 2794.98421, "eta_hours": 0.77638, "loss": 0.06547809, "lr": 0.00027241, "params": 527237, "time_iter": 0.17461, "accuracy": 0.982, "f1": 0.98197, "auc": 0.99867}
{"epoch": 77, "time_epoch": 38.16132, "eta": 2756.58033, "eta_hours": 0.76572, "loss": 0.06898326, "lr": 0.00026682, "params": 527237, "time_iter": 0.17425, "accuracy": 0.98114, "f1": 0.9811, "auc": 0.99868}
{"epoch": 78, "time_epoch": 38.24551, "eta": 2718.25825, "eta_hours": 0.75507, "loss": 0.0577678, "lr": 0.00026122, "params": 527237, "time_iter": 0.17464, "accuracy": 0.984, "f1": 0.98397, "auc": 0.99886}
{"epoch": 79, "time_epoch": 38.32307, "eta": 2680.00594, "eta_hours": 0.74445, "loss": 0.06408882, "lr": 0.00025561, "params": 527237, "time_iter": 0.17499, "accuracy": 0.98029, "f1": 0.98026, "auc": 0.99855}
{"epoch": 80, "time_epoch": 38.01825, "eta": 2641.49223, "eta_hours": 0.73375, "loss": 0.05801805, "lr": 0.00025, "params": 527237, "time_iter": 0.1736, "accuracy": 0.98457, "f1": 0.98455, "auc": 0.99874}
{"epoch": 81, "time_epoch": 38.46214, "eta": 2603.35871, "eta_hours": 0.72316, "loss": 0.06474531, "lr": 0.00024439, "params": 527237, "time_iter": 0.17563, "accuracy": 0.98114, "f1": 0.9811, "auc": 0.99844}
{"epoch": 82, "time_epoch": 38.51048, "eta": 2565.25629, "eta_hours": 0.71257, "loss": 0.05848305, "lr": 0.00023878, "params": 527237, "time_iter": 0.17585, "accuracy": 0.984, "f1": 0.98397, "auc": 0.99889}
{"epoch": 83, "time_epoch": 38.40144, "eta": 2527.05848, "eta_hours": 0.70196, "loss": 0.05851988, "lr": 0.00023318, "params": 527237, "time_iter": 0.17535, "accuracy": 0.982, "f1": 0.98197, "auc": 0.9988}
{"epoch": 84, "time_epoch": 38.28954, "eta": 2488.77031, "eta_hours": 0.69133, "loss": 0.05584585, "lr": 0.00022759, "params": 527237, "time_iter": 0.17484, "accuracy": 0.98429, "f1": 0.98426, "auc": 0.99881}
{"epoch": 85, "time_epoch": 38.12581, "eta": 2450.36026, "eta_hours": 0.68066, "loss": 0.05635702, "lr": 0.00022201, "params": 527237, "time_iter": 0.17409, "accuracy": 0.98429, "f1": 0.98426, "auc": 0.99886}
{"epoch": 86, "time_epoch": 38.3053, "eta": 2412.08672, "eta_hours": 0.67002, "loss": 0.05648159, "lr": 0.00021644, "params": 527237, "time_iter": 0.17491, "accuracy": 0.98514, "f1": 0.98513, "auc": 0.99888}
{"epoch": 87, "time_epoch": 38.04157, "eta": 2373.62664, "eta_hours": 0.65934, "loss": 0.05625091, "lr": 0.00021089, "params": 527237, "time_iter": 0.17371, "accuracy": 0.98429, "f1": 0.98426, "auc": 0.99873}
{"epoch": 88, "time_epoch": 38.25282, "eta": 2335.32076, "eta_hours": 0.6487, "loss": 0.05379188, "lr": 0.00020536, "params": 527237, "time_iter": 0.17467, "accuracy": 0.98343, "f1": 0.9834, "auc": 0.99893}
{"epoch": 89, "time_epoch": 38.39558, "eta": 2297.11124, "eta_hours": 0.63809, "loss": 0.05296566, "lr": 0.00019985, "params": 527237, "time_iter": 0.17532, "accuracy": 0.98429, "f1": 0.98426, "auc": 0.99886}
{"epoch": 90, "time_epoch": 38.09778, "eta": 2258.70454, "eta_hours": 0.62742, "loss": 0.05802238, "lr": 0.00019437, "params": 527237, "time_iter": 0.17396, "accuracy": 0.98257, "f1": 0.98254, "auc": 0.99886}
{"epoch": 91, "time_epoch": 38.64842, "eta": 2220.65171, "eta_hours": 0.61685, "loss": 0.05139574, "lr": 0.00018891, "params": 527237, "time_iter": 0.17648, "accuracy": 0.98343, "f1": 0.98339, "auc": 0.99891}
{"epoch": 92, "time_epoch": 38.21356, "eta": 2182.31954, "eta_hours": 0.6062, "loss": 0.05956821, "lr": 0.00018349, "params": 527237, "time_iter": 0.17449, "accuracy": 0.98229, "f1": 0.98226, "auc": 0.99875}
{"epoch": 93, "time_epoch": 38.4641, "eta": 2144.13915, "eta_hours": 0.59559, "loss": 0.05205254, "lr": 0.0001781, "params": 527237, "time_iter": 0.17564, "accuracy": 0.98286, "f1": 0.98283, "auc": 0.99908}
{"epoch": 94, "time_epoch": 38.16516, "eta": 2105.77972, "eta_hours": 0.58494, "loss": 0.05500467, "lr": 0.00017275, "params": 527237, "time_iter": 0.17427, "accuracy": 0.98371, "f1": 0.98368, "auc": 0.99886}
{"epoch": 95, "time_epoch": 38.429, "eta": 2067.57274, "eta_hours": 0.57433, "loss": 0.0530838, "lr": 0.00016743, "params": 527237, "time_iter": 0.17547, "accuracy": 0.98457, "f1": 0.98455, "auc": 0.99895}
{"epoch": 96, "time_epoch": 38.25027, "eta": 2029.26353, "eta_hours": 0.56368, "loss": 0.04968902, "lr": 0.00016216, "params": 527237, "time_iter": 0.17466, "accuracy": 0.98343, "f1": 0.9834, "auc": 0.999}
{"epoch": 97, "time_epoch": 38.29079, "eta": 1990.97703, "eta_hours": 0.55305, "loss": 0.04724385, "lr": 0.00015693, "params": 527237, "time_iter": 0.17484, "accuracy": 0.986, "f1": 0.98598, "auc": 0.99907}
{"epoch": 98, "time_epoch": 37.94899, "eta": 1952.51436, "eta_hours": 0.54237, "loss": 0.05074777, "lr": 0.00015174, "params": 527237, "time_iter": 0.17328, "accuracy": 0.98543, "f1": 0.98541, "auc": 0.99896}
{"epoch": 99, "time_epoch": 38.4914, "eta": 1914.33317, "eta_hours": 0.53176, "loss": 0.0465127, "lr": 0.00014661, "params": 527237, "time_iter": 0.17576, "accuracy": 0.986, "f1": 0.98598, "auc": 0.99893}
{"epoch": 100, "time_epoch": 38.18755, "eta": 1875.99842, "eta_hours": 0.52111, "loss": 0.05029122, "lr": 0.00014153, "params": 527237, "time_iter": 0.17437, "accuracy": 0.98429, "f1": 0.98427, "auc": 0.99896}
{"epoch": 101, "time_epoch": 37.96078, "eta": 1837.55984, "eta_hours": 0.51043, "loss": 0.04905339, "lr": 0.0001365, "params": 527237, "time_iter": 0.17334, "accuracy": 0.98486, "f1": 0.98484, "auc": 0.99895}
{"epoch": 102, "time_epoch": 38.08083, "eta": 1799.18532, "eta_hours": 0.49977, "loss": 0.04417703, "lr": 0.00013153, "params": 527237, "time_iter": 0.17389, "accuracy": 0.98686, "f1": 0.98685, "auc": 0.99897}
{"epoch": 103, "time_epoch": 38.5844, "eta": 1761.03918, "eta_hours": 0.48918, "loss": 0.04636371, "lr": 0.00012662, "params": 527237, "time_iter": 0.17618, "accuracy": 0.98514, "f1": 0.98512, "auc": 0.99905}
{"epoch": 104, "time_epoch": 38.4922, "eta": 1722.84518, "eta_hours": 0.47857, "loss": 0.05186995, "lr": 0.00012178, "params": 527237, "time_iter": 0.17576, "accuracy": 0.98486, "f1": 0.98484, "auc": 0.999}
{"epoch": 105, "time_epoch": 38.11307, "eta": 1684.48818, "eta_hours": 0.46791, "loss": 0.0480965, "lr": 0.00011699, "params": 527237, "time_iter": 0.17403, "accuracy": 0.98514, "f1": 0.98513, "auc": 0.99899}
{"epoch": 106, "time_epoch": 38.26526, "eta": 1646.1969, "eta_hours": 0.45728, "loss": 0.04731131, "lr": 0.00011228, "params": 527237, "time_iter": 0.17473, "accuracy": 0.98457, "f1": 0.98456, "auc": 0.99912}
{"epoch": 107, "time_epoch": 38.33326, "eta": 1607.93254, "eta_hours": 0.44665, "loss": 0.04553297, "lr": 0.00010763, "params": 527237, "time_iter": 0.17504, "accuracy": 0.98686, "f1": 0.98685, "auc": 0.99908}
{"epoch": 108, "time_epoch": 38.19849, "eta": 1569.61622, "eta_hours": 0.436, "loss": 0.04451079, "lr": 0.00010305, "params": 527237, "time_iter": 0.17442, "accuracy": 0.98657, "f1": 0.98656, "auc": 0.9991}
{"epoch": 109, "time_epoch": 38.48077, "eta": 1531.4047, "eta_hours": 0.42539, "loss": 0.04415235, "lr": 9.855e-05, "params": 527237, "time_iter": 0.17571, "accuracy": 0.98571, "f1": 0.98569, "auc": 0.99906}
{"epoch": 110, "time_epoch": 38.24554, "eta": 1493.10568, "eta_hours": 0.41475, "loss": 0.04561794, "lr": 9.413e-05, "params": 527237, "time_iter": 0.17464, "accuracy": 0.98629, "f1": 0.98627, "auc": 0.99908}
{"epoch": 111, "time_epoch": 38.08511, "eta": 1454.75318, "eta_hours": 0.4041, "loss": 0.04143749, "lr": 8.978e-05, "params": 527237, "time_iter": 0.1739, "accuracy": 0.98686, "f1": 0.98684, "auc": 0.99903}
{"epoch": 112, "time_epoch": 37.93924, "eta": 1416.35765, "eta_hours": 0.39343, "loss": 0.04428278, "lr": 8.552e-05, "params": 527237, "time_iter": 0.17324, "accuracy": 0.98514, "f1": 0.98513, "auc": 0.99901}
{"epoch": 113, "time_epoch": 38.32169, "eta": 1378.0909, "eta_hours": 0.3828, "loss": 0.04541245, "lr": 8.133e-05, "params": 527237, "time_iter": 0.17498, "accuracy": 0.98686, "f1": 0.98684, "auc": 0.99911}
{"epoch": 114, "time_epoch": 38.36023, "eta": 1339.83492, "eta_hours": 0.37218, "loss": 0.04258749, "lr": 7.723e-05, "params": 527237, "time_iter": 0.17516, "accuracy": 0.98657, "f1": 0.98656, "auc": 0.99913}
{"epoch": 115, "time_epoch": 38.41208, "eta": 1301.59234, "eta_hours": 0.36155, "loss": 0.04175082, "lr": 7.322e-05, "params": 527237, "time_iter": 0.1754, "accuracy": 0.98743, "f1": 0.98742, "auc": 0.99896}
{"epoch": 116, "time_epoch": 38.46112, "eta": 1263.3607, "eta_hours": 0.35093, "loss": 0.04151831, "lr": 6.93e-05, "params": 527237, "time_iter": 0.17562, "accuracy": 0.986, "f1": 0.98598, "auc": 0.999}
{"epoch": 117, "time_epoch": 38.17821, "eta": 1225.04845, "eta_hours": 0.34029, "loss": 0.04083437, "lr": 6.547e-05, "params": 527237, "time_iter": 0.17433, "accuracy": 0.98743, "f1": 0.98742, "auc": 0.99913}
{"epoch": 118, "time_epoch": 37.92595, "eta": 1186.67273, "eta_hours": 0.32963, "loss": 0.04147189, "lr": 6.173e-05, "params": 527237, "time_iter": 0.17318, "accuracy": 0.98629, "f1": 0.98627, "auc": 0.99921}
{"epoch": 119, "time_epoch": 38.18809, "eta": 1148.37005, "eta_hours": 0.31899, "loss": 0.04237613, "lr": 5.809e-05, "params": 527237, "time_iter": 0.17437, "accuracy": 0.98629, "f1": 0.98627, "auc": 0.99902}
{"epoch": 120, "time_epoch": 38.35963, "eta": 1110.11037, "eta_hours": 0.30836, "loss": 0.04221114, "lr": 5.454e-05, "params": 527237, "time_iter": 0.17516, "accuracy": 0.986, "f1": 0.98598, "auc": 0.99903}
{"epoch": 121, "time_epoch": 38.32447, "eta": 1071.84099, "eta_hours": 0.29773, "loss": 0.04079852, "lr": 5.109e-05, "params": 527237, "time_iter": 0.175, "accuracy": 0.988, "f1": 0.98799, "auc": 0.99926}
{"epoch": 122, "time_epoch": 38.45688, "eta": 1033.59977, "eta_hours": 0.28711, "loss": 0.0413944, "lr": 4.775e-05, "params": 527237, "time_iter": 0.1756, "accuracy": 0.98743, "f1": 0.98742, "auc": 0.9991}
{"epoch": 123, "time_epoch": 38.19082, "eta": 995.29929, "eta_hours": 0.27647, "loss": 0.04093865, "lr": 4.45e-05, "params": 527237, "time_iter": 0.17439, "accuracy": 0.98657, "f1": 0.98656, "auc": 0.99911}
{"epoch": 124, "time_epoch": 38.40994, "eta": 957.04439, "eta_hours": 0.26585, "loss": 0.04192219, "lr": 4.136e-05, "params": 527237, "time_iter": 0.17539, "accuracy": 0.98714, "f1": 0.98713, "auc": 0.999}
{"epoch": 125, "time_epoch": 38.26356, "eta": 918.75914, "eta_hours": 0.25521, "loss": 0.03998498, "lr": 3.832e-05, "params": 527237, "time_iter": 0.17472, "accuracy": 0.98771, "f1": 0.9877, "auc": 0.99915}
{"epoch": 126, "time_epoch": 38.03007, "eta": 880.43195, "eta_hours": 0.24456, "loss": 0.0401383, "lr": 3.539e-05, "params": 527237, "time_iter": 0.17365, "accuracy": 0.988, "f1": 0.98799, "auc": 0.9991}
{"epoch": 127, "time_epoch": 38.42308, "eta": 842.17695, "eta_hours": 0.23394, "loss": 0.04077847, "lr": 3.256e-05, "params": 527237, "time_iter": 0.17545, "accuracy": 0.98743, "f1": 0.98741, "auc": 0.99913}
{"epoch": 128, "time_epoch": 38.56448, "eta": 803.94237, "eta_hours": 0.22332, "loss": 0.03948174, "lr": 2.985e-05, "params": 527237, "time_iter": 0.17609, "accuracy": 0.98743, "f1": 0.98741, "auc": 0.99915}
{"epoch": 129, "time_epoch": 38.13201, "eta": 765.63617, "eta_hours": 0.21268, "loss": 0.03980519, "lr": 2.725e-05, "params": 527237, "time_iter": 0.17412, "accuracy": 0.98714, "f1": 0.98713, "auc": 0.99912}
{"epoch": 130, "time_epoch": 38.14785, "eta": 727.33494, "eta_hours": 0.20204, "loss": 0.0403585, "lr": 2.476e-05, "params": 527237, "time_iter": 0.17419, "accuracy": 0.98714, "f1": 0.98713, "auc": 0.99905}
{"epoch": 131, "time_epoch": 38.13394, "eta": 689.03413, "eta_hours": 0.1914, "loss": 0.03897724, "lr": 2.238e-05, "params": 527237, "time_iter": 0.17413, "accuracy": 0.988, "f1": 0.98798, "auc": 0.99911}
{"epoch": 132, "time_epoch": 37.99858, "eta": 650.71852, "eta_hours": 0.18076, "loss": 0.03983993, "lr": 2.012e-05, "params": 527237, "time_iter": 0.17351, "accuracy": 0.98829, "f1": 0.98827, "auc": 0.99916}
{"epoch": 133, "time_epoch": 38.26674, "eta": 612.43967, "eta_hours": 0.17012, "loss": 0.0396369, "lr": 1.797e-05, "params": 527237, "time_iter": 0.17473, "accuracy": 0.988, "f1": 0.98799, "auc": 0.99927}
{"epoch": 134, "time_epoch": 38.43918, "eta": 574.18016, "eta_hours": 0.15949, "loss": 0.03827125, "lr": 1.594e-05, "params": 527237, "time_iter": 0.17552, "accuracy": 0.988, "f1": 0.98799, "auc": 0.99932}
{"epoch": 135, "time_epoch": 38.10236, "eta": 535.88333, "eta_hours": 0.14886, "loss": 0.03979885, "lr": 1.403e-05, "params": 527237, "time_iter": 0.17398, "accuracy": 0.98771, "f1": 0.9877, "auc": 0.9991}
{"epoch": 136, "time_epoch": 38.44046, "eta": 497.62143, "eta_hours": 0.13823, "loss": 0.03898438, "lr": 1.224e-05, "params": 527237, "time_iter": 0.17553, "accuracy": 0.988, "f1": 0.98799, "auc": 0.99904}
{"epoch": 137, "time_epoch": 38.16473, "eta": 459.33295, "eta_hours": 0.12759, "loss": 0.03886549, "lr": 1.056e-05, "params": 527237, "time_iter": 0.17427, "accuracy": 0.98771, "f1": 0.9877, "auc": 0.99921}
{"epoch": 138, "time_epoch": 38.18586, "eta": 421.04794, "eta_hours": 0.11696, "loss": 0.03874521, "lr": 9.01e-06, "params": 527237, "time_iter": 0.17436, "accuracy": 0.98771, "f1": 0.9877, "auc": 0.99911}
{"epoch": 139, "time_epoch": 38.15588, "eta": 382.76219, "eta_hours": 0.10632, "loss": 0.03851863, "lr": 7.58e-06, "params": 527237, "time_iter": 0.17423, "accuracy": 0.98829, "f1": 0.98827, "auc": 0.99922}
{"epoch": 140, "time_epoch": 38.30024, "eta": 344.48751, "eta_hours": 0.09569, "loss": 0.03910192, "lr": 6.27e-06, "params": 527237, "time_iter": 0.17489, "accuracy": 0.98771, "f1": 0.9877, "auc": 0.99918}
{"epoch": 141, "time_epoch": 38.2516, "eta": 306.20972, "eta_hours": 0.08506, "loss": 0.03994269, "lr": 5.08e-06, "params": 527237, "time_iter": 0.17466, "accuracy": 0.988, "f1": 0.98799, "auc": 0.99918}
{"epoch": 142, "time_epoch": 37.81363, "eta": 267.91086, "eta_hours": 0.07442, "loss": 0.03793501, "lr": 4.02e-06, "params": 527237, "time_iter": 0.17266, "accuracy": 0.988, "f1": 0.98799, "auc": 0.99927}
{"epoch": 143, "time_epoch": 38.11832, "eta": 229.63144, "eta_hours": 0.06379, "loss": 0.03857948, "lr": 3.08e-06, "params": 527237, "time_iter": 0.17406, "accuracy": 0.98771, "f1": 0.9877, "auc": 0.99926}
{"epoch": 144, "time_epoch": 38.28107, "eta": 191.35985, "eta_hours": 0.05316, "loss": 0.03904475, "lr": 2.26e-06, "params": 527237, "time_iter": 0.1748, "accuracy": 0.988, "f1": 0.98799, "auc": 0.99917}
{"epoch": 145, "time_epoch": 38.27166, "eta": 153.08787, "eta_hours": 0.04252, "loss": 0.03753451, "lr": 1.57e-06, "params": 527237, "time_iter": 0.17476, "accuracy": 0.988, "f1": 0.98799, "auc": 0.99926}
{"epoch": 146, "time_epoch": 38.47721, "eta": 114.82009, "eta_hours": 0.03189, "loss": 0.03907982, "lr": 1.01e-06, "params": 527237, "time_iter": 0.1757, "accuracy": 0.988, "f1": 0.98799, "auc": 0.99922}
{"epoch": 147, "time_epoch": 38.10534, "eta": 76.54446, "eta_hours": 0.02126, "loss": 0.03821045, "lr": 5.7e-07, "params": 527237, "time_iter": 0.174, "accuracy": 0.98829, "f1": 0.98827, "auc": 0.99919}
{"epoch": 148, "time_epoch": 38.26979, "eta": 38.27221, "eta_hours": 0.01063, "loss": 0.03890552, "lr": 2.5e-07, "params": 527237, "time_iter": 0.17475, "accuracy": 0.98771, "f1": 0.9877, "auc": 0.99913}
{"epoch": 149, "time_epoch": 38.43811, "eta": 0.0, "eta_hours": 0.0, "loss": 0.03811652, "lr": 6e-08, "params": 527237, "time_iter": 0.17552, "accuracy": 0.98829, "f1": 0.98827, "auc": 0.99919}
