{"epoch": 0, "time_epoch": 30.90476, "eta": 3059.5713, "eta_hours": 0.84988, "loss": 0.20138693, "lr": 0.0, "params": 337201, "time_iter": 0.09874, "accuracy": 0.43613, "precision": 0.17619, "recall": 0.597, "f1": 0.27208, "auc": 0.50086, "accuracy-SBM": 0.49932}
{"epoch": 1, "time_epoch": 29.00255, "eta": 2935.45807, "eta_hours": 0.81541, "loss": 0.17979451, "lr": 0.0001, "params": 337201, "time_iter": 0.09266, "accuracy": 0.70214, "precision": 0.33974, "recall": 0.72867, "f1": 0.46342, "auc": 0.79302, "accuracy-SBM": 0.71256}
{"epoch": 2, "time_epoch": 27.77247, "eta": 2834.97962, "eta_hours": 0.78749, "loss": 0.14853538, "lr": 0.0002, "params": 337201, "time_iter": 0.08873, "accuracy": 0.82471, "precision": 0.50215, "recall": 0.81514, "f1": 0.62146, "auc": 0.87039, "accuracy-SBM": 0.82095}
{"epoch": 3, "time_epoch": 27.8263, "eta": 2772.14593, "eta_hours": 0.77004, "loss": 0.13289105, "lr": 0.0003, "params": 337201, "time_iter": 0.0889, "accuracy": 0.83312, "precision": 0.51721, "recall": 0.8201, "f1": 0.63436, "auc": 0.89122, "accuracy-SBM": 0.82801}
{"epoch": 4, "time_epoch": 28.27284, "eta": 2731.79949, "eta_hours": 0.75883, "loss": 0.12097021, "lr": 0.0004, "params": 337201, "time_iter": 0.09033, "accuracy": 0.84064, "precision": 0.53118, "recall": 0.8281, "f1": 0.64721, "auc": 0.90477, "accuracy-SBM": 0.83571}
{"epoch": 5, "time_epoch": 27.45113, "eta": 2682.6041, "eta_hours": 0.74517, "loss": 0.1133608, "lr": 0.0005, "params": 337201, "time_iter": 0.0877, "accuracy": 0.84161, "precision": 0.53278, "recall": 0.83451, "f1": 0.65035, "auc": 0.91264, "accuracy-SBM": 0.83882}
{"epoch": 6, "time_epoch": 28.03811, "eta": 2647.41988, "eta_hours": 0.73539, "loss": 0.10813467, "lr": 0.00049986, "params": 337201, "time_iter": 0.08958, "accuracy": 0.84589, "precision": 0.54096, "recall": 0.83818, "f1": 0.65754, "auc": 0.91896, "accuracy-SBM": 0.84286}
{"epoch": 7, "time_epoch": 28.79839, "eta": 2622.7654, "eta_hours": 0.72855, "loss": 0.10472388, "lr": 0.00049945, "params": 337201, "time_iter": 0.09201, "accuracy": 0.84784, "precision": 0.54466, "recall": 0.84144, "f1": 0.66128, "auc": 0.92285, "accuracy-SBM": 0.84533}
{"epoch": 8, "time_epoch": 28.38439, "eta": 2593.00404, "eta_hours": 0.72028, "loss": 0.10253771, "lr": 0.00049877, "params": 337201, "time_iter": 0.09068, "accuracy": 0.84957, "precision": 0.54794, "recall": 0.84456, "f1": 0.66466, "auc": 0.92529, "accuracy-SBM": 0.8476}
{"epoch": 9, "time_epoch": 28.00272, "eta": 2560.08302, "eta_hours": 0.71113, "loss": 0.10071092, "lr": 0.00049782, "params": 337201, "time_iter": 0.08947, "accuracy": 0.85149, "precision": 0.55172, "recall": 0.84614, "f1": 0.66793, "auc": 0.92756, "accuracy-SBM": 0.84939}
{"epoch": 10, "time_epoch": 27.66108, "eta": 2525.29203, "eta_hours": 0.70147, "loss": 0.09974242, "lr": 0.00049659, "params": 337201, "time_iter": 0.08837, "accuracy": 0.85122, "precision": 0.551, "recall": 0.84875, "f1": 0.66821, "auc": 0.92848, "accuracy-SBM": 0.85025}
{"epoch": 11, "time_epoch": 27.51892, "eta": 2490.64688, "eta_hours": 0.69185, "loss": 0.09898561, "lr": 0.00049509, "params": 337201, "time_iter": 0.08792, "accuracy": 0.85203, "precision": 0.55258, "recall": 0.84974, "f1": 0.66968, "auc": 0.92936, "accuracy-SBM": 0.85113}
{"epoch": 12, "time_epoch": 27.87767, "eta": 2459.49895, "eta_hours": 0.68319, "loss": 0.09773204, "lr": 0.00049333, "params": 337201, "time_iter": 0.08907, "accuracy": 0.8532, "precision": 0.5548, "recall": 0.85223, "f1": 0.67208, "auc": 0.93099, "accuracy-SBM": 0.85282}
{"epoch": 13, "time_epoch": 27.98941, "eta": 2429.50457, "eta_hours": 0.67486, "loss": 0.09697337, "lr": 0.0004913, "params": 337201, "time_iter": 0.08942, "accuracy": 0.85417, "precision": 0.5567, "recall": 0.85347, "f1": 0.67385, "auc": 0.9319, "accuracy-SBM": 0.8539}
{"epoch": 14, "time_epoch": 29.00417, "eta": 2405.52782, "eta_hours": 0.6682, "loss": 0.09659766, "lr": 0.00048901, "params": 337201, "time_iter": 0.09267, "accuracy": 0.85378, "precision": 0.55588, "recall": 0.85389, "f1": 0.67338, "auc": 0.93225, "accuracy-SBM": 0.85383}
{"epoch": 15, "time_epoch": 28.23544, "eta": 2376.88681, "eta_hours": 0.66025, "loss": 0.09611576, "lr": 0.00048645, "params": 337201, "time_iter": 0.09021, "accuracy": 0.85468, "precision": 0.5577, "recall": 0.85414, "f1": 0.6748, "auc": 0.93288, "accuracy-SBM": 0.85447}
{"epoch": 16, "time_epoch": 27.62995, "eta": 2345.33734, "eta_hours": 0.65148, "loss": 0.09540994, "lr": 0.00048364, "params": 337201, "time_iter": 0.08827, "accuracy": 0.85619, "precision": 0.56073, "recall": 0.85548, "f1": 0.67743, "auc": 0.93379, "accuracy-SBM": 0.85591}
{"epoch": 17, "time_epoch": 28.026, "eta": 2316.02757, "eta_hours": 0.64334, "loss": 0.09478721, "lr": 0.00048057, "params": 337201, "time_iter": 0.08954, "accuracy": 0.85675, "precision": 0.56176, "recall": 0.85704, "f1": 0.67867, "auc": 0.93463, "accuracy-SBM": 0.85686}
{"epoch": 18, "time_epoch": 27.7013, "eta": 2285.46868, "eta_hours": 0.63485, "loss": 0.09403914, "lr": 0.00047725, "params": 337201, "time_iter": 0.0885, "accuracy": 0.85663, "precision": 0.56125, "recall": 0.86035, "f1": 0.67934, "auc": 0.93562, "accuracy-SBM": 0.85809}
{"epoch": 19, "time_epoch": 27.847, "eta": 2255.77835, "eta_hours": 0.62661, "loss": 0.0937024, "lr": 0.00047368, "params": 337201, "time_iter": 0.08897, "accuracy": 0.85849, "precision": 0.56524, "recall": 0.85897, "f1": 0.68182, "auc": 0.93608, "accuracy-SBM": 0.85868}
{"epoch": 20, "time_epoch": 28.01539, "eta": 2226.89707, "eta_hours": 0.61858, "loss": 0.09348636, "lr": 0.00046987, "params": 337201, "time_iter": 0.08951, "accuracy": 0.85734, "precision": 0.56264, "recall": 0.86142, "f1": 0.68069, "auc": 0.93635, "accuracy-SBM": 0.85894}
{"epoch": 21, "time_epoch": 28.98661, "eta": 2201.53793, "eta_hours": 0.61154, "loss": 0.09316625, "lr": 0.00046581, "params": 337201, "time_iter": 0.09261, "accuracy": 0.85769, "precision": 0.56335, "recall": 0.8617, "f1": 0.68129, "auc": 0.93674, "accuracy-SBM": 0.85927}
{"epoch": 22, "time_epoch": 27.82506, "eta": 2171.97467, "eta_hours": 0.60333, "loss": 0.09303252, "lr": 0.00046152, "params": 337201, "time_iter": 0.0889, "accuracy": 0.85858, "precision": 0.56521, "recall": 0.86169, "f1": 0.68264, "auc": 0.9369, "accuracy-SBM": 0.8598}
{"epoch": 23, "time_epoch": 27.62616, "eta": 2141.9264, "eta_hours": 0.59498, "loss": 0.09280506, "lr": 0.000457, "params": 337201, "time_iter": 0.08826, "accuracy": 0.86033, "precision": 0.56903, "recall": 0.86031, "f1": 0.68499, "auc": 0.93724, "accuracy-SBM": 0.86032}
{"epoch": 24, "time_epoch": 27.97061, "eta": 2113.10526, "eta_hours": 0.58697, "loss": 0.09247172, "lr": 0.00045225, "params": 337201, "time_iter": 0.08936, "accuracy": 0.85984, "precision": 0.56786, "recall": 0.86186, "f1": 0.68463, "auc": 0.93766, "accuracy-SBM": 0.86063}
{"epoch": 25, "time_epoch": 28.1954, "eta": 2084.98935, "eta_hours": 0.57916, "loss": 0.0922112, "lr": 0.00044729, "params": 337201, "time_iter": 0.09008, "accuracy": 0.86047, "precision": 0.56917, "recall": 0.86222, "f1": 0.6857, "auc": 0.93802, "accuracy-SBM": 0.86116}
{"epoch": 26, "time_epoch": 27.84063, "eta": 2055.90833, "eta_hours": 0.57109, "loss": 0.09202813, "lr": 0.0004421, "params": 337201, "time_iter": 0.08895, "accuracy": 0.86021, "precision": 0.56848, "recall": 0.86348, "f1": 0.6856, "auc": 0.93824, "accuracy-SBM": 0.86149}
{"epoch": 27, "time_epoch": 27.87595, "eta": 2027.00675, "eta_hours": 0.56306, "loss": 0.09192707, "lr": 0.00043671, "params": 337201, "time_iter": 0.08906, "accuracy": 0.86026, "precision": 0.56865, "recall": 0.8629, "f1": 0.68553, "auc": 0.93836, "accuracy-SBM": 0.8613}
{"epoch": 28, "time_epoch": 28.84789, "eta": 2000.55546, "eta_hours": 0.55571, "loss": 0.09172225, "lr": 0.00043111, "params": 337201, "time_iter": 0.09217, "accuracy": 0.8605, "precision": 0.56907, "recall": 0.86388, "f1": 0.68615, "auc": 0.93862, "accuracy-SBM": 0.86183}
{"epoch": 29, "time_epoch": 27.93596, "eta": 1971.81658, "eta_hours": 0.54773, "loss": 0.09171574, "lr": 0.00042531, "params": 337201, "time_iter": 0.08925, "accuracy": 0.86002, "precision": 0.56795, "recall": 0.865, "f1": 0.68569, "auc": 0.9386, "accuracy-SBM": 0.86198}
{"epoch": 30, "time_epoch": 28.09145, "eta": 1943.47559, "eta_hours": 0.53985, "loss": 0.09168797, "lr": 0.00041932, "params": 337201, "time_iter": 0.08975, "accuracy": 0.86013, "precision": 0.5683, "recall": 0.86387, "f1": 0.68558, "auc": 0.93862, "accuracy-SBM": 0.8616}
{"epoch": 31, "time_epoch": 28.0481, "eta": 1915.05806, "eta_hours": 0.53196, "loss": 0.09152747, "lr": 0.00041315, "params": 337201, "time_iter": 0.08961, "accuracy": 0.86067, "precision": 0.56935, "recall": 0.86474, "f1": 0.68662, "auc": 0.93891, "accuracy-SBM": 0.86227}
{"epoch": 32, "time_epoch": 28.13138, "eta": 1886.83202, "eta_hours": 0.52412, "loss": 0.09134126, "lr": 0.00040679, "params": 337201, "time_iter": 0.08988, "accuracy": 0.86128, "precision": 0.57069, "recall": 0.86426, "f1": 0.68745, "auc": 0.93913, "accuracy-SBM": 0.86245}
{"epoch": 33, "time_epoch": 27.82561, "eta": 1858.018, "eta_hours": 0.51612, "loss": 0.09122348, "lr": 0.00040027, "params": 337201, "time_iter": 0.0889, "accuracy": 0.86049, "precision": 0.56897, "recall": 0.86478, "f1": 0.68636, "auc": 0.93928, "accuracy-SBM": 0.86218}
{"epoch": 34, "time_epoch": 28.38396, "eta": 1830.2974, "eta_hours": 0.50842, "loss": 0.09128077, "lr": 0.00039358, "params": 337201, "time_iter": 0.09068, "accuracy": 0.86007, "precision": 0.56802, "recall": 0.86549, "f1": 0.68589, "auc": 0.93917, "accuracy-SBM": 0.8622}
{"epoch": 35, "time_epoch": 29.59238, "eta": 1804.68823, "eta_hours": 0.5013, "loss": 0.09126178, "lr": 0.00038674, "params": 337201, "time_iter": 0.09454, "accuracy": 0.86085, "precision": 0.56971, "recall": 0.86508, "f1": 0.68699, "auc": 0.93919, "accuracy-SBM": 0.86252}
{"epoch": 36, "time_epoch": 27.67594, "eta": 1775.60064, "eta_hours": 0.49322, "loss": 0.09095214, "lr": 0.00037974, "params": 337201, "time_iter": 0.08842, "accuracy": 0.86117, "precision": 0.57031, "recall": 0.866, "f1": 0.68772, "auc": 0.93965, "accuracy-SBM": 0.86307}
{"epoch": 37, "time_epoch": 27.81512, "eta": 1746.81442, "eta_hours": 0.48523, "loss": 0.09081806, "lr": 0.00037261, "params": 337201, "time_iter": 0.08887, "accuracy": 0.86185, "precision": 0.5718, "recall": 0.86546, "f1": 0.68863, "auc": 0.93984, "accuracy-SBM": 0.86327}
{"epoch": 38, "time_epoch": 28.06666, "eta": 1718.47143, "eta_hours": 0.47735, "loss": 0.09093069, "lr": 0.00036534, "params": 337201, "time_iter": 0.08967, "accuracy": 0.86154, "precision": 0.5712, "recall": 0.86476, "f1": 0.68797, "auc": 0.9396, "accuracy-SBM": 0.8628}
{"epoch": 39, "time_epoch": 27.87003, "eta": 1689.84731, "eta_hours": 0.4694, "loss": 0.09080782, "lr": 0.00035794, "params": 337201, "time_iter": 0.08904, "accuracy": 0.8616, "precision": 0.57126, "recall": 0.8656, "f1": 0.68828, "auc": 0.93985, "accuracy-SBM": 0.86317}
{"epoch": 40, "time_epoch": 28.13926, "eta": 1661.64742, "eta_hours": 0.46157, "loss": 0.09081633, "lr": 0.00035042, "params": 337201, "time_iter": 0.0899, "accuracy": 0.86171, "precision": 0.57156, "recall": 0.86494, "f1": 0.68829, "auc": 0.93976, "accuracy-SBM": 0.86298}
{"epoch": 41, "time_epoch": 27.6244, "eta": 1632.73941, "eta_hours": 0.45354, "loss": 0.09068252, "lr": 0.0003428, "params": 337201, "time_iter": 0.08826, "accuracy": 0.86245, "precision": 0.57309, "recall": 0.86552, "f1": 0.68959, "auc": 0.93998, "accuracy-SBM": 0.86366}
{"epoch": 42, "time_epoch": 29.44114, "eta": 1606.29934, "eta_hours": 0.44619, "loss": 0.09057103, "lr": 0.00033507, "params": 337201, "time_iter": 0.09406, "accuracy": 0.86054, "precision": 0.56882, "recall": 0.86763, "f1": 0.68715, "auc": 0.94011, "accuracy-SBM": 0.86333}
{"epoch": 43, "time_epoch": 27.97849, "eta": 1577.8613, "eta_hours": 0.43829, "loss": 0.09052477, "lr": 0.00032725, "params": 337201, "time_iter": 0.08939, "accuracy": 0.86181, "precision": 0.57167, "recall": 0.86603, "f1": 0.68872, "auc": 0.94016, "accuracy-SBM": 0.86347}
{"epoch": 44, "time_epoch": 28.0778, "eta": 1549.56507, "eta_hours": 0.43043, "loss": 0.09026424, "lr": 0.00031935, "params": 337201, "time_iter": 0.08971, "accuracy": 0.86134, "precision": 0.57046, "recall": 0.86813, "f1": 0.6885, "auc": 0.94053, "accuracy-SBM": 0.86401}
{"epoch": 45, "time_epoch": 28.1759, "eta": 1521.39349, "eta_hours": 0.42261, "loss": 0.09023658, "lr": 0.00031137, "params": 337201, "time_iter": 0.09002, "accuracy": 0.86248, "precision": 0.57308, "recall": 0.86624, "f1": 0.68981, "auc": 0.94058, "accuracy-SBM": 0.86396}
{"epoch": 46, "time_epoch": 27.92245, "eta": 1492.93593, "eta_hours": 0.4147, "loss": 0.09027647, "lr": 0.00030332, "params": 337201, "time_iter": 0.08921, "accuracy": 0.86244, "precision": 0.57294, "recall": 0.86667, "f1": 0.68984, "auc": 0.94049, "accuracy-SBM": 0.8641}
{"epoch": 47, "time_epoch": 28.16024, "eta": 1464.75827, "eta_hours": 0.40688, "loss": 0.09030461, "lr": 0.00029522, "params": 337201, "time_iter": 0.08997, "accuracy": 0.86171, "precision": 0.57138, "recall": 0.86677, "f1": 0.68874, "auc": 0.94048, "accuracy-SBM": 0.8637}
{"epoch": 48, "time_epoch": 28.14647, "eta": 1436.56699, "eta_hours": 0.39905, "loss": 0.09012432, "lr": 0.00028707, "params": 337201, "time_iter": 0.08992, "accuracy": 0.86234, "precision": 0.57267, "recall": 0.8673, "f1": 0.68985, "auc": 0.94068, "accuracy-SBM": 0.86429}
{"epoch": 49, "time_epoch": 28.93131, "eta": 1409.16234, "eta_hours": 0.39143, "loss": 0.09009957, "lr": 0.00027887, "params": 337201, "time_iter": 0.09243, "accuracy": 0.86201, "precision": 0.57196, "recall": 0.86754, "f1": 0.6894, "auc": 0.94073, "accuracy-SBM": 0.86419}
{"epoch": 50, "time_epoch": 29.2947, "eta": 1382.04696, "eta_hours": 0.3839, "loss": 0.09009077, "lr": 0.00027064, "params": 337201, "time_iter": 0.09359, "accuracy": 0.86166, "precision": 0.57115, "recall": 0.86815, "f1": 0.68901, "auc": 0.94071, "accuracy-SBM": 0.86421}
{"epoch": 51, "time_epoch": 28.42632, "eta": 1354.04617, "eta_hours": 0.37612, "loss": 0.08997738, "lr": 0.0002624, "params": 337201, "time_iter": 0.09082, "accuracy": 0.86179, "precision": 0.57137, "recall": 0.86869, "f1": 0.68934, "auc": 0.94092, "accuracy-SBM": 0.8645}
{"epoch": 52, "time_epoch": 27.57493, "eta": 1325.27433, "eta_hours": 0.36813, "loss": 0.08991725, "lr": 0.00025413, "params": 337201, "time_iter": 0.0881, "accuracy": 0.86266, "precision": 0.57329, "recall": 0.86803, "f1": 0.69053, "auc": 0.94102, "accuracy-SBM": 0.86477}
{"epoch": 53, "time_epoch": 28.36511, "eta": 1297.21993, "eta_hours": 0.36034, "loss": 0.08980561, "lr": 0.00024587, "params": 337201, "time_iter": 0.09062, "accuracy": 0.86291, "precision": 0.5738, "recall": 0.86819, "f1": 0.69095, "auc": 0.94116, "accuracy-SBM": 0.86498}
{"epoch": 54, "time_epoch": 28.91535, "eta": 1269.60443, "eta_hours": 0.35267, "loss": 0.08978873, "lr": 0.0002376, "params": 337201, "time_iter": 0.09238, "accuracy": 0.86313, "precision": 0.57433, "recall": 0.86775, "f1": 0.69119, "auc": 0.94117, "accuracy-SBM": 0.86494}
{"epoch": 55, "time_epoch": 28.19098, "eta": 1241.37336, "eta_hours": 0.34483, "loss": 0.08974291, "lr": 0.00022936, "params": 337201, "time_iter": 0.09007, "accuracy": 0.86289, "precision": 0.57374, "recall": 0.86855, "f1": 0.69102, "auc": 0.94123, "accuracy-SBM": 0.86512}
{"epoch": 56, "time_epoch": 29.1377, "eta": 1213.85789, "eta_hours": 0.33718, "loss": 0.08966695, "lr": 0.00022113, "params": 337201, "time_iter": 0.09309, "accuracy": 0.86274, "precision": 0.57343, "recall": 0.86845, "f1": 0.69076, "auc": 0.94135, "accuracy-SBM": 0.86499}
{"epoch": 57, "time_epoch": 28.65859, "eta": 1185.93953, "eta_hours": 0.32943, "loss": 0.08972714, "lr": 0.00021293, "params": 337201, "time_iter": 0.09156, "accuracy": 0.8623, "precision": 0.57248, "recall": 0.86844, "f1": 0.69007, "auc": 0.94125, "accuracy-SBM": 0.86471}
{"epoch": 58, "time_epoch": 27.64369, "eta": 1157.29082, "eta_hours": 0.32147, "loss": 0.08953665, "lr": 0.00020478, "params": 337201, "time_iter": 0.08832, "accuracy": 0.86304, "precision": 0.57405, "recall": 0.86854, "f1": 0.69124, "auc": 0.94144, "accuracy-SBM": 0.8652}
{"epoch": 59, "time_epoch": 27.73552, "eta": 1128.73682, "eta_hours": 0.31354, "loss": 0.0895684, "lr": 0.00019668, "params": 337201, "time_iter": 0.08861, "accuracy": 0.86295, "precision": 0.57388, "recall": 0.86831, "f1": 0.69104, "auc": 0.94141, "accuracy-SBM": 0.86505}
{"epoch": 60, "time_epoch": 27.80591, "eta": 1100.25466, "eta_hours": 0.30563, "loss": 0.08943206, "lr": 0.00018863, "params": 337201, "time_iter": 0.08884, "accuracy": 0.86305, "precision": 0.57405, "recall": 0.86891, "f1": 0.69136, "auc": 0.94163, "accuracy-SBM": 0.86536}
{"epoch": 61, "time_epoch": 29.30203, "eta": 1072.7113, "eta_hours": 0.29798, "loss": 0.08940047, "lr": 0.00018065, "params": 337201, "time_iter": 0.09362, "accuracy": 0.86314, "precision": 0.57433, "recall": 0.86786, "f1": 0.69122, "auc": 0.94171, "accuracy-SBM": 0.86499}
{"epoch": 62, "time_epoch": 32.58164, "eta": 1047.03822, "eta_hours": 0.29084, "loss": 0.08932528, "lr": 0.00017275, "params": 337201, "time_iter": 0.10409, "accuracy": 0.86307, "precision": 0.57415, "recall": 0.8683, "f1": 0.69124, "auc": 0.94175, "accuracy-SBM": 0.86513}
{"epoch": 63, "time_epoch": 28.65182, "eta": 1018.93873, "eta_hours": 0.28304, "loss": 0.08927164, "lr": 0.00016493, "params": 337201, "time_iter": 0.09154, "accuracy": 0.86352, "precision": 0.57505, "recall": 0.86885, "f1": 0.69206, "auc": 0.94184, "accuracy-SBM": 0.86561}
{"epoch": 64, "time_epoch": 33.26037, "eta": 993.30377, "eta_hours": 0.27592, "loss": 0.08925167, "lr": 0.0001572, "params": 337201, "time_iter": 0.10626, "accuracy": 0.86331, "precision": 0.5746, "recall": 0.8689, "f1": 0.69175, "auc": 0.94187, "accuracy-SBM": 0.86551}
{"epoch": 65, "time_epoch": 29.94226, "eta": 965.72841, "eta_hours": 0.26826, "loss": 0.08912393, "lr": 0.00014958, "params": 337201, "time_iter": 0.09566, "accuracy": 0.86327, "precision": 0.57449, "recall": 0.86927, "f1": 0.69178, "auc": 0.94203, "accuracy-SBM": 0.86563}
{"epoch": 66, "time_epoch": 27.65938, "eta": 936.95799, "eta_hours": 0.26027, "loss": 0.08914899, "lr": 0.00014206, "params": 337201, "time_iter": 0.08837, "accuracy": 0.86328, "precision": 0.57449, "recall": 0.86948, "f1": 0.69185, "auc": 0.94196, "accuracy-SBM": 0.86572}
{"epoch": 67, "time_epoch": 32.09195, "eta": 910.30616, "eta_hours": 0.25286, "loss": 0.08905969, "lr": 0.00013466, "params": 337201, "time_iter": 0.10253, "accuracy": 0.86374, "precision": 0.57549, "recall": 0.86932, "f1": 0.69253, "auc": 0.94213, "accuracy-SBM": 0.86593}
{"epoch": 68, "time_epoch": 33.37965, "eta": 884.07518, "eta_hours": 0.24558, "loss": 0.08895775, "lr": 0.00012739, "params": 337201, "time_iter": 0.10664, "accuracy": 0.86313, "precision": 0.57411, "recall": 0.86994, "f1": 0.69172, "auc": 0.94221, "accuracy-SBM": 0.8658}
{"epoch": 69, "time_epoch": 34.82834, "eta": 858.26082, "eta_hours": 0.23841, "loss": 0.08886631, "lr": 0.00012026, "params": 337201, "time_iter": 0.11127, "accuracy": 0.86414, "precision": 0.57634, "recall": 0.86949, "f1": 0.6932, "auc": 0.94238, "accuracy-SBM": 0.86625}
{"epoch": 70, "time_epoch": 29.22049, "eta": 829.90202, "eta_hours": 0.23053, "loss": 0.08895544, "lr": 0.00011326, "params": 337201, "time_iter": 0.09336, "accuracy": 0.86323, "precision": 0.57433, "recall": 0.86994, "f1": 0.69188, "auc": 0.94224, "accuracy-SBM": 0.86587}
{"epoch": 71, "time_epoch": 29.40012, "eta": 801.58913, "eta_hours": 0.22266, "loss": 0.08882833, "lr": 0.00010642, "params": 337201, "time_iter": 0.09393, "accuracy": 0.8636, "precision": 0.57507, "recall": 0.8704, "f1": 0.69257, "auc": 0.94243, "accuracy-SBM": 0.86627}
{"epoch": 72, "time_epoch": 29.86072, "eta": 773.41682, "eta_hours": 0.21484, "loss": 0.08884366, "lr": 9.973e-05, "params": 337201, "time_iter": 0.0954, "accuracy": 0.8632, "precision": 0.5742, "recall": 0.87075, "f1": 0.69204, "auc": 0.9424, "accuracy-SBM": 0.86617}
{"epoch": 73, "time_epoch": 32.0346, "eta": 745.96267, "eta_hours": 0.20721, "loss": 0.08881054, "lr": 9.321e-05, "params": 337201, "time_iter": 0.10235, "accuracy": 0.86346, "precision": 0.5748, "recall": 0.87022, "f1": 0.69231, "auc": 0.9424, "accuracy-SBM": 0.86612}
{"epoch": 74, "time_epoch": 29.48907, "eta": 717.53786, "eta_hours": 0.19932, "loss": 0.08868377, "lr": 8.685e-05, "params": 337201, "time_iter": 0.09421, "accuracy": 0.86358, "precision": 0.57507, "recall": 0.87015, "f1": 0.69248, "auc": 0.9426, "accuracy-SBM": 0.86616}
{"epoch": 75, "time_epoch": 30.21972, "eta": 689.31578, "eta_hours": 0.19148, "loss": 0.08873265, "lr": 8.068e-05, "params": 337201, "time_iter": 0.09655, "accuracy": 0.86408, "precision": 0.5762, "recall": 0.86951, "f1": 0.6931, "auc": 0.94249, "accuracy-SBM": 0.86621}
{"epoch": 76, "time_epoch": 30.73938, "eta": 661.19703, "eta_hours": 0.18367, "loss": 0.08860005, "lr": 7.469e-05, "params": 337201, "time_iter": 0.09821, "accuracy": 0.86396, "precision": 0.57585, "recall": 0.8704, "f1": 0.69313, "auc": 0.94271, "accuracy-SBM": 0.86649}
{"epoch": 77, "time_epoch": 30.68419, "eta": 632.99553, "eta_hours": 0.17583, "loss": 0.08851267, "lr": 6.889e-05, "params": 337201, "time_iter": 0.09803, "accuracy": 0.86408, "precision": 0.57612, "recall": 0.87025, "f1": 0.69328, "auc": 0.94279, "accuracy-SBM": 0.8665}
{"epoch": 78, "time_epoch": 29.02386, "eta": 604.28981, "eta_hours": 0.16786, "loss": 0.08853468, "lr": 6.329e-05, "params": 337201, "time_iter": 0.09273, "accuracy": 0.86374, "precision": 0.57535, "recall": 0.8708, "f1": 0.69289, "auc": 0.94278, "accuracy-SBM": 0.86651}
{"epoch": 79, "time_epoch": 30.4, "eta": 575.92018, "eta_hours": 0.15998, "loss": 0.08853702, "lr": 5.79e-05, "params": 337201, "time_iter": 0.09712, "accuracy": 0.86418, "precision": 0.57628, "recall": 0.87079, "f1": 0.69357, "auc": 0.94274, "accuracy-SBM": 0.86677}
{"epoch": 80, "time_epoch": 32.30378, "eta": 547.94698, "eta_hours": 0.15221, "loss": 0.088491, "lr": 5.271e-05, "params": 337201, "time_iter": 0.10321, "accuracy": 0.86395, "precision": 0.57579, "recall": 0.87089, "f1": 0.69324, "auc": 0.94283, "accuracy-SBM": 0.86668}
{"epoch": 81, "time_epoch": 29.79728, "eta": 519.31795, "eta_hours": 0.14425, "loss": 0.08845139, "lr": 4.775e-05, "params": 337201, "time_iter": 0.0952, "accuracy": 0.86408, "precision": 0.57607, "recall": 0.87092, "f1": 0.69346, "auc": 0.94287, "accuracy-SBM": 0.86677}
{"epoch": 82, "time_epoch": 30.86366, "eta": 490.87919, "eta_hours": 0.13636, "loss": 0.08839448, "lr": 4.3e-05, "params": 337201, "time_iter": 0.09861, "accuracy": 0.86349, "precision": 0.57472, "recall": 0.87173, "f1": 0.69273, "auc": 0.94297, "accuracy-SBM": 0.86673}
{"epoch": 83, "time_epoch": 31.47826, "eta": 462.49975, "eta_hours": 0.12847, "loss": 0.08833581, "lr": 3.848e-05, "params": 337201, "time_iter": 0.10057, "accuracy": 0.86394, "precision": 0.57571, "recall": 0.87141, "f1": 0.69335, "auc": 0.94304, "accuracy-SBM": 0.86687}
{"epoch": 84, "time_epoch": 29.91863, "eta": 433.77218, "eta_hours": 0.12049, "loss": 0.08830091, "lr": 3.419e-05, "params": 337201, "time_iter": 0.09559, "accuracy": 0.86385, "precision": 0.57552, "recall": 0.87146, "f1": 0.69322, "auc": 0.94309, "accuracy-SBM": 0.86684}
{"epoch": 85, "time_epoch": 30.50006, "eta": 405.11155, "eta_hours": 0.11253, "loss": 0.08828558, "lr": 3.013e-05, "params": 337201, "time_iter": 0.09744, "accuracy": 0.86437, "precision": 0.57667, "recall": 0.87106, "f1": 0.69393, "auc": 0.94311, "accuracy-SBM": 0.867}
{"epoch": 86, "time_epoch": 29.16203, "eta": 376.20871, "eta_hours": 0.1045, "loss": 0.08820797, "lr": 2.632e-05, "params": 337201, "time_iter": 0.09317, "accuracy": 0.86415, "precision": 0.57611, "recall": 0.87196, "f1": 0.69381, "auc": 0.94322, "accuracy-SBM": 0.86722}
{"epoch": 87, "time_epoch": 29.54687, "eta": 347.35245, "eta_hours": 0.09649, "loss": 0.08822814, "lr": 2.275e-05, "params": 337201, "time_iter": 0.0944, "accuracy": 0.86441, "precision": 0.57677, "recall": 0.87103, "f1": 0.69399, "auc": 0.94316, "accuracy-SBM": 0.86701}
{"epoch": 88, "time_epoch": 30.01776, "eta": 318.53887, "eta_hours": 0.08848, "loss": 0.08821237, "lr": 1.943e-05, "params": 337201, "time_iter": 0.0959, "accuracy": 0.86424, "precision": 0.57628, "recall": 0.8722, "f1": 0.69401, "auc": 0.94321, "accuracy-SBM": 0.86737}
{"epoch": 89, "time_epoch": 29.67731, "eta": 289.66071, "eta_hours": 0.08046, "loss": 0.0882295, "lr": 1.636e-05, "params": 337201, "time_iter": 0.09482, "accuracy": 0.86448, "precision": 0.57691, "recall": 0.87107, "f1": 0.69411, "auc": 0.9432, "accuracy-SBM": 0.86707}
{"epoch": 90, "time_epoch": 30.19065, "eta": 260.81575, "eta_hours": 0.07245, "loss": 0.08816027, "lr": 1.355e-05, "params": 337201, "time_iter": 0.09646, "accuracy": 0.86426, "precision": 0.57638, "recall": 0.87164, "f1": 0.6939, "auc": 0.94325, "accuracy-SBM": 0.86716}
{"epoch": 91, "time_epoch": 28.96021, "eta": 231.83454, "eta_hours": 0.0644, "loss": 0.0881661, "lr": 1.099e-05, "params": 337201, "time_iter": 0.09252, "accuracy": 0.86374, "precision": 0.57525, "recall": 0.87178, "f1": 0.69313, "auc": 0.94324, "accuracy-SBM": 0.8669}
{"epoch": 92, "time_epoch": 29.63925, "eta": 202.9049, "eta_hours": 0.05636, "loss": 0.08820004, "lr": 8.7e-06, "params": 337201, "time_iter": 0.09469, "accuracy": 0.86443, "precision": 0.57681, "recall": 0.87106, "f1": 0.69404, "auc": 0.94321, "accuracy-SBM": 0.86704}
{"epoch": 93, "time_epoch": 30.64394, "eta": 174.02428, "eta_hours": 0.04834, "loss": 0.08810853, "lr": 6.67e-06, "params": 337201, "time_iter": 0.0979, "accuracy": 0.86448, "precision": 0.57682, "recall": 0.872, "f1": 0.69434, "auc": 0.94335, "accuracy-SBM": 0.86743}
{"epoch": 94, "time_epoch": 30.21798, "eta": 145.08413, "eta_hours": 0.0403, "loss": 0.08818896, "lr": 4.91e-06, "params": 337201, "time_iter": 0.09654, "accuracy": 0.86439, "precision": 0.57669, "recall": 0.87137, "f1": 0.69405, "auc": 0.9432, "accuracy-SBM": 0.86713}
{"epoch": 95, "time_epoch": 30.86332, "eta": 116.14424, "eta_hours": 0.03226, "loss": 0.08801545, "lr": 3.41e-06, "params": 337201, "time_iter": 0.0986, "accuracy": 0.86459, "precision": 0.57706, "recall": 0.87187, "f1": 0.69448, "auc": 0.94349, "accuracy-SBM": 0.86745}
{"epoch": 96, "time_epoch": 31.30828, "eta": 87.17845, "eta_hours": 0.02422, "loss": 0.08802377, "lr": 2.18e-06, "params": 337201, "time_iter": 0.10003, "accuracy": 0.86449, "precision": 0.57689, "recall": 0.87156, "f1": 0.69425, "auc": 0.94345, "accuracy-SBM": 0.86727}
{"epoch": 97, "time_epoch": 29.75489, "eta": 58.13316, "eta_hours": 0.01615, "loss": 0.08807905, "lr": 1.23e-06, "params": 337201, "time_iter": 0.09506, "accuracy": 0.86429, "precision": 0.5765, "recall": 0.87115, "f1": 0.69384, "auc": 0.94334, "accuracy-SBM": 0.86699}
{"epoch": 98, "time_epoch": 30.06534, "eta": 29.07667, "eta_hours": 0.00808, "loss": 0.08806869, "lr": 5.5e-07, "params": 337201, "time_iter": 0.09606, "accuracy": 0.86456, "precision": 0.57703, "recall": 0.87165, "f1": 0.69438, "auc": 0.94342, "accuracy-SBM": 0.86735}
{"epoch": 99, "time_epoch": 29.56464, "eta": 0.0, "eta_hours": 0.0, "loss": 0.0880218, "lr": 1.4e-07, "params": 337201, "time_iter": 0.09446, "accuracy": 0.86474, "precision": 0.57743, "recall": 0.87149, "f1": 0.69462, "auc": 0.94345, "accuracy-SBM": 0.86739}
