{"epoch": 0, "time_epoch": 29.5231, "eta": 2922.78663, "eta_hours": 0.81189, "loss": 0.20270203, "lr": 0.0, "params": 337201, "time_iter": 0.09432, "accuracy": 0.17652, "precision": 0.17652, "recall": 1.0, "f1": 0.30007, "auc": 0.49276, "accuracy-SBM": 0.5}
{"epoch": 1, "time_epoch": 26.22886, "eta": 2731.84598, "eta_hours": 0.75885, "loss": 0.17988186, "lr": 0.0001, "params": 337201, "time_iter": 0.0838, "accuracy": 0.64774, "precision": 0.31017, "recall": 0.8134, "f1": 0.44909, "auc": 0.79679, "accuracy-SBM": 0.71282}
{"epoch": 2, "time_epoch": 26.55305, "eta": 2661.19528, "eta_hours": 0.73922, "loss": 0.15104644, "lr": 0.0002, "params": 337201, "time_iter": 0.08483, "accuracy": 0.82815, "precision": 0.50826, "recall": 0.81336, "f1": 0.62559, "auc": 0.86927, "accuracy-SBM": 0.82234}
{"epoch": 3, "time_epoch": 26.43972, "eta": 2609.87347, "eta_hours": 0.72496, "loss": 0.13278704, "lr": 0.0003, "params": 337201, "time_iter": 0.08447, "accuracy": 0.8407, "precision": 0.53124, "recall": 0.82936, "f1": 0.64764, "auc": 0.89531, "accuracy-SBM": 0.83624}
{"epoch": 4, "time_epoch": 26.26553, "eta": 2565.19492, "eta_hours": 0.71255, "loss": 0.12070118, "lr": 0.0004, "params": 337201, "time_iter": 0.08392, "accuracy": 0.8444, "precision": 0.53838, "recall": 0.83091, "f1": 0.6534, "auc": 0.90729, "accuracy-SBM": 0.8391}
{"epoch": 5, "time_epoch": 26.50308, "eta": 2530.3756, "eta_hours": 0.70288, "loss": 0.11294036, "lr": 0.0005, "params": 337201, "time_iter": 0.08467, "accuracy": 0.8458, "precision": 0.54092, "recall": 0.83563, "f1": 0.65672, "auc": 0.91499, "accuracy-SBM": 0.8418}
{"epoch": 6, "time_epoch": 26.44669, "eta": 2497.1832, "eta_hours": 0.69366, "loss": 0.106881, "lr": 0.00049986, "params": 337201, "time_iter": 0.08449, "accuracy": 0.84969, "precision": 0.54834, "recall": 0.84205, "f1": 0.66417, "auc": 0.92164, "accuracy-SBM": 0.84669}
{"epoch": 7, "time_epoch": 26.2023, "eta": 2462.86678, "eta_hours": 0.68413, "loss": 0.10359056, "lr": 0.00049945, "params": 337201, "time_iter": 0.08371, "accuracy": 0.851, "precision": 0.55077, "recall": 0.84559, "f1": 0.66705, "auc": 0.92518, "accuracy-SBM": 0.84887}
{"epoch": 8, "time_epoch": 26.57829, "eta": 2434.15514, "eta_hours": 0.67615, "loss": 0.10139107, "lr": 0.00049877, "params": 337201, "time_iter": 0.08491, "accuracy": 0.85155, "precision": 0.55177, "recall": 0.84735, "f1": 0.66834, "auc": 0.92752, "accuracy-SBM": 0.8499}
{"epoch": 9, "time_epoch": 26.29608, "eta": 2403.33029, "eta_hours": 0.66759, "loss": 0.099801, "lr": 0.00049782, "params": 337201, "time_iter": 0.08401, "accuracy": 0.85276, "precision": 0.55404, "recall": 0.85012, "f1": 0.67087, "auc": 0.92912, "accuracy-SBM": 0.85172}
{"epoch": 10, "time_epoch": 26.30538, "eta": 2373.40411, "eta_hours": 0.65928, "loss": 0.09857274, "lr": 0.00049659, "params": 337201, "time_iter": 0.08404, "accuracy": 0.85439, "precision": 0.5574, "recall": 0.85001, "f1": 0.67329, "auc": 0.93051, "accuracy-SBM": 0.85267}
{"epoch": 11, "time_epoch": 26.47335, "eta": 2345.31315, "eta_hours": 0.65148, "loss": 0.09796074, "lr": 0.00049509, "params": 337201, "time_iter": 0.08458, "accuracy": 0.85371, "precision": 0.5559, "recall": 0.85129, "f1": 0.6726, "auc": 0.93108, "accuracy-SBM": 0.85276}
{"epoch": 12, "time_epoch": 26.38266, "eta": 2316.86415, "eta_hours": 0.64357, "loss": 0.09739358, "lr": 0.00049333, "params": 337201, "time_iter": 0.08429, "accuracy": 0.8541, "precision": 0.55668, "recall": 0.8519, "f1": 0.67335, "auc": 0.93163, "accuracy-SBM": 0.85324}
{"epoch": 13, "time_epoch": 26.46675, "eta": 2289.22692, "eta_hours": 0.6359, "loss": 0.09710528, "lr": 0.0004913, "params": 337201, "time_iter": 0.08456, "accuracy": 0.85422, "precision": 0.55688, "recall": 0.85245, "f1": 0.67367, "auc": 0.93177, "accuracy-SBM": 0.85353}
{"epoch": 14, "time_epoch": 26.58691, "eta": 2262.4266, "eta_hours": 0.62845, "loss": 0.09663051, "lr": 0.00048901, "params": 337201, "time_iter": 0.08494, "accuracy": 0.85515, "precision": 0.5588, "recall": 0.85232, "f1": 0.67504, "auc": 0.9323, "accuracy-SBM": 0.85404}
{"epoch": 15, "time_epoch": 26.60304, "eta": 2235.73764, "eta_hours": 0.62104, "loss": 0.09631583, "lr": 0.00048645, "params": 337201, "time_iter": 0.08499, "accuracy": 0.85464, "precision": 0.55763, "recall": 0.85383, "f1": 0.67465, "auc": 0.93268, "accuracy-SBM": 0.85432}
{"epoch": 16, "time_epoch": 26.46194, "eta": 2208.36989, "eta_hours": 0.61344, "loss": 0.09576749, "lr": 0.00048364, "params": 337201, "time_iter": 0.08454, "accuracy": 0.85589, "precision": 0.56017, "recall": 0.85465, "f1": 0.67676, "auc": 0.93337, "accuracy-SBM": 0.8554}
{"epoch": 17, "time_epoch": 26.33948, "eta": 2180.54492, "eta_hours": 0.60571, "loss": 0.0954861, "lr": 0.00048057, "params": 337201, "time_iter": 0.08415, "accuracy": 0.8567, "precision": 0.56195, "recall": 0.85349, "f1": 0.6777, "auc": 0.9337, "accuracy-SBM": 0.85544}
{"epoch": 18, "time_epoch": 26.38578, "eta": 2153.0737, "eta_hours": 0.59808, "loss": 0.09526324, "lr": 0.00047725, "params": 337201, "time_iter": 0.0843, "accuracy": 0.85624, "precision": 0.56083, "recall": 0.85548, "f1": 0.67751, "auc": 0.93397, "accuracy-SBM": 0.85594}
{"epoch": 19, "time_epoch": 26.16449, "eta": 2124.82587, "eta_hours": 0.59023, "loss": 0.09508576, "lr": 0.00047368, "params": 337201, "time_iter": 0.08359, "accuracy": 0.8567, "precision": 0.56176, "recall": 0.85586, "f1": 0.6783, "auc": 0.93417, "accuracy-SBM": 0.85637}
{"epoch": 20, "time_epoch": 25.88087, "eta": 2095.70952, "eta_hours": 0.58214, "loss": 0.09473048, "lr": 0.00046987, "params": 337201, "time_iter": 0.08269, "accuracy": 0.85717, "precision": 0.56273, "recall": 0.85592, "f1": 0.67903, "auc": 0.93466, "accuracy-SBM": 0.85668}
{"epoch": 21, "time_epoch": 26.37885, "eta": 2068.65284, "eta_hours": 0.57463, "loss": 0.09439276, "lr": 0.00046581, "params": 337201, "time_iter": 0.08428, "accuracy": 0.85692, "precision": 0.5621, "recall": 0.85723, "f1": 0.67898, "auc": 0.93507, "accuracy-SBM": 0.85704}
{"epoch": 22, "time_epoch": 25.84747, "eta": 2039.87617, "eta_hours": 0.56663, "loss": 0.09410992, "lr": 0.00046152, "params": 337201, "time_iter": 0.08258, "accuracy": 0.85773, "precision": 0.56377, "recall": 0.85764, "f1": 0.68032, "auc": 0.93544, "accuracy-SBM": 0.85769}
{"epoch": 23, "time_epoch": 26.41401, "eta": 2013.13764, "eta_hours": 0.5592, "loss": 0.09387756, "lr": 0.000457, "params": 337201, "time_iter": 0.08439, "accuracy": 0.85825, "precision": 0.56487, "recall": 0.85761, "f1": 0.68112, "auc": 0.93569, "accuracy-SBM": 0.858}
{"epoch": 24, "time_epoch": 26.04487, "eta": 1985.31764, "eta_hours": 0.55148, "loss": 0.09372278, "lr": 0.00045225, "params": 337201, "time_iter": 0.08321, "accuracy": 0.85757, "precision": 0.56334, "recall": 0.85889, "f1": 0.68041, "auc": 0.93594, "accuracy-SBM": 0.85809}
{"epoch": 25, "time_epoch": 26.37856, "eta": 1958.58393, "eta_hours": 0.54405, "loss": 0.09335139, "lr": 0.00044729, "params": 337201, "time_iter": 0.08428, "accuracy": 0.85889, "precision": 0.56611, "recall": 0.85876, "f1": 0.68238, "auc": 0.93645, "accuracy-SBM": 0.85884}
{"epoch": 26, "time_epoch": 26.41825, "eta": 1931.98384, "eta_hours": 0.53666, "loss": 0.09327959, "lr": 0.0004421, "params": 337201, "time_iter": 0.0844, "accuracy": 0.85857, "precision": 0.56539, "recall": 0.8594, "f1": 0.68206, "auc": 0.93654, "accuracy-SBM": 0.8589}
{"epoch": 27, "time_epoch": 25.91298, "eta": 1904.09746, "eta_hours": 0.52892, "loss": 0.09317759, "lr": 0.00043671, "params": 337201, "time_iter": 0.08279, "accuracy": 0.85904, "precision": 0.56636, "recall": 0.8597, "f1": 0.68286, "auc": 0.93665, "accuracy-SBM": 0.8593}
{"epoch": 28, "time_epoch": 26.48065, "eta": 1877.73698, "eta_hours": 0.52159, "loss": 0.09299301, "lr": 0.00043111, "params": 337201, "time_iter": 0.0846, "accuracy": 0.85917, "precision": 0.5666, "recall": 0.86008, "f1": 0.68316, "auc": 0.93694, "accuracy-SBM": 0.85953}
{"epoch": 29, "time_epoch": 26.25915, "eta": 1850.85166, "eta_hours": 0.51413, "loss": 0.09287213, "lr": 0.00042531, "params": 337201, "time_iter": 0.0839, "accuracy": 0.85924, "precision": 0.5667, "recall": 0.86052, "f1": 0.68337, "auc": 0.93702, "accuracy-SBM": 0.85974}
{"epoch": 30, "time_epoch": 26.17713, "eta": 1823.82417, "eta_hours": 0.50662, "loss": 0.09259922, "lr": 0.00041932, "params": 337201, "time_iter": 0.08363, "accuracy": 0.8594, "precision": 0.56693, "recall": 0.86175, "f1": 0.68392, "auc": 0.93744, "accuracy-SBM": 0.86032}
{"epoch": 31, "time_epoch": 25.9419, "eta": 1796.34998, "eta_hours": 0.49899, "loss": 0.09241684, "lr": 0.00041315, "params": 337201, "time_iter": 0.08288, "accuracy": 0.85966, "precision": 0.56751, "recall": 0.86135, "f1": 0.68422, "auc": 0.93767, "accuracy-SBM": 0.86032}
{"epoch": 32, "time_epoch": 25.77135, "eta": 1768.62238, "eta_hours": 0.49128, "loss": 0.09235501, "lr": 0.00040679, "params": 337201, "time_iter": 0.08234, "accuracy": 0.85981, "precision": 0.56778, "recall": 0.86185, "f1": 0.68457, "auc": 0.93772, "accuracy-SBM": 0.86061}
{"epoch": 33, "time_epoch": 25.95722, "eta": 1741.37065, "eta_hours": 0.48371, "loss": 0.09225158, "lr": 0.00040027, "params": 337201, "time_iter": 0.08293, "accuracy": 0.85974, "precision": 0.56765, "recall": 0.86167, "f1": 0.68442, "auc": 0.9379, "accuracy-SBM": 0.8605}
{"epoch": 34, "time_epoch": 25.80107, "eta": 1713.90292, "eta_hours": 0.47608, "loss": 0.0921647, "lr": 0.00039358, "params": 337201, "time_iter": 0.08243, "accuracy": 0.85983, "precision": 0.56775, "recall": 0.86282, "f1": 0.68485, "auc": 0.93803, "accuracy-SBM": 0.861}
{"epoch": 35, "time_epoch": 25.88644, "eta": 1686.67953, "eta_hours": 0.46852, "loss": 0.09201438, "lr": 0.00038674, "params": 337201, "time_iter": 0.0827, "accuracy": 0.85961, "precision": 0.56724, "recall": 0.8633, "f1": 0.68464, "auc": 0.93819, "accuracy-SBM": 0.86106}
{"epoch": 36, "time_epoch": 25.79881, "eta": 1659.37921, "eta_hours": 0.46094, "loss": 0.0917754, "lr": 0.00037974, "params": 337201, "time_iter": 0.08242, "accuracy": 0.86025, "precision": 0.56859, "recall": 0.86333, "f1": 0.68563, "auc": 0.9385, "accuracy-SBM": 0.86146}
{"epoch": 37, "time_epoch": 26.06909, "eta": 1632.5989, "eta_hours": 0.4535, "loss": 0.0917593, "lr": 0.00037261, "params": 337201, "time_iter": 0.08329, "accuracy": 0.86005, "precision": 0.56813, "recall": 0.86363, "f1": 0.68539, "auc": 0.93859, "accuracy-SBM": 0.86145}
{"epoch": 38, "time_epoch": 25.89044, "eta": 1605.57564, "eta_hours": 0.44599, "loss": 0.0917307, "lr": 0.00036534, "params": 337201, "time_iter": 0.08272, "accuracy": 0.86006, "precision": 0.56818, "recall": 0.86343, "f1": 0.68536, "auc": 0.93857, "accuracy-SBM": 0.86138}
{"epoch": 39, "time_epoch": 25.8224, "eta": 1578.50695, "eta_hours": 0.43847, "loss": 0.09147986, "lr": 0.00035794, "params": 337201, "time_iter": 0.0825, "accuracy": 0.86044, "precision": 0.56889, "recall": 0.86453, "f1": 0.68623, "auc": 0.93895, "accuracy-SBM": 0.86205}
{"epoch": 40, "time_epoch": 26.1079, "eta": 1551.90991, "eta_hours": 0.43109, "loss": 0.09150185, "lr": 0.00035042, "params": 337201, "time_iter": 0.08341, "accuracy": 0.86077, "precision": 0.5696, "recall": 0.86424, "f1": 0.68665, "auc": 0.93889, "accuracy-SBM": 0.86213}
{"epoch": 41, "time_epoch": 26.28583, "eta": 1525.58188, "eta_hours": 0.42377, "loss": 0.09130936, "lr": 0.0003428, "params": 337201, "time_iter": 0.08398, "accuracy": 0.86138, "precision": 0.57096, "recall": 0.86374, "f1": 0.68748, "auc": 0.93916, "accuracy-SBM": 0.86231}
{"epoch": 42, "time_epoch": 26.01614, "eta": 1498.89831, "eta_hours": 0.41636, "loss": 0.09129247, "lr": 0.00033507, "params": 337201, "time_iter": 0.08312, "accuracy": 0.86118, "precision": 0.57046, "recall": 0.86441, "f1": 0.68733, "auc": 0.93918, "accuracy-SBM": 0.86245}
{"epoch": 43, "time_epoch": 25.9932, "eta": 1472.21588, "eta_hours": 0.40895, "loss": 0.09111407, "lr": 0.00032725, "params": 337201, "time_iter": 0.08305, "accuracy": 0.86209, "precision": 0.5725, "recall": 0.86343, "f1": 0.68849, "auc": 0.9394, "accuracy-SBM": 0.86261}
{"epoch": 44, "time_epoch": 25.53307, "eta": 1445.00169, "eta_hours": 0.40139, "loss": 0.09113515, "lr": 0.00031935, "params": 337201, "time_iter": 0.08158, "accuracy": 0.86179, "precision": 0.57185, "recall": 0.86355, "f1": 0.68806, "auc": 0.93937, "accuracy-SBM": 0.86248}
{"epoch": 45, "time_epoch": 25.67816, "eta": 1418.03093, "eta_hours": 0.3939, "loss": 0.09087314, "lr": 0.00031137, "params": 337201, "time_iter": 0.08204, "accuracy": 0.86153, "precision": 0.57116, "recall": 0.86501, "f1": 0.68802, "auc": 0.93974, "accuracy-SBM": 0.8629}
{"epoch": 46, "time_epoch": 26.02961, "eta": 1391.51149, "eta_hours": 0.38653, "loss": 0.09093408, "lr": 0.00030332, "params": 337201, "time_iter": 0.08316, "accuracy": 0.86173, "precision": 0.57164, "recall": 0.86442, "f1": 0.68819, "auc": 0.93961, "accuracy-SBM": 0.86279}
{"epoch": 47, "time_epoch": 25.5358, "eta": 1364.4775, "eta_hours": 0.37902, "loss": 0.0907686, "lr": 0.00029522, "params": 337201, "time_iter": 0.08158, "accuracy": 0.86149, "precision": 0.57105, "recall": 0.86528, "f1": 0.68803, "auc": 0.93986, "accuracy-SBM": 0.86298}
{"epoch": 48, "time_epoch": 25.71709, "eta": 1337.69334, "eta_hours": 0.37158, "loss": 0.09056624, "lr": 0.00028707, "params": 337201, "time_iter": 0.08216, "accuracy": 0.86164, "precision": 0.57124, "recall": 0.86669, "f1": 0.68861, "auc": 0.94016, "accuracy-SBM": 0.86362}
{"epoch": 49, "time_epoch": 25.74758, "eta": 1310.98235, "eta_hours": 0.36416, "loss": 0.09047011, "lr": 0.00027887, "params": 337201, "time_iter": 0.08226, "accuracy": 0.86152, "precision": 0.57096, "recall": 0.86686, "f1": 0.68846, "auc": 0.94031, "accuracy-SBM": 0.86362}
{"epoch": 50, "time_epoch": 25.73285, "eta": 1284.295, "eta_hours": 0.35675, "loss": 0.09039646, "lr": 0.00027064, "params": 337201, "time_iter": 0.08221, "accuracy": 0.86176, "precision": 0.57155, "recall": 0.86615, "f1": 0.68867, "auc": 0.9404, "accuracy-SBM": 0.86349}
{"epoch": 51, "time_epoch": 26.25653, "eta": 1258.12775, "eta_hours": 0.34948, "loss": 0.09035674, "lr": 0.0002624, "params": 337201, "time_iter": 0.08389, "accuracy": 0.86238, "precision": 0.57288, "recall": 0.86613, "f1": 0.68962, "auc": 0.94043, "accuracy-SBM": 0.86385}
{"epoch": 52, "time_epoch": 26.3199, "eta": 1232.01333, "eta_hours": 0.34223, "loss": 0.09023706, "lr": 0.00025413, "params": 337201, "time_iter": 0.08409, "accuracy": 0.86166, "precision": 0.57124, "recall": 0.86721, "f1": 0.68877, "auc": 0.94057, "accuracy-SBM": 0.86384}
{"epoch": 53, "time_epoch": 26.17654, "eta": 1205.76918, "eta_hours": 0.33494, "loss": 0.09012085, "lr": 0.00024587, "params": 337201, "time_iter": 0.08363, "accuracy": 0.86166, "precision": 0.57119, "recall": 0.86776, "f1": 0.68891, "auc": 0.94069, "accuracy-SBM": 0.86406}
{"epoch": 54, "time_epoch": 26.22755, "eta": 1179.56922, "eta_hours": 0.32766, "loss": 0.09010889, "lr": 0.0002376, "params": 337201, "time_iter": 0.08379, "accuracy": 0.86237, "precision": 0.57274, "recall": 0.86734, "f1": 0.68991, "auc": 0.94072, "accuracy-SBM": 0.86432}
{"epoch": 55, "time_epoch": 26.16077, "eta": 1153.3158, "eta_hours": 0.32037, "loss": 0.09004828, "lr": 0.00022936, "params": 337201, "time_iter": 0.08358, "accuracy": 0.86217, "precision": 0.57226, "recall": 0.86784, "f1": 0.68972, "auc": 0.94085, "accuracy-SBM": 0.8644}
{"epoch": 56, "time_epoch": 25.93742, "eta": 1126.89715, "eta_hours": 0.31303, "loss": 0.09014482, "lr": 0.00022113, "params": 337201, "time_iter": 0.08287, "accuracy": 0.86221, "precision": 0.57237, "recall": 0.86772, "f1": 0.68976, "auc": 0.94075, "accuracy-SBM": 0.86438}
{"epoch": 57, "time_epoch": 26.08425, "eta": 1100.60142, "eta_hours": 0.30572, "loss": 0.08983184, "lr": 0.00021293, "params": 337201, "time_iter": 0.08334, "accuracy": 0.86227, "precision": 0.57241, "recall": 0.86857, "f1": 0.69006, "auc": 0.94111, "accuracy-SBM": 0.86475}
{"epoch": 58, "time_epoch": 25.98207, "eta": 1074.24184, "eta_hours": 0.2984, "loss": 0.08974286, "lr": 0.00020478, "params": 337201, "time_iter": 0.08301, "accuracy": 0.86284, "precision": 0.57363, "recall": 0.86838, "f1": 0.69088, "auc": 0.94121, "accuracy-SBM": 0.86501}
{"epoch": 59, "time_epoch": 25.86137, "eta": 1047.81439, "eta_hours": 0.29106, "loss": 0.08988526, "lr": 0.00019668, "params": 337201, "time_iter": 0.08262, "accuracy": 0.86303, "precision": 0.57417, "recall": 0.86722, "f1": 0.6909, "auc": 0.94107, "accuracy-SBM": 0.86468}
{"epoch": 60, "time_epoch": 25.95706, "eta": 1021.46667, "eta_hours": 0.28374, "loss": 0.08974527, "lr": 0.00018863, "params": 337201, "time_iter": 0.08293, "accuracy": 0.86228, "precision": 0.5724, "recall": 0.86879, "f1": 0.69012, "auc": 0.94123, "accuracy-SBM": 0.86483}
{"epoch": 61, "time_epoch": 26.02144, "eta": 995.17102, "eta_hours": 0.27644, "loss": 0.08971356, "lr": 0.00018065, "params": 337201, "time_iter": 0.08314, "accuracy": 0.8628, "precision": 0.5736, "recall": 0.86806, "f1": 0.69076, "auc": 0.94128, "accuracy-SBM": 0.86487}
{"epoch": 62, "time_epoch": 25.89889, "eta": 968.81209, "eta_hours": 0.26911, "loss": 0.08947228, "lr": 0.00017275, "params": 337201, "time_iter": 0.08274, "accuracy": 0.86286, "precision": 0.57366, "recall": 0.86858, "f1": 0.69097, "auc": 0.9416, "accuracy-SBM": 0.8651}
{"epoch": 63, "time_epoch": 26.12051, "eta": 942.59221, "eta_hours": 0.26183, "loss": 0.08951277, "lr": 0.00016493, "params": 337201, "time_iter": 0.08345, "accuracy": 0.8628, "precision": 0.57358, "recall": 0.86827, "f1": 0.69081, "auc": 0.94152, "accuracy-SBM": 0.86495}
{"epoch": 64, "time_epoch": 26.0868, "eta": 916.35723, "eta_hours": 0.25454, "loss": 0.08946683, "lr": 0.0001572, "params": 337201, "time_iter": 0.08334, "accuracy": 0.86265, "precision": 0.5732, "recall": 0.86881, "f1": 0.69071, "auc": 0.94158, "accuracy-SBM": 0.86507}
{"epoch": 65, "time_epoch": 25.91107, "eta": 890.03621, "eta_hours": 0.24723, "loss": 0.08942406, "lr": 0.00014958, "params": 337201, "time_iter": 0.08278, "accuracy": 0.8629, "precision": 0.57373, "recall": 0.86892, "f1": 0.69112, "auc": 0.94165, "accuracy-SBM": 0.86527}
{"epoch": 66, "time_epoch": 25.97662, "eta": 863.75972, "eta_hours": 0.23993, "loss": 0.08933782, "lr": 0.00014206, "params": 337201, "time_iter": 0.08299, "accuracy": 0.86309, "precision": 0.57413, "recall": 0.86901, "f1": 0.69144, "auc": 0.94179, "accuracy-SBM": 0.86542}
{"epoch": 67, "time_epoch": 25.9058, "eta": 837.45872, "eta_hours": 0.23263, "loss": 0.0893036, "lr": 0.00013466, "params": 337201, "time_iter": 0.08277, "accuracy": 0.86315, "precision": 0.57422, "recall": 0.86934, "f1": 0.69162, "auc": 0.94177, "accuracy-SBM": 0.86558}
{"epoch": 68, "time_epoch": 26.21804, "eta": 811.30946, "eta_hours": 0.22536, "loss": 0.08920523, "lr": 0.00012739, "params": 337201, "time_iter": 0.08376, "accuracy": 0.86281, "precision": 0.57345, "recall": 0.86969, "f1": 0.69116, "auc": 0.94192, "accuracy-SBM": 0.86551}
{"epoch": 69, "time_epoch": 25.99754, "eta": 785.06373, "eta_hours": 0.21807, "loss": 0.08916147, "lr": 0.00012026, "params": 337201, "time_iter": 0.08306, "accuracy": 0.86325, "precision": 0.57445, "recall": 0.86924, "f1": 0.69175, "auc": 0.942, "accuracy-SBM": 0.8656}
{"epoch": 70, "time_epoch": 26.0931, "eta": 758.86402, "eta_hours": 0.2108, "loss": 0.08919742, "lr": 0.00011326, "params": 337201, "time_iter": 0.08336, "accuracy": 0.86333, "precision": 0.5746, "recall": 0.86938, "f1": 0.6919, "auc": 0.94193, "accuracy-SBM": 0.86571}
{"epoch": 71, "time_epoch": 25.9979, "eta": 732.63025, "eta_hours": 0.20351, "loss": 0.08898285, "lr": 0.00010642, "params": 337201, "time_iter": 0.08306, "accuracy": 0.86334, "precision": 0.57448, "recall": 0.87069, "f1": 0.69223, "auc": 0.94226, "accuracy-SBM": 0.86622}
{"epoch": 72, "time_epoch": 25.91817, "eta": 706.37346, "eta_hours": 0.19621, "loss": 0.08894453, "lr": 9.973e-05, "params": 337201, "time_iter": 0.08281, "accuracy": 0.86336, "precision": 0.57456, "recall": 0.87046, "f1": 0.69222, "auc": 0.94227, "accuracy-SBM": 0.86615}
{"epoch": 73, "time_epoch": 26.07611, "eta": 680.18131, "eta_hours": 0.18894, "loss": 0.08900096, "lr": 9.321e-05, "params": 337201, "time_iter": 0.08331, "accuracy": 0.86375, "precision": 0.57551, "recall": 0.86938, "f1": 0.69256, "auc": 0.94218, "accuracy-SBM": 0.86596}
{"epoch": 74, "time_epoch": 25.91134, "eta": 653.93733, "eta_hours": 0.18165, "loss": 0.08888753, "lr": 8.685e-05, "params": 337201, "time_iter": 0.08278, "accuracy": 0.86349, "precision": 0.57487, "recall": 0.87021, "f1": 0.69236, "auc": 0.94237, "accuracy-SBM": 0.86613}
{"epoch": 75, "time_epoch": 25.951, "eta": 627.71463, "eta_hours": 0.17437, "loss": 0.08886169, "lr": 8.068e-05, "params": 337201, "time_iter": 0.08291, "accuracy": 0.86364, "precision": 0.57515, "recall": 0.87044, "f1": 0.69264, "auc": 0.94235, "accuracy-SBM": 0.86631}
{"epoch": 76, "time_epoch": 25.80413, "eta": 601.45511, "eta_hours": 0.16707, "loss": 0.08876812, "lr": 7.469e-05, "params": 337201, "time_iter": 0.08244, "accuracy": 0.86371, "precision": 0.57532, "recall": 0.8704, "f1": 0.69275, "auc": 0.94252, "accuracy-SBM": 0.86634}
{"epoch": 77, "time_epoch": 25.51578, "eta": 575.12595, "eta_hours": 0.15976, "loss": 0.08882373, "lr": 6.889e-05, "params": 337201, "time_iter": 0.08152, "accuracy": 0.86369, "precision": 0.57528, "recall": 0.87028, "f1": 0.69268, "auc": 0.94245, "accuracy-SBM": 0.86628}
{"epoch": 78, "time_epoch": 26.3598, "eta": 549.04173, "eta_hours": 0.15251, "loss": 0.08869265, "lr": 6.329e-05, "params": 337201, "time_iter": 0.08422, "accuracy": 0.86358, "precision": 0.57497, "recall": 0.87103, "f1": 0.69269, "auc": 0.94263, "accuracy-SBM": 0.86651}
{"epoch": 79, "time_epoch": 25.89731, "eta": 522.835, "eta_hours": 0.14523, "loss": 0.08867945, "lr": 5.79e-05, "params": 337201, "time_iter": 0.08274, "accuracy": 0.8641, "precision": 0.57612, "recall": 0.87069, "f1": 0.69342, "auc": 0.94259, "accuracy-SBM": 0.86668}
{"epoch": 80, "time_epoch": 26.11768, "eta": 496.6876, "eta_hours": 0.13797, "loss": 0.08857792, "lr": 5.271e-05, "params": 337201, "time_iter": 0.08344, "accuracy": 0.86386, "precision": 0.57559, "recall": 0.87095, "f1": 0.69311, "auc": 0.94272, "accuracy-SBM": 0.86665}
{"epoch": 81, "time_epoch": 25.96078, "eta": 470.50649, "eta_hours": 0.1307, "loss": 0.08860605, "lr": 4.775e-05, "params": 337201, "time_iter": 0.08294, "accuracy": 0.86378, "precision": 0.57544, "recall": 0.8708, "f1": 0.69296, "auc": 0.94272, "accuracy-SBM": 0.86654}
{"epoch": 82, "time_epoch": 25.98456, "eta": 444.33556, "eta_hours": 0.12343, "loss": 0.08854466, "lr": 4.3e-05, "params": 337201, "time_iter": 0.08302, "accuracy": 0.86388, "precision": 0.57559, "recall": 0.87131, "f1": 0.69323, "auc": 0.9428, "accuracy-SBM": 0.8668}
{"epoch": 83, "time_epoch": 25.76125, "eta": 418.12653, "eta_hours": 0.11615, "loss": 0.08848827, "lr": 3.848e-05, "params": 337201, "time_iter": 0.0823, "accuracy": 0.864, "precision": 0.57586, "recall": 0.87131, "f1": 0.69342, "auc": 0.94291, "accuracy-SBM": 0.86687}
{"epoch": 84, "time_epoch": 26.18326, "eta": 392.00251, "eta_hours": 0.10889, "loss": 0.08846703, "lr": 3.419e-05, "params": 337201, "time_iter": 0.08365, "accuracy": 0.86373, "precision": 0.57524, "recall": 0.87165, "f1": 0.69308, "auc": 0.94292, "accuracy-SBM": 0.86684}
{"epoch": 85, "time_epoch": 25.99372, "eta": 365.84625, "eta_hours": 0.10162, "loss": 0.08842272, "lr": 3.013e-05, "params": 337201, "time_iter": 0.08305, "accuracy": 0.86399, "precision": 0.57587, "recall": 0.87101, "f1": 0.69333, "auc": 0.94289, "accuracy-SBM": 0.86675}
{"epoch": 86, "time_epoch": 25.97116, "eta": 339.69036, "eta_hours": 0.09436, "loss": 0.08842566, "lr": 2.632e-05, "params": 337201, "time_iter": 0.08297, "accuracy": 0.86434, "precision": 0.57658, "recall": 0.87128, "f1": 0.69394, "auc": 0.94296, "accuracy-SBM": 0.86706}
{"epoch": 87, "time_epoch": 25.6211, "eta": 313.49093, "eta_hours": 0.08708, "loss": 0.08842852, "lr": 2.275e-05, "params": 337201, "time_iter": 0.08186, "accuracy": 0.86398, "precision": 0.57582, "recall": 0.87126, "f1": 0.69338, "auc": 0.94292, "accuracy-SBM": 0.86684}
{"epoch": 88, "time_epoch": 26.10417, "eta": 287.36421, "eta_hours": 0.07982, "loss": 0.08838868, "lr": 1.943e-05, "params": 337201, "time_iter": 0.0834, "accuracy": 0.86428, "precision": 0.57648, "recall": 0.87102, "f1": 0.69378, "auc": 0.943, "accuracy-SBM": 0.86693}
{"epoch": 89, "time_epoch": 25.86405, "eta": 261.2113, "eta_hours": 0.07256, "loss": 0.08832501, "lr": 1.636e-05, "params": 337201, "time_iter": 0.08263, "accuracy": 0.86455, "precision": 0.57705, "recall": 0.87107, "f1": 0.69421, "auc": 0.9431, "accuracy-SBM": 0.86711}
{"epoch": 90, "time_epoch": 26.3813, "eta": 235.1159, "eta_hours": 0.06531, "loss": 0.08825191, "lr": 1.355e-05, "params": 337201, "time_iter": 0.08429, "accuracy": 0.86441, "precision": 0.57675, "recall": 0.87129, "f1": 0.69406, "auc": 0.94317, "accuracy-SBM": 0.86712}
{"epoch": 91, "time_epoch": 26.21213, "eta": 208.99958, "eta_hours": 0.05806, "loss": 0.08828845, "lr": 1.099e-05, "params": 337201, "time_iter": 0.08374, "accuracy": 0.86451, "precision": 0.57696, "recall": 0.87116, "f1": 0.69418, "auc": 0.94312, "accuracy-SBM": 0.86712}
{"epoch": 92, "time_epoch": 25.52454, "eta": 182.82944, "eta_hours": 0.05079, "loss": 0.08826011, "lr": 8.7e-06, "params": 337201, "time_iter": 0.08155, "accuracy": 0.86425, "precision": 0.57637, "recall": 0.87154, "f1": 0.69387, "auc": 0.94315, "accuracy-SBM": 0.86711}
{"epoch": 93, "time_epoch": 26.50828, "eta": 156.73583, "eta_hours": 0.04354, "loss": 0.08814523, "lr": 6.67e-06, "params": 337201, "time_iter": 0.08469, "accuracy": 0.86423, "precision": 0.57627, "recall": 0.87207, "f1": 0.69397, "auc": 0.94333, "accuracy-SBM": 0.86731}
{"epoch": 94, "time_epoch": 25.92953, "eta": 130.60303, "eta_hours": 0.03628, "loss": 0.08826051, "lr": 4.91e-06, "params": 337201, "time_iter": 0.08284, "accuracy": 0.86466, "precision": 0.57731, "recall": 0.87088, "f1": 0.69434, "auc": 0.94317, "accuracy-SBM": 0.8671}
{"epoch": 95, "time_epoch": 25.69595, "eta": 104.46473, "eta_hours": 0.02902, "loss": 0.08821683, "lr": 3.41e-06, "params": 337201, "time_iter": 0.0821, "accuracy": 0.86451, "precision": 0.57696, "recall": 0.87136, "f1": 0.69424, "auc": 0.94322, "accuracy-SBM": 0.8672}
{"epoch": 96, "time_epoch": 25.80978, "eta": 78.33907, "eta_hours": 0.02176, "loss": 0.08825135, "lr": 2.18e-06, "params": 337201, "time_iter": 0.08246, "accuracy": 0.86435, "precision": 0.57658, "recall": 0.87152, "f1": 0.69401, "auc": 0.94317, "accuracy-SBM": 0.86716}
{"epoch": 97, "time_epoch": 26.3426, "eta": 52.23073, "eta_hours": 0.01451, "loss": 0.08820585, "lr": 1.23e-06, "params": 337201, "time_iter": 0.08416, "accuracy": 0.86455, "precision": 0.57702, "recall": 0.87143, "f1": 0.6943, "auc": 0.94323, "accuracy-SBM": 0.86725}
{"epoch": 98, "time_epoch": 26.23319, "eta": 26.11656, "eta_hours": 0.00725, "loss": 0.08820884, "lr": 5.5e-07, "params": 337201, "time_iter": 0.08381, "accuracy": 0.86443, "precision": 0.57676, "recall": 0.87139, "f1": 0.69411, "auc": 0.94322, "accuracy-SBM": 0.86716}
{"epoch": 99, "time_epoch": 25.4548, "eta": 0.0, "eta_hours": 0.0, "loss": 0.0881836, "lr": 1.4e-07, "params": 337201, "time_iter": 0.08133, "accuracy": 0.86459, "precision": 0.57712, "recall": 0.87127, "f1": 0.69433, "auc": 0.94323, "accuracy-SBM": 0.86721}
