{"epoch": 0, "time_epoch": 77.37936, "eta": 7660.55713, "eta_hours": 2.12793, "loss": 2.30724968, "lr": 0.0, "params": 115394, "time_iter": 0.02251, "accuracy": 0.10178, "f1": 0.02213, "auc": 0.48678}
{"epoch": 1, "time_epoch": 71.05688, "eta": 7273.3758, "eta_hours": 2.02038, "loss": 1.69409851, "lr": 0.0002, "params": 115394, "time_iter": 0.02067, "accuracy": 0.61285, "f1": 0.58628, "auc": 0.90576}
{"epoch": 2, "time_epoch": 70.53657, "eta": 7080.12094, "eta_hours": 1.9667, "loss": 0.74849193, "lr": 0.0004, "params": 115394, "time_iter": 0.02052, "accuracy": 0.86558, "f1": 0.8632, "auc": 0.97904}
{"epoch": 3, "time_epoch": 70.01918, "eta": 6935.80772, "eta_hours": 1.92661, "loss": 0.35224974, "lr": 0.0006, "params": 115394, "time_iter": 0.02037, "accuracy": 0.90918, "f1": 0.90823, "auc": 0.99026}
{"epoch": 4, "time_epoch": 70.17445, "eta": 6824.16241, "eta_hours": 1.8956, "loss": 0.26921137, "lr": 0.0008, "params": 115394, "time_iter": 0.02041, "accuracy": 0.92302, "f1": 0.92234, "auc": 0.9941}
{"epoch": 5, "time_epoch": 70.73618, "eta": 6735.14101, "eta_hours": 1.87087, "loss": 0.23228938, "lr": 0.001, "params": 115394, "time_iter": 0.02057, "accuracy": 0.93162, "f1": 0.93103, "auc": 0.99579}
{"epoch": 6, "time_epoch": 70.27994, "eta": 6645.28261, "eta_hours": 1.84591, "loss": 0.19035225, "lr": 0.00099973, "params": 115394, "time_iter": 0.02044, "accuracy": 0.94349, "f1": 0.94304, "auc": 0.99709}
{"epoch": 7, "time_epoch": 70.36765, "eta": 6561.32742, "eta_hours": 1.82259, "loss": 0.17137774, "lr": 0.00099891, "params": 115394, "time_iter": 0.02047, "accuracy": 0.9488, "f1": 0.9484, "auc": 0.99766}
{"epoch": 8, "time_epoch": 70.71858, "eta": 6483.93999, "eta_hours": 1.80109, "loss": 0.15106627, "lr": 0.00099754, "params": 115394, "time_iter": 0.02057, "accuracy": 0.95449, "f1": 0.95409, "auc": 0.99818}
{"epoch": 9, "time_epoch": 70.54851, "eta": 6406.35574, "eta_hours": 1.77954, "loss": 0.1395944, "lr": 0.00099563, "params": 115394, "time_iter": 0.02052, "accuracy": 0.95811, "f1": 0.95779, "auc": 0.99846}
{"epoch": 10, "time_epoch": 70.32314, "eta": 6328.22721, "eta_hours": 1.75784, "loss": 0.13007409, "lr": 0.00099318, "params": 115394, "time_iter": 0.02045, "accuracy": 0.96067, "f1": 0.96034, "auc": 0.99858}
{"epoch": 11, "time_epoch": 70.2984, "eta": 6251.21814, "eta_hours": 1.73645, "loss": 0.12211577, "lr": 0.00099019, "params": 115394, "time_iter": 0.02045, "accuracy": 0.96298, "f1": 0.9627, "auc": 0.99875}
{"epoch": 12, "time_epoch": 70.30621, "eta": 6175.29381, "eta_hours": 1.71536, "loss": 0.11713692, "lr": 0.00098666, "params": 115394, "time_iter": 0.02045, "accuracy": 0.96445, "f1": 0.96418, "auc": 0.99886}
{"epoch": 13, "time_epoch": 70.26404, "eta": 6099.913, "eta_hours": 1.69442, "loss": 0.10787669, "lr": 0.0009826, "params": 115394, "time_iter": 0.02044, "accuracy": 0.96762, "f1": 0.96735, "auc": 0.99901}
{"epoch": 14, "time_epoch": 69.95973, "eta": 6023.49, "eta_hours": 1.67319, "loss": 0.10417648, "lr": 0.00097802, "params": 115394, "time_iter": 0.02035, "accuracy": 0.9686, "f1": 0.96835, "auc": 0.99902}
{"epoch": 15, "time_epoch": 70.45243, "eta": 5950.46158, "eta_hours": 1.65291, "loss": 0.09877557, "lr": 0.00097291, "params": 115394, "time_iter": 0.02049, "accuracy": 0.96995, "f1": 0.96968, "auc": 0.9992}
{"epoch": 16, "time_epoch": 71.41687, "eta": 5882.44495, "eta_hours": 1.63401, "loss": 0.09413954, "lr": 0.00096728, "params": 115394, "time_iter": 0.02077, "accuracy": 0.97136, "f1": 0.97115, "auc": 0.99924}
{"epoch": 17, "time_epoch": 70.42348, "eta": 5809.52507, "eta_hours": 1.61376, "loss": 0.0904493, "lr": 0.00096114, "params": 115394, "time_iter": 0.02048, "accuracy": 0.97251, "f1": 0.97231, "auc": 0.99929}
{"epoch": 18, "time_epoch": 70.48303, "eta": 5737.12187, "eta_hours": 1.59364, "loss": 0.0857395, "lr": 0.0009545, "params": 115394, "time_iter": 0.0205, "accuracy": 0.97376, "f1": 0.97354, "auc": 0.99937}
{"epoch": 19, "time_epoch": 71.06711, "eta": 5667.24698, "eta_hours": 1.57424, "loss": 0.08297546, "lr": 0.00094736, "params": 115394, "time_iter": 0.02067, "accuracy": 0.97516, "f1": 0.97499, "auc": 0.9994}
{"epoch": 20, "time_epoch": 70.38066, "eta": 5594.6762, "eta_hours": 1.55408, "loss": 0.08116742, "lr": 0.00093974, "params": 115394, "time_iter": 0.02047, "accuracy": 0.97575, "f1": 0.97558, "auc": 0.99942}
{"epoch": 21, "time_epoch": 70.39175, "eta": 5522.34384, "eta_hours": 1.53398, "loss": 0.07471058, "lr": 0.00093163, "params": 115394, "time_iter": 0.02047, "accuracy": 0.97715, "f1": 0.97702, "auc": 0.99952}
{"epoch": 22, "time_epoch": 70.67671, "eta": 5451.13422, "eta_hours": 1.5142, "loss": 0.07301103, "lr": 0.00092305, "params": 115394, "time_iter": 0.02056, "accuracy": 0.97818, "f1": 0.97801, "auc": 0.99957}
{"epoch": 23, "time_epoch": 70.70412, "eta": 5380.05581, "eta_hours": 1.49446, "loss": 0.07095078, "lr": 0.000914, "params": 115394, "time_iter": 0.02057, "accuracy": 0.97793, "f1": 0.97776, "auc": 0.99958}
{"epoch": 24, "time_epoch": 71.40553, "eta": 5311.11159, "eta_hours": 1.47531, "loss": 0.06755371, "lr": 0.00090451, "params": 115394, "time_iter": 0.02077, "accuracy": 0.97876, "f1": 0.97858, "auc": 0.99961}
{"epoch": 25, "time_epoch": 71.53094, "eta": 5242.33494, "eta_hours": 1.4562, "loss": 0.06548985, "lr": 0.00089457, "params": 115394, "time_iter": 0.02081, "accuracy": 0.97971, "f1": 0.97952, "auc": 0.99965}
{"epoch": 26, "time_epoch": 71.52507, "eta": 5173.33841, "eta_hours": 1.43704, "loss": 0.06224232, "lr": 0.0008842, "params": 115394, "time_iter": 0.0208, "accuracy": 0.98087, "f1": 0.98073, "auc": 0.99966}
{"epoch": 27, "time_epoch": 71.16085, "eta": 5103.2247, "eta_hours": 1.41756, "loss": 0.06077147, "lr": 0.00087341, "params": 115394, "time_iter": 0.0207, "accuracy": 0.98176, "f1": 0.98165, "auc": 0.99968}
{"epoch": 28, "time_epoch": 70.12611, "eta": 5030.50545, "eta_hours": 1.39736, "loss": 0.05599473, "lr": 0.00086221, "params": 115394, "time_iter": 0.0204, "accuracy": 0.98345, "f1": 0.9833, "auc": 0.99973}
{"epoch": 29, "time_epoch": 69.05321, "eta": 4955.45565, "eta_hours": 1.37652, "loss": 0.05854579, "lr": 0.00085062, "params": 115394, "time_iter": 0.02009, "accuracy": 0.98189, "f1": 0.98176, "auc": 0.99972}
{"epoch": 30, "time_epoch": 69.04975, "eta": 4880.78502, "eta_hours": 1.35577, "loss": 0.05429087, "lr": 0.00083864, "params": 115394, "time_iter": 0.02008, "accuracy": 0.98369, "f1": 0.98357, "auc": 0.99976}
{"epoch": 31, "time_epoch": 69.0082, "eta": 4806.37739, "eta_hours": 1.3351, "loss": 0.05485407, "lr": 0.00082629, "params": 115394, "time_iter": 0.02007, "accuracy": 0.98309, "f1": 0.98299, "auc": 0.99977}
{"epoch": 32, "time_epoch": 70.75995, "eta": 4735.85358, "eta_hours": 1.31551, "loss": 0.05116526, "lr": 0.00081359, "params": 115394, "time_iter": 0.02058, "accuracy": 0.98447, "f1": 0.98438, "auc": 0.99976}
{"epoch": 33, "time_epoch": 70.2937, "eta": 4664.41083, "eta_hours": 1.29567, "loss": 0.04813022, "lr": 0.00080054, "params": 115394, "time_iter": 0.02045, "accuracy": 0.98485, "f1": 0.98473, "auc": 0.99982}
{"epoch": 34, "time_epoch": 71.47127, "eta": 4595.22064, "eta_hours": 1.27645, "loss": 0.04674654, "lr": 0.00078716, "params": 115394, "time_iter": 0.02079, "accuracy": 0.98567, "f1": 0.98557, "auc": 0.99983}
{"epoch": 35, "time_epoch": 71.3453, "eta": 4525.67979, "eta_hours": 1.25713, "loss": 0.04451337, "lr": 0.00077347, "params": 115394, "time_iter": 0.02075, "accuracy": 0.98658, "f1": 0.98646, "auc": 0.99984}
{"epoch": 36, "time_epoch": 71.22091, "eta": 4455.82959, "eta_hours": 1.23773, "loss": 0.04201643, "lr": 0.00075948, "params": 115394, "time_iter": 0.02072, "accuracy": 0.98687, "f1": 0.98677, "auc": 0.99985}
{"epoch": 37, "time_epoch": 71.13558, "eta": 4385.76803, "eta_hours": 1.21827, "loss": 0.04000389, "lr": 0.00074521, "params": 115394, "time_iter": 0.02069, "accuracy": 0.9876, "f1": 0.98752, "auc": 0.99987}
{"epoch": 38, "time_epoch": 71.37098, "eta": 4316.01958, "eta_hours": 1.19889, "loss": 0.04195473, "lr": 0.00073067, "params": 115394, "time_iter": 0.02076, "accuracy": 0.98725, "f1": 0.98716, "auc": 0.99985}
{"epoch": 39, "time_epoch": 70.97879, "eta": 4245.60172, "eta_hours": 1.17933, "loss": 0.03752166, "lr": 0.00071588, "params": 115394, "time_iter": 0.02065, "accuracy": 0.98816, "f1": 0.98807, "auc": 0.99988}
{"epoch": 40, "time_epoch": 71.0826, "eta": 4175.30587, "eta_hours": 1.15981, "loss": 0.03672197, "lr": 0.00070085, "params": 115394, "time_iter": 0.02068, "accuracy": 0.98842, "f1": 0.98833, "auc": 0.99988}
{"epoch": 41, "time_epoch": 71.54506, "eta": 4105.61121, "eta_hours": 1.14045, "loss": 0.035965, "lr": 0.0006856, "params": 115394, "time_iter": 0.02081, "accuracy": 0.98896, "f1": 0.98888, "auc": 0.99988}
{"epoch": 42, "time_epoch": 71.06758, "eta": 4035.19753, "eta_hours": 1.12089, "loss": 0.0339569, "lr": 0.00067015, "params": 115394, "time_iter": 0.02067, "accuracy": 0.99016, "f1": 0.99009, "auc": 0.9999}
{"epoch": 43, "time_epoch": 71.09092, "eta": 3964.78384, "eta_hours": 1.10133, "loss": 0.03095618, "lr": 0.00065451, "params": 115394, "time_iter": 0.02068, "accuracy": 0.99076, "f1": 0.9907, "auc": 0.99992}
{"epoch": 44, "time_epoch": 70.94542, "eta": 3894.16222, "eta_hours": 1.08171, "loss": 0.02884003, "lr": 0.0006387, "params": 115394, "time_iter": 0.02064, "accuracy": 0.99075, "f1": 0.99067, "auc": 0.99993}
{"epoch": 45, "time_epoch": 71.37049, "eta": 3824.02551, "eta_hours": 1.06223, "loss": 0.0280527, "lr": 0.00062274, "params": 115394, "time_iter": 0.02076, "accuracy": 0.99096, "f1": 0.99089, "auc": 0.99993}
{"epoch": 46, "time_epoch": 71.35849, "eta": 3753.82277, "eta_hours": 1.04273, "loss": 0.02738766, "lr": 0.00060665, "params": 115394, "time_iter": 0.02076, "accuracy": 0.99164, "f1": 0.99157, "auc": 0.99994}
{"epoch": 47, "time_epoch": 71.13606, "eta": 3683.33091, "eta_hours": 1.02315, "loss": 0.02732707, "lr": 0.00059044, "params": 115394, "time_iter": 0.02069, "accuracy": 0.99158, "f1": 0.99152, "auc": 0.99994}
{"epoch": 48, "time_epoch": 71.27571, "eta": 3612.9581, "eta_hours": 1.0036, "loss": 0.02450868, "lr": 0.00057413, "params": 115394, "time_iter": 0.02073, "accuracy": 0.9924, "f1": 0.99234, "auc": 0.99995}
{"epoch": 49, "time_epoch": 70.97082, "eta": 3542.24428, "eta_hours": 0.98396, "loss": 0.02227976, "lr": 0.00055774, "params": 115394, "time_iter": 0.02064, "accuracy": 0.99325, "f1": 0.99321, "auc": 0.99995}
{"epoch": 50, "time_epoch": 70.8649, "eta": 3471.41863, "eta_hours": 0.96428, "loss": 0.02105146, "lr": 0.00054129, "params": 115394, "time_iter": 0.02061, "accuracy": 0.99351, "f1": 0.99344, "auc": 0.99996}
{"epoch": 51, "time_epoch": 71.65424, "eta": 3401.32009, "eta_hours": 0.94481, "loss": 0.0214835, "lr": 0.00052479, "params": 115394, "time_iter": 0.02084, "accuracy": 0.99322, "f1": 0.99317, "auc": 0.99995}
{"epoch": 52, "time_epoch": 71.0095, "eta": 3330.59109, "eta_hours": 0.92516, "loss": 0.01952066, "lr": 0.00050827, "params": 115394, "time_iter": 0.02065, "accuracy": 0.99415, "f1": 0.99408, "auc": 0.99995}
{"epoch": 53, "time_epoch": 71.13441, "eta": 3259.95811, "eta_hours": 0.90554, "loss": 0.02055824, "lr": 0.00049173, "params": 115394, "time_iter": 0.02069, "accuracy": 0.99387, "f1": 0.99383, "auc": 0.99996}
{"epoch": 54, "time_epoch": 71.04694, "eta": 3189.23532, "eta_hours": 0.8859, "loss": 0.01632566, "lr": 0.00047521, "params": 115394, "time_iter": 0.02067, "accuracy": 0.9946, "f1": 0.99456, "auc": 0.99998}
{"epoch": 55, "time_epoch": 70.98399, "eta": 3118.4515, "eta_hours": 0.86624, "loss": 0.01747607, "lr": 0.00045871, "params": 115394, "time_iter": 0.02065, "accuracy": 0.99455, "f1": 0.99451, "auc": 0.99997}
{"epoch": 56, "time_epoch": 70.81734, "eta": 3047.53494, "eta_hours": 0.84654, "loss": 0.01536584, "lr": 0.00044226, "params": 115394, "time_iter": 0.0206, "accuracy": 0.99531, "f1": 0.99527, "auc": 0.99998}
{"epoch": 57, "time_epoch": 70.67071, "eta": 2976.51561, "eta_hours": 0.82681, "loss": 0.01421719, "lr": 0.00042587, "params": 115394, "time_iter": 0.02056, "accuracy": 0.99555, "f1": 0.9955, "auc": 0.99998}
{"epoch": 58, "time_epoch": 71.40422, "eta": 2906.01783, "eta_hours": 0.80723, "loss": 0.01559295, "lr": 0.00040956, "params": 115394, "time_iter": 0.02077, "accuracy": 0.99529, "f1": 0.99524, "auc": 0.99998}
{"epoch": 59, "time_epoch": 70.91956, "eta": 2835.16673, "eta_hours": 0.78755, "loss": 0.01283936, "lr": 0.00039335, "params": 115394, "time_iter": 0.02063, "accuracy": 0.99598, "f1": 0.99596, "auc": 0.99999}
{"epoch": 60, "time_epoch": 70.63578, "eta": 2764.13196, "eta_hours": 0.76781, "loss": 0.0134977, "lr": 0.00037726, "params": 115394, "time_iter": 0.02055, "accuracy": 0.99611, "f1": 0.99608, "auc": 0.99998}
{"epoch": 61, "time_epoch": 70.63733, "eta": 2693.111, "eta_hours": 0.74809, "loss": 0.01122614, "lr": 0.0003613, "params": 115394, "time_iter": 0.02055, "accuracy": 0.99675, "f1": 0.99672, "auc": 0.99999}
{"epoch": 62, "time_epoch": 70.70904, "eta": 2622.14434, "eta_hours": 0.72837, "loss": 0.00977156, "lr": 0.00034549, "params": 115394, "time_iter": 0.02057, "accuracy": 0.99709, "f1": 0.99707, "auc": 0.99999}
{"epoch": 63, "time_epoch": 70.70569, "eta": 2551.18385, "eta_hours": 0.70866, "loss": 0.0113164, "lr": 0.00032985, "params": 115394, "time_iter": 0.02057, "accuracy": 0.99667, "f1": 0.99664, "auc": 0.99999}
{"epoch": 64, "time_epoch": 70.42363, "eta": 2480.07931, "eta_hours": 0.68891, "loss": 0.010627, "lr": 0.0003144, "params": 115394, "time_iter": 0.02048, "accuracy": 0.99693, "f1": 0.9969, "auc": 0.99999}
{"epoch": 65, "time_epoch": 70.30493, "eta": 2408.93426, "eta_hours": 0.66915, "loss": 0.01038878, "lr": 0.00029915, "params": 115394, "time_iter": 0.02045, "accuracy": 0.99695, "f1": 0.99693, "auc": 0.99999}
{"epoch": 66, "time_epoch": 70.54684, "eta": 2337.93344, "eta_hours": 0.64943, "loss": 0.0088952, "lr": 0.00028412, "params": 115394, "time_iter": 0.02052, "accuracy": 0.99729, "f1": 0.99727, "auc": 0.99999}
{"epoch": 67, "time_epoch": 70.93335, "eta": 2267.12785, "eta_hours": 0.62976, "loss": 0.00708703, "lr": 0.00026933, "params": 115394, "time_iter": 0.02063, "accuracy": 0.99778, "f1": 0.99776, "auc": 1.0}
{"epoch": 68, "time_epoch": 69.76738, "eta": 2195.79473, "eta_hours": 0.60994, "loss": 0.00712435, "lr": 0.00025479, "params": 115394, "time_iter": 0.02029, "accuracy": 0.99782, "f1": 0.9978, "auc": 0.99999}
{"epoch": 69, "time_epoch": 70.25086, "eta": 2124.71354, "eta_hours": 0.5902, "loss": 0.00606643, "lr": 0.00024052, "params": 115394, "time_iter": 0.02043, "accuracy": 0.99811, "f1": 0.99809, "auc": 1.0}
{"epoch": 70, "time_epoch": 70.11159, "eta": 2053.59886, "eta_hours": 0.57044, "loss": 0.00473584, "lr": 0.00022653, "params": 115394, "time_iter": 0.02039, "accuracy": 0.99864, "f1": 0.99863, "auc": 1.0}
{"epoch": 71, "time_epoch": 69.98824, "eta": 1982.46407, "eta_hours": 0.55068, "loss": 0.00562062, "lr": 0.00021284, "params": 115394, "time_iter": 0.02036, "accuracy": 0.99822, "f1": 0.9982, "auc": 1.0}
{"epoch": 72, "time_epoch": 69.84536, "eta": 1911.30785, "eta_hours": 0.53092, "loss": 0.00628243, "lr": 0.00019946, "params": 115394, "time_iter": 0.02032, "accuracy": 0.99805, "f1": 0.99804, "auc": 1.0}
{"epoch": 73, "time_epoch": 70.11088, "eta": 1840.28035, "eta_hours": 0.51119, "loss": 0.00547949, "lr": 0.00018641, "params": 115394, "time_iter": 0.02039, "accuracy": 0.99818, "f1": 0.99817, "auc": 1.0}
{"epoch": 74, "time_epoch": 70.49395, "eta": 1769.40498, "eta_hours": 0.4915, "loss": 0.00478163, "lr": 0.00017371, "params": 115394, "time_iter": 0.0205, "accuracy": 0.99844, "f1": 0.99841, "auc": 1.0}
{"epoch": 75, "time_epoch": 69.99524, "eta": 1698.38216, "eta_hours": 0.47177, "loss": 0.00454993, "lr": 0.00016136, "params": 115394, "time_iter": 0.02036, "accuracy": 0.99864, "f1": 0.99862, "auc": 1.0}
{"epoch": 76, "time_epoch": 69.44171, "eta": 1627.22069, "eta_hours": 0.45201, "loss": 0.00383187, "lr": 0.00014938, "params": 115394, "time_iter": 0.0202, "accuracy": 0.99902, "f1": 0.99901, "auc": 1.0}
{"epoch": 77, "time_epoch": 69.13456, "eta": 1556.01669, "eta_hours": 0.43223, "loss": 0.00404687, "lr": 0.00013779, "params": 115394, "time_iter": 0.02011, "accuracy": 0.99873, "f1": 0.99871, "auc": 1.0}
{"epoch": 78, "time_epoch": 69.38339, "eta": 1484.93122, "eta_hours": 0.41248, "loss": 0.00300519, "lr": 0.00012659, "params": 115394, "time_iter": 0.02018, "accuracy": 0.99895, "f1": 0.99894, "auc": 0.99999}
{"epoch": 79, "time_epoch": 69.29371, "eta": 1413.86589, "eta_hours": 0.39274, "loss": 0.00297397, "lr": 0.0001158, "params": 115394, "time_iter": 0.02016, "accuracy": 0.99898, "f1": 0.99898, "auc": 1.0}
{"epoch": 80, "time_epoch": 69.31128, "eta": 1342.84842, "eta_hours": 0.37301, "loss": 0.00272096, "lr": 0.00010543, "params": 115394, "time_iter": 0.02016, "accuracy": 0.99925, "f1": 0.99925, "auc": 1.0}
{"epoch": 81, "time_epoch": 69.49028, "eta": 1271.91185, "eta_hours": 0.35331, "loss": 0.00259932, "lr": 9.549e-05, "params": 115394, "time_iter": 0.02021, "accuracy": 0.99911, "f1": 0.99911, "auc": 1.0}
{"epoch": 82, "time_epoch": 69.46577, "eta": 1201.00512, "eta_hours": 0.33361, "loss": 0.00232318, "lr": 8.6e-05, "params": 115394, "time_iter": 0.02021, "accuracy": 0.99922, "f1": 0.99921, "auc": 1.0}
{"epoch": 83, "time_epoch": 69.43746, "eta": 1130.1273, "eta_hours": 0.31392, "loss": 0.00253383, "lr": 7.695e-05, "params": 115394, "time_iter": 0.0202, "accuracy": 0.99933, "f1": 0.99932, "auc": 1.0}
{"epoch": 84, "time_epoch": 69.00591, "eta": 1059.20722, "eta_hours": 0.29422, "loss": 0.00197543, "lr": 6.837e-05, "params": 115394, "time_iter": 0.02007, "accuracy": 0.99945, "f1": 0.99945, "auc": 1.0}
{"epoch": 85, "time_epoch": 69.24019, "eta": 988.36979, "eta_hours": 0.27455, "loss": 0.00199299, "lr": 6.026e-05, "params": 115394, "time_iter": 0.02014, "accuracy": 0.99935, "f1": 0.99934, "auc": 1.0}
{"epoch": 86, "time_epoch": 69.15179, "eta": 917.55587, "eta_hours": 0.25488, "loss": 0.00190495, "lr": 5.264e-05, "params": 115394, "time_iter": 0.02011, "accuracy": 0.9994, "f1": 0.9994, "auc": 1.0}
{"epoch": 87, "time_epoch": 69.22739, "eta": 846.79004, "eta_hours": 0.23522, "loss": 0.00182349, "lr": 4.55e-05, "params": 115394, "time_iter": 0.02014, "accuracy": 0.99949, "f1": 0.99949, "auc": 1.0}
{"epoch": 88, "time_epoch": 69.05975, "eta": 776.03806, "eta_hours": 0.21557, "loss": 0.00115416, "lr": 3.886e-05, "params": 115394, "time_iter": 0.02009, "accuracy": 0.99958, "f1": 0.99958, "auc": 1.0}
{"epoch": 89, "time_epoch": 69.13888, "eta": 705.33247, "eta_hours": 0.19593, "loss": 0.00097551, "lr": 3.272e-05, "params": 115394, "time_iter": 0.02011, "accuracy": 0.99964, "f1": 0.99964, "auc": 1.0}
{"epoch": 90, "time_epoch": 69.31065, "eta": 634.67831, "eta_hours": 0.1763, "loss": 0.00161178, "lr": 2.709e-05, "params": 115394, "time_iter": 0.02016, "accuracy": 0.99947, "f1": 0.99947, "auc": 1.0}
{"epoch": 91, "time_epoch": 69.29618, "eta": 564.05209, "eta_hours": 0.15668, "loss": 0.00125956, "lr": 2.198e-05, "params": 115394, "time_iter": 0.02016, "accuracy": 0.99967, "f1": 0.99967, "auc": 1.0}
{"epoch": 92, "time_epoch": 69.21639, "eta": 493.44848, "eta_hours": 0.13707, "loss": 0.00145661, "lr": 1.74e-05, "params": 115394, "time_iter": 0.02013, "accuracy": 0.99962, "f1": 0.99961, "auc": 1.0}
{"epoch": 93, "time_epoch": 69.20321, "eta": 422.87353, "eta_hours": 0.11746, "loss": 0.00113281, "lr": 1.334e-05, "params": 115394, "time_iter": 0.02013, "accuracy": 0.99965, "f1": 0.99965, "auc": 1.0}
{"epoch": 94, "time_epoch": 69.14444, "eta": 352.32437, "eta_hours": 0.09787, "loss": 0.00121623, "lr": 9.81e-06, "params": 115394, "time_iter": 0.02011, "accuracy": 0.99965, "f1": 0.99965, "auc": 1.0}
{"epoch": 95, "time_epoch": 69.43374, "eta": 281.81654, "eta_hours": 0.07828, "loss": 0.00084467, "lr": 6.82e-06, "params": 115394, "time_iter": 0.0202, "accuracy": 0.99967, "f1": 0.99967, "auc": 1.0}
{"epoch": 96, "time_epoch": 69.48971, "eta": 211.33257, "eta_hours": 0.0587, "loss": 0.00127241, "lr": 4.37e-06, "params": 115394, "time_iter": 0.02021, "accuracy": 0.9996, "f1": 0.9996, "auc": 1.0}
{"epoch": 97, "time_epoch": 69.20664, "eta": 140.86313, "eta_hours": 0.03913, "loss": 0.00116935, "lr": 2.46e-06, "params": 115394, "time_iter": 0.02013, "accuracy": 0.99958, "f1": 0.99958, "auc": 1.0}
{"epoch": 98, "time_epoch": 69.30412, "eta": 70.42018, "eta_hours": 0.01956, "loss": 0.00115349, "lr": 1.09e-06, "params": 115394, "time_iter": 0.02016, "accuracy": 0.99965, "f1": 0.99965, "auc": 1.0}
{"epoch": 99, "time_epoch": 69.28132, "eta": 0.0, "eta_hours": 0.0, "loss": 0.00097976, "lr": 2.7e-07, "params": 115394, "time_iter": 0.02015, "accuracy": 0.99969, "f1": 0.99969, "auc": 1.0}
