{"epoch": 0, "time_epoch": 40.11846, "eta": 5977.6511, "eta_hours": 1.66046, "loss": 1.61397879, "lr": 0.0, "params": 527237, "time_iter": 0.18319, "accuracy": 0.2, "f1": 0.06667, "auc": 0.43748}
{"epoch": 1, "time_epoch": 39.23671, "eta": 5872.28253, "eta_hours": 1.63119, "loss": 1.53171053, "lr": 5e-05, "params": 527237, "time_iter": 0.17916, "accuracy": 0.44629, "f1": 0.34685, "auc": 0.78881}
{"epoch": 2, "time_epoch": 39.22287, "eta": 5810.32385, "eta_hours": 1.61398, "loss": 1.41249088, "lr": 0.0001, "params": 527237, "time_iter": 0.1791, "accuracy": 0.68514, "f1": 0.65659, "auc": 0.88564}
{"epoch": 3, "time_epoch": 39.13627, "eta": 5756.57207, "eta_hours": 1.59905, "loss": 1.30822401, "lr": 0.00015, "params": 527237, "time_iter": 0.1787, "accuracy": 0.75429, "f1": 0.73929, "auc": 0.92508}
{"epoch": 4, "time_epoch": 39.01077, "eta": 5705.02702, "eta_hours": 1.58473, "loss": 1.20883508, "lr": 0.0002, "params": 527237, "time_iter": 0.17813, "accuracy": 0.77686, "f1": 0.76344, "auc": 0.93667}
{"epoch": 5, "time_epoch": 39.38138, "eta": 5666.55467, "eta_hours": 1.57404, "loss": 1.10663658, "lr": 0.00025, "params": 527237, "time_iter": 0.17982, "accuracy": 0.80657, "f1": 0.79743, "auc": 0.94805}
{"epoch": 6, "time_epoch": 39.29598, "eta": 5626.07812, "eta_hours": 1.5628, "loss": 0.99667788, "lr": 0.0003, "params": 527237, "time_iter": 0.17943, "accuracy": 0.82829, "f1": 0.82211, "auc": 0.95433}
{"epoch": 7, "time_epoch": 38.79745, "eta": 5577.04773, "eta_hours": 1.54918, "loss": 0.88339805, "lr": 0.00035, "params": 527237, "time_iter": 0.17716, "accuracy": 0.85914, "f1": 0.85657, "auc": 0.965}
{"epoch": 8, "time_epoch": 39.41372, "eta": 5539.94625, "eta_hours": 1.53887, "loss": 0.75648556, "lr": 0.0004, "params": 527237, "time_iter": 0.17997, "accuracy": 0.89057, "f1": 0.88919, "auc": 0.97676}
{"epoch": 9, "time_epoch": 39.14124, "eta": 5498.56758, "eta_hours": 1.52738, "loss": 0.65350485, "lr": 0.00045, "params": 527237, "time_iter": 0.17873, "accuracy": 0.89971, "f1": 0.89918, "auc": 0.9779}
{"epoch": 10, "time_epoch": 38.9668, "eta": 5455.3915, "eta_hours": 1.51539, "loss": 0.56422353, "lr": 0.0005, "params": 527237, "time_iter": 0.17793, "accuracy": 0.90286, "f1": 0.903, "auc": 0.98076}
{"epoch": 11, "time_epoch": 39.32767, "eta": 5417.06696, "eta_hours": 1.50474, "loss": 0.48403235, "lr": 0.00049994, "params": 527237, "time_iter": 0.17958, "accuracy": 0.91086, "f1": 0.91123, "auc": 0.98216}
{"epoch": 12, "time_epoch": 39.47722, "eta": 5380.16414, "eta_hours": 1.49449, "loss": 0.42365223, "lr": 0.00049975, "params": 527237, "time_iter": 0.18026, "accuracy": 0.91543, "f1": 0.9154, "auc": 0.98469}
{"epoch": 13, "time_epoch": 38.97024, "eta": 5337.96852, "eta_hours": 1.48277, "loss": 0.37052004, "lr": 0.00049943, "params": 527237, "time_iter": 0.17795, "accuracy": 0.922, "f1": 0.92233, "auc": 0.98579}
{"epoch": 14, "time_epoch": 38.83211, "eta": 5294.95979, "eta_hours": 1.47082, "loss": 0.34322384, "lr": 0.00049899, "params": 527237, "time_iter": 0.17732, "accuracy": 0.924, "f1": 0.92419, "auc": 0.98628}
{"epoch": 15, "time_epoch": 39.26241, "eta": 5256.07693, "eta_hours": 1.46002, "loss": 0.31444986, "lr": 0.00049843, "params": 527237, "time_iter": 0.17928, "accuracy": 0.92457, "f1": 0.92453, "auc": 0.9879}
{"epoch": 16, "time_epoch": 39.37163, "eta": 5218.00391, "eta_hours": 1.44945, "loss": 0.28928513, "lr": 0.00049774, "params": 527237, "time_iter": 0.17978, "accuracy": 0.92971, "f1": 0.92977, "auc": 0.98821}
{"epoch": 17, "time_epoch": 38.8953, "eta": 5176.29354, "eta_hours": 1.43786, "loss": 0.258705, "lr": 0.00049692, "params": 527237, "time_iter": 0.1776, "accuracy": 0.936, "f1": 0.93586, "auc": 0.9905}
{"epoch": 18, "time_epoch": 39.23925, "eta": 5137.25087, "eta_hours": 1.42701, "loss": 0.24249301, "lr": 0.00049598, "params": 527237, "time_iter": 0.17917, "accuracy": 0.93486, "f1": 0.93478, "auc": 0.99053}
{"epoch": 19, "time_epoch": 39.24442, "eta": 5098.2222, "eta_hours": 1.41617, "loss": 0.24797284, "lr": 0.00049492, "params": 527237, "time_iter": 0.1792, "accuracy": 0.92943, "f1": 0.92968, "auc": 0.99057}
{"epoch": 20, "time_epoch": 39.2437, "eta": 5059.16855, "eta_hours": 1.40532, "loss": 0.21286777, "lr": 0.00049373, "params": 527237, "time_iter": 0.17919, "accuracy": 0.94371, "f1": 0.94373, "auc": 0.9922}
{"epoch": 21, "time_epoch": 39.15272, "eta": 5019.56829, "eta_hours": 1.39432, "loss": 0.2226625, "lr": 0.00049242, "params": 527237, "time_iter": 0.17878, "accuracy": 0.93714, "f1": 0.93702, "auc": 0.99095}
{"epoch": 22, "time_epoch": 39.34187, "eta": 4981.05135, "eta_hours": 1.38363, "loss": 0.2047503, "lr": 0.00049099, "params": 527237, "time_iter": 0.17964, "accuracy": 0.94057, "f1": 0.94075, "auc": 0.99174}
{"epoch": 23, "time_epoch": 38.91607, "eta": 4940.23022, "eta_hours": 1.37229, "loss": 0.19902481, "lr": 0.00048944, "params": 527237, "time_iter": 0.1777, "accuracy": 0.944, "f1": 0.94402, "auc": 0.99291}
{"epoch": 24, "time_epoch": 38.45763, "eta": 4897.26934, "eta_hours": 1.36035, "loss": 0.18364704, "lr": 0.00048776, "params": 527237, "time_iter": 0.17561, "accuracy": 0.94714, "f1": 0.9473, "auc": 0.99242}
{"epoch": 25, "time_epoch": 38.89708, "eta": 4856.75069, "eta_hours": 1.3491, "loss": 0.1668025, "lr": 0.00048597, "params": 527237, "time_iter": 0.17761, "accuracy": 0.95086, "f1": 0.9508, "auc": 0.99326}
{"epoch": 26, "time_epoch": 38.96776, "eta": 4816.67411, "eta_hours": 1.33797, "loss": 0.17269332, "lr": 0.00048406, "params": 527237, "time_iter": 0.17793, "accuracy": 0.94943, "f1": 0.94934, "auc": 0.99351}
{"epoch": 27, "time_epoch": 38.64812, "eta": 4775.28404, "eta_hours": 1.32647, "loss": 0.18123429, "lr": 0.00048203, "params": 527237, "time_iter": 0.17648, "accuracy": 0.946, "f1": 0.94579, "auc": 0.99292}
{"epoch": 28, "time_epoch": 38.80947, "eta": 4734.75629, "eta_hours": 1.31521, "loss": 0.15972471, "lr": 0.00047988, "params": 527237, "time_iter": 0.17721, "accuracy": 0.95429, "f1": 0.95433, "auc": 0.994}
{"epoch": 29, "time_epoch": 39.16636, "eta": 4695.77062, "eta_hours": 1.30438, "loss": 0.14214277, "lr": 0.00047762, "params": 527237, "time_iter": 0.17884, "accuracy": 0.96057, "f1": 0.9606, "auc": 0.99426}
{"epoch": 30, "time_epoch": 39.18776, "eta": 4656.85546, "eta_hours": 1.29357, "loss": 0.15078541, "lr": 0.00047524, "params": 527237, "time_iter": 0.17894, "accuracy": 0.95571, "f1": 0.95574, "auc": 0.99436}
{"epoch": 31, "time_epoch": 39.20143, "eta": 4617.97367, "eta_hours": 1.28277, "loss": 0.15039204, "lr": 0.00047275, "params": 527237, "time_iter": 0.179, "accuracy": 0.95686, "f1": 0.95679, "auc": 0.99382}
{"epoch": 32, "time_epoch": 39.52695, "eta": 4580.22662, "eta_hours": 1.27229, "loss": 0.13254768, "lr": 0.00047015, "params": 527237, "time_iter": 0.18049, "accuracy": 0.96057, "f1": 0.96054, "auc": 0.99458}
{"epoch": 33, "time_epoch": 39.57712, "eta": 4542.54606, "eta_hours": 1.26182, "loss": 0.13618407, "lr": 0.00046744, "params": 527237, "time_iter": 0.18072, "accuracy": 0.95943, "f1": 0.95946, "auc": 0.99455}
{"epoch": 34, "time_epoch": 38.77545, "eta": 4502.12305, "eta_hours": 1.25059, "loss": 0.13516382, "lr": 0.00046461, "params": 527237, "time_iter": 0.17706, "accuracy": 0.95886, "f1": 0.95877, "auc": 0.99513}
{"epoch": 35, "time_epoch": 39.51678, "eta": 4464.13912, "eta_hours": 1.24004, "loss": 0.13778824, "lr": 0.00046168, "params": 527237, "time_iter": 0.18044, "accuracy": 0.95857, "f1": 0.95853, "auc": 0.995}
{"epoch": 36, "time_epoch": 39.1357, "eta": 4424.90849, "eta_hours": 1.22914, "loss": 0.13559058, "lr": 0.00045864, "params": 527237, "time_iter": 0.1787, "accuracy": 0.95971, "f1": 0.95965, "auc": 0.99471}
{"epoch": 37, "time_epoch": 39.07084, "eta": 4385.4917, "eta_hours": 1.21819, "loss": 0.12940596, "lr": 0.0004555, "params": 527237, "time_iter": 0.17841, "accuracy": 0.96057, "f1": 0.96051, "auc": 0.99566}
{"epoch": 38, "time_epoch": 39.14292, "eta": 4346.29781, "eta_hours": 1.2073, "loss": 0.12871456, "lr": 0.00045225, "params": 527237, "time_iter": 0.17873, "accuracy": 0.96086, "f1": 0.96078, "auc": 0.99594}
{"epoch": 39, "time_epoch": 39.23603, "eta": 4307.36251, "eta_hours": 1.19649, "loss": 0.1254251, "lr": 0.00044891, "params": 527237, "time_iter": 0.17916, "accuracy": 0.96029, "f1": 0.96016, "auc": 0.99556}
{"epoch": 40, "time_epoch": 39.02333, "eta": 4267.84705, "eta_hours": 1.18551, "loss": 0.1264442, "lr": 0.00044546, "params": 527237, "time_iter": 0.17819, "accuracy": 0.96314, "f1": 0.96316, "auc": 0.99545}
{"epoch": 41, "time_epoch": 38.9287, "eta": 4228.11172, "eta_hours": 1.17448, "loss": 0.12944622, "lr": 0.00044191, "params": 527237, "time_iter": 0.17776, "accuracy": 0.962, "f1": 0.962, "auc": 0.9958}
{"epoch": 42, "time_epoch": 39.42582, "eta": 4189.65092, "eta_hours": 1.16379, "loss": 0.12117059, "lr": 0.00043827, "params": 527237, "time_iter": 0.18003, "accuracy": 0.96371, "f1": 0.96371, "auc": 0.99598}
{"epoch": 43, "time_epoch": 39.48707, "eta": 4151.29381, "eta_hours": 1.15314, "loss": 0.11687981, "lr": 0.00043453, "params": 527237, "time_iter": 0.18031, "accuracy": 0.96571, "f1": 0.96564, "auc": 0.99621}
{"epoch": 44, "time_epoch": 38.90778, "eta": 4111.5348, "eta_hours": 1.14209, "loss": 0.11994119, "lr": 0.0004307, "params": 527237, "time_iter": 0.17766, "accuracy": 0.96314, "f1": 0.96315, "auc": 0.99582}
{"epoch": 45, "time_epoch": 39.25763, "eta": 4072.60376, "eta_hours": 1.13128, "loss": 0.11798122, "lr": 0.00042678, "params": 527237, "time_iter": 0.17926, "accuracy": 0.96629, "f1": 0.96627, "auc": 0.99646}
{"epoch": 46, "time_epoch": 39.3648, "eta": 4033.89369, "eta_hours": 1.12053, "loss": 0.11629342, "lr": 0.00042277, "params": 527237, "time_iter": 0.17975, "accuracy": 0.96486, "f1": 0.96482, "auc": 0.99613}
{"epoch": 47, "time_epoch": 38.58168, "eta": 3993.4922, "eta_hours": 1.1093, "loss": 0.10516584, "lr": 0.00041867, "params": 527237, "time_iter": 0.17617, "accuracy": 0.96829, "f1": 0.96826, "auc": 0.99674}
{"epoch": 48, "time_epoch": 38.9628, "eta": 3953.95058, "eta_hours": 1.09832, "loss": 0.10134138, "lr": 0.00041448, "params": 527237, "time_iter": 0.17791, "accuracy": 0.96886, "f1": 0.96883, "auc": 0.99699}
{"epoch": 49, "time_epoch": 39.13168, "eta": 3914.76985, "eta_hours": 1.08744, "loss": 0.10834574, "lr": 0.00041022, "params": 527237, "time_iter": 0.17868, "accuracy": 0.966, "f1": 0.96593, "auc": 0.99696}
{"epoch": 50, "time_epoch": 39.05239, "eta": 3875.43714, "eta_hours": 1.07651, "loss": 0.10532103, "lr": 0.00040587, "params": 527237, "time_iter": 0.17832, "accuracy": 0.96857, "f1": 0.96854, "auc": 0.9973}
{"epoch": 51, "time_epoch": 38.84579, "eta": 3835.72585, "eta_hours": 1.06548, "loss": 0.10145641, "lr": 0.00040145, "params": 527237, "time_iter": 0.17738, "accuracy": 0.97114, "f1": 0.9711, "auc": 0.99674}
{"epoch": 52, "time_epoch": 39.23231, "eta": 3796.75462, "eta_hours": 1.05465, "loss": 0.10352944, "lr": 0.00039695, "params": 527237, "time_iter": 0.17914, "accuracy": 0.968, "f1": 0.96795, "auc": 0.99727}
{"epoch": 53, "time_epoch": 39.77293, "eta": 3758.73483, "eta_hours": 1.04409, "loss": 0.1022528, "lr": 0.00039237, "params": 527237, "time_iter": 0.18161, "accuracy": 0.97, "f1": 0.96998, "auc": 0.99676}
{"epoch": 54, "time_epoch": 39.1474, "eta": 3719.57083, "eta_hours": 1.03321, "loss": 0.09406777, "lr": 0.00038772, "params": 527237, "time_iter": 0.17876, "accuracy": 0.97257, "f1": 0.97254, "auc": 0.99752}
{"epoch": 55, "time_epoch": 39.10792, "eta": 3680.34114, "eta_hours": 1.02232, "loss": 0.09400687, "lr": 0.00038301, "params": 527237, "time_iter": 0.17857, "accuracy": 0.97086, "f1": 0.97082, "auc": 0.99737}
{"epoch": 56, "time_epoch": 38.78476, "eta": 3640.58847, "eta_hours": 1.01127, "loss": 0.09141184, "lr": 0.00037822, "params": 527237, "time_iter": 0.1771, "accuracy": 0.97114, "f1": 0.97112, "auc": 0.99775}
{"epoch": 57, "time_epoch": 38.89552, "eta": 3601.04486, "eta_hours": 1.00029, "loss": 0.08597643, "lr": 0.00037338, "params": 527237, "time_iter": 0.17761, "accuracy": 0.97371, "f1": 0.97367, "auc": 0.99791}
{"epoch": 58, "time_epoch": 38.78214, "eta": 3561.34836, "eta_hours": 0.98926, "loss": 0.09883188, "lr": 0.00036847, "params": 527237, "time_iter": 0.17709, "accuracy": 0.97086, "f1": 0.9708, "auc": 0.99758}
{"epoch": 59, "time_epoch": 39.14153, "eta": 3522.22142, "eta_hours": 0.97839, "loss": 0.08914313, "lr": 0.0003635, "params": 527237, "time_iter": 0.17873, "accuracy": 0.97343, "f1": 0.97339, "auc": 0.99751}
{"epoch": 60, "time_epoch": 38.99509, "eta": 3482.88034, "eta_hours": 0.96747, "loss": 0.085693, "lr": 0.00035847, "params": 527237, "time_iter": 0.17806, "accuracy": 0.97457, "f1": 0.97456, "auc": 0.99779}
{"epoch": 61, "time_epoch": 38.86655, "eta": 3443.36797, "eta_hours": 0.95649, "loss": 0.08160995, "lr": 0.00035339, "params": 527237, "time_iter": 0.17747, "accuracy": 0.97714, "f1": 0.9771, "auc": 0.99844}
{"epoch": 62, "time_epoch": 39.53385, "eta": 3404.79761, "eta_hours": 0.94578, "loss": 0.08228357, "lr": 0.00034826, "params": 527237, "time_iter": 0.18052, "accuracy": 0.97714, "f1": 0.97712, "auc": 0.99787}
{"epoch": 63, "time_epoch": 39.06238, "eta": 3365.56362, "eta_hours": 0.93488, "loss": 0.08421254, "lr": 0.00034307, "params": 527237, "time_iter": 0.17837, "accuracy": 0.97457, "f1": 0.97453, "auc": 0.99801}
{"epoch": 64, "time_epoch": 38.60376, "eta": 3325.73516, "eta_hours": 0.92382, "loss": 0.08104801, "lr": 0.00033784, "params": 527237, "time_iter": 0.17627, "accuracy": 0.97629, "f1": 0.97626, "auc": 0.998}
{"epoch": 65, "time_epoch": 38.99388, "eta": 3286.44033, "eta_hours": 0.9129, "loss": 0.0857653, "lr": 0.00033257, "params": 527237, "time_iter": 0.17805, "accuracy": 0.97514, "f1": 0.97508, "auc": 0.99817}
{"epoch": 66, "time_epoch": 39.21876, "eta": 3247.43306, "eta_hours": 0.90206, "loss": 0.08202364, "lr": 0.00032725, "params": 527237, "time_iter": 0.17908, "accuracy": 0.97629, "f1": 0.97625, "auc": 0.99811}
{"epoch": 67, "time_epoch": 39.1989, "eta": 3208.39563, "eta_hours": 0.89122, "loss": 0.07520944, "lr": 0.0003219, "params": 527237, "time_iter": 0.17899, "accuracy": 0.97657, "f1": 0.97654, "auc": 0.99846}
{"epoch": 68, "time_epoch": 38.92764, "eta": 3169.03509, "eta_hours": 0.88029, "loss": 0.08619116, "lr": 0.00031651, "params": 527237, "time_iter": 0.17775, "accuracy": 0.976, "f1": 0.97596, "auc": 0.99819}
{"epoch": 69, "time_epoch": 39.52743, "eta": 3130.37239, "eta_hours": 0.86955, "loss": 0.07522764, "lr": 0.00031109, "params": 527237, "time_iter": 0.18049, "accuracy": 0.97829, "f1": 0.97825, "auc": 0.99838}
{"epoch": 70, "time_epoch": 39.3571, "eta": 3091.4958, "eta_hours": 0.85875, "loss": 0.07768893, "lr": 0.00030563, "params": 527237, "time_iter": 0.17971, "accuracy": 0.97657, "f1": 0.97656, "auc": 0.99841}
{"epoch": 71, "time_epoch": 39.09408, "eta": 3052.32093, "eta_hours": 0.84787, "loss": 0.06748092, "lr": 0.00030015, "params": 527237, "time_iter": 0.17851, "accuracy": 0.97886, "f1": 0.97882, "auc": 0.99858}
{"epoch": 72, "time_epoch": 39.4144, "eta": 3013.48615, "eta_hours": 0.83708, "loss": 0.07361747, "lr": 0.00029464, "params": 527237, "time_iter": 0.17997, "accuracy": 0.97886, "f1": 0.97883, "auc": 0.99859}
{"epoch": 73, "time_epoch": 39.57039, "eta": 2974.7959, "eta_hours": 0.82633, "loss": 0.06932167, "lr": 0.00028911, "params": 527237, "time_iter": 0.18069, "accuracy": 0.97943, "f1": 0.97939, "auc": 0.99858}
{"epoch": 74, "time_epoch": 38.95026, "eta": 2935.46206, "eta_hours": 0.81541, "loss": 0.06516856, "lr": 0.00028356, "params": 527237, "time_iter": 0.17786, "accuracy": 0.98143, "f1": 0.98141, "auc": 0.99871}
{"epoch": 75, "time_epoch": 39.02744, "eta": 2896.21346, "eta_hours": 0.8045, "loss": 0.06937429, "lr": 0.00027799, "params": 527237, "time_iter": 0.17821, "accuracy": 0.97714, "f1": 0.97711, "auc": 0.99854}
{"epoch": 76, "time_epoch": 39.58087, "eta": 2857.49528, "eta_hours": 0.79375, "loss": 0.06206852, "lr": 0.00027241, "params": 527237, "time_iter": 0.18073, "accuracy": 0.98143, "f1": 0.98141, "auc": 0.99865}
{"epoch": 77, "time_epoch": 38.90442, "eta": 2818.13058, "eta_hours": 0.78281, "loss": 0.06748844, "lr": 0.00026682, "params": 527237, "time_iter": 0.17765, "accuracy": 0.98, "f1": 0.97997, "auc": 0.99864}
{"epoch": 78, "time_epoch": 39.11247, "eta": 2778.9645, "eta_hours": 0.77193, "loss": 0.06436374, "lr": 0.00026122, "params": 527237, "time_iter": 0.1786, "accuracy": 0.98229, "f1": 0.98226, "auc": 0.99864}
{"epoch": 79, "time_epoch": 39.19909, "eta": 2739.87556, "eta_hours": 0.76108, "loss": 0.06335673, "lr": 0.00025561, "params": 527237, "time_iter": 0.17899, "accuracy": 0.98086, "f1": 0.98083, "auc": 0.99862}
{"epoch": 80, "time_epoch": 39.17997, "eta": 2700.7676, "eta_hours": 0.75021, "loss": 0.06136637, "lr": 0.00025, "params": 527237, "time_iter": 0.1789, "accuracy": 0.98143, "f1": 0.9814, "auc": 0.99879}
{"epoch": 81, "time_epoch": 39.00378, "eta": 2661.51179, "eta_hours": 0.73931, "loss": 0.06472125, "lr": 0.00024439, "params": 527237, "time_iter": 0.1781, "accuracy": 0.98229, "f1": 0.98226, "auc": 0.99874}
{"epoch": 82, "time_epoch": 39.38337, "eta": 2622.56846, "eta_hours": 0.72849, "loss": 0.05898727, "lr": 0.00023878, "params": 527237, "time_iter": 0.17983, "accuracy": 0.98371, "f1": 0.98369, "auc": 0.99868}
{"epoch": 83, "time_epoch": 39.3949, "eta": 2583.62372, "eta_hours": 0.71767, "loss": 0.06222711, "lr": 0.00023318, "params": 527237, "time_iter": 0.17989, "accuracy": 0.98029, "f1": 0.98025, "auc": 0.99886}
{"epoch": 84, "time_epoch": 38.88958, "eta": 2544.28197, "eta_hours": 0.70674, "loss": 0.05925517, "lr": 0.00022759, "params": 527237, "time_iter": 0.17758, "accuracy": 0.98229, "f1": 0.98225, "auc": 0.99878}
{"epoch": 85, "time_epoch": 39.47272, "eta": 2505.38469, "eta_hours": 0.69594, "loss": 0.05747358, "lr": 0.00022201, "params": 527237, "time_iter": 0.18024, "accuracy": 0.98286, "f1": 0.98283, "auc": 0.99879}
{"epoch": 86, "time_epoch": 39.69001, "eta": 2466.63153, "eta_hours": 0.68518, "loss": 0.057, "lr": 0.00021644, "params": 527237, "time_iter": 0.18123, "accuracy": 0.98343, "f1": 0.98341, "auc": 0.99898}
{"epoch": 87, "time_epoch": 39.32897, "eta": 2427.60271, "eta_hours": 0.67433, "loss": 0.05931266, "lr": 0.00021089, "params": 527237, "time_iter": 0.17958, "accuracy": 0.98143, "f1": 0.9814, "auc": 0.9988}
{"epoch": 88, "time_epoch": 39.00363, "eta": 2388.34416, "eta_hours": 0.66343, "loss": 0.05361533, "lr": 0.00020536, "params": 527237, "time_iter": 0.1781, "accuracy": 0.98429, "f1": 0.98427, "auc": 0.99892}
{"epoch": 89, "time_epoch": 39.48545, "eta": 2349.41249, "eta_hours": 0.65261, "loss": 0.05299139, "lr": 0.00019985, "params": 527237, "time_iter": 0.1803, "accuracy": 0.98343, "f1": 0.98341, "auc": 0.99886}
{"epoch": 90, "time_epoch": 39.26974, "eta": 2310.32879, "eta_hours": 0.64176, "loss": 0.05641392, "lr": 0.00019437, "params": 527237, "time_iter": 0.17931, "accuracy": 0.98429, "f1": 0.98427, "auc": 0.99874}
{"epoch": 91, "time_epoch": 38.89515, "eta": 2271.00489, "eta_hours": 0.63083, "loss": 0.05380372, "lr": 0.00018891, "params": 527237, "time_iter": 0.1776, "accuracy": 0.98429, "f1": 0.98426, "auc": 0.9989}
{"epoch": 92, "time_epoch": 39.05544, "eta": 2231.78846, "eta_hours": 0.61994, "loss": 0.05339975, "lr": 0.00018349, "params": 527237, "time_iter": 0.17834, "accuracy": 0.98371, "f1": 0.98369, "auc": 0.99897}
{"epoch": 93, "time_epoch": 38.97262, "eta": 2192.52611, "eta_hours": 0.60904, "loss": 0.05200212, "lr": 0.0001781, "params": 527237, "time_iter": 0.17796, "accuracy": 0.984, "f1": 0.98398, "auc": 0.99893}
{"epoch": 94, "time_epoch": 38.74684, "eta": 2153.13915, "eta_hours": 0.59809, "loss": 0.04930163, "lr": 0.00017275, "params": 527237, "time_iter": 0.17693, "accuracy": 0.98514, "f1": 0.98513, "auc": 0.99896}
{"epoch": 95, "time_epoch": 38.88252, "eta": 2113.84184, "eta_hours": 0.58718, "loss": 0.05705315, "lr": 0.00016743, "params": 527237, "time_iter": 0.17755, "accuracy": 0.98143, "f1": 0.98139, "auc": 0.99866}
{"epoch": 96, "time_epoch": 39.29562, "eta": 2074.7788, "eta_hours": 0.57633, "loss": 0.04986772, "lr": 0.00016216, "params": 527237, "time_iter": 0.17943, "accuracy": 0.984, "f1": 0.98399, "auc": 0.99899}
{"epoch": 97, "time_epoch": 39.32799, "eta": 2035.72819, "eta_hours": 0.56548, "loss": 0.04920803, "lr": 0.00015693, "params": 527237, "time_iter": 0.17958, "accuracy": 0.98486, "f1": 0.98484, "auc": 0.99899}
{"epoch": 98, "time_epoch": 38.8126, "eta": 1996.40647, "eta_hours": 0.55456, "loss": 0.0498054, "lr": 0.00015174, "params": 527237, "time_iter": 0.17723, "accuracy": 0.98486, "f1": 0.98484, "auc": 0.99888}
{"epoch": 99, "time_epoch": 39.11569, "eta": 1957.24648, "eta_hours": 0.54368, "loss": 0.04938484, "lr": 0.00014661, "params": 527237, "time_iter": 0.17861, "accuracy": 0.98486, "f1": 0.98484, "auc": 0.99908}
{"epoch": 100, "time_epoch": 39.11587, "eta": 1918.08745, "eta_hours": 0.5328, "loss": 0.04662993, "lr": 0.00014153, "params": 527237, "time_iter": 0.17861, "accuracy": 0.98457, "f1": 0.98455, "auc": 0.99907}
{"epoch": 101, "time_epoch": 38.51435, "eta": 1878.6462, "eta_hours": 0.52185, "loss": 0.05050342, "lr": 0.0001365, "params": 527237, "time_iter": 0.17586, "accuracy": 0.984, "f1": 0.98397, "auc": 0.99916}
{"epoch": 102, "time_epoch": 38.94715, "eta": 1839.42044, "eta_hours": 0.51095, "loss": 0.04398096, "lr": 0.00013153, "params": 527237, "time_iter": 0.17784, "accuracy": 0.98514, "f1": 0.98513, "auc": 0.99916}
{"epoch": 103, "time_epoch": 39.14772, "eta": 1800.28875, "eta_hours": 0.50008, "loss": 0.04686462, "lr": 0.00012662, "params": 527237, "time_iter": 0.17876, "accuracy": 0.986, "f1": 0.98599, "auc": 0.99904}
{"epoch": 104, "time_epoch": 39.0057, "eta": 1761.09589, "eta_hours": 0.48919, "loss": 0.04800115, "lr": 0.00012178, "params": 527237, "time_iter": 0.17811, "accuracy": 0.98429, "f1": 0.98426, "auc": 0.99907}
{"epoch": 105, "time_epoch": 38.9768, "eta": 1721.89456, "eta_hours": 0.4783, "loss": 0.04557061, "lr": 0.00011699, "params": 527237, "time_iter": 0.17798, "accuracy": 0.98543, "f1": 0.98542, "auc": 0.99896}
{"epoch": 106, "time_epoch": 39.04925, "eta": 1682.72655, "eta_hours": 0.46742, "loss": 0.04387211, "lr": 0.00011228, "params": 527237, "time_iter": 0.17831, "accuracy": 0.98571, "f1": 0.9857, "auc": 0.99912}
{"epoch": 107, "time_epoch": 38.91659, "eta": 1643.50915, "eta_hours": 0.45653, "loss": 0.0431666, "lr": 0.00010763, "params": 527237, "time_iter": 0.1777, "accuracy": 0.986, "f1": 0.98599, "auc": 0.99916}
{"epoch": 108, "time_epoch": 38.59429, "eta": 1604.17603, "eta_hours": 0.4456, "loss": 0.04344636, "lr": 0.00010305, "params": 527237, "time_iter": 0.17623, "accuracy": 0.98686, "f1": 0.98684, "auc": 0.99911}
{"epoch": 109, "time_epoch": 39.30137, "eta": 1565.11347, "eta_hours": 0.43475, "loss": 0.04155608, "lr": 9.855e-05, "params": 527237, "time_iter": 0.17946, "accuracy": 0.98629, "f1": 0.98627, "auc": 0.99908}
{"epoch": 110, "time_epoch": 39.14547, "eta": 1525.99183, "eta_hours": 0.42389, "loss": 0.04101267, "lr": 9.413e-05, "params": 527237, "time_iter": 0.17875, "accuracy": 0.98686, "f1": 0.98685, "auc": 0.99911}
{"epoch": 111, "time_epoch": 38.67642, "eta": 1486.71062, "eta_hours": 0.41298, "loss": 0.04293917, "lr": 8.978e-05, "params": 527237, "time_iter": 0.1766, "accuracy": 0.986, "f1": 0.98599, "auc": 0.99909}
{"epoch": 112, "time_epoch": 39.06849, "eta": 1447.56849, "eta_hours": 0.4021, "loss": 0.04304636, "lr": 8.552e-05, "params": 527237, "time_iter": 0.17839, "accuracy": 0.98714, "f1": 0.98713, "auc": 0.99908}
{"epoch": 113, "time_epoch": 39.13015, "eta": 1408.44713, "eta_hours": 0.39124, "loss": 0.04087791, "lr": 8.133e-05, "params": 527237, "time_iter": 0.17868, "accuracy": 0.98771, "f1": 0.9877, "auc": 0.99897}
{"epoch": 114, "time_epoch": 39.07467, "eta": 1369.30872, "eta_hours": 0.38036, "loss": 0.04277274, "lr": 7.723e-05, "params": 527237, "time_iter": 0.17842, "accuracy": 0.986, "f1": 0.98598, "auc": 0.99907}
{"epoch": 115, "time_epoch": 39.1294, "eta": 1330.18746, "eta_hours": 0.3695, "loss": 0.04404341, "lr": 7.322e-05, "params": 527237, "time_iter": 0.17867, "accuracy": 0.98629, "f1": 0.98627, "auc": 0.99904}
{"epoch": 116, "time_epoch": 39.25486, "eta": 1291.10145, "eta_hours": 0.35864, "loss": 0.040513, "lr": 6.93e-05, "params": 527237, "time_iter": 0.17925, "accuracy": 0.98743, "f1": 0.98742, "auc": 0.99906}
{"epoch": 117, "time_epoch": 38.84685, "eta": 1251.90193, "eta_hours": 0.34775, "loss": 0.04067867, "lr": 6.547e-05, "params": 527237, "time_iter": 0.17738, "accuracy": 0.98743, "f1": 0.98742, "auc": 0.99912}
{"epoch": 118, "time_epoch": 38.90247, "eta": 1212.72282, "eta_hours": 0.33687, "loss": 0.04119834, "lr": 6.173e-05, "params": 527237, "time_iter": 0.17764, "accuracy": 0.988, "f1": 0.98799, "auc": 0.99899}
{"epoch": 119, "time_epoch": 39.23627, "eta": 1173.63177, "eta_hours": 0.32601, "loss": 0.04099226, "lr": 5.809e-05, "params": 527237, "time_iter": 0.17916, "accuracy": 0.98657, "f1": 0.98655, "auc": 0.99918}
{"epoch": 120, "time_epoch": 39.184, "eta": 1134.5258, "eta_hours": 0.31515, "loss": 0.03941714, "lr": 5.454e-05, "params": 527237, "time_iter": 0.17892, "accuracy": 0.98714, "f1": 0.98713, "auc": 0.99913}
{"epoch": 121, "time_epoch": 38.73361, "eta": 1095.31518, "eta_hours": 0.30425, "loss": 0.03940458, "lr": 5.109e-05, "params": 527237, "time_iter": 0.17687, "accuracy": 0.98771, "f1": 0.9877, "auc": 0.99912}
{"epoch": 122, "time_epoch": 39.16402, "eta": 1056.20679, "eta_hours": 0.29339, "loss": 0.04367268, "lr": 4.775e-05, "params": 527237, "time_iter": 0.17883, "accuracy": 0.98686, "f1": 0.98685, "auc": 0.99904}
{"epoch": 123, "time_epoch": 39.36397, "eta": 1017.13943, "eta_hours": 0.28254, "loss": 0.03908379, "lr": 4.45e-05, "params": 527237, "time_iter": 0.17974, "accuracy": 0.98771, "f1": 0.9877, "auc": 0.99913}
{"epoch": 124, "time_epoch": 38.93303, "eta": 977.98114, "eta_hours": 0.27166, "loss": 0.03992493, "lr": 4.136e-05, "params": 527237, "time_iter": 0.17778, "accuracy": 0.98743, "f1": 0.98742, "auc": 0.99918}
{"epoch": 125, "time_epoch": 39.01167, "eta": 938.84141, "eta_hours": 0.26079, "loss": 0.03883561, "lr": 3.832e-05, "params": 527237, "time_iter": 0.17814, "accuracy": 0.98771, "f1": 0.9877, "auc": 0.99907}
{"epoch": 126, "time_epoch": 38.73314, "eta": 899.65325, "eta_hours": 0.2499, "loss": 0.03767928, "lr": 3.539e-05, "params": 527237, "time_iter": 0.17686, "accuracy": 0.98743, "f1": 0.98742, "auc": 0.99921}
{"epoch": 127, "time_epoch": 38.79202, "eta": 860.48231, "eta_hours": 0.23902, "loss": 0.03899653, "lr": 3.256e-05, "params": 527237, "time_iter": 0.17713, "accuracy": 0.98829, "f1": 0.98828, "auc": 0.99911}
{"epoch": 128, "time_epoch": 38.55748, "eta": 821.27908, "eta_hours": 0.22813, "loss": 0.03922276, "lr": 2.985e-05, "params": 527237, "time_iter": 0.17606, "accuracy": 0.98771, "f1": 0.9877, "auc": 0.99912}
{"epoch": 129, "time_epoch": 38.9751, "eta": 782.15002, "eta_hours": 0.21726, "loss": 0.03956307, "lr": 2.725e-05, "params": 527237, "time_iter": 0.17797, "accuracy": 0.98714, "f1": 0.98713, "auc": 0.99928}
{"epoch": 130, "time_epoch": 38.56874, "eta": 742.96438, "eta_hours": 0.20638, "loss": 0.03999727, "lr": 2.476e-05, "params": 527237, "time_iter": 0.17611, "accuracy": 0.98743, "f1": 0.98741, "auc": 0.99901}
{"epoch": 131, "time_epoch": 38.57452, "eta": 703.78887, "eta_hours": 0.1955, "loss": 0.03800505, "lr": 2.238e-05, "params": 527237, "time_iter": 0.17614, "accuracy": 0.98829, "f1": 0.98828, "auc": 0.99924}
{"epoch": 132, "time_epoch": 38.96181, "eta": 664.67191, "eta_hours": 0.18463, "loss": 0.03837152, "lr": 2.012e-05, "params": 527237, "time_iter": 0.17791, "accuracy": 0.988, "f1": 0.98799, "auc": 0.99906}
{"epoch": 133, "time_epoch": 38.86587, "eta": 625.5458, "eta_hours": 0.17376, "loss": 0.03894584, "lr": 1.797e-05, "params": 527237, "time_iter": 0.17747, "accuracy": 0.988, "f1": 0.98799, "auc": 0.99911}
{"epoch": 134, "time_epoch": 39.20709, "eta": 586.46146, "eta_hours": 0.16291, "loss": 0.0370138, "lr": 1.594e-05, "params": 527237, "time_iter": 0.17903, "accuracy": 0.98829, "f1": 0.98828, "auc": 0.99907}
{"epoch": 135, "time_epoch": 39.31356, "eta": 547.38628, "eta_hours": 0.15205, "loss": 0.03654882, "lr": 1.403e-05, "params": 527237, "time_iter": 0.17951, "accuracy": 0.98857, "f1": 0.98856, "auc": 0.99904}
{"epoch": 136, "time_epoch": 39.13762, "eta": 508.29092, "eta_hours": 0.14119, "loss": 0.03812017, "lr": 1.224e-05, "params": 527237, "time_iter": 0.17871, "accuracy": 0.98771, "f1": 0.9877, "auc": 0.99908}
{"epoch": 137, "time_epoch": 39.07465, "eta": 469.18948, "eta_hours": 0.13033, "loss": 0.03761421, "lr": 1.056e-05, "params": 527237, "time_iter": 0.17842, "accuracy": 0.988, "f1": 0.98799, "auc": 0.99923}
{"epoch": 138, "time_epoch": 38.48009, "eta": 430.04137, "eta_hours": 0.11946, "loss": 0.03787468, "lr": 9.01e-06, "params": 527237, "time_iter": 0.17571, "accuracy": 0.98771, "f1": 0.9877, "auc": 0.99919}
{"epoch": 139, "time_epoch": 39.24966, "eta": 390.95777, "eta_hours": 0.1086, "loss": 0.03764828, "lr": 7.58e-06, "params": 527237, "time_iter": 0.17922, "accuracy": 0.988, "f1": 0.98799, "auc": 0.99924}
{"epoch": 140, "time_epoch": 39.33815, "eta": 351.87746, "eta_hours": 0.09774, "loss": 0.03700703, "lr": 6.27e-06, "params": 527237, "time_iter": 0.17963, "accuracy": 0.988, "f1": 0.98799, "auc": 0.99931}
{"epoch": 141, "time_epoch": 39.16548, "eta": 312.7838, "eta_hours": 0.08688, "loss": 0.03737213, "lr": 5.08e-06, "params": 527237, "time_iter": 0.17884, "accuracy": 0.98829, "f1": 0.98828, "auc": 0.99906}
{"epoch": 142, "time_epoch": 39.29883, "eta": 273.69565, "eta_hours": 0.07603, "loss": 0.03673666, "lr": 4.02e-06, "params": 527237, "time_iter": 0.17945, "accuracy": 0.98743, "f1": 0.98742, "auc": 0.99932}
{"epoch": 143, "time_epoch": 39.25388, "eta": 234.60271, "eta_hours": 0.06517, "loss": 0.03778402, "lr": 3.08e-06, "params": 527237, "time_iter": 0.17924, "accuracy": 0.98771, "f1": 0.9877, "auc": 0.99933}
{"epoch": 144, "time_epoch": 39.33747, "eta": 195.51043, "eta_hours": 0.05431, "loss": 0.03739331, "lr": 2.26e-06, "params": 527237, "time_iter": 0.17962, "accuracy": 0.988, "f1": 0.98799, "auc": 0.99928}
{"epoch": 145, "time_epoch": 38.94531, "eta": 156.40405, "eta_hours": 0.04345, "loss": 0.03663008, "lr": 1.57e-06, "params": 527237, "time_iter": 0.17783, "accuracy": 0.98886, "f1": 0.98885, "auc": 0.99931}
{"epoch": 146, "time_epoch": 39.17369, "eta": 117.30452, "eta_hours": 0.03258, "loss": 0.03787758, "lr": 1.01e-06, "params": 527237, "time_iter": 0.17888, "accuracy": 0.98771, "f1": 0.9877, "auc": 0.99918}
{"epoch": 147, "time_epoch": 39.27292, "eta": 78.20533, "eta_hours": 0.02172, "loss": 0.03650806, "lr": 5.7e-07, "params": 527237, "time_iter": 0.17933, "accuracy": 0.988, "f1": 0.98799, "auc": 0.99914}
{"epoch": 148, "time_epoch": 39.10315, "eta": 39.10267, "eta_hours": 0.01086, "loss": 0.03649585, "lr": 2.5e-07, "params": 527237, "time_iter": 0.17855, "accuracy": 0.98857, "f1": 0.98856, "auc": 0.99924}
{"epoch": 149, "time_epoch": 39.12718, "eta": 0.0, "eta_hours": 0.0, "loss": 0.03596397, "lr": 6e-08, "params": 527237, "time_iter": 0.17866, "accuracy": 0.98829, "f1": 0.98827, "auc": 0.99932}
