{"epoch": 0, "time_epoch": 29.52594, "eta": 2923.06855, "eta_hours": 0.81196, "loss": 0.20157985, "lr": 0.0, "params": 337201, "time_iter": 0.09433, "accuracy": 0.17674, "precision": 0.17654, "recall": 0.99984, "f1": 0.30009, "auc": 0.50683, "accuracy-SBM": 0.50007}
{"epoch": 1, "time_epoch": 26.17367, "eta": 2729.28132, "eta_hours": 0.75813, "loss": 0.17620749, "lr": 0.0001, "params": 337201, "time_iter": 0.08362, "accuracy": 0.69796, "precision": 0.34395, "recall": 0.7837, "f1": 0.47808, "auc": 0.81133, "accuracy-SBM": 0.73164}
{"epoch": 2, "time_epoch": 26.22513, "eta": 2648.90022, "eta_hours": 0.73581, "loss": 0.14722043, "lr": 0.0002, "params": 337201, "time_iter": 0.08379, "accuracy": 0.82779, "precision": 0.50752, "recall": 0.82402, "f1": 0.62815, "auc": 0.87553, "accuracy-SBM": 0.82631}
{"epoch": 3, "time_epoch": 25.89282, "eta": 2587.6217, "eta_hours": 0.71878, "loss": 0.13022471, "lr": 0.0003, "params": 337201, "time_iter": 0.08272, "accuracy": 0.83621, "precision": 0.52264, "recall": 0.83224, "f1": 0.64207, "auc": 0.89741, "accuracy-SBM": 0.83465}
{"epoch": 4, "time_epoch": 25.97909, "eta": 2542.1366, "eta_hours": 0.70615, "loss": 0.12114416, "lr": 0.0004, "params": 337201, "time_iter": 0.083, "accuracy": 0.83897, "precision": 0.52796, "recall": 0.82814, "f1": 0.64483, "auc": 0.90601, "accuracy-SBM": 0.83471}
{"epoch": 5, "time_epoch": 26.34753, "eta": 2508.92571, "eta_hours": 0.69692, "loss": 0.11219878, "lr": 0.0005, "params": 337201, "time_iter": 0.08418, "accuracy": 0.84458, "precision": 0.53846, "recall": 0.83655, "f1": 0.6552, "auc": 0.91547, "accuracy-SBM": 0.84142}
{"epoch": 6, "time_epoch": 25.84475, "eta": 2470.99601, "eta_hours": 0.68639, "loss": 0.10680606, "lr": 0.00049986, "params": 337201, "time_iter": 0.08257, "accuracy": 0.84796, "precision": 0.54491, "recall": 0.8413, "f1": 0.66142, "auc": 0.92159, "accuracy-SBM": 0.84534}
{"epoch": 7, "time_epoch": 25.97985, "eta": 2437.64121, "eta_hours": 0.67712, "loss": 0.10435844, "lr": 0.00049945, "params": 337201, "time_iter": 0.083, "accuracy": 0.84793, "precision": 0.54476, "recall": 0.84274, "f1": 0.66175, "auc": 0.92367, "accuracy-SBM": 0.84589}
{"epoch": 8, "time_epoch": 25.93242, "eta": 2405.44566, "eta_hours": 0.66818, "loss": 0.10190138, "lr": 0.00049877, "params": 337201, "time_iter": 0.08285, "accuracy": 0.85004, "precision": 0.5488, "recall": 0.84603, "f1": 0.66574, "auc": 0.92651, "accuracy-SBM": 0.84847}
{"epoch": 9, "time_epoch": 26.01765, "eta": 2375.26979, "eta_hours": 0.6598, "loss": 0.10027738, "lr": 0.00049782, "params": 337201, "time_iter": 0.08312, "accuracy": 0.85011, "precision": 0.54873, "recall": 0.84929, "f1": 0.6667, "auc": 0.92827, "accuracy-SBM": 0.84979}
{"epoch": 10, "time_epoch": 25.82451, "eta": 2344.28731, "eta_hours": 0.65119, "loss": 0.09971797, "lr": 0.00049659, "params": 337201, "time_iter": 0.08251, "accuracy": 0.85216, "precision": 0.553, "recall": 0.84752, "f1": 0.6693, "auc": 0.92867, "accuracy-SBM": 0.85034}
{"epoch": 11, "time_epoch": 26.08361, "eta": 2316.06456, "eta_hours": 0.64335, "loss": 0.09804774, "lr": 0.00049509, "params": 337201, "time_iter": 0.08333, "accuracy": 0.85311, "precision": 0.55456, "recall": 0.85287, "f1": 0.6721, "auc": 0.93084, "accuracy-SBM": 0.85302}
{"epoch": 12, "time_epoch": 25.9499, "eta": 2287.2761, "eta_hours": 0.63535, "loss": 0.0972989, "lr": 0.00049333, "params": 337201, "time_iter": 0.08291, "accuracy": 0.85424, "precision": 0.55686, "recall": 0.85312, "f1": 0.67387, "auc": 0.93169, "accuracy-SBM": 0.8538}
{"epoch": 13, "time_epoch": 26.24585, "eta": 2260.71111, "eta_hours": 0.62798, "loss": 0.09628953, "lr": 0.0004913, "params": 337201, "time_iter": 0.08385, "accuracy": 0.85506, "precision": 0.55842, "recall": 0.85486, "f1": 0.67555, "auc": 0.93303, "accuracy-SBM": 0.85498}
{"epoch": 14, "time_epoch": 25.55276, "eta": 2230.26117, "eta_hours": 0.61952, "loss": 0.09574915, "lr": 0.00048901, "params": 337201, "time_iter": 0.08164, "accuracy": 0.85517, "precision": 0.55854, "recall": 0.85636, "f1": 0.67611, "auc": 0.93365, "accuracy-SBM": 0.85564}
{"epoch": 15, "time_epoch": 25.89415, "eta": 2202.21568, "eta_hours": 0.61173, "loss": 0.09502433, "lr": 0.00048645, "params": 337201, "time_iter": 0.08273, "accuracy": 0.85637, "precision": 0.5609, "recall": 0.85787, "f1": 0.6783, "auc": 0.93457, "accuracy-SBM": 0.85696}
{"epoch": 16, "time_epoch": 26.05593, "eta": 2175.21312, "eta_hours": 0.60423, "loss": 0.09435378, "lr": 0.00048364, "params": 337201, "time_iter": 0.08325, "accuracy": 0.85768, "precision": 0.56358, "recall": 0.85849, "f1": 0.68046, "auc": 0.93542, "accuracy-SBM": 0.858}
{"epoch": 17, "time_epoch": 25.80732, "eta": 2147.18318, "eta_hours": 0.59644, "loss": 0.09376286, "lr": 0.00048057, "params": 337201, "time_iter": 0.08245, "accuracy": 0.85851, "precision": 0.56535, "recall": 0.85829, "f1": 0.68168, "auc": 0.93615, "accuracy-SBM": 0.85842}
{"epoch": 18, "time_epoch": 25.93306, "eta": 2119.92327, "eta_hours": 0.58887, "loss": 0.09357235, "lr": 0.00047725, "params": 337201, "time_iter": 0.08285, "accuracy": 0.85818, "precision": 0.56452, "recall": 0.85991, "f1": 0.68159, "auc": 0.93635, "accuracy-SBM": 0.85886}
{"epoch": 19, "time_epoch": 25.70236, "eta": 2091.87325, "eta_hours": 0.58108, "loss": 0.09400343, "lr": 0.00047368, "params": 337201, "time_iter": 0.08212, "accuracy": 0.85838, "precision": 0.56512, "recall": 0.85776, "f1": 0.68134, "auc": 0.9357, "accuracy-SBM": 0.85813}
{"epoch": 20, "time_epoch": 26.11311, "eta": 2065.59204, "eta_hours": 0.57378, "loss": 0.09289683, "lr": 0.00046987, "params": 337201, "time_iter": 0.08343, "accuracy": 0.85916, "precision": 0.56646, "recall": 0.86139, "f1": 0.68346, "auc": 0.93723, "accuracy-SBM": 0.86004}
{"epoch": 21, "time_epoch": 25.91846, "eta": 2038.63597, "eta_hours": 0.56629, "loss": 0.09264481, "lr": 0.00046581, "params": 337201, "time_iter": 0.08281, "accuracy": 0.8594, "precision": 0.56696, "recall": 0.86147, "f1": 0.68385, "auc": 0.93754, "accuracy-SBM": 0.86021}
{"epoch": 22, "time_epoch": 26.62888, "eta": 2014.1485, "eta_hours": 0.55949, "loss": 0.09261479, "lr": 0.00046152, "params": 337201, "time_iter": 0.08508, "accuracy": 0.86017, "precision": 0.56859, "recall": 0.86139, "f1": 0.68501, "auc": 0.93754, "accuracy-SBM": 0.86065}
{"epoch": 23, "time_epoch": 25.98267, "eta": 1987.43624, "eta_hours": 0.55207, "loss": 0.09261403, "lr": 0.000457, "params": 337201, "time_iter": 0.08301, "accuracy": 0.85954, "precision": 0.56729, "recall": 0.86103, "f1": 0.68396, "auc": 0.93749, "accuracy-SBM": 0.86013}
{"epoch": 24, "time_epoch": 25.89752, "eta": 1960.5269, "eta_hours": 0.54459, "loss": 0.09234848, "lr": 0.00045225, "params": 337201, "time_iter": 0.08274, "accuracy": 0.86005, "precision": 0.56837, "recall": 0.86115, "f1": 0.68478, "auc": 0.93782, "accuracy-SBM": 0.86048}
{"epoch": 25, "time_epoch": 25.81205, "eta": 1933.45212, "eta_hours": 0.53707, "loss": 0.09209321, "lr": 0.00044729, "params": 337201, "time_iter": 0.08247, "accuracy": 0.86013, "precision": 0.56832, "recall": 0.86338, "f1": 0.68545, "auc": 0.9382, "accuracy-SBM": 0.8614}
{"epoch": 26, "time_epoch": 26.28089, "eta": 1907.73849, "eta_hours": 0.52993, "loss": 0.091934, "lr": 0.0004421, "params": 337201, "time_iter": 0.08396, "accuracy": 0.8604, "precision": 0.569, "recall": 0.86241, "f1": 0.68563, "auc": 0.93839, "accuracy-SBM": 0.86119}
{"epoch": 27, "time_epoch": 26.06501, "eta": 1881.42921, "eta_hours": 0.52262, "loss": 0.09167522, "lr": 0.00043671, "params": 337201, "time_iter": 0.08327, "accuracy": 0.86126, "precision": 0.57075, "recall": 0.86318, "f1": 0.68715, "auc": 0.93872, "accuracy-SBM": 0.86201}
{"epoch": 28, "time_epoch": 26.62525, "eta": 1856.5084, "eta_hours": 0.5157, "loss": 0.09187907, "lr": 0.00043111, "params": 337201, "time_iter": 0.08506, "accuracy": 0.86054, "precision": 0.56927, "recall": 0.8626, "f1": 0.68589, "auc": 0.93842, "accuracy-SBM": 0.86135}
{"epoch": 29, "time_epoch": 25.74721, "eta": 1829.42521, "eta_hours": 0.50817, "loss": 0.09143274, "lr": 0.00042531, "params": 337201, "time_iter": 0.08226, "accuracy": 0.86111, "precision": 0.57039, "recall": 0.86373, "f1": 0.68706, "auc": 0.93905, "accuracy-SBM": 0.86214}
{"epoch": 30, "time_epoch": 26.0756, "eta": 1803.15915, "eta_hours": 0.50088, "loss": 0.09136666, "lr": 0.00041932, "params": 337201, "time_iter": 0.08331, "accuracy": 0.86129, "precision": 0.5707, "recall": 0.86447, "f1": 0.68752, "auc": 0.93913, "accuracy-SBM": 0.86254}
{"epoch": 31, "time_epoch": 26.53793, "eta": 1777.88743, "eta_hours": 0.49386, "loss": 0.09134192, "lr": 0.00041315, "params": 337201, "time_iter": 0.08479, "accuracy": 0.86124, "precision": 0.57065, "recall": 0.86396, "f1": 0.68732, "auc": 0.93914, "accuracy-SBM": 0.86231}
{"epoch": 32, "time_epoch": 26.71289, "eta": 1752.8942, "eta_hours": 0.48692, "loss": 0.09130043, "lr": 0.00040679, "params": 337201, "time_iter": 0.08534, "accuracy": 0.86107, "precision": 0.57027, "recall": 0.86404, "f1": 0.68707, "auc": 0.93917, "accuracy-SBM": 0.86224}
{"epoch": 33, "time_epoch": 26.05204, "eta": 1726.51698, "eta_hours": 0.47959, "loss": 0.09121959, "lr": 0.00040027, "params": 337201, "time_iter": 0.08323, "accuracy": 0.86136, "precision": 0.57086, "recall": 0.86445, "f1": 0.68763, "auc": 0.93927, "accuracy-SBM": 0.86258}
{"epoch": 34, "time_epoch": 25.98044, "eta": 1700.02539, "eta_hours": 0.47223, "loss": 0.09126953, "lr": 0.00039358, "params": 337201, "time_iter": 0.083, "accuracy": 0.86147, "precision": 0.57117, "recall": 0.86369, "f1": 0.68761, "auc": 0.93921, "accuracy-SBM": 0.86234}
{"epoch": 35, "time_epoch": 27.13539, "eta": 1675.61541, "eta_hours": 0.46545, "loss": 0.09093599, "lr": 0.00038674, "params": 337201, "time_iter": 0.08669, "accuracy": 0.86255, "precision": 0.57337, "recall": 0.8647, "f1": 0.68953, "auc": 0.93971, "accuracy-SBM": 0.86339}
{"epoch": 36, "time_epoch": 25.88135, "eta": 1648.92287, "eta_hours": 0.45803, "loss": 0.09097906, "lr": 0.00037974, "params": 337201, "time_iter": 0.08269, "accuracy": 0.86127, "precision": 0.57067, "recall": 0.86422, "f1": 0.68742, "auc": 0.93957, "accuracy-SBM": 0.86243}
{"epoch": 37, "time_epoch": 25.82113, "eta": 1622.17477, "eta_hours": 0.4506, "loss": 0.09075692, "lr": 0.00037261, "params": 337201, "time_iter": 0.0825, "accuracy": 0.86179, "precision": 0.57165, "recall": 0.86564, "f1": 0.68858, "auc": 0.93993, "accuracy-SBM": 0.8633}
{"epoch": 38, "time_epoch": 25.82751, "eta": 1595.48418, "eta_hours": 0.44319, "loss": 0.09076841, "lr": 0.00036534, "params": 337201, "time_iter": 0.08252, "accuracy": 0.86148, "precision": 0.57094, "recall": 0.86632, "f1": 0.68828, "auc": 0.93991, "accuracy-SBM": 0.86338}
{"epoch": 39, "time_epoch": 25.82181, "eta": 1568.82819, "eta_hours": 0.43579, "loss": 0.09080104, "lr": 0.00035794, "params": 337201, "time_iter": 0.0825, "accuracy": 0.86143, "precision": 0.57085, "recall": 0.86602, "f1": 0.68812, "auc": 0.93983, "accuracy-SBM": 0.86323}
{"epoch": 40, "time_epoch": 25.73686, "eta": 1542.09066, "eta_hours": 0.42836, "loss": 0.09078452, "lr": 0.00035042, "params": 337201, "time_iter": 0.08223, "accuracy": 0.86193, "precision": 0.57205, "recall": 0.86475, "f1": 0.68859, "auc": 0.93982, "accuracy-SBM": 0.86304}
{"epoch": 41, "time_epoch": 26.02661, "eta": 1515.8009, "eta_hours": 0.42106, "loss": 0.09069583, "lr": 0.0003428, "params": 337201, "time_iter": 0.08315, "accuracy": 0.86209, "precision": 0.57235, "recall": 0.86511, "f1": 0.68892, "auc": 0.93993, "accuracy-SBM": 0.86328}
{"epoch": 42, "time_epoch": 25.85617, "eta": 1489.29746, "eta_hours": 0.41369, "loss": 0.09061067, "lr": 0.00033507, "params": 337201, "time_iter": 0.08261, "accuracy": 0.86207, "precision": 0.57216, "recall": 0.86668, "f1": 0.68928, "auc": 0.94012, "accuracy-SBM": 0.86388}
{"epoch": 43, "time_epoch": 25.76488, "eta": 1462.70725, "eta_hours": 0.40631, "loss": 0.09053389, "lr": 0.00032725, "params": 337201, "time_iter": 0.08232, "accuracy": 0.86206, "precision": 0.57214, "recall": 0.86662, "f1": 0.68924, "auc": 0.94017, "accuracy-SBM": 0.86385}
{"epoch": 44, "time_epoch": 25.69656, "eta": 1436.07022, "eta_hours": 0.39891, "loss": 0.09049317, "lr": 0.00031935, "params": 337201, "time_iter": 0.0821, "accuracy": 0.86242, "precision": 0.57305, "recall": 0.86521, "f1": 0.68945, "auc": 0.94023, "accuracy-SBM": 0.86352}
{"epoch": 45, "time_epoch": 26.02889, "eta": 1409.86421, "eta_hours": 0.39163, "loss": 0.09056787, "lr": 0.00031137, "params": 337201, "time_iter": 0.08316, "accuracy": 0.86133, "precision": 0.57058, "recall": 0.86671, "f1": 0.68814, "auc": 0.94014, "accuracy-SBM": 0.86345}
{"epoch": 46, "time_epoch": 26.13502, "eta": 1383.7854, "eta_hours": 0.38438, "loss": 0.09039982, "lr": 0.00030332, "params": 337201, "time_iter": 0.0835, "accuracy": 0.86252, "precision": 0.57319, "recall": 0.86589, "f1": 0.68977, "auc": 0.94036, "accuracy-SBM": 0.86384}
{"epoch": 47, "time_epoch": 25.7665, "eta": 1357.30503, "eta_hours": 0.37703, "loss": 0.0902552, "lr": 0.00029522, "params": 337201, "time_iter": 0.08232, "accuracy": 0.86262, "precision": 0.57333, "recall": 0.86666, "f1": 0.69012, "auc": 0.94056, "accuracy-SBM": 0.86421}
{"epoch": 48, "time_epoch": 25.71582, "eta": 1330.80105, "eta_hours": 0.36967, "loss": 0.09016578, "lr": 0.00028707, "params": 337201, "time_iter": 0.08216, "accuracy": 0.86292, "precision": 0.57402, "recall": 0.86634, "f1": 0.69052, "auc": 0.94069, "accuracy-SBM": 0.86427}
{"epoch": 49, "time_epoch": 25.62758, "eta": 1304.24035, "eta_hours": 0.36229, "loss": 0.09007559, "lr": 0.00027887, "params": 337201, "time_iter": 0.08188, "accuracy": 0.86292, "precision": 0.574, "recall": 0.86657, "f1": 0.69057, "auc": 0.94075, "accuracy-SBM": 0.86435}
{"epoch": 50, "time_epoch": 25.62964, "eta": 1277.71823, "eta_hours": 0.35492, "loss": 0.09005468, "lr": 0.00027064, "params": 337201, "time_iter": 0.08188, "accuracy": 0.8629, "precision": 0.57395, "recall": 0.86654, "f1": 0.69053, "auc": 0.94082, "accuracy-SBM": 0.86433}
{"epoch": 51, "time_epoch": 26.38624, "eta": 1251.92883, "eta_hours": 0.34776, "loss": 0.09009086, "lr": 0.0002624, "params": 337201, "time_iter": 0.0843, "accuracy": 0.86307, "precision": 0.57435, "recall": 0.86632, "f1": 0.69075, "auc": 0.94075, "accuracy-SBM": 0.86435}
{"epoch": 52, "time_epoch": 25.64502, "eta": 1225.4596, "eta_hours": 0.34041, "loss": 0.0899275, "lr": 0.00025413, "params": 337201, "time_iter": 0.08193, "accuracy": 0.863, "precision": 0.5741, "recall": 0.8672, "f1": 0.69085, "auc": 0.94101, "accuracy-SBM": 0.86465}
{"epoch": 53, "time_epoch": 26.0056, "eta": 1199.32806, "eta_hours": 0.33315, "loss": 0.0899251, "lr": 0.00024587, "params": 337201, "time_iter": 0.08308, "accuracy": 0.86253, "precision": 0.57304, "recall": 0.86777, "f1": 0.69026, "auc": 0.94097, "accuracy-SBM": 0.86459}
{"epoch": 54, "time_epoch": 25.85318, "eta": 1173.07639, "eta_hours": 0.32585, "loss": 0.08999117, "lr": 0.0002376, "params": 337201, "time_iter": 0.0826, "accuracy": 0.86272, "precision": 0.57348, "recall": 0.86747, "f1": 0.69049, "auc": 0.94089, "accuracy-SBM": 0.86459}
{"epoch": 55, "time_epoch": 25.6614, "eta": 1146.68827, "eta_hours": 0.31852, "loss": 0.08977171, "lr": 0.00022936, "params": 337201, "time_iter": 0.08199, "accuracy": 0.86297, "precision": 0.57402, "recall": 0.86737, "f1": 0.69084, "auc": 0.94123, "accuracy-SBM": 0.8647}
{"epoch": 56, "time_epoch": 26.02131, "eta": 1120.59716, "eta_hours": 0.31128, "loss": 0.08972845, "lr": 0.00022113, "params": 337201, "time_iter": 0.08314, "accuracy": 0.8634, "precision": 0.57499, "recall": 0.86702, "f1": 0.69143, "auc": 0.94127, "accuracy-SBM": 0.86482}
{"epoch": 57, "time_epoch": 25.95426, "eta": 1094.4599, "eta_hours": 0.30402, "loss": 0.08979163, "lr": 0.00021293, "params": 337201, "time_iter": 0.08292, "accuracy": 0.8627, "precision": 0.57336, "recall": 0.86812, "f1": 0.6906, "auc": 0.94116, "accuracy-SBM": 0.86483}
{"epoch": 58, "time_epoch": 26.06552, "eta": 1068.40616, "eta_hours": 0.29678, "loss": 0.08966295, "lr": 0.00020478, "params": 337201, "time_iter": 0.08328, "accuracy": 0.86286, "precision": 0.57369, "recall": 0.86844, "f1": 0.69094, "auc": 0.94134, "accuracy-SBM": 0.86505}
{"epoch": 59, "time_epoch": 26.13905, "eta": 1042.40106, "eta_hours": 0.28956, "loss": 0.0896471, "lr": 0.00019668, "params": 337201, "time_iter": 0.08351, "accuracy": 0.86335, "precision": 0.57481, "recall": 0.86773, "f1": 0.69153, "auc": 0.9413, "accuracy-SBM": 0.86507}
{"epoch": 60, "time_epoch": 26.77885, "eta": 1016.8006, "eta_hours": 0.28244, "loss": 0.08959671, "lr": 0.00018863, "params": 337201, "time_iter": 0.08556, "accuracy": 0.86323, "precision": 0.57458, "recall": 0.86748, "f1": 0.69128, "auc": 0.94136, "accuracy-SBM": 0.8649}
{"epoch": 61, "time_epoch": 26.14837, "eta": 990.77572, "eta_hours": 0.27522, "loss": 0.08948614, "lr": 0.00018065, "params": 337201, "time_iter": 0.08354, "accuracy": 0.86345, "precision": 0.57501, "recall": 0.86788, "f1": 0.69172, "auc": 0.94157, "accuracy-SBM": 0.86519}
{"epoch": 62, "time_epoch": 26.05496, "eta": 964.69205, "eta_hours": 0.26797, "loss": 0.08944004, "lr": 0.00017275, "params": 337201, "time_iter": 0.08324, "accuracy": 0.864, "precision": 0.57624, "recall": 0.86731, "f1": 0.69243, "auc": 0.94162, "accuracy-SBM": 0.8653}
{"epoch": 63, "time_epoch": 26.2072, "eta": 938.69492, "eta_hours": 0.26075, "loss": 0.08944302, "lr": 0.00016493, "params": 337201, "time_iter": 0.08373, "accuracy": 0.86342, "precision": 0.57493, "recall": 0.86796, "f1": 0.69169, "auc": 0.94161, "accuracy-SBM": 0.8652}
{"epoch": 64, "time_epoch": 26.14221, "eta": 912.65632, "eta_hours": 0.25352, "loss": 0.08936998, "lr": 0.0001572, "params": 337201, "time_iter": 0.08352, "accuracy": 0.8634, "precision": 0.57486, "recall": 0.86821, "f1": 0.69172, "auc": 0.94169, "accuracy-SBM": 0.86529}
{"epoch": 65, "time_epoch": 26.23605, "eta": 886.66294, "eta_hours": 0.2463, "loss": 0.08924172, "lr": 0.00014958, "params": 337201, "time_iter": 0.08382, "accuracy": 0.86395, "precision": 0.57601, "recall": 0.86859, "f1": 0.69267, "auc": 0.94187, "accuracy-SBM": 0.86577}
{"epoch": 66, "time_epoch": 26.26581, "eta": 860.67696, "eta_hours": 0.23908, "loss": 0.08919212, "lr": 0.00014206, "params": 337201, "time_iter": 0.08392, "accuracy": 0.86367, "precision": 0.57533, "recall": 0.86948, "f1": 0.69246, "auc": 0.94192, "accuracy-SBM": 0.86595}
{"epoch": 67, "time_epoch": 26.71089, "eta": 834.8922, "eta_hours": 0.23191, "loss": 0.08926161, "lr": 0.00013466, "params": 337201, "time_iter": 0.08534, "accuracy": 0.86356, "precision": 0.57521, "recall": 0.86817, "f1": 0.69196, "auc": 0.94181, "accuracy-SBM": 0.86537}
{"epoch": 68, "time_epoch": 26.80527, "eta": 809.123, "eta_hours": 0.22476, "loss": 0.08904686, "lr": 0.00012739, "params": 337201, "time_iter": 0.08564, "accuracy": 0.86414, "precision": 0.57639, "recall": 0.86889, "f1": 0.69304, "auc": 0.94214, "accuracy-SBM": 0.86601}
{"epoch": 69, "time_epoch": 26.27821, "eta": 783.09832, "eta_hours": 0.21753, "loss": 0.08909911, "lr": 0.00012026, "params": 337201, "time_iter": 0.08396, "accuracy": 0.86357, "precision": 0.57512, "recall": 0.86935, "f1": 0.69227, "auc": 0.94202, "accuracy-SBM": 0.86584}
{"epoch": 70, "time_epoch": 26.31339, "eta": 757.08086, "eta_hours": 0.2103, "loss": 0.08901103, "lr": 0.00011326, "params": 337201, "time_iter": 0.08407, "accuracy": 0.86397, "precision": 0.576, "recall": 0.86919, "f1": 0.69286, "auc": 0.94219, "accuracy-SBM": 0.86602}
{"epoch": 71, "time_epoch": 26.35013, "eta": 731.06947, "eta_hours": 0.20307, "loss": 0.08895544, "lr": 0.00010642, "params": 337201, "time_iter": 0.08419, "accuracy": 0.86425, "precision": 0.5766, "recall": 0.86931, "f1": 0.69333, "auc": 0.94229, "accuracy-SBM": 0.86624}
{"epoch": 72, "time_epoch": 25.94637, "eta": 704.89946, "eta_hours": 0.19581, "loss": 0.08897894, "lr": 9.973e-05, "params": 337201, "time_iter": 0.0829, "accuracy": 0.86372, "precision": 0.57546, "recall": 0.86925, "f1": 0.69248, "auc": 0.94222, "accuracy-SBM": 0.86589}
{"epoch": 73, "time_epoch": 26.69804, "eta": 678.9996, "eta_hours": 0.18861, "loss": 0.08894503, "lr": 9.321e-05, "params": 337201, "time_iter": 0.0853, "accuracy": 0.86385, "precision": 0.57569, "recall": 0.8696, "f1": 0.69276, "auc": 0.94228, "accuracy-SBM": 0.86611}
{"epoch": 74, "time_epoch": 26.22073, "eta": 652.91935, "eta_hours": 0.18137, "loss": 0.08886668, "lr": 8.685e-05, "params": 337201, "time_iter": 0.08377, "accuracy": 0.86394, "precision": 0.5759, "recall": 0.86945, "f1": 0.69287, "auc": 0.94235, "accuracy-SBM": 0.8661}
{"epoch": 75, "time_epoch": 26.41349, "eta": 626.89628, "eta_hours": 0.17414, "loss": 0.08876082, "lr": 8.068e-05, "params": 337201, "time_iter": 0.08439, "accuracy": 0.86441, "precision": 0.57691, "recall": 0.86947, "f1": 0.6936, "auc": 0.94249, "accuracy-SBM": 0.8664}
{"epoch": 76, "time_epoch": 26.36165, "eta": 600.84758, "eta_hours": 0.1669, "loss": 0.08873969, "lr": 7.469e-05, "params": 337201, "time_iter": 0.08422, "accuracy": 0.86442, "precision": 0.57695, "recall": 0.86938, "f1": 0.6936, "auc": 0.94253, "accuracy-SBM": 0.86636}
{"epoch": 77, "time_epoch": 26.17246, "eta": 574.73749, "eta_hours": 0.15965, "loss": 0.08874941, "lr": 6.889e-05, "params": 337201, "time_iter": 0.08362, "accuracy": 0.86414, "precision": 0.57633, "recall": 0.8696, "f1": 0.69322, "auc": 0.94251, "accuracy-SBM": 0.86629}
{"epoch": 78, "time_epoch": 26.11722, "eta": 548.61114, "eta_hours": 0.15239, "loss": 0.08872369, "lr": 6.329e-05, "params": 337201, "time_iter": 0.08344, "accuracy": 0.8642, "precision": 0.57641, "recall": 0.86999, "f1": 0.69341, "auc": 0.94255, "accuracy-SBM": 0.86647}
{"epoch": 79, "time_epoch": 26.21221, "eta": 522.50877, "eta_hours": 0.14514, "loss": 0.08864824, "lr": 5.79e-05, "params": 337201, "time_iter": 0.08375, "accuracy": 0.86412, "precision": 0.57627, "recall": 0.86975, "f1": 0.69323, "auc": 0.94264, "accuracy-SBM": 0.86633}
{"epoch": 80, "time_epoch": 25.78994, "eta": 496.30464, "eta_hours": 0.13786, "loss": 0.08859843, "lr": 5.271e-05, "params": 337201, "time_iter": 0.0824, "accuracy": 0.8646, "precision": 0.5773, "recall": 0.86979, "f1": 0.69399, "auc": 0.94272, "accuracy-SBM": 0.86664}
{"epoch": 81, "time_epoch": 25.87562, "eta": 470.12941, "eta_hours": 0.13059, "loss": 0.08862458, "lr": 4.775e-05, "params": 337201, "time_iter": 0.08267, "accuracy": 0.8642, "precision": 0.57638, "recall": 0.87028, "f1": 0.69347, "auc": 0.94265, "accuracy-SBM": 0.86658}
{"epoch": 82, "time_epoch": 25.83995, "eta": 443.9541, "eta_hours": 0.12332, "loss": 0.08857394, "lr": 4.3e-05, "params": 337201, "time_iter": 0.08256, "accuracy": 0.86451, "precision": 0.57712, "recall": 0.86965, "f1": 0.69381, "auc": 0.94273, "accuracy-SBM": 0.86653}
{"epoch": 83, "time_epoch": 26.20654, "eta": 417.8566, "eta_hours": 0.11607, "loss": 0.08851901, "lr": 3.848e-05, "params": 337201, "time_iter": 0.08373, "accuracy": 0.86436, "precision": 0.57674, "recall": 0.87013, "f1": 0.69369, "auc": 0.9428, "accuracy-SBM": 0.86663}
{"epoch": 84, "time_epoch": 25.84286, "eta": 391.69235, "eta_hours": 0.1088, "loss": 0.0884536, "lr": 3.419e-05, "params": 337201, "time_iter": 0.08257, "accuracy": 0.86448, "precision": 0.57699, "recall": 0.87025, "f1": 0.69391, "auc": 0.9429, "accuracy-SBM": 0.86675}
{"epoch": 85, "time_epoch": 25.95848, "eta": 365.5544, "eta_hours": 0.10154, "loss": 0.08840494, "lr": 3.013e-05, "params": 337201, "time_iter": 0.08293, "accuracy": 0.86442, "precision": 0.5768, "recall": 0.87095, "f1": 0.69399, "auc": 0.94296, "accuracy-SBM": 0.86699}
{"epoch": 86, "time_epoch": 26.03076, "eta": 339.43138, "eta_hours": 0.09429, "loss": 0.08845451, "lr": 2.632e-05, "params": 337201, "time_iter": 0.08317, "accuracy": 0.86422, "precision": 0.57643, "recall": 0.8703, "f1": 0.69352, "auc": 0.94288, "accuracy-SBM": 0.86661}
{"epoch": 87, "time_epoch": 25.70738, "eta": 313.26636, "eta_hours": 0.08702, "loss": 0.0884139, "lr": 2.275e-05, "params": 337201, "time_iter": 0.08213, "accuracy": 0.86447, "precision": 0.57694, "recall": 0.87061, "f1": 0.69399, "auc": 0.94297, "accuracy-SBM": 0.86688}
{"epoch": 88, "time_epoch": 25.90684, "eta": 287.13627, "eta_hours": 0.07976, "loss": 0.08833948, "lr": 1.943e-05, "params": 337201, "time_iter": 0.08277, "accuracy": 0.86472, "precision": 0.57751, "recall": 0.87025, "f1": 0.69428, "auc": 0.94307, "accuracy-SBM": 0.86689}
{"epoch": 89, "time_epoch": 25.85787, "eta": 261.0057, "eta_hours": 0.0725, "loss": 0.08838385, "lr": 1.636e-05, "params": 337201, "time_iter": 0.08261, "accuracy": 0.86439, "precision": 0.57675, "recall": 0.87074, "f1": 0.69389, "auc": 0.94302, "accuracy-SBM": 0.86688}
{"epoch": 90, "time_epoch": 26.19998, "eta": 234.91496, "eta_hours": 0.06525, "loss": 0.08836598, "lr": 1.355e-05, "params": 337201, "time_iter": 0.08371, "accuracy": 0.86465, "precision": 0.57732, "recall": 0.87075, "f1": 0.6943, "auc": 0.94302, "accuracy-SBM": 0.86705}
{"epoch": 91, "time_epoch": 26.04879, "eta": 208.8087, "eta_hours": 0.058, "loss": 0.08829325, "lr": 1.099e-05, "params": 337201, "time_iter": 0.08322, "accuracy": 0.86446, "precision": 0.57688, "recall": 0.87094, "f1": 0.69404, "auc": 0.94309, "accuracy-SBM": 0.867}
{"epoch": 92, "time_epoch": 25.49012, "eta": 182.66163, "eta_hours": 0.05074, "loss": 0.08827886, "lr": 8.7e-06, "params": 337201, "time_iter": 0.08144, "accuracy": 0.86458, "precision": 0.5772, "recall": 0.87036, "f1": 0.69409, "auc": 0.94309, "accuracy-SBM": 0.86685}
{"epoch": 93, "time_epoch": 25.85519, "eta": 156.55183, "eta_hours": 0.04349, "loss": 0.08831975, "lr": 6.67e-06, "params": 337201, "time_iter": 0.0826, "accuracy": 0.86453, "precision": 0.57703, "recall": 0.87107, "f1": 0.69419, "auc": 0.94308, "accuracy-SBM": 0.8671}
{"epoch": 94, "time_epoch": 25.65221, "eta": 130.43672, "eta_hours": 0.03623, "loss": 0.08832488, "lr": 4.91e-06, "params": 337201, "time_iter": 0.08196, "accuracy": 0.86456, "precision": 0.57718, "recall": 0.87016, "f1": 0.69402, "auc": 0.94304, "accuracy-SBM": 0.86676}
{"epoch": 95, "time_epoch": 25.49502, "eta": 104.32469, "eta_hours": 0.02898, "loss": 0.08833428, "lr": 3.41e-06, "params": 337201, "time_iter": 0.08145, "accuracy": 0.86461, "precision": 0.57726, "recall": 0.87045, "f1": 0.69417, "auc": 0.94302, "accuracy-SBM": 0.8669}
{"epoch": 96, "time_epoch": 25.65522, "eta": 78.23035, "eta_hours": 0.02173, "loss": 0.08825954, "lr": 2.18e-06, "params": 337201, "time_iter": 0.08197, "accuracy": 0.8648, "precision": 0.57763, "recall": 0.87071, "f1": 0.69452, "auc": 0.94315, "accuracy-SBM": 0.86712}
{"epoch": 97, "time_epoch": 26.59298, "eta": 52.1641, "eta_hours": 0.01449, "loss": 0.08837064, "lr": 1.23e-06, "params": 337201, "time_iter": 0.08496, "accuracy": 0.86456, "precision": 0.57714, "recall": 0.87058, "f1": 0.69412, "auc": 0.94299, "accuracy-SBM": 0.86692}
{"epoch": 98, "time_epoch": 25.6031, "eta": 26.07721, "eta_hours": 0.00724, "loss": 0.08832144, "lr": 5.5e-07, "params": 337201, "time_iter": 0.0818, "accuracy": 0.86456, "precision": 0.57714, "recall": 0.87043, "f1": 0.69407, "auc": 0.94303, "accuracy-SBM": 0.86686}
{"epoch": 99, "time_epoch": 25.56631, "eta": 0.0, "eta_hours": 0.0, "loss": 0.08830543, "lr": 1.4e-07, "params": 337201, "time_iter": 0.08168, "accuracy": 0.86462, "precision": 0.57725, "recall": 0.87075, "f1": 0.69425, "auc": 0.94309, "accuracy-SBM": 0.86703}
