{"epoch": 0, "time_epoch": 84.4718, "eta": 12586.298, "eta_hours": 3.49619, "loss": 1.61420287, "lr": 0.0, "params": 282437, "time_iter": 0.09654, "accuracy": 0.2, "f1": 0.06667, "auc": 0.55814}
{"epoch": 1, "time_epoch": 79.60321, "eta": 12141.55099, "eta_hours": 3.37265, "loss": 1.53727249, "lr": 5e-05, "params": 282437, "time_iter": 0.09098, "accuracy": 0.40657, "f1": 0.34076, "auc": 0.79058}
{"epoch": 2, "time_epoch": 80.16925, "eta": 11967.96912, "eta_hours": 3.32444, "loss": 1.40972388, "lr": 0.0001, "params": 282437, "time_iter": 0.09162, "accuracy": 0.60714, "f1": 0.59645, "auc": 0.87678}
{"epoch": 3, "time_epoch": 81.16103, "eta": 11877.29323, "eta_hours": 3.29925, "loss": 1.33449636, "lr": 0.00015, "params": 282437, "time_iter": 0.09276, "accuracy": 0.75257, "f1": 0.75835, "auc": 0.92445}
{"epoch": 4, "time_epoch": 79.75936, "eta": 11749.77506, "eta_hours": 3.26383, "loss": 1.2520537, "lr": 0.0002, "params": 282437, "time_iter": 0.09115, "accuracy": 0.80171, "f1": 0.80197, "auc": 0.94074}
{"epoch": 5, "time_epoch": 79.05655, "eta": 11621.30888, "eta_hours": 3.22814, "loss": 1.15741046, "lr": 0.00025, "params": 282437, "time_iter": 0.09035, "accuracy": 0.83371, "f1": 0.83254, "auc": 0.95108}
{"epoch": 6, "time_epoch": 81.26732, "eta": 11552.12259, "eta_hours": 3.20892, "loss": 1.05369715, "lr": 0.0003, "params": 282437, "time_iter": 0.09288, "accuracy": 0.85057, "f1": 0.85056, "auc": 0.95769}
{"epoch": 7, "time_epoch": 81.25654, "eta": 11479.72473, "eta_hours": 3.18881, "loss": 0.95080635, "lr": 0.00035, "params": 282437, "time_iter": 0.09286, "accuracy": 0.866, "f1": 0.86659, "auc": 0.96443}
{"epoch": 8, "time_epoch": 80.06502, "eta": 11386.6912, "eta_hours": 3.16297, "loss": 0.85201313, "lr": 0.0004, "params": 282437, "time_iter": 0.0915, "accuracy": 0.87829, "f1": 0.87886, "auc": 0.97011}
{"epoch": 9, "time_epoch": 79.79085, "eta": 11292.41303, "eta_hours": 3.13678, "loss": 0.74755691, "lr": 0.00045, "params": 282437, "time_iter": 0.09119, "accuracy": 0.88657, "f1": 0.88685, "auc": 0.97386}
{"epoch": 10, "time_epoch": 80.98761, "eta": 11215.89154, "eta_hours": 3.11553, "loss": 0.66244663, "lr": 0.0005, "params": 282437, "time_iter": 0.09256, "accuracy": 0.88829, "f1": 0.8886, "auc": 0.97305}
{"epoch": 11, "time_epoch": 81.03138, "eta": 11139.12908, "eta_hours": 3.0942, "loss": 0.57092489, "lr": 0.00049994, "params": 282437, "time_iter": 0.09261, "accuracy": 0.89914, "f1": 0.89973, "auc": 0.98026}
{"epoch": 12, "time_epoch": 79.12142, "eta": 11041.58177, "eta_hours": 3.06711, "loss": 0.49512797, "lr": 0.00049975, "params": 282437, "time_iter": 0.09042, "accuracy": 0.90971, "f1": 0.91031, "auc": 0.98102}
{"epoch": 13, "time_epoch": 80.1334, "eta": 10956.49739, "eta_hours": 3.04347, "loss": 0.4305789, "lr": 0.00049943, "params": 282437, "time_iter": 0.09158, "accuracy": 0.91886, "f1": 0.91901, "auc": 0.98275}
{"epoch": 14, "time_epoch": 79.73144, "eta": 10868.45556, "eta_hours": 3.01902, "loss": 0.38185807, "lr": 0.00049899, "params": 282437, "time_iter": 0.09112, "accuracy": 0.92486, "f1": 0.92491, "auc": 0.98365}
{"epoch": 15, "time_epoch": 80.22801, "eta": 10785.61128, "eta_hours": 2.996, "loss": 0.35743197, "lr": 0.00049843, "params": 282437, "time_iter": 0.09169, "accuracy": 0.92086, "f1": 0.92055, "auc": 0.9838}
{"epoch": 16, "time_epoch": 79.44472, "eta": 10696.9467, "eta_hours": 2.97137, "loss": 0.31288168, "lr": 0.00049774, "params": 282437, "time_iter": 0.09079, "accuracy": 0.93114, "f1": 0.9312, "auc": 0.98485}
{"epoch": 17, "time_epoch": 79.36807, "eta": 10608.74445, "eta_hours": 2.94687, "loss": 0.29064025, "lr": 0.00049692, "params": 282437, "time_iter": 0.09071, "accuracy": 0.93257, "f1": 0.93276, "auc": 0.98705}
{"epoch": 18, "time_epoch": 80.55878, "eta": 10529.68176, "eta_hours": 2.92491, "loss": 0.27793033, "lr": 0.00049598, "params": 282437, "time_iter": 0.09207, "accuracy": 0.93086, "f1": 0.93071, "auc": 0.98859}
{"epoch": 19, "time_epoch": 81.17145, "eta": 10454.4518, "eta_hours": 2.90401, "loss": 0.2428607, "lr": 0.00049492, "params": 282437, "time_iter": 0.09277, "accuracy": 0.94314, "f1": 0.94331, "auc": 0.98976}
{"epoch": 20, "time_epoch": 79.90008, "eta": 10370.84615, "eta_hours": 2.88079, "loss": 0.23879879, "lr": 0.00049373, "params": 282437, "time_iter": 0.09131, "accuracy": 0.94086, "f1": 0.94102, "auc": 0.98989}
{"epoch": 21, "time_epoch": 80.31269, "eta": 10289.97802, "eta_hours": 2.85833, "loss": 0.22877132, "lr": 0.00049242, "params": 282437, "time_iter": 0.09179, "accuracy": 0.94171, "f1": 0.94172, "auc": 0.99028}
{"epoch": 22, "time_epoch": 80.8364, "eta": 10212.04995, "eta_hours": 2.83668, "loss": 0.21257534, "lr": 0.00049099, "params": 282437, "time_iter": 0.09238, "accuracy": 0.948, "f1": 0.94801, "auc": 0.99026}
{"epoch": 23, "time_epoch": 79.42506, "eta": 10126.47, "eta_hours": 2.81291, "loss": 0.20138933, "lr": 0.00048944, "params": 282437, "time_iter": 0.09077, "accuracy": 0.94943, "f1": 0.94937, "auc": 0.99165}
{"epoch": 24, "time_epoch": 79.94812, "eta": 10043.99774, "eta_hours": 2.79, "loss": 0.20217898, "lr": 0.00048776, "params": 282437, "time_iter": 0.09137, "accuracy": 0.94629, "f1": 0.94626, "auc": 0.99121}
{"epoch": 25, "time_epoch": 80.20133, "eta": 9962.92727, "eta_hours": 2.76748, "loss": 0.18502594, "lr": 0.00048597, "params": 282437, "time_iter": 0.09166, "accuracy": 0.95143, "f1": 0.95127, "auc": 0.99123}
{"epoch": 26, "time_epoch": 81.29463, "eta": 9886.90174, "eta_hours": 2.74636, "loss": 0.2042576, "lr": 0.00048406, "params": 282437, "time_iter": 0.09291, "accuracy": 0.94543, "f1": 0.94543, "auc": 0.99011}
{"epoch": 27, "time_epoch": 80.62697, "eta": 9807.59078, "eta_hours": 2.72433, "loss": 0.17990693, "lr": 0.00048203, "params": 282437, "time_iter": 0.09215, "accuracy": 0.952, "f1": 0.9519, "auc": 0.99192}
{"epoch": 28, "time_epoch": 79.75452, "eta": 9724.54884, "eta_hours": 2.70126, "loss": 0.17923946, "lr": 0.00047988, "params": 282437, "time_iter": 0.09115, "accuracy": 0.95314, "f1": 0.95311, "auc": 0.9922}
{"epoch": 29, "time_epoch": 80.2827, "eta": 9643.83876, "eta_hours": 2.67884, "loss": 0.16113011, "lr": 0.00047762, "params": 282437, "time_iter": 0.09175, "accuracy": 0.95886, "f1": 0.95873, "auc": 0.99299}
{"epoch": 30, "time_epoch": 79.46991, "eta": 9560.03622, "eta_hours": 2.65557, "loss": 0.17516517, "lr": 0.00047524, "params": 282437, "time_iter": 0.09082, "accuracy": 0.95114, "f1": 0.95114, "auc": 0.99327}
{"epoch": 31, "time_epoch": 79.96056, "eta": 9478.31372, "eta_hours": 2.63286, "loss": 0.15213642, "lr": 0.00047275, "params": 282437, "time_iter": 0.09138, "accuracy": 0.958, "f1": 0.95797, "auc": 0.99402}
{"epoch": 32, "time_epoch": 79.3935, "eta": 9394.68751, "eta_hours": 2.60964, "loss": 0.15239344, "lr": 0.00047015, "params": 282437, "time_iter": 0.09074, "accuracy": 0.95914, "f1": 0.95919, "auc": 0.99416}
{"epoch": 33, "time_epoch": 79.64283, "eta": 9312.16094, "eta_hours": 2.58671, "loss": 0.15229397, "lr": 0.00046744, "params": 282437, "time_iter": 0.09102, "accuracy": 0.95886, "f1": 0.95887, "auc": 0.99421}
{"epoch": 34, "time_epoch": 80.08385, "eta": 9231.24823, "eta_hours": 2.56424, "loss": 0.1553693, "lr": 0.00046461, "params": 282437, "time_iter": 0.09152, "accuracy": 0.956, "f1": 0.95611, "auc": 0.99455}
{"epoch": 35, "time_epoch": 80.2942, "eta": 9151.0477, "eta_hours": 2.54196, "loss": 0.1510786, "lr": 0.00046168, "params": 282437, "time_iter": 0.09176, "accuracy": 0.95657, "f1": 0.95645, "auc": 0.9945}
{"epoch": 36, "time_epoch": 79.83174, "eta": 9069.4297, "eta_hours": 2.51929, "loss": 0.14555679, "lr": 0.00045864, "params": 282437, "time_iter": 0.09124, "accuracy": 0.96171, "f1": 0.96169, "auc": 0.99455}
{"epoch": 37, "time_epoch": 79.87277, "eta": 8988.02664, "eta_hours": 2.49667, "loss": 0.14562355, "lr": 0.0004555, "params": 282437, "time_iter": 0.09128, "accuracy": 0.96057, "f1": 0.96052, "auc": 0.99436}
{"epoch": 38, "time_epoch": 80.85854, "eta": 8909.50772, "eta_hours": 2.47486, "loss": 0.138428, "lr": 0.00045225, "params": 282437, "time_iter": 0.09241, "accuracy": 0.96314, "f1": 0.96316, "auc": 0.99544}
{"epoch": 39, "time_epoch": 81.50261, "eta": 8832.64302, "eta_hours": 2.45351, "loss": 0.13500122, "lr": 0.00044891, "params": 282437, "time_iter": 0.09315, "accuracy": 0.96371, "f1": 0.96363, "auc": 0.99513}
{"epoch": 40, "time_epoch": 80.68857, "eta": 8753.38791, "eta_hours": 2.4315, "loss": 0.14089675, "lr": 0.00044546, "params": 282437, "time_iter": 0.09222, "accuracy": 0.96171, "f1": 0.96168, "auc": 0.99446}
{"epoch": 41, "time_epoch": 79.8254, "eta": 8671.84496, "eta_hours": 2.40885, "loss": 0.14154839, "lr": 0.00044191, "params": 282437, "time_iter": 0.09123, "accuracy": 0.96171, "f1": 0.96166, "auc": 0.99479}
{"epoch": 42, "time_epoch": 79.61612, "eta": 8589.86114, "eta_hours": 2.38607, "loss": 0.12846398, "lr": 0.00043827, "params": 282437, "time_iter": 0.09099, "accuracy": 0.96543, "f1": 0.96535, "auc": 0.99519}
{"epoch": 43, "time_epoch": 81.44239, "eta": 8512.38458, "eta_hours": 2.36455, "loss": 0.12599951, "lr": 0.00043453, "params": 282437, "time_iter": 0.09308, "accuracy": 0.96771, "f1": 0.96767, "auc": 0.99522}
{"epoch": 44, "time_epoch": 81.45034, "eta": 8434.75033, "eta_hours": 2.34299, "loss": 0.1363011, "lr": 0.0004307, "params": 282437, "time_iter": 0.09309, "accuracy": 0.96543, "f1": 0.96537, "auc": 0.99463}
{"epoch": 45, "time_epoch": 79.60732, "eta": 8352.78332, "eta_hours": 2.32022, "loss": 0.11987531, "lr": 0.00042678, "params": 282437, "time_iter": 0.09098, "accuracy": 0.96686, "f1": 0.96678, "auc": 0.99556}
{"epoch": 46, "time_epoch": 81.47564, "eta": 8275.01114, "eta_hours": 2.29861, "loss": 0.12385206, "lr": 0.00042277, "params": 282437, "time_iter": 0.09312, "accuracy": 0.96571, "f1": 0.96565, "auc": 0.99666}
{"epoch": 47, "time_epoch": 80.47705, "eta": 8194.96265, "eta_hours": 2.27638, "loss": 0.13245046, "lr": 0.00041867, "params": 282437, "time_iter": 0.09197, "accuracy": 0.964, "f1": 0.96392, "auc": 0.99576}
{"epoch": 48, "time_epoch": 80.55331, "eta": 8115.05385, "eta_hours": 2.25418, "loss": 0.11295668, "lr": 0.00041448, "params": 282437, "time_iter": 0.09206, "accuracy": 0.96971, "f1": 0.96964, "auc": 0.99582}
{"epoch": 49, "time_epoch": 80.20798, "eta": 8034.42861, "eta_hours": 2.23179, "loss": 0.13649467, "lr": 0.00041022, "params": 282437, "time_iter": 0.09167, "accuracy": 0.96343, "f1": 0.96337, "auc": 0.99578}
{"epoch": 50, "time_epoch": 80.24149, "eta": 7953.88478, "eta_hours": 2.20941, "loss": 0.12888835, "lr": 0.00040587, "params": 282437, "time_iter": 0.0917, "accuracy": 0.96657, "f1": 0.96651, "auc": 0.99577}
{"epoch": 51, "time_epoch": 79.48797, "eta": 7871.93248, "eta_hours": 2.18665, "loss": 0.12248392, "lr": 0.00040145, "params": 282437, "time_iter": 0.09084, "accuracy": 0.96571, "f1": 0.96563, "auc": 0.99635}
{"epoch": 52, "time_epoch": 81.09902, "eta": 7793.0217, "eta_hours": 2.16473, "loss": 0.11130725, "lr": 0.00039695, "params": 282437, "time_iter": 0.09268, "accuracy": 0.97114, "f1": 0.97108, "auc": 0.99683}
{"epoch": 53, "time_epoch": 79.54037, "eta": 7711.25894, "eta_hours": 2.14202, "loss": 0.11011693, "lr": 0.00039237, "params": 282437, "time_iter": 0.0909, "accuracy": 0.97314, "f1": 0.9731, "auc": 0.99649}
{"epoch": 54, "time_epoch": 80.2311, "eta": 7630.77007, "eta_hours": 2.11966, "loss": 0.1042137, "lr": 0.00038772, "params": 282437, "time_iter": 0.09169, "accuracy": 0.97171, "f1": 0.97168, "auc": 0.99705}
{"epoch": 55, "time_epoch": 80.62802, "eta": 7550.95668, "eta_hours": 2.09749, "loss": 0.10063198, "lr": 0.00038301, "params": 282437, "time_iter": 0.09215, "accuracy": 0.97486, "f1": 0.97483, "auc": 0.99747}
{"epoch": 56, "time_epoch": 80.20843, "eta": 7470.4301, "eta_hours": 2.07512, "loss": 0.10582019, "lr": 0.00037822, "params": 282437, "time_iter": 0.09167, "accuracy": 0.97171, "f1": 0.97168, "auc": 0.99679}
{"epoch": 57, "time_epoch": 80.33975, "eta": 7390.12279, "eta_hours": 2.05281, "loss": 0.10898215, "lr": 0.00037338, "params": 282437, "time_iter": 0.09182, "accuracy": 0.972, "f1": 0.97199, "auc": 0.99708}
{"epoch": 58, "time_epoch": 80.79613, "eta": 7310.51829, "eta_hours": 2.0307, "loss": 0.10207398, "lr": 0.00036847, "params": 282437, "time_iter": 0.09234, "accuracy": 0.97429, "f1": 0.97427, "auc": 0.99724}
{"epoch": 59, "time_epoch": 80.53675, "eta": 7230.485, "eta_hours": 2.00847, "loss": 0.09578895, "lr": 0.0003635, "params": 282437, "time_iter": 0.09204, "accuracy": 0.97543, "f1": 0.97536, "auc": 0.99773}
{"epoch": 60, "time_epoch": 80.46351, "eta": 7150.32835, "eta_hours": 1.9862, "loss": 0.10929134, "lr": 0.00035847, "params": 282437, "time_iter": 0.09196, "accuracy": 0.97171, "f1": 0.97169, "auc": 0.99673}
{"epoch": 61, "time_epoch": 79.73446, "eta": 7069.12702, "eta_hours": 1.96365, "loss": 0.09565418, "lr": 0.00035339, "params": 282437, "time_iter": 0.09113, "accuracy": 0.97514, "f1": 0.9751, "auc": 0.9975}
{"epoch": 62, "time_epoch": 80.57789, "eta": 6989.13698, "eta_hours": 1.94143, "loss": 0.10644076, "lr": 0.00034826, "params": 282437, "time_iter": 0.09209, "accuracy": 0.97257, "f1": 0.97256, "auc": 0.99739}
{"epoch": 63, "time_epoch": 79.2892, "eta": 6907.39691, "eta_hours": 1.91872, "loss": 0.08434985, "lr": 0.00034307, "params": 282437, "time_iter": 0.09062, "accuracy": 0.97914, "f1": 0.97911, "auc": 0.9981}
{"epoch": 64, "time_epoch": 80.15694, "eta": 6826.86697, "eta_hours": 1.89635, "loss": 0.10018742, "lr": 0.00033784, "params": 282437, "time_iter": 0.09161, "accuracy": 0.97371, "f1": 0.97367, "auc": 0.99796}
{"epoch": 65, "time_epoch": 80.01609, "eta": 6746.16909, "eta_hours": 1.87394, "loss": 0.09198979, "lr": 0.00033257, "params": 282437, "time_iter": 0.09145, "accuracy": 0.97714, "f1": 0.9771, "auc": 0.99765}
{"epoch": 66, "time_epoch": 79.71403, "eta": 6665.11735, "eta_hours": 1.85142, "loss": 0.09038592, "lr": 0.00032725, "params": 282437, "time_iter": 0.0911, "accuracy": 0.97857, "f1": 0.97854, "auc": 0.99738}
{"epoch": 67, "time_epoch": 80.23119, "eta": 6584.7286, "eta_hours": 1.82909, "loss": 0.09057307, "lr": 0.0003219, "params": 282437, "time_iter": 0.09169, "accuracy": 0.97686, "f1": 0.97683, "auc": 0.99786}
{"epoch": 68, "time_epoch": 81.13802, "eta": 6505.40895, "eta_hours": 1.80706, "loss": 0.09202582, "lr": 0.00031651, "params": 282437, "time_iter": 0.09273, "accuracy": 0.97657, "f1": 0.97655, "auc": 0.99795}
{"epoch": 69, "time_epoch": 80.25563, "eta": 6425.0289, "eta_hours": 1.78473, "loss": 0.08097738, "lr": 0.00031109, "params": 282437, "time_iter": 0.09172, "accuracy": 0.98057, "f1": 0.98054, "auc": 0.99795}
{"epoch": 70, "time_epoch": 79.88906, "eta": 6344.24448, "eta_hours": 1.76229, "loss": 0.09127191, "lr": 0.00030563, "params": 282437, "time_iter": 0.0913, "accuracy": 0.97829, "f1": 0.97825, "auc": 0.99798}
{"epoch": 71, "time_epoch": 80.03014, "eta": 6263.63778, "eta_hours": 1.7399, "loss": 0.08834511, "lr": 0.00030015, "params": 282437, "time_iter": 0.09146, "accuracy": 0.98029, "f1": 0.98025, "auc": 0.99796}
{"epoch": 72, "time_epoch": 79.49385, "eta": 6182.48119, "eta_hours": 1.71736, "loss": 0.08519077, "lr": 0.00029464, "params": 282437, "time_iter": 0.09085, "accuracy": 0.97914, "f1": 0.97911, "auc": 0.99807}
{"epoch": 73, "time_epoch": 79.48209, "eta": 6101.35746, "eta_hours": 1.69482, "loss": 0.07718388, "lr": 0.00028911, "params": 282437, "time_iter": 0.09084, "accuracy": 0.98057, "f1": 0.98054, "auc": 0.99826}
{"epoch": 74, "time_epoch": 78.95315, "eta": 6019.74857, "eta_hours": 1.67215, "loss": 0.08053807, "lr": 0.00028356, "params": 282437, "time_iter": 0.09023, "accuracy": 0.98114, "f1": 0.98112, "auc": 0.99811}
{"epoch": 75, "time_epoch": 79.72765, "eta": 5938.96369, "eta_hours": 1.64971, "loss": 0.07909102, "lr": 0.00027799, "params": 282437, "time_iter": 0.09112, "accuracy": 0.98029, "f1": 0.98026, "auc": 0.9984}
{"epoch": 76, "time_epoch": 80.53717, "eta": 5858.97373, "eta_hours": 1.62749, "loss": 0.08078057, "lr": 0.00027241, "params": 282437, "time_iter": 0.09204, "accuracy": 0.97971, "f1": 0.97968, "auc": 0.9983}
{"epoch": 77, "time_epoch": 79.88304, "eta": 5778.36593, "eta_hours": 1.6051, "loss": 0.07653933, "lr": 0.00026682, "params": 282437, "time_iter": 0.09129, "accuracy": 0.98057, "f1": 0.98055, "auc": 0.99823}
{"epoch": 78, "time_epoch": 80.31692, "eta": 5698.16642, "eta_hours": 1.58282, "loss": 0.07491464, "lr": 0.00026122, "params": 282437, "time_iter": 0.09179, "accuracy": 0.98171, "f1": 0.98169, "auc": 0.99855}
{"epoch": 79, "time_epoch": 79.10726, "eta": 5616.90553, "eta_hours": 1.56025, "loss": 0.06971184, "lr": 0.00025561, "params": 282437, "time_iter": 0.09041, "accuracy": 0.98343, "f1": 0.9834, "auc": 0.99853}
{"epoch": 80, "time_epoch": 80.57346, "eta": 5536.9468, "eta_hours": 1.53804, "loss": 0.07897082, "lr": 0.00025, "params": 282437, "time_iter": 0.09208, "accuracy": 0.98086, "f1": 0.98082, "auc": 0.99851}
{"epoch": 81, "time_epoch": 80.48715, "eta": 5456.9015, "eta_hours": 1.51581, "loss": 0.06657383, "lr": 0.00024439, "params": 282437, "time_iter": 0.09199, "accuracy": 0.98286, "f1": 0.98283, "auc": 0.99883}
{"epoch": 82, "time_epoch": 79.39924, "eta": 5375.96736, "eta_hours": 1.49332, "loss": 0.07499245, "lr": 0.00023878, "params": 282437, "time_iter": 0.09074, "accuracy": 0.98229, "f1": 0.98226, "auc": 0.99844}
{"epoch": 83, "time_epoch": 80.45435, "eta": 5295.89878, "eta_hours": 1.47108, "loss": 0.06663426, "lr": 0.00023318, "params": 282437, "time_iter": 0.09195, "accuracy": 0.98286, "f1": 0.98283, "auc": 0.99867}
{"epoch": 84, "time_epoch": 79.94062, "eta": 5215.42827, "eta_hours": 1.44873, "loss": 0.07918761, "lr": 0.00022759, "params": 282437, "time_iter": 0.09136, "accuracy": 0.98114, "f1": 0.98112, "auc": 0.99836}
{"epoch": 85, "time_epoch": 78.88067, "eta": 5134.18128, "eta_hours": 1.42616, "loss": 0.06879277, "lr": 0.00022201, "params": 282437, "time_iter": 0.09015, "accuracy": 0.98257, "f1": 0.98255, "auc": 0.99875}
{"epoch": 86, "time_epoch": 78.94033, "eta": 5053.0319, "eta_hours": 1.40362, "loss": 0.06526139, "lr": 0.00021644, "params": 282437, "time_iter": 0.09022, "accuracy": 0.98371, "f1": 0.9837, "auc": 0.99853}
{"epoch": 87, "time_epoch": 80.6258, "eta": 4973.12021, "eta_hours": 1.38142, "loss": 0.07023627, "lr": 0.00021089, "params": 282437, "time_iter": 0.09214, "accuracy": 0.984, "f1": 0.98398, "auc": 0.99825}
{"epoch": 88, "time_epoch": 79.24414, "eta": 4892.24549, "eta_hours": 1.35896, "loss": 0.06386835, "lr": 0.00020536, "params": 282437, "time_iter": 0.09056, "accuracy": 0.984, "f1": 0.98398, "auc": 0.99888}
{"epoch": 89, "time_epoch": 80.41798, "eta": 4812.18957, "eta_hours": 1.33672, "loss": 0.07088813, "lr": 0.00019985, "params": 282437, "time_iter": 0.09191, "accuracy": 0.98229, "f1": 0.98225, "auc": 0.99844}
{"epoch": 90, "time_epoch": 79.6822, "eta": 4731.64864, "eta_hours": 1.31435, "loss": 0.06289478, "lr": 0.00019437, "params": 282437, "time_iter": 0.09107, "accuracy": 0.98429, "f1": 0.98427, "auc": 0.99881}
{"epoch": 91, "time_epoch": 80.22067, "eta": 4651.46586, "eta_hours": 1.29207, "loss": 0.06016976, "lr": 0.00018891, "params": 282437, "time_iter": 0.09168, "accuracy": 0.984, "f1": 0.98398, "auc": 0.99885}
{"epoch": 92, "time_epoch": 80.44189, "eta": 4571.41784, "eta_hours": 1.26984, "loss": 0.06129357, "lr": 0.00018349, "params": 282437, "time_iter": 0.09193, "accuracy": 0.98514, "f1": 0.98513, "auc": 0.99887}
{"epoch": 93, "time_epoch": 79.53127, "eta": 4490.81895, "eta_hours": 1.24745, "loss": 0.05851735, "lr": 0.0001781, "params": 282437, "time_iter": 0.09089, "accuracy": 0.98486, "f1": 0.98483, "auc": 0.99875}
{"epoch": 94, "time_epoch": 80.04899, "eta": 4410.54226, "eta_hours": 1.22515, "loss": 0.05863519, "lr": 0.00017275, "params": 282437, "time_iter": 0.09148, "accuracy": 0.98429, "f1": 0.98427, "auc": 0.99888}
{"epoch": 95, "time_epoch": 79.39442, "eta": 4329.90213, "eta_hours": 1.20275, "loss": 0.06017838, "lr": 0.00016743, "params": 282437, "time_iter": 0.09074, "accuracy": 0.98429, "f1": 0.98427, "auc": 0.99882}
{"epoch": 96, "time_epoch": 80.24864, "eta": 4249.75442, "eta_hours": 1.18049, "loss": 0.06309624, "lr": 0.00016216, "params": 282437, "time_iter": 0.09171, "accuracy": 0.984, "f1": 0.98398, "auc": 0.99888}
{"epoch": 97, "time_epoch": 80.05256, "eta": 4169.50061, "eta_hours": 1.15819, "loss": 0.05853661, "lr": 0.00015693, "params": 282437, "time_iter": 0.09149, "accuracy": 0.98514, "f1": 0.98512, "auc": 0.99882}
{"epoch": 98, "time_epoch": 80.30761, "eta": 4089.38225, "eta_hours": 1.13594, "loss": 0.05967033, "lr": 0.00015174, "params": 282437, "time_iter": 0.09178, "accuracy": 0.98486, "f1": 0.98484, "auc": 0.99882}
{"epoch": 99, "time_epoch": 80.00665, "eta": 4009.10962, "eta_hours": 1.11364, "loss": 0.05799299, "lr": 0.00014661, "params": 282437, "time_iter": 0.09144, "accuracy": 0.986, "f1": 0.98598, "auc": 0.99881}
{"epoch": 100, "time_epoch": 79.35149, "eta": 3928.52442, "eta_hours": 1.09126, "loss": 0.0636604, "lr": 0.00014153, "params": 282437, "time_iter": 0.09069, "accuracy": 0.98429, "f1": 0.98426, "auc": 0.9988}
{"epoch": 101, "time_epoch": 79.9482, "eta": 3848.24421, "eta_hours": 1.06896, "loss": 0.05578834, "lr": 0.0001365, "params": 282437, "time_iter": 0.09137, "accuracy": 0.98543, "f1": 0.98541, "auc": 0.99901}
{"epoch": 102, "time_epoch": 79.19067, "eta": 3767.62477, "eta_hours": 1.04656, "loss": 0.0576124, "lr": 0.00013153, "params": 282437, "time_iter": 0.0905, "accuracy": 0.98543, "f1": 0.98541, "auc": 0.99875}
{"epoch": 103, "time_epoch": 79.56424, "eta": 3687.19805, "eta_hours": 1.02422, "loss": 0.05566321, "lr": 0.00012662, "params": 282437, "time_iter": 0.09093, "accuracy": 0.98543, "f1": 0.98541, "auc": 0.99896}
{"epoch": 104, "time_epoch": 80.2583, "eta": 3607.08521, "eta_hours": 1.00197, "loss": 0.05745662, "lr": 0.00012178, "params": 282437, "time_iter": 0.09172, "accuracy": 0.98629, "f1": 0.98627, "auc": 0.99885}
{"epoch": 105, "time_epoch": 79.98753, "eta": 3526.85722, "eta_hours": 0.97968, "loss": 0.05322516, "lr": 0.00011699, "params": 282437, "time_iter": 0.09141, "accuracy": 0.98514, "f1": 0.98512, "auc": 0.99883}
{"epoch": 106, "time_epoch": 80.20395, "eta": 3446.72071, "eta_hours": 0.95742, "loss": 0.05663314, "lr": 0.00011228, "params": 282437, "time_iter": 0.09166, "accuracy": 0.98543, "f1": 0.9854, "auc": 0.99894}
{"epoch": 107, "time_epoch": 79.37576, "eta": 3366.26087, "eta_hours": 0.93507, "loss": 0.0543705, "lr": 0.00010763, "params": 282437, "time_iter": 0.09072, "accuracy": 0.98514, "f1": 0.98512, "auc": 0.99901}
{"epoch": 108, "time_epoch": 79.94656, "eta": 3286.03563, "eta_hours": 0.91279, "loss": 0.05466882, "lr": 0.00010305, "params": 282437, "time_iter": 0.09137, "accuracy": 0.98486, "f1": 0.98483, "auc": 0.99901}
{"epoch": 109, "time_epoch": 80.33275, "eta": 3205.95589, "eta_hours": 0.89054, "loss": 0.0530375, "lr": 9.855e-05, "params": 282437, "time_iter": 0.09181, "accuracy": 0.98657, "f1": 0.98656, "auc": 0.99915}
{"epoch": 110, "time_epoch": 80.17876, "eta": 3125.81748, "eta_hours": 0.86828, "loss": 0.05166466, "lr": 9.413e-05, "params": 282437, "time_iter": 0.09163, "accuracy": 0.98514, "f1": 0.98513, "auc": 0.99913}
{"epoch": 111, "time_epoch": 79.53909, "eta": 3045.46133, "eta_hours": 0.84596, "loss": 0.05327059, "lr": 8.978e-05, "params": 282437, "time_iter": 0.0909, "accuracy": 0.98714, "f1": 0.98713, "auc": 0.99899}
{"epoch": 112, "time_epoch": 80.28892, "eta": 2965.36515, "eta_hours": 0.82371, "loss": 0.0535779, "lr": 8.552e-05, "params": 282437, "time_iter": 0.09176, "accuracy": 0.98571, "f1": 0.98569, "auc": 0.99917}
{"epoch": 113, "time_epoch": 80.72901, "eta": 2885.40457, "eta_hours": 0.8015, "loss": 0.05558191, "lr": 8.133e-05, "params": 282437, "time_iter": 0.09226, "accuracy": 0.98657, "f1": 0.98656, "auc": 0.99893}
{"epoch": 114, "time_epoch": 80.01046, "eta": 2805.21194, "eta_hours": 0.77923, "loss": 0.0498909, "lr": 7.723e-05, "params": 282437, "time_iter": 0.09144, "accuracy": 0.98714, "f1": 0.98713, "auc": 0.99911}
{"epoch": 115, "time_epoch": 79.7543, "eta": 2724.94736, "eta_hours": 0.75693, "loss": 0.05039714, "lr": 7.322e-05, "params": 282437, "time_iter": 0.09115, "accuracy": 0.98657, "f1": 0.98655, "auc": 0.99916}
{"epoch": 116, "time_epoch": 79.86192, "eta": 2644.72187, "eta_hours": 0.73464, "loss": 0.04758744, "lr": 6.93e-05, "params": 282437, "time_iter": 0.09127, "accuracy": 0.988, "f1": 0.98799, "auc": 0.99912}
{"epoch": 117, "time_epoch": 80.15951, "eta": 2564.58323, "eta_hours": 0.71238, "loss": 0.04980681, "lr": 6.547e-05, "params": 282437, "time_iter": 0.09161, "accuracy": 0.98657, "f1": 0.98655, "auc": 0.99893}
{"epoch": 118, "time_epoch": 80.64013, "eta": 2484.56945, "eta_hours": 0.69016, "loss": 0.04955773, "lr": 6.173e-05, "params": 282437, "time_iter": 0.09216, "accuracy": 0.98657, "f1": 0.98656, "auc": 0.99915}
{"epoch": 119, "time_epoch": 79.47885, "eta": 2404.25491, "eta_hours": 0.66785, "loss": 0.04993472, "lr": 5.809e-05, "params": 282437, "time_iter": 0.09083, "accuracy": 0.98686, "f1": 0.98684, "auc": 0.99899}
{"epoch": 120, "time_epoch": 80.5225, "eta": 2324.20432, "eta_hours": 0.64561, "loss": 0.05066957, "lr": 5.454e-05, "params": 282437, "time_iter": 0.09203, "accuracy": 0.98657, "f1": 0.98655, "auc": 0.99894}
{"epoch": 121, "time_epoch": 79.228, "eta": 2243.84889, "eta_hours": 0.62329, "loss": 0.04805905, "lr": 5.109e-05, "params": 282437, "time_iter": 0.09055, "accuracy": 0.98657, "f1": 0.98656, "auc": 0.99919}
{"epoch": 122, "time_epoch": 78.92057, "eta": 2163.44431, "eta_hours": 0.60096, "loss": 0.04989061, "lr": 4.775e-05, "params": 282437, "time_iter": 0.09019, "accuracy": 0.98686, "f1": 0.98685, "auc": 0.999}
{"epoch": 123, "time_epoch": 79.83474, "eta": 2083.25534, "eta_hours": 0.57868, "loss": 0.04790074, "lr": 4.45e-05, "params": 282437, "time_iter": 0.09124, "accuracy": 0.98743, "f1": 0.98742, "auc": 0.99919}
{"epoch": 124, "time_epoch": 79.45092, "eta": 2002.99528, "eta_hours": 0.55639, "loss": 0.0479921, "lr": 4.136e-05, "params": 282437, "time_iter": 0.0908, "accuracy": 0.98686, "f1": 0.98684, "auc": 0.99919}
{"epoch": 125, "time_epoch": 79.30323, "eta": 1922.71993, "eta_hours": 0.53409, "loss": 0.04660625, "lr": 3.832e-05, "params": 282437, "time_iter": 0.09063, "accuracy": 0.98714, "f1": 0.98713, "auc": 0.99913}
{"epoch": 126, "time_epoch": 78.76133, "eta": 1842.36175, "eta_hours": 0.51177, "loss": 0.04685173, "lr": 3.539e-05, "params": 282437, "time_iter": 0.09001, "accuracy": 0.98771, "f1": 0.9877, "auc": 0.99914}
{"epoch": 127, "time_epoch": 80.86841, "eta": 1762.39067, "eta_hours": 0.48955, "loss": 0.04857175, "lr": 3.256e-05, "params": 282437, "time_iter": 0.09242, "accuracy": 0.98771, "f1": 0.9877, "auc": 0.99918}
{"epoch": 128, "time_epoch": 80.89896, "eta": 1682.41066, "eta_hours": 0.46734, "loss": 0.04678265, "lr": 2.985e-05, "params": 282437, "time_iter": 0.09246, "accuracy": 0.98743, "f1": 0.98742, "auc": 0.99908}
{"epoch": 129, "time_epoch": 79.50365, "eta": 1602.20184, "eta_hours": 0.44506, "loss": 0.04658788, "lr": 2.725e-05, "params": 282437, "time_iter": 0.09086, "accuracy": 0.98686, "f1": 0.98684, "auc": 0.99898}
{"epoch": 130, "time_epoch": 79.43945, "eta": 1521.99448, "eta_hours": 0.42278, "loss": 0.04680033, "lr": 2.476e-05, "params": 282437, "time_iter": 0.09079, "accuracy": 0.98714, "f1": 0.98713, "auc": 0.99921}
{"epoch": 131, "time_epoch": 79.72113, "eta": 1441.83717, "eta_hours": 0.40051, "loss": 0.04672061, "lr": 2.238e-05, "params": 282437, "time_iter": 0.09111, "accuracy": 0.98743, "f1": 0.98741, "auc": 0.99914}
{"epoch": 132, "time_epoch": 80.90994, "eta": 1361.83836, "eta_hours": 0.37829, "loss": 0.04324504, "lr": 2.012e-05, "params": 282437, "time_iter": 0.09247, "accuracy": 0.988, "f1": 0.98799, "auc": 0.99932}
{"epoch": 133, "time_epoch": 79.72616, "eta": 1281.68462, "eta_hours": 0.35602, "loss": 0.04356083, "lr": 1.797e-05, "params": 282437, "time_iter": 0.09112, "accuracy": 0.98771, "f1": 0.9877, "auc": 0.99911}
{"epoch": 134, "time_epoch": 80.30135, "eta": 1201.60111, "eta_hours": 0.33378, "loss": 0.04561845, "lr": 1.594e-05, "params": 282437, "time_iter": 0.09177, "accuracy": 0.98771, "f1": 0.9877, "auc": 0.99913}
{"epoch": 135, "time_epoch": 79.27007, "eta": 1121.40824, "eta_hours": 0.3115, "loss": 0.04539772, "lr": 1.403e-05, "params": 282437, "time_iter": 0.09059, "accuracy": 0.98743, "f1": 0.98741, "auc": 0.99916}
{"epoch": 136, "time_epoch": 80.67069, "eta": 1041.36175, "eta_hours": 0.28927, "loss": 0.04650659, "lr": 1.224e-05, "params": 282437, "time_iter": 0.0922, "accuracy": 0.98743, "f1": 0.98741, "auc": 0.9993}
{"epoch": 137, "time_epoch": 80.37734, "eta": 961.2807, "eta_hours": 0.26702, "loss": 0.0476083, "lr": 1.056e-05, "params": 282437, "time_iter": 0.09186, "accuracy": 0.98743, "f1": 0.98741, "auc": 0.99893}
{"epoch": 138, "time_epoch": 78.98294, "eta": 881.08505, "eta_hours": 0.24475, "loss": 0.0439627, "lr": 9.01e-06, "params": 282437, "time_iter": 0.09027, "accuracy": 0.988, "f1": 0.98799, "auc": 0.99937}
{"epoch": 139, "time_epoch": 80.23966, "eta": 800.99648, "eta_hours": 0.2225, "loss": 0.04229417, "lr": 7.58e-06, "params": 282437, "time_iter": 0.0917, "accuracy": 0.98857, "f1": 0.98856, "auc": 0.99932}
{"epoch": 140, "time_epoch": 79.84892, "eta": 720.88083, "eta_hours": 0.20024, "loss": 0.0426123, "lr": 6.27e-06, "params": 282437, "time_iter": 0.09126, "accuracy": 0.98857, "f1": 0.98856, "auc": 0.9993}
{"epoch": 141, "time_epoch": 80.25763, "eta": 640.79196, "eta_hours": 0.178, "loss": 0.04250803, "lr": 5.08e-06, "params": 282437, "time_iter": 0.09172, "accuracy": 0.98829, "f1": 0.98828, "auc": 0.99945}
{"epoch": 142, "time_epoch": 80.87617, "eta": 560.73101, "eta_hours": 0.15576, "loss": 0.04425314, "lr": 4.02e-06, "params": 282437, "time_iter": 0.09243, "accuracy": 0.98771, "f1": 0.9877, "auc": 0.99919}
{"epoch": 143, "time_epoch": 80.42267, "eta": 480.63984, "eta_hours": 0.13351, "loss": 0.04448056, "lr": 3.08e-06, "params": 282437, "time_iter": 0.09191, "accuracy": 0.98743, "f1": 0.98741, "auc": 0.99921}
{"epoch": 144, "time_epoch": 80.43872, "eta": 400.54465, "eta_hours": 0.11126, "loss": 0.04157692, "lr": 2.26e-06, "params": 282437, "time_iter": 0.09193, "accuracy": 0.98857, "f1": 0.98856, "auc": 0.9992}
{"epoch": 145, "time_epoch": 79.65543, "eta": 320.42329, "eta_hours": 0.08901, "loss": 0.04074303, "lr": 1.57e-06, "params": 282437, "time_iter": 0.09103, "accuracy": 0.98829, "f1": 0.98827, "auc": 0.99921}
{"epoch": 146, "time_epoch": 79.5636, "eta": 240.30641, "eta_hours": 0.06675, "loss": 0.04639891, "lr": 1.01e-06, "params": 282437, "time_iter": 0.09093, "accuracy": 0.98686, "f1": 0.98684, "auc": 0.99915}
{"epoch": 147, "time_epoch": 80.07554, "eta": 160.20391, "eta_hours": 0.0445, "loss": 0.04062858, "lr": 5.7e-07, "params": 282437, "time_iter": 0.09151, "accuracy": 0.98914, "f1": 0.98914, "auc": 0.99933}
{"epoch": 148, "time_epoch": 80.2167, "eta": 80.10273, "eta_hours": 0.02225, "loss": 0.04340144, "lr": 2.5e-07, "params": 282437, "time_iter": 0.09168, "accuracy": 0.988, "f1": 0.98799, "auc": 0.99919}
{"epoch": 149, "time_epoch": 80.63411, "eta": 0.0, "eta_hours": 0.0, "loss": 0.04338126, "lr": 6e-08, "params": 282437, "time_iter": 0.09215, "accuracy": 0.988, "f1": 0.98799, "auc": 0.99914}
