{"epoch": 0, "time_epoch": 182.44579, "eta": 36306.71288, "eta_hours": 10.0852, "loss": 3.62136513, "lr": 0.0, "params": 3434533, "time_iter": 0.07465, "accuracy": 0.02404, "f1": 0.00886, "auc": 0.49848}
{"epoch": 1, "time_epoch": 177.64151, "eta": 35648.64339, "eta_hours": 9.9024, "loss": 3.46066054, "lr": 3e-05, "params": 3434533, "time_iter": 0.07268, "accuracy": 0.10795, "f1": 0.01743, "auc": 0.5488}
{"epoch": 2, "time_epoch": 177.32522, "eta": 35290.0892, "eta_hours": 9.8028, "loss": 3.25534419, "lr": 6e-05, "params": 3434533, "time_iter": 0.07256, "accuracy": 0.13889, "f1": 0.02224, "auc": 0.65264}
{"epoch": 3, "time_epoch": 177.45187, "eta": 35028.35563, "eta_hours": 9.7301, "loss": 3.04166465, "lr": 9e-05, "params": 3434533, "time_iter": 0.07261, "accuracy": 0.18233, "f1": 0.0404, "auc": 0.74946}
{"epoch": 4, "time_epoch": 177.4032, "eta": 34798.43652, "eta_hours": 9.66623, "loss": 2.65769739, "lr": 0.00012, "params": 3434533, "time_iter": 0.07259, "accuracy": 0.29376, "f1": 0.09727, "auc": 0.85472}
{"epoch": 5, "time_epoch": 177.55014, "eta": 34590.77372, "eta_hours": 9.60855, "loss": 2.28793796, "lr": 0.00015, "params": 3434533, "time_iter": 0.07265, "accuracy": 0.37783, "f1": 0.14789, "auc": 0.90311}
{"epoch": 6, "time_epoch": 177.61797, "eta": 34393.58482, "eta_hours": 9.55377, "loss": 1.883878, "lr": 0.00018, "params": 3434533, "time_iter": 0.07268, "accuracy": 0.45801, "f1": 0.20709, "auc": 0.94137}
{"epoch": 7, "time_epoch": 177.22902, "eta": 34191.95368, "eta_hours": 9.49776, "loss": 1.56383725, "lr": 0.00021, "params": 3434533, "time_iter": 0.07252, "accuracy": 0.53582, "f1": 0.30959, "auc": 0.962}
{"epoch": 8, "time_epoch": 177.96912, "eta": 34011.45175, "eta_hours": 9.44763, "loss": 1.32591842, "lr": 0.00024, "params": 3434533, "time_iter": 0.07282, "accuracy": 0.59784, "f1": 0.39843, "auc": 0.97332}
{"epoch": 9, "time_epoch": 177.46093, "eta": 33821.80091, "eta_hours": 9.39494, "loss": 1.13059485, "lr": 0.00027, "params": 3434533, "time_iter": 0.07261, "accuracy": 0.64899, "f1": 0.47948, "auc": 0.98053}
{"epoch": 10, "time_epoch": 177.41546, "eta": 33633.58508, "eta_hours": 9.34266, "loss": 0.97460619, "lr": 0.0003, "params": 3434533, "time_iter": 0.07259, "accuracy": 0.69556, "f1": 0.56461, "auc": 0.98509}
{"epoch": 11, "time_epoch": 177.88356, "eta": 33454.50288, "eta_hours": 9.29292, "loss": 0.82718835, "lr": 0.00029998, "params": 3434533, "time_iter": 0.07278, "accuracy": 0.74233, "f1": 0.64814, "auc": 0.989}
{"epoch": 12, "time_epoch": 177.29592, "eta": 33267.1521, "eta_hours": 9.24088, "loss": 0.70781919, "lr": 0.00029992, "params": 3434533, "time_iter": 0.07254, "accuracy": 0.78376, "f1": 0.72239, "auc": 0.99189}
{"epoch": 13, "time_epoch": 177.11405, "eta": 33078.82144, "eta_hours": 9.18856, "loss": 0.61330909, "lr": 0.00029982, "params": 3434533, "time_iter": 0.07247, "accuracy": 0.81573, "f1": 0.77809, "auc": 0.99371}
{"epoch": 14, "time_epoch": 177.48789, "eta": 32896.5971, "eta_hours": 9.13794, "loss": 0.53161769, "lr": 0.00029967, "params": 3434533, "time_iter": 0.07262, "accuracy": 0.84309, "f1": 0.81748, "auc": 0.99531}
{"epoch": 15, "time_epoch": 177.50872, "eta": 32715.20431, "eta_hours": 9.08756, "loss": 0.46304882, "lr": 0.00029949, "params": 3434533, "time_iter": 0.07263, "accuracy": 0.86451, "f1": 0.8474, "auc": 0.99628}
{"epoch": 16, "time_epoch": 177.5383, "eta": 32534.58687, "eta_hours": 9.03739, "loss": 0.41065852, "lr": 0.00029926, "params": 3434533, "time_iter": 0.07264, "accuracy": 0.88026, "f1": 0.86779, "auc": 0.99702}
{"epoch": 17, "time_epoch": 177.60162, "eta": 32354.95184, "eta_hours": 8.98749, "loss": 0.36539794, "lr": 0.000299, "params": 3434533, "time_iter": 0.07267, "accuracy": 0.89266, "f1": 0.88384, "auc": 0.99761}
{"epoch": 18, "time_epoch": 177.51066, "eta": 32174.6643, "eta_hours": 8.93741, "loss": 0.32736091, "lr": 0.00029869, "params": 3434533, "time_iter": 0.07263, "accuracy": 0.90464, "f1": 0.89772, "auc": 0.99808}
{"epoch": 19, "time_epoch": 177.38771, "eta": 31993.54791, "eta_hours": 8.8871, "loss": 0.29705383, "lr": 0.00029834, "params": 3434533, "time_iter": 0.07258, "accuracy": 0.91184, "f1": 0.90615, "auc": 0.99836}
{"epoch": 20, "time_epoch": 177.34599, "eta": 31812.43104, "eta_hours": 8.83679, "loss": 0.27255993, "lr": 0.00029795, "params": 3434533, "time_iter": 0.07256, "accuracy": 0.91945, "f1": 0.91458, "auc": 0.9986}
{"epoch": 21, "time_epoch": 177.42302, "eta": 31632.28023, "eta_hours": 8.78674, "loss": 0.24865607, "lr": 0.00029753, "params": 3434533, "time_iter": 0.0726, "accuracy": 0.92577, "f1": 0.92222, "auc": 0.99887}
{"epoch": 22, "time_epoch": 177.05195, "eta": 31449.51099, "eta_hours": 8.73598, "loss": 0.22813532, "lr": 0.00029706, "params": 3434533, "time_iter": 0.07244, "accuracy": 0.93238, "f1": 0.9293, "auc": 0.99904}
{"epoch": 23, "time_epoch": 177.14216, "eta": 31267.8797, "eta_hours": 8.68552, "loss": 0.211349, "lr": 0.00029655, "params": 3434533, "time_iter": 0.07248, "accuracy": 0.93721, "f1": 0.93492, "auc": 0.99918}
{"epoch": 24, "time_epoch": 176.89724, "eta": 31084.89313, "eta_hours": 8.63469, "loss": 0.19818595, "lr": 0.000296, "params": 3434533, "time_iter": 0.07238, "accuracy": 0.94093, "f1": 0.93884, "auc": 0.99922}
{"epoch": 25, "time_epoch": 176.90663, "eta": 30902.43783, "eta_hours": 8.58401, "loss": 0.18522225, "lr": 0.00029541, "params": 3434533, "time_iter": 0.07238, "accuracy": 0.94476, "f1": 0.94221, "auc": 0.99935}
{"epoch": 26, "time_epoch": 177.09176, "eta": 30721.57971, "eta_hours": 8.53377, "loss": 0.18314046, "lr": 0.00029478, "params": 3434533, "time_iter": 0.07246, "accuracy": 0.94393, "f1": 0.94188, "auc": 0.99937}
{"epoch": 27, "time_epoch": 177.18432, "eta": 30541.55918, "eta_hours": 8.48377, "loss": 0.16256893, "lr": 0.00029411, "params": 3434533, "time_iter": 0.0725, "accuracy": 0.9509, "f1": 0.94921, "auc": 0.9995}
{"epoch": 28, "time_epoch": 176.32743, "eta": 30356.6816, "eta_hours": 8.43241, "loss": 0.15590236, "lr": 0.00029341, "params": 3434533, "time_iter": 0.07215, "accuracy": 0.95317, "f1": 0.95093, "auc": 0.99952}
{"epoch": 29, "time_epoch": 176.4405, "eta": 30173.01472, "eta_hours": 8.38139, "loss": 0.1481247, "lr": 0.00029266, "params": 3434533, "time_iter": 0.07219, "accuracy": 0.95494, "f1": 0.95323, "auc": 0.99957}
{"epoch": 30, "time_epoch": 176.60962, "eta": 29990.73606, "eta_hours": 8.33076, "loss": 0.13750773, "lr": 0.00029187, "params": 3434533, "time_iter": 0.07226, "accuracy": 0.95841, "f1": 0.95632, "auc": 0.99963}
{"epoch": 31, "time_epoch": 176.48909, "eta": 29808.17892, "eta_hours": 8.28005, "loss": 0.13083107, "lr": 0.00029105, "params": 3434533, "time_iter": 0.07221, "accuracy": 0.96047, "f1": 0.95872, "auc": 0.99966}
{"epoch": 32, "time_epoch": 176.38871, "eta": 29625.48158, "eta_hours": 8.2293, "loss": 0.12364202, "lr": 0.00029018, "params": 3434533, "time_iter": 0.07217, "accuracy": 0.96261, "f1": 0.96175, "auc": 0.9997}
{"epoch": 33, "time_epoch": 176.26808, "eta": 29442.56635, "eta_hours": 8.17849, "loss": 0.11715324, "lr": 0.00028928, "params": 3434533, "time_iter": 0.07212, "accuracy": 0.96503, "f1": 0.96407, "auc": 0.99973}
{"epoch": 34, "time_epoch": 176.40247, "eta": 29260.66452, "eta_hours": 8.12796, "loss": 0.10887782, "lr": 0.00028834, "params": 3434533, "time_iter": 0.07218, "accuracy": 0.96786, "f1": 0.96676, "auc": 0.99977}
{"epoch": 35, "time_epoch": 176.67334, "eta": 29080.30218, "eta_hours": 8.07786, "loss": 0.10488601, "lr": 0.00028737, "params": 3434533, "time_iter": 0.07229, "accuracy": 0.9685, "f1": 0.96768, "auc": 0.99979}
{"epoch": 36, "time_epoch": 176.52559, "eta": 28899.48834, "eta_hours": 8.02764, "loss": 0.09754152, "lr": 0.00028635, "params": 3434533, "time_iter": 0.07223, "accuracy": 0.97014, "f1": 0.96939, "auc": 0.99982}
{"epoch": 37, "time_epoch": 176.57574, "eta": 28719.114, "eta_hours": 7.97753, "loss": 0.09434211, "lr": 0.0002853, "params": 3434533, "time_iter": 0.07225, "accuracy": 0.97083, "f1": 0.96955, "auc": 0.99984}
{"epoch": 38, "time_epoch": 176.79783, "eta": 28539.85127, "eta_hours": 7.92774, "loss": 0.09031123, "lr": 0.00028421, "params": 3434533, "time_iter": 0.07234, "accuracy": 0.9724, "f1": 0.97184, "auc": 0.99985}
{"epoch": 39, "time_epoch": 176.40293, "eta": 28359.13219, "eta_hours": 7.87754, "loss": 0.08865462, "lr": 0.00028308, "params": 3434533, "time_iter": 0.07218, "accuracy": 0.97304, "f1": 0.97234, "auc": 0.99985}
{"epoch": 40, "time_epoch": 176.60571, "eta": 28179.41006, "eta_hours": 7.82761, "loss": 0.08592889, "lr": 0.00028192, "params": 3434533, "time_iter": 0.07226, "accuracy": 0.97341, "f1": 0.97275, "auc": 0.99985}
{"epoch": 41, "time_epoch": 176.45647, "eta": 27999.27491, "eta_hours": 7.77758, "loss": 0.08702232, "lr": 0.00028072, "params": 3434533, "time_iter": 0.0722, "accuracy": 0.97331, "f1": 0.97264, "auc": 0.99985}
{"epoch": 42, "time_epoch": 176.49889, "eta": 27819.46574, "eta_hours": 7.72763, "loss": 0.08425028, "lr": 0.00027949, "params": 3434533, "time_iter": 0.07222, "accuracy": 0.97394, "f1": 0.97309, "auc": 0.99987}
{"epoch": 43, "time_epoch": 176.6993, "eta": 27640.51757, "eta_hours": 7.67792, "loss": 0.0781008, "lr": 0.00027822, "params": 3434533, "time_iter": 0.0723, "accuracy": 0.97541, "f1": 0.97478, "auc": 0.99989}
{"epoch": 44, "time_epoch": 176.53974, "eta": 27461.11977, "eta_hours": 7.62809, "loss": 0.07581465, "lr": 0.00027691, "params": 3434533, "time_iter": 0.07223, "accuracy": 0.97607, "f1": 0.97584, "auc": 0.99988}
{"epoch": 45, "time_epoch": 176.4669, "eta": 27281.60236, "eta_hours": 7.57822, "loss": 0.06899707, "lr": 0.00027557, "params": 3434533, "time_iter": 0.0722, "accuracy": 0.97859, "f1": 0.97782, "auc": 0.99991}
{"epoch": 46, "time_epoch": 176.86482, "eta": 27103.51012, "eta_hours": 7.52875, "loss": 0.06845745, "lr": 0.0002742, "params": 3434533, "time_iter": 0.07237, "accuracy": 0.97904, "f1": 0.97854, "auc": 0.9999}
{"epoch": 47, "time_epoch": 176.78244, "eta": 26925.20816, "eta_hours": 7.47922, "loss": 0.0652869, "lr": 0.00027279, "params": 3434533, "time_iter": 0.07233, "accuracy": 0.97976, "f1": 0.9787, "auc": 0.99992}
{"epoch": 48, "time_epoch": 176.51905, "eta": 26746.15654, "eta_hours": 7.42949, "loss": 0.06099801, "lr": 0.00027135, "params": 3434533, "time_iter": 0.07223, "accuracy": 0.98137, "f1": 0.98093, "auc": 0.99993}
{"epoch": 49, "time_epoch": 176.81488, "eta": 26568.09372, "eta_hours": 7.38003, "loss": 0.06010079, "lr": 0.00026988, "params": 3434533, "time_iter": 0.07235, "accuracy": 0.98136, "f1": 0.9808, "auc": 0.99993}
{"epoch": 50, "time_epoch": 176.79744, "eta": 26390.02889, "eta_hours": 7.33056, "loss": 0.05736121, "lr": 0.00026837, "params": 3434533, "time_iter": 0.07234, "accuracy": 0.98201, "f1": 0.98136, "auc": 0.99993}
{"epoch": 51, "time_epoch": 176.45611, "eta": 26211.04133, "eta_hours": 7.28084, "loss": 0.05537378, "lr": 0.00026683, "params": 3434533, "time_iter": 0.0722, "accuracy": 0.98271, "f1": 0.98201, "auc": 0.99994}
{"epoch": 52, "time_epoch": 176.47426, "eta": 26032.19963, "eta_hours": 7.23117, "loss": 0.05331074, "lr": 0.00026526, "params": 3434533, "time_iter": 0.07221, "accuracy": 0.9837, "f1": 0.98347, "auc": 0.99994}
{"epoch": 53, "time_epoch": 176.78129, "eta": 25854.27574, "eta_hours": 7.18174, "loss": 0.05157777, "lr": 0.00026366, "params": 3434533, "time_iter": 0.07233, "accuracy": 0.98341, "f1": 0.98342, "auc": 0.99995}
{"epoch": 54, "time_epoch": 176.62158, "eta": 25675.97234, "eta_hours": 7.13221, "loss": 0.04937463, "lr": 0.00026202, "params": 3434533, "time_iter": 0.07227, "accuracy": 0.98439, "f1": 0.98457, "auc": 0.99995}
{"epoch": 55, "time_epoch": 176.64132, "eta": 25497.77976, "eta_hours": 7.08272, "loss": 0.04710283, "lr": 0.00026036, "params": 3434533, "time_iter": 0.07228, "accuracy": 0.98522, "f1": 0.98498, "auc": 0.99996}
{"epoch": 56, "time_epoch": 176.75666, "eta": 25319.93099, "eta_hours": 7.03331, "loss": 0.04503359, "lr": 0.00025866, "params": 3434533, "time_iter": 0.07232, "accuracy": 0.98609, "f1": 0.98598, "auc": 0.99996}
{"epoch": 57, "time_epoch": 176.53656, "eta": 25141.58101, "eta_hours": 6.98377, "loss": 0.0460616, "lr": 0.00025694, "params": 3434533, "time_iter": 0.07223, "accuracy": 0.98556, "f1": 0.98547, "auc": 0.99996}
{"epoch": 58, "time_epoch": 176.3844, "eta": 24962.92885, "eta_hours": 6.93415, "loss": 0.04242643, "lr": 0.00025519, "params": 3434533, "time_iter": 0.07217, "accuracy": 0.98643, "f1": 0.98589, "auc": 0.99997}
{"epoch": 59, "time_epoch": 176.65243, "eta": 24784.9777, "eta_hours": 6.88472, "loss": 0.04288753, "lr": 0.0002534, "params": 3434533, "time_iter": 0.07228, "accuracy": 0.98675, "f1": 0.98673, "auc": 0.99996}
{"epoch": 60, "time_epoch": 176.48377, "eta": 24606.6848, "eta_hours": 6.83519, "loss": 0.03930407, "lr": 0.00025159, "params": 3434533, "time_iter": 0.07221, "accuracy": 0.9882, "f1": 0.98844, "auc": 0.99997}
{"epoch": 61, "time_epoch": 176.76761, "eta": 24429.08204, "eta_hours": 6.78586, "loss": 0.04069008, "lr": 0.00024975, "params": 3434533, "time_iter": 0.07233, "accuracy": 0.9874, "f1": 0.98738, "auc": 0.99997}
{"epoch": 62, "time_epoch": 176.3837, "eta": 24250.67093, "eta_hours": 6.7363, "loss": 0.03674434, "lr": 0.00024789, "params": 3434533, "time_iter": 0.07217, "accuracy": 0.98858, "f1": 0.98867, "auc": 0.99998}
{"epoch": 63, "time_epoch": 176.71035, "eta": 24073.01731, "eta_hours": 6.68695, "loss": 0.03629956, "lr": 0.000246, "params": 3434533, "time_iter": 0.0723, "accuracy": 0.98871, "f1": 0.98874, "auc": 0.99997}
{"epoch": 64, "time_epoch": 176.62054, "eta": 23895.20619, "eta_hours": 6.63756, "loss": 0.03385373, "lr": 0.00024408, "params": 3434533, "time_iter": 0.07227, "accuracy": 0.98962, "f1": 0.98928, "auc": 0.99998}
{"epoch": 65, "time_epoch": 176.67571, "eta": 23717.54315, "eta_hours": 6.58821, "loss": 0.03360571, "lr": 0.00024213, "params": 3434533, "time_iter": 0.07229, "accuracy": 0.98983, "f1": 0.98988, "auc": 0.99998}
{"epoch": 66, "time_epoch": 176.76003, "eta": 23540.07697, "eta_hours": 6.53891, "loss": 0.03240243, "lr": 0.00024016, "params": 3434533, "time_iter": 0.07232, "accuracy": 0.98948, "f1": 0.98919, "auc": 0.99998}
{"epoch": 67, "time_epoch": 176.49638, "eta": 23362.11976, "eta_hours": 6.48948, "loss": 0.03180258, "lr": 0.00023817, "params": 3434533, "time_iter": 0.07222, "accuracy": 0.99001, "f1": 0.99, "auc": 0.99998}
{"epoch": 68, "time_epoch": 176.54609, "eta": 23184.29929, "eta_hours": 6.44008, "loss": 0.03088106, "lr": 0.00023615, "params": 3434533, "time_iter": 0.07224, "accuracy": 0.99035, "f1": 0.99025, "auc": 0.99998}
{"epoch": 69, "time_epoch": 176.56527, "eta": 23006.55084, "eta_hours": 6.39071, "loss": 0.02909335, "lr": 0.00023411, "params": 3434533, "time_iter": 0.07224, "accuracy": 0.99105, "f1": 0.99132, "auc": 0.99998}
{"epoch": 70, "time_epoch": 176.41501, "eta": 22828.5627, "eta_hours": 6.34127, "loss": 0.02908194, "lr": 0.00023204, "params": 3434533, "time_iter": 0.07218, "accuracy": 0.991, "f1": 0.99089, "auc": 0.99998}
{"epoch": 71, "time_epoch": 176.58505, "eta": 22650.92056, "eta_hours": 6.29192, "loss": 0.02981931, "lr": 0.00022995, "params": 3434533, "time_iter": 0.07225, "accuracy": 0.99086, "f1": 0.99099, "auc": 0.99998}
{"epoch": 72, "time_epoch": 176.2974, "eta": 22472.80696, "eta_hours": 6.24245, "loss": 0.02671573, "lr": 0.00022785, "params": 3434533, "time_iter": 0.07213, "accuracy": 0.99173, "f1": 0.99153, "auc": 0.99999}
{"epoch": 73, "time_epoch": 176.40356, "eta": 22294.92319, "eta_hours": 6.19303, "loss": 0.02645639, "lr": 0.00022571, "params": 3434533, "time_iter": 0.07218, "accuracy": 0.99208, "f1": 0.9921, "auc": 0.99999}
{"epoch": 74, "time_epoch": 176.3296, "eta": 22116.95564, "eta_hours": 6.1436, "loss": 0.02549219, "lr": 0.00022356, "params": 3434533, "time_iter": 0.07215, "accuracy": 0.99211, "f1": 0.99201, "auc": 0.99999}
{"epoch": 75, "time_epoch": 176.37313, "eta": 21939.1022, "eta_hours": 6.0942, "loss": 0.02489854, "lr": 0.00022139, "params": 3434533, "time_iter": 0.07217, "accuracy": 0.9924, "f1": 0.99234, "auc": 0.99999}
{"epoch": 76, "time_epoch": 176.30283, "eta": 21761.17492, "eta_hours": 6.04477, "loss": 0.02644264, "lr": 0.0002192, "params": 3434533, "time_iter": 0.07214, "accuracy": 0.99187, "f1": 0.99184, "auc": 0.99998}
{"epoch": 77, "time_epoch": 176.10245, "eta": 21582.97588, "eta_hours": 5.99527, "loss": 0.0238686, "lr": 0.00021699, "params": 3434533, "time_iter": 0.07206, "accuracy": 0.9924, "f1": 0.99235, "auc": 0.99999}
{"epoch": 78, "time_epoch": 176.61472, "eta": 21405.61454, "eta_hours": 5.946, "loss": 0.02296011, "lr": 0.00021476, "params": 3434533, "time_iter": 0.07226, "accuracy": 0.99297, "f1": 0.99298, "auc": 0.99999}
{"epoch": 79, "time_epoch": 176.34306, "eta": 21227.86436, "eta_hours": 5.89663, "loss": 0.02279483, "lr": 0.00021252, "params": 3434533, "time_iter": 0.07215, "accuracy": 0.99284, "f1": 0.99305, "auc": 0.99999}
{"epoch": 80, "time_epoch": 176.85476, "eta": 21050.90069, "eta_hours": 5.84747, "loss": 0.02385295, "lr": 0.00021025, "params": 3434533, "time_iter": 0.07236, "accuracy": 0.99246, "f1": 0.99243, "auc": 0.99999}
{"epoch": 81, "time_epoch": 176.50506, "eta": 20873.43644, "eta_hours": 5.79818, "loss": 0.02064836, "lr": 0.00020797, "params": 3434533, "time_iter": 0.07222, "accuracy": 0.99354, "f1": 0.99328, "auc": 0.99999}
{"epoch": 82, "time_epoch": 176.25757, "eta": 20695.64644, "eta_hours": 5.74879, "loss": 0.02136704, "lr": 0.00020568, "params": 3434533, "time_iter": 0.07212, "accuracy": 0.99366, "f1": 0.99373, "auc": 0.99999}
{"epoch": 83, "time_epoch": 176.65475, "eta": 20518.4414, "eta_hours": 5.69957, "loss": 0.02078242, "lr": 0.00020337, "params": 3434533, "time_iter": 0.07228, "accuracy": 0.99361, "f1": 0.99333, "auc": 0.99999}
{"epoch": 84, "time_epoch": 176.49982, "eta": 20341.0397, "eta_hours": 5.65029, "loss": 0.02070604, "lr": 0.00020104, "params": 3434533, "time_iter": 0.07222, "accuracy": 0.99362, "f1": 0.9936, "auc": 0.99999}
{"epoch": 85, "time_epoch": 176.41225, "eta": 20163.5429, "eta_hours": 5.60098, "loss": 0.01922579, "lr": 0.0001987, "params": 3434533, "time_iter": 0.07218, "accuracy": 0.99408, "f1": 0.99407, "auc": 0.99999}
{"epoch": 86, "time_epoch": 176.59204, "eta": 19986.30455, "eta_hours": 5.55175, "loss": 0.01861461, "lr": 0.00019635, "params": 3434533, "time_iter": 0.07226, "accuracy": 0.99434, "f1": 0.99438, "auc": 0.99999}
{"epoch": 87, "time_epoch": 176.5108, "eta": 19808.97751, "eta_hours": 5.50249, "loss": 0.01727537, "lr": 0.00019399, "params": 3434533, "time_iter": 0.07222, "accuracy": 0.99485, "f1": 0.99489, "auc": 0.99999}
{"epoch": 88, "time_epoch": 176.50895, "eta": 19631.66649, "eta_hours": 5.45324, "loss": 0.01899997, "lr": 0.00019161, "params": 3434533, "time_iter": 0.07222, "accuracy": 0.9943, "f1": 0.9946, "auc": 0.99999}
{"epoch": 89, "time_epoch": 177.34522, "eta": 19455.39539, "eta_hours": 5.40428, "loss": 0.01800882, "lr": 0.00018922, "params": 3434533, "time_iter": 0.07256, "accuracy": 0.99431, "f1": 0.9942, "auc": 0.99999}
{"epoch": 90, "time_epoch": 176.38607, "eta": 19277.95183, "eta_hours": 5.35499, "loss": 0.0175233, "lr": 0.00018682, "params": 3434533, "time_iter": 0.07217, "accuracy": 0.99467, "f1": 0.99471, "auc": 0.99999}
{"epoch": 91, "time_epoch": 176.32211, "eta": 19100.45617, "eta_hours": 5.30568, "loss": 0.01769289, "lr": 0.00018441, "params": 3434533, "time_iter": 0.07214, "accuracy": 0.99458, "f1": 0.99455, "auc": 0.99999}
{"epoch": 92, "time_epoch": 176.3977, "eta": 18923.07271, "eta_hours": 5.25641, "loss": 0.01568899, "lr": 0.00018199, "params": 3434533, "time_iter": 0.07218, "accuracy": 0.99536, "f1": 0.9954, "auc": 1.0}
{"epoch": 93, "time_epoch": 176.28009, "eta": 18745.5776, "eta_hours": 5.2071, "loss": 0.01532474, "lr": 0.00017957, "params": 3434533, "time_iter": 0.07213, "accuracy": 0.99529, "f1": 0.99551, "auc": 0.99999}
{"epoch": 94, "time_epoch": 176.58091, "eta": 18568.44056, "eta_hours": 5.1579, "loss": 0.01466467, "lr": 0.00017713, "params": 3434533, "time_iter": 0.07225, "accuracy": 0.99545, "f1": 0.99522, "auc": 1.0}
{"epoch": 95, "time_epoch": 176.1854, "eta": 18390.88664, "eta_hours": 5.10858, "loss": 0.014525, "lr": 0.00017469, "params": 3434533, "time_iter": 0.07209, "accuracy": 0.99566, "f1": 0.99543, "auc": 1.0}
{"epoch": 96, "time_epoch": 176.37547, "eta": 18213.56276, "eta_hours": 5.05932, "loss": 0.01571323, "lr": 0.00017224, "params": 3434533, "time_iter": 0.07217, "accuracy": 0.99499, "f1": 0.99487, "auc": 0.99999}
{"epoch": 97, "time_epoch": 176.51892, "eta": 18036.40754, "eta_hours": 5.01011, "loss": 0.01344964, "lr": 0.00016978, "params": 3434533, "time_iter": 0.07223, "accuracy": 0.99611, "f1": 0.99628, "auc": 1.0}
{"epoch": 98, "time_epoch": 176.82324, "eta": 17859.57564, "eta_hours": 4.96099, "loss": 0.0134053, "lr": 0.00016732, "params": 3434533, "time_iter": 0.07235, "accuracy": 0.99593, "f1": 0.99593, "auc": 1.0}
{"epoch": 99, "time_epoch": 176.57252, "eta": 17682.4932, "eta_hours": 4.9118, "loss": 0.01322363, "lr": 0.00016486, "params": 3434533, "time_iter": 0.07225, "accuracy": 0.99565, "f1": 0.99575, "auc": 1.0}
{"epoch": 100, "time_epoch": 176.52107, "eta": 17505.37042, "eta_hours": 4.8626, "loss": 0.01405904, "lr": 0.00016239, "params": 3434533, "time_iter": 0.07223, "accuracy": 0.99596, "f1": 0.99591, "auc": 0.99999}
{"epoch": 101, "time_epoch": 176.50276, "eta": 17328.24185, "eta_hours": 4.8134, "loss": 0.01171843, "lr": 0.00015991, "params": 3434533, "time_iter": 0.07222, "accuracy": 0.9967, "f1": 0.99667, "auc": 1.0}
{"epoch": 102, "time_epoch": 176.42, "eta": 17151.04749, "eta_hours": 4.76418, "loss": 0.01436325, "lr": 0.00015744, "params": 3434533, "time_iter": 0.07218, "accuracy": 0.99578, "f1": 0.99578, "auc": 0.99999}
{"epoch": 103, "time_epoch": 176.59549, "eta": 16974.03001, "eta_hours": 4.71501, "loss": 0.01414373, "lr": 0.00015496, "params": 3434533, "time_iter": 0.07226, "accuracy": 0.99537, "f1": 0.99535, "auc": 1.0}
{"epoch": 104, "time_epoch": 177.04051, "eta": 16797.42321, "eta_hours": 4.66595, "loss": 0.0126665, "lr": 0.00015248, "params": 3434533, "time_iter": 0.07244, "accuracy": 0.99606, "f1": 0.99615, "auc": 1.0}
{"epoch": 105, "time_epoch": 176.42525, "eta": 16620.26261, "eta_hours": 4.61674, "loss": 0.01190308, "lr": 0.00015, "params": 3434533, "time_iter": 0.07219, "accuracy": 0.99648, "f1": 0.99639, "auc": 1.0}
{"epoch": 106, "time_epoch": 176.60465, "eta": 16443.27169, "eta_hours": 4.56758, "loss": 0.01137121, "lr": 0.00014752, "params": 3434533, "time_iter": 0.07226, "accuracy": 0.9965, "f1": 0.9965, "auc": 1.0}
{"epoch": 107, "time_epoch": 176.43156, "eta": 16266.14048, "eta_hours": 4.51837, "loss": 0.0111735, "lr": 0.00014504, "params": 3434533, "time_iter": 0.07219, "accuracy": 0.99661, "f1": 0.99677, "auc": 1.0}
{"epoch": 108, "time_epoch": 176.53437, "eta": 16089.10794, "eta_hours": 4.4692, "loss": 0.01027788, "lr": 0.00014256, "params": 3434533, "time_iter": 0.07223, "accuracy": 0.99685, "f1": 0.99677, "auc": 1.0}
{"epoch": 109, "time_epoch": 176.48322, "eta": 15912.0426, "eta_hours": 4.42001, "loss": 0.01076819, "lr": 0.00014009, "params": 3434533, "time_iter": 0.07221, "accuracy": 0.99685, "f1": 0.99697, "auc": 1.0}
{"epoch": 110, "time_epoch": 176.4925, "eta": 15734.99519, "eta_hours": 4.37083, "loss": 0.00960807, "lr": 0.00013761, "params": 3434533, "time_iter": 0.07221, "accuracy": 0.99712, "f1": 0.99726, "auc": 1.0}
{"epoch": 111, "time_epoch": 176.70278, "eta": 15558.12291, "eta_hours": 4.3217, "loss": 0.00950163, "lr": 0.00013514, "params": 3434533, "time_iter": 0.0723, "accuracy": 0.99711, "f1": 0.99694, "auc": 1.0}
{"epoch": 112, "time_epoch": 176.60791, "eta": 15381.18059, "eta_hours": 4.27255, "loss": 0.01113292, "lr": 0.00013268, "params": 3434533, "time_iter": 0.07226, "accuracy": 0.99678, "f1": 0.99681, "auc": 1.0}
{"epoch": 113, "time_epoch": 176.36306, "eta": 15204.05942, "eta_hours": 4.22335, "loss": 0.01014076, "lr": 0.00013022, "params": 3434533, "time_iter": 0.07216, "accuracy": 0.99706, "f1": 0.99704, "auc": 1.0}
{"epoch": 114, "time_epoch": 176.3997, "eta": 15026.97853, "eta_hours": 4.17416, "loss": 0.00893744, "lr": 0.00012776, "params": 3434533, "time_iter": 0.07218, "accuracy": 0.99742, "f1": 0.99757, "auc": 1.0}
{"epoch": 115, "time_epoch": 176.31916, "eta": 14849.85105, "eta_hours": 4.12496, "loss": 0.00920271, "lr": 0.00012531, "params": 3434533, "time_iter": 0.07214, "accuracy": 0.99711, "f1": 0.9971, "auc": 1.0}
{"epoch": 116, "time_epoch": 176.39015, "eta": 14672.78775, "eta_hours": 4.07577, "loss": 0.00879975, "lr": 0.00012287, "params": 3434533, "time_iter": 0.07217, "accuracy": 0.99735, "f1": 0.99739, "auc": 1.0}
{"epoch": 117, "time_epoch": 176.37674, "eta": 14495.72655, "eta_hours": 4.02659, "loss": 0.00854026, "lr": 0.00012043, "params": 3434533, "time_iter": 0.07217, "accuracy": 0.99758, "f1": 0.99759, "auc": 1.0}
{"epoch": 118, "time_epoch": 176.38564, "eta": 14318.6829, "eta_hours": 3.97741, "loss": 0.00758008, "lr": 0.00011801, "params": 3434533, "time_iter": 0.07217, "accuracy": 0.99783, "f1": 0.99791, "auc": 1.0}
{"epoch": 119, "time_epoch": 176.44013, "eta": 14141.68655, "eta_hours": 3.92825, "loss": 0.00811115, "lr": 0.00011559, "params": 3434533, "time_iter": 0.07219, "accuracy": 0.99765, "f1": 0.99789, "auc": 1.0}
{"epoch": 120, "time_epoch": 176.02763, "eta": 13964.43007, "eta_hours": 3.87901, "loss": 0.00821609, "lr": 0.00011318, "params": 3434533, "time_iter": 0.07202, "accuracy": 0.99744, "f1": 0.99725, "auc": 1.0}
{"epoch": 121, "time_epoch": 176.15321, "eta": 13787.27402, "eta_hours": 3.8298, "loss": 0.00684684, "lr": 0.00011078, "params": 3434533, "time_iter": 0.07208, "accuracy": 0.99792, "f1": 0.99804, "auc": 1.0}
{"epoch": 122, "time_epoch": 176.39745, "eta": 13610.28719, "eta_hours": 3.78064, "loss": 0.00613526, "lr": 0.00010839, "params": 3434533, "time_iter": 0.07218, "accuracy": 0.99841, "f1": 0.99837, "auc": 1.0}
{"epoch": 123, "time_epoch": 176.28535, "eta": 13433.24115, "eta_hours": 3.73146, "loss": 0.00649598, "lr": 0.00010601, "params": 3434533, "time_iter": 0.07213, "accuracy": 0.99815, "f1": 0.9981, "auc": 1.0}
{"epoch": 124, "time_epoch": 176.39474, "eta": 13256.27291, "eta_hours": 3.6823, "loss": 0.0061772, "lr": 0.00010365, "params": 3434533, "time_iter": 0.07217, "accuracy": 0.99816, "f1": 0.99819, "auc": 1.0}
{"epoch": 125, "time_epoch": 176.47142, "eta": 13079.35882, "eta_hours": 3.63316, "loss": 0.00583923, "lr": 0.0001013, "params": 3434533, "time_iter": 0.07221, "accuracy": 0.99843, "f1": 0.99842, "auc": 1.0}
{"epoch": 126, "time_epoch": 176.05803, "eta": 12902.21407, "eta_hours": 3.58395, "loss": 0.00567876, "lr": 9.896e-05, "params": 3434533, "time_iter": 0.07204, "accuracy": 0.99848, "f1": 0.99844, "auc": 1.0}
{"epoch": 127, "time_epoch": 176.51407, "eta": 12725.34283, "eta_hours": 3.53482, "loss": 0.00573155, "lr": 9.663e-05, "params": 3434533, "time_iter": 0.07222, "accuracy": 0.99843, "f1": 0.99848, "auc": 1.0}
{"epoch": 128, "time_epoch": 176.22603, "eta": 12548.3186, "eta_hours": 3.48564, "loss": 0.00642357, "lr": 9.432e-05, "params": 3434533, "time_iter": 0.07211, "accuracy": 0.99807, "f1": 0.99808, "auc": 1.0}
{"epoch": 129, "time_epoch": 176.58247, "eta": 12371.49858, "eta_hours": 3.43653, "loss": 0.00632507, "lr": 9.203e-05, "params": 3434533, "time_iter": 0.07225, "accuracy": 0.99803, "f1": 0.99797, "auc": 1.0}
{"epoch": 130, "time_epoch": 176.52583, "eta": 12194.65235, "eta_hours": 3.3874, "loss": 0.00568724, "lr": 8.975e-05, "params": 3434533, "time_iter": 0.07223, "accuracy": 0.99826, "f1": 0.99828, "auc": 1.0}
{"epoch": 131, "time_epoch": 176.55015, "eta": 12017.8235, "eta_hours": 3.33828, "loss": 0.00549247, "lr": 8.748e-05, "params": 3434533, "time_iter": 0.07224, "accuracy": 0.99838, "f1": 0.9983, "auc": 1.0}
{"epoch": 132, "time_epoch": 176.29238, "eta": 11840.86898, "eta_hours": 3.28913, "loss": 0.00540554, "lr": 8.524e-05, "params": 3434533, "time_iter": 0.07213, "accuracy": 0.99847, "f1": 0.99848, "auc": 1.0}
{"epoch": 133, "time_epoch": 176.49252, "eta": 11664.02293, "eta_hours": 3.24001, "loss": 0.00563042, "lr": 8.301e-05, "params": 3434533, "time_iter": 0.07221, "accuracy": 0.99843, "f1": 0.99843, "auc": 1.0}
{"epoch": 134, "time_epoch": 176.48421, "eta": 11487.17811, "eta_hours": 3.19088, "loss": 0.00450675, "lr": 8.08e-05, "params": 3434533, "time_iter": 0.07221, "accuracy": 0.99879, "f1": 0.9986, "auc": 1.0}
{"epoch": 135, "time_epoch": 176.59672, "eta": 11310.39154, "eta_hours": 3.14178, "loss": 0.00424036, "lr": 7.861e-05, "params": 3434533, "time_iter": 0.07226, "accuracy": 0.9987, "f1": 0.99864, "auc": 1.0}
{"epoch": 136, "time_epoch": 176.51451, "eta": 11133.56994, "eta_hours": 3.09266, "loss": 0.00427965, "lr": 7.644e-05, "params": 3434533, "time_iter": 0.07222, "accuracy": 0.99879, "f1": 0.99877, "auc": 1.0}
{"epoch": 137, "time_epoch": 176.53327, "eta": 10956.76122, "eta_hours": 3.04354, "loss": 0.00429067, "lr": 7.429e-05, "params": 3434533, "time_iter": 0.07223, "accuracy": 0.99889, "f1": 0.99881, "auc": 1.0}
{"epoch": 138, "time_epoch": 176.42285, "eta": 10779.908, "eta_hours": 2.99442, "loss": 0.0040915, "lr": 7.215e-05, "params": 3434533, "time_iter": 0.07219, "accuracy": 0.99887, "f1": 0.99889, "auc": 1.0}
{"epoch": 139, "time_epoch": 176.61339, "eta": 10603.14259, "eta_hours": 2.94532, "loss": 0.00427906, "lr": 7.005e-05, "params": 3434533, "time_iter": 0.07226, "accuracy": 0.99876, "f1": 0.99881, "auc": 1.0}
{"epoch": 140, "time_epoch": 176.69911, "eta": 10426.4152, "eta_hours": 2.89623, "loss": 0.00397865, "lr": 6.796e-05, "params": 3434533, "time_iter": 0.0723, "accuracy": 0.99893, "f1": 0.99896, "auc": 1.0}
{"epoch": 141, "time_epoch": 176.37483, "eta": 10249.55577, "eta_hours": 2.8471, "loss": 0.0040801, "lr": 6.589e-05, "params": 3434533, "time_iter": 0.07217, "accuracy": 0.99886, "f1": 0.99893, "auc": 1.0}
{"epoch": 142, "time_epoch": 176.61545, "eta": 10072.79902, "eta_hours": 2.798, "loss": 0.00397724, "lr": 6.385e-05, "params": 3434533, "time_iter": 0.07226, "accuracy": 0.99886, "f1": 0.99891, "auc": 1.0}
{"epoch": 143, "time_epoch": 176.69786, "eta": 9896.07628, "eta_hours": 2.74891, "loss": 0.00389475, "lr": 6.183e-05, "params": 3434533, "time_iter": 0.0723, "accuracy": 0.9989, "f1": 0.99896, "auc": 1.0}
{"epoch": 144, "time_epoch": 176.575, "eta": 9719.30728, "eta_hours": 2.69981, "loss": 0.0036888, "lr": 5.984e-05, "params": 3434533, "time_iter": 0.07225, "accuracy": 0.99904, "f1": 0.9991, "auc": 1.0}
{"epoch": 145, "time_epoch": 176.44858, "eta": 9542.49418, "eta_hours": 2.65069, "loss": 0.00324573, "lr": 5.787e-05, "params": 3434533, "time_iter": 0.0722, "accuracy": 0.99904, "f1": 0.99913, "auc": 1.0}
{"epoch": 146, "time_epoch": 176.4704, "eta": 9365.69391, "eta_hours": 2.60158, "loss": 0.00309155, "lr": 5.592e-05, "params": 3434533, "time_iter": 0.07221, "accuracy": 0.99908, "f1": 0.99897, "auc": 1.0}
{"epoch": 147, "time_epoch": 176.71439, "eta": 9188.98382, "eta_hours": 2.5525, "loss": 0.00323722, "lr": 5.4e-05, "params": 3434533, "time_iter": 0.07231, "accuracy": 0.99913, "f1": 0.99919, "auc": 1.0}
{"epoch": 148, "time_epoch": 176.51121, "eta": 9012.20413, "eta_hours": 2.50339, "loss": 0.00295541, "lr": 5.211e-05, "params": 3434533, "time_iter": 0.07222, "accuracy": 0.99917, "f1": 0.99912, "auc": 1.0}
{"epoch": 149, "time_epoch": 176.55655, "eta": 8835.44314, "eta_hours": 2.45429, "loss": 0.00290513, "lr": 5.025e-05, "params": 3434533, "time_iter": 0.07224, "accuracy": 0.99922, "f1": 0.99915, "auc": 1.0}
{"epoch": 150, "time_epoch": 176.52064, "eta": 8658.67319, "eta_hours": 2.40519, "loss": 0.00272409, "lr": 4.841e-05, "params": 3434533, "time_iter": 0.07223, "accuracy": 0.99927, "f1": 0.99929, "auc": 1.0}
{"epoch": 151, "time_epoch": 176.44146, "eta": 8481.88153, "eta_hours": 2.35608, "loss": 0.00316291, "lr": 4.66e-05, "params": 3434533, "time_iter": 0.07219, "accuracy": 0.99918, "f1": 0.99927, "auc": 1.0}
{"epoch": 152, "time_epoch": 176.54566, "eta": 8305.12645, "eta_hours": 2.30698, "loss": 0.00241001, "lr": 4.481e-05, "params": 3434533, "time_iter": 0.07224, "accuracy": 0.99936, "f1": 0.99934, "auc": 1.0}
{"epoch": 153, "time_epoch": 176.13738, "eta": 8128.25214, "eta_hours": 2.25785, "loss": 0.00234895, "lr": 4.306e-05, "params": 3434533, "time_iter": 0.07207, "accuracy": 0.99934, "f1": 0.99932, "auc": 1.0}
{"epoch": 154, "time_epoch": 176.47396, "eta": 7951.48505, "eta_hours": 2.20875, "loss": 0.00223105, "lr": 4.134e-05, "params": 3434533, "time_iter": 0.07221, "accuracy": 0.99942, "f1": 0.99943, "auc": 1.0}
{"epoch": 155, "time_epoch": 176.36023, "eta": 7774.68964, "eta_hours": 2.15964, "loss": 0.00221293, "lr": 3.964e-05, "params": 3434533, "time_iter": 0.07216, "accuracy": 0.99942, "f1": 0.99947, "auc": 1.0}
{"epoch": 156, "time_epoch": 176.48065, "eta": 7597.93276, "eta_hours": 2.11054, "loss": 0.00246931, "lr": 3.798e-05, "params": 3434533, "time_iter": 0.07221, "accuracy": 0.9993, "f1": 0.99928, "auc": 1.0}
{"epoch": 157, "time_epoch": 176.41955, "eta": 7421.16314, "eta_hours": 2.06143, "loss": 0.00204519, "lr": 3.634e-05, "params": 3434533, "time_iter": 0.07218, "accuracy": 0.99946, "f1": 0.99945, "auc": 1.0}
{"epoch": 158, "time_epoch": 176.41801, "eta": 7244.39752, "eta_hours": 2.01233, "loss": 0.00194105, "lr": 3.474e-05, "params": 3434533, "time_iter": 0.07218, "accuracy": 0.99953, "f1": 0.99956, "auc": 1.0}
{"epoch": 159, "time_epoch": 176.44296, "eta": 7067.64248, "eta_hours": 1.96323, "loss": 0.00223734, "lr": 3.317e-05, "params": 3434533, "time_iter": 0.07219, "accuracy": 0.99939, "f1": 0.99935, "auc": 1.0}
{"epoch": 160, "time_epoch": 176.25534, "eta": 6890.84587, "eta_hours": 1.91412, "loss": 0.0017268, "lr": 3.163e-05, "params": 3434533, "time_iter": 0.07212, "accuracy": 0.99962, "f1": 0.99966, "auc": 1.0}
{"epoch": 161, "time_epoch": 176.2735, "eta": 6714.0602, "eta_hours": 1.86502, "loss": 0.00182737, "lr": 3.012e-05, "params": 3434533, "time_iter": 0.07212, "accuracy": 0.99955, "f1": 0.99964, "auc": 1.0}
{"epoch": 162, "time_epoch": 176.58966, "eta": 6537.35258, "eta_hours": 1.81593, "loss": 0.00178347, "lr": 2.865e-05, "params": 3434533, "time_iter": 0.07225, "accuracy": 0.9996, "f1": 0.99965, "auc": 1.0}
{"epoch": 163, "time_epoch": 176.56964, "eta": 6360.64201, "eta_hours": 1.76685, "loss": 0.00196717, "lr": 2.721e-05, "params": 3434533, "time_iter": 0.07225, "accuracy": 0.99948, "f1": 0.99949, "auc": 1.0}
{"epoch": 164, "time_epoch": 176.49586, "eta": 6183.9175, "eta_hours": 1.71775, "loss": 0.00167468, "lr": 2.58e-05, "params": 3434533, "time_iter": 0.07222, "accuracy": 0.99953, "f1": 0.99951, "auc": 1.0}
{"epoch": 165, "time_epoch": 176.53809, "eta": 6007.20438, "eta_hours": 1.66867, "loss": 0.00195013, "lr": 2.443e-05, "params": 3434533, "time_iter": 0.07223, "accuracy": 0.99957, "f1": 0.99962, "auc": 1.0}
{"epoch": 166, "time_epoch": 176.60405, "eta": 5830.5064, "eta_hours": 1.61959, "loss": 0.00160504, "lr": 2.309e-05, "params": 3434533, "time_iter": 0.07226, "accuracy": 0.99964, "f1": 0.99962, "auc": 1.0}
{"epoch": 167, "time_epoch": 176.50426, "eta": 5653.79054, "eta_hours": 1.5705, "loss": 0.00160888, "lr": 2.178e-05, "params": 3434533, "time_iter": 0.07222, "accuracy": 0.99972, "f1": 0.99973, "auc": 1.0}
{"epoch": 168, "time_epoch": 176.69208, "eta": 5477.11162, "eta_hours": 1.52142, "loss": 0.00171266, "lr": 2.051e-05, "params": 3434533, "time_iter": 0.0723, "accuracy": 0.99962, "f1": 0.99964, "auc": 1.0}
{"epoch": 169, "time_epoch": 176.58633, "eta": 5300.41389, "eta_hours": 1.47234, "loss": 0.00156316, "lr": 1.928e-05, "params": 3434533, "time_iter": 0.07225, "accuracy": 0.99959, "f1": 0.99956, "auc": 1.0}
{"epoch": 170, "time_epoch": 176.21414, "eta": 5123.65435, "eta_hours": 1.42324, "loss": 0.0015292, "lr": 1.808e-05, "params": 3434533, "time_iter": 0.0721, "accuracy": 0.99965, "f1": 0.99967, "auc": 1.0}
{"epoch": 171, "time_epoch": 176.72202, "eta": 4946.98382, "eta_hours": 1.37416, "loss": 0.00139288, "lr": 1.692e-05, "params": 3434533, "time_iter": 0.07231, "accuracy": 0.99969, "f1": 0.99966, "auc": 1.0}
{"epoch": 172, "time_epoch": 176.44479, "eta": 4770.26943, "eta_hours": 1.32507, "loss": 0.00141736, "lr": 1.579e-05, "params": 3434533, "time_iter": 0.0722, "accuracy": 0.99968, "f1": 0.9997, "auc": 1.0}
{"epoch": 173, "time_epoch": 176.51146, "eta": 4593.5681, "eta_hours": 1.27599, "loss": 0.00149545, "lr": 1.47e-05, "params": 3434533, "time_iter": 0.07222, "accuracy": 0.99968, "f1": 0.99961, "auc": 1.0}
{"epoch": 174, "time_epoch": 176.90669, "eta": 4416.9254, "eta_hours": 1.22692, "loss": 0.0011757, "lr": 1.365e-05, "params": 3434533, "time_iter": 0.07238, "accuracy": 0.99974, "f1": 0.99972, "auc": 1.0}
{"epoch": 175, "time_epoch": 176.54927, "eta": 4240.23097, "eta_hours": 1.17784, "loss": 0.00125985, "lr": 1.263e-05, "params": 3434533, "time_iter": 0.07224, "accuracy": 0.99973, "f1": 0.99974, "auc": 1.0}
{"epoch": 176, "time_epoch": 176.71945, "eta": 4063.56028, "eta_hours": 1.12877, "loss": 0.00152334, "lr": 1.166e-05, "params": 3434533, "time_iter": 0.07231, "accuracy": 0.99958, "f1": 0.99958, "auc": 1.0}
{"epoch": 177, "time_epoch": 176.68054, "eta": 3886.88425, "eta_hours": 1.07969, "loss": 0.0011505, "lr": 1.072e-05, "params": 3434533, "time_iter": 0.07229, "accuracy": 0.99974, "f1": 0.99974, "auc": 1.0}
{"epoch": 178, "time_epoch": 176.62993, "eta": 3710.20222, "eta_hours": 1.03061, "loss": 0.00140975, "lr": 9.82e-06, "params": 3434533, "time_iter": 0.07227, "accuracy": 0.99963, "f1": 0.99961, "auc": 1.0}
{"epoch": 179, "time_epoch": 176.6946, "eta": 3533.52796, "eta_hours": 0.98154, "loss": 0.00107823, "lr": 8.95e-06, "params": 3434533, "time_iter": 0.0723, "accuracy": 0.99981, "f1": 0.99981, "auc": 1.0}
{"epoch": 180, "time_epoch": 176.48048, "eta": 3356.83099, "eta_hours": 0.93245, "loss": 0.00137383, "lr": 8.13e-06, "params": 3434533, "time_iter": 0.07221, "accuracy": 0.99971, "f1": 0.99972, "auc": 1.0}
{"epoch": 181, "time_epoch": 176.78931, "eta": 3180.16695, "eta_hours": 0.88338, "loss": 0.00133332, "lr": 7.34e-06, "params": 3434533, "time_iter": 0.07234, "accuracy": 0.99969, "f1": 0.99975, "auc": 1.0}
{"epoch": 182, "time_epoch": 176.85987, "eta": 3003.5081, "eta_hours": 0.83431, "loss": 0.00110125, "lr": 6.59e-06, "params": 3434533, "time_iter": 0.07236, "accuracy": 0.99974, "f1": 0.99979, "auc": 1.0}
{"epoch": 183, "time_epoch": 176.33563, "eta": 2826.80147, "eta_hours": 0.78522, "loss": 0.00124434, "lr": 5.89e-06, "params": 3434533, "time_iter": 0.07215, "accuracy": 0.9998, "f1": 0.99982, "auc": 1.0}
{"epoch": 184, "time_epoch": 176.90145, "eta": 2650.14473, "eta_hours": 0.73615, "loss": 0.00113334, "lr": 5.22e-06, "params": 3434533, "time_iter": 0.07238, "accuracy": 0.9998, "f1": 0.99982, "auc": 1.0}
{"epoch": 185, "time_epoch": 176.70774, "eta": 2473.47078, "eta_hours": 0.68708, "loss": 0.00108876, "lr": 4.59e-06, "params": 3434533, "time_iter": 0.0723, "accuracy": 0.9998, "f1": 0.9998, "auc": 1.0}
{"epoch": 186, "time_epoch": 176.80487, "eta": 2296.80322, "eta_hours": 0.638, "loss": 0.00105162, "lr": 4e-06, "params": 3434533, "time_iter": 0.07234, "accuracy": 0.99978, "f1": 0.99977, "auc": 1.0}
{"epoch": 187, "time_epoch": 176.77777, "eta": 2120.13247, "eta_hours": 0.58893, "loss": 0.00112212, "lr": 3.45e-06, "params": 3434533, "time_iter": 0.07233, "accuracy": 0.99976, "f1": 0.99979, "auc": 1.0}
{"epoch": 188, "time_epoch": 176.91784, "eta": 1943.46874, "eta_hours": 0.53985, "loss": 0.00114617, "lr": 2.94e-06, "params": 3434533, "time_iter": 0.07239, "accuracy": 0.99969, "f1": 0.99966, "auc": 1.0}
{"epoch": 189, "time_epoch": 176.71791, "eta": 1766.79182, "eta_hours": 0.49078, "loss": 0.00104698, "lr": 2.47e-06, "params": 3434533, "time_iter": 0.07231, "accuracy": 0.9998, "f1": 0.99978, "auc": 1.0}
{"epoch": 190, "time_epoch": 176.72345, "eta": 1590.11472, "eta_hours": 0.4417, "loss": 0.00119993, "lr": 2.05e-06, "params": 3434533, "time_iter": 0.07231, "accuracy": 0.9998, "f1": 0.99982, "auc": 1.0}
{"epoch": 191, "time_epoch": 176.52317, "eta": 1413.4288, "eta_hours": 0.39262, "loss": 0.00112205, "lr": 1.66e-06, "params": 3434533, "time_iter": 0.07223, "accuracy": 0.99971, "f1": 0.99969, "auc": 1.0}
{"epoch": 192, "time_epoch": 176.71237, "eta": 1236.75142, "eta_hours": 0.34354, "loss": 0.00111382, "lr": 1.31e-06, "params": 3434533, "time_iter": 0.0723, "accuracy": 0.99971, "f1": 0.99976, "auc": 1.0}
{"epoch": 193, "time_epoch": 177.1, "eta": 1060.08567, "eta_hours": 0.29447, "loss": 0.00105526, "lr": 1e-06, "params": 3434533, "time_iter": 0.07246, "accuracy": 0.99973, "f1": 0.9997, "auc": 1.0}
{"epoch": 194, "time_epoch": 176.56858, "eta": 883.40185, "eta_hours": 0.24539, "loss": 0.00100511, "lr": 7.4e-07, "params": 3434533, "time_iter": 0.07225, "accuracy": 0.99976, "f1": 0.99978, "auc": 1.0}
{"epoch": 195, "time_epoch": 176.28395, "eta": 706.71339, "eta_hours": 0.19631, "loss": 0.00114772, "lr": 5.1e-07, "params": 3434533, "time_iter": 0.07213, "accuracy": 0.99972, "f1": 0.99967, "auc": 1.0}
{"epoch": 196, "time_epoch": 176.84377, "eta": 530.03756, "eta_hours": 0.14723, "loss": 0.00113359, "lr": 3.3e-07, "params": 3434533, "time_iter": 0.07236, "accuracy": 0.99973, "f1": 0.99975, "auc": 1.0}
{"epoch": 197, "time_epoch": 177.08666, "eta": 353.36249, "eta_hours": 0.09816, "loss": 0.00097759, "lr": 1.8e-07, "params": 3434533, "time_iter": 0.07246, "accuracy": 0.9998, "f1": 0.99977, "auc": 1.0}
{"epoch": 198, "time_epoch": 176.31231, "eta": 176.67939, "eta_hours": 0.04908, "loss": 0.00103186, "lr": 8e-08, "params": 3434533, "time_iter": 0.07214, "accuracy": 0.99976, "f1": 0.99979, "auc": 1.0}
{"epoch": 199, "time_epoch": 176.74905, "eta": 0.0, "eta_hours": 0.0, "loss": 0.0010348, "lr": 2e-08, "params": 3434533, "time_iter": 0.07232, "accuracy": 0.99981, "f1": 0.99983, "auc": 1.0}
