{"epoch": 0, "time_epoch": 85.28432, "eta": 12707.3632, "eta_hours": 3.52982, "loss": 1.61142122, "lr": 0.0, "params": 282437, "time_iter": 0.09747, "accuracy": 0.20629, "f1": 0.08051, "auc": 0.53762}
{"epoch": 1, "time_epoch": 80.01055, "eta": 12231.81991, "eta_hours": 3.39773, "loss": 1.53807715, "lr": 5e-05, "params": 282437, "time_iter": 0.09144, "accuracy": 0.432, "f1": 0.37914, "auc": 0.79298}
{"epoch": 2, "time_epoch": 81.22301, "eta": 12079.37573, "eta_hours": 3.35538, "loss": 1.41908189, "lr": 0.0001, "params": 282437, "time_iter": 0.09283, "accuracy": 0.63457, "f1": 0.57535, "auc": 0.88408}
{"epoch": 3, "time_epoch": 80.44873, "eta": 11934.28111, "eta_hours": 3.31508, "loss": 1.3288392, "lr": 0.00015, "params": 282437, "time_iter": 0.09194, "accuracy": 0.67343, "f1": 0.62189, "auc": 0.92387}
{"epoch": 4, "time_epoch": 80.15152, "eta": 11806.42567, "eta_hours": 3.27956, "loss": 1.2347985, "lr": 0.0002, "params": 282437, "time_iter": 0.0916, "accuracy": 0.71571, "f1": 0.6909, "auc": 0.93742}
{"epoch": 5, "time_epoch": 80.32184, "eta": 11698.55919, "eta_hours": 3.2496, "loss": 1.14255012, "lr": 0.00025, "params": 282437, "time_iter": 0.0918, "accuracy": 0.78057, "f1": 0.78071, "auc": 0.94335}
{"epoch": 6, "time_epoch": 81.25481, "eta": 11617.62186, "eta_hours": 3.22712, "loss": 1.05144211, "lr": 0.0003, "params": 282437, "time_iter": 0.09286, "accuracy": 0.80714, "f1": 0.80787, "auc": 0.94743}
{"epoch": 7, "time_epoch": 80.43415, "eta": 11522.03841, "eta_hours": 3.20057, "loss": 0.95794851, "lr": 0.00035, "params": 282437, "time_iter": 0.09192, "accuracy": 0.83914, "f1": 0.83827, "auc": 0.95728}
{"epoch": 8, "time_epoch": 79.98636, "eta": 11422.80608, "eta_hours": 3.173, "loss": 0.86645953, "lr": 0.0004, "params": 282437, "time_iter": 0.09141, "accuracy": 0.85657, "f1": 0.85421, "auc": 0.96274}
{"epoch": 9, "time_epoch": 81.27104, "eta": 11345.40846, "eta_hours": 3.1515, "loss": 0.77185207, "lr": 0.00045, "params": 282437, "time_iter": 0.09288, "accuracy": 0.87714, "f1": 0.87751, "auc": 0.97383}
{"epoch": 10, "time_epoch": 79.58014, "eta": 11245.93978, "eta_hours": 3.12387, "loss": 0.69892499, "lr": 0.0005, "params": 282437, "time_iter": 0.09095, "accuracy": 0.87943, "f1": 0.87876, "auc": 0.97274}
{"epoch": 11, "time_epoch": 80.93227, "eta": 11165.33536, "eta_hours": 3.10148, "loss": 0.61239972, "lr": 0.00049994, "params": 282437, "time_iter": 0.09249, "accuracy": 0.89914, "f1": 0.89921, "auc": 0.97713}
{"epoch": 12, "time_epoch": 80.26454, "eta": 11077.64366, "eta_hours": 3.07712, "loss": 0.5371698, "lr": 0.00049975, "params": 282437, "time_iter": 0.09173, "accuracy": 0.90571, "f1": 0.90637, "auc": 0.98124}
{"epoch": 13, "time_epoch": 80.33289, "eta": 10991.67694, "eta_hours": 3.05324, "loss": 0.46958514, "lr": 0.00049943, "params": 282437, "time_iter": 0.09181, "accuracy": 0.91629, "f1": 0.91631, "auc": 0.98342}
{"epoch": 14, "time_epoch": 80.40475, "eta": 10907.10815, "eta_hours": 3.02975, "loss": 0.42697696, "lr": 0.00049899, "params": 282437, "time_iter": 0.09189, "accuracy": 0.91514, "f1": 0.91535, "auc": 0.9854}
{"epoch": 15, "time_epoch": 80.83035, "eta": 10826.62423, "eta_hours": 3.0074, "loss": 0.37319023, "lr": 0.00049843, "params": 282437, "time_iter": 0.09238, "accuracy": 0.92543, "f1": 0.92605, "auc": 0.98683}
{"epoch": 16, "time_epoch": 80.09551, "eta": 10740.35054, "eta_hours": 2.98343, "loss": 0.33176878, "lr": 0.00049774, "params": 282437, "time_iter": 0.09154, "accuracy": 0.932, "f1": 0.93224, "auc": 0.98928}
{"epoch": 17, "time_epoch": 80.71427, "eta": 10659.30088, "eta_hours": 2.96092, "loss": 0.31171253, "lr": 0.00049692, "params": 282437, "time_iter": 0.09224, "accuracy": 0.93314, "f1": 0.93344, "auc": 0.98844}
{"epoch": 18, "time_epoch": 79.80268, "eta": 10572.00135, "eta_hours": 2.93667, "loss": 0.28310221, "lr": 0.00049598, "params": 282437, "time_iter": 0.0912, "accuracy": 0.93971, "f1": 0.94009, "auc": 0.98939}
{"epoch": 19, "time_epoch": 81.0969, "eta": 10493.86395, "eta_hours": 2.91496, "loss": 0.26170759, "lr": 0.00049492, "params": 282437, "time_iter": 0.09268, "accuracy": 0.93829, "f1": 0.93848, "auc": 0.99051}
{"epoch": 20, "time_epoch": 80.33988, "eta": 10410.79444, "eta_hours": 2.89189, "loss": 0.24201533, "lr": 0.00049373, "params": 282437, "time_iter": 0.09182, "accuracy": 0.94086, "f1": 0.94088, "auc": 0.991}
{"epoch": 21, "time_epoch": 81.45915, "eta": 10334.48519, "eta_hours": 2.87069, "loss": 0.22314678, "lr": 0.00049242, "params": 282437, "time_iter": 0.0931, "accuracy": 0.94429, "f1": 0.94438, "auc": 0.9913}
{"epoch": 22, "time_epoch": 81.23735, "eta": 10256.50338, "eta_hours": 2.84903, "loss": 0.22160395, "lr": 0.00049099, "params": 282437, "time_iter": 0.09284, "accuracy": 0.94314, "f1": 0.94323, "auc": 0.99133}
{"epoch": 23, "time_epoch": 79.94899, "eta": 10171.4864, "eta_hours": 2.82541, "loss": 0.20643031, "lr": 0.00048944, "params": 282437, "time_iter": 0.09137, "accuracy": 0.94543, "f1": 0.94556, "auc": 0.99246}
{"epoch": 24, "time_epoch": 81.06947, "eta": 10092.47725, "eta_hours": 2.80347, "loss": 0.20199181, "lr": 0.00048776, "params": 282437, "time_iter": 0.09265, "accuracy": 0.946, "f1": 0.94598, "auc": 0.99171}
{"epoch": 25, "time_epoch": 80.12684, "eta": 10008.81402, "eta_hours": 2.78023, "loss": 0.19274053, "lr": 0.00048597, "params": 282437, "time_iter": 0.09157, "accuracy": 0.94771, "f1": 0.94768, "auc": 0.99206}
{"epoch": 26, "time_epoch": 79.73006, "eta": 9923.60517, "eta_hours": 2.75656, "loss": 0.17994224, "lr": 0.00048406, "params": 282437, "time_iter": 0.09112, "accuracy": 0.954, "f1": 0.95403, "auc": 0.99341}
{"epoch": 27, "time_epoch": 80.48867, "eta": 9842.09305, "eta_hours": 2.73391, "loss": 0.17483589, "lr": 0.00048203, "params": 282437, "time_iter": 0.09199, "accuracy": 0.95029, "f1": 0.95049, "auc": 0.99333}
{"epoch": 28, "time_epoch": 81.45327, "eta": 9764.6762, "eta_hours": 2.71241, "loss": 0.18120245, "lr": 0.00047988, "params": 282437, "time_iter": 0.09309, "accuracy": 0.94943, "f1": 0.94941, "auc": 0.99251}
{"epoch": 29, "time_epoch": 80.39589, "eta": 9682.76073, "eta_hours": 2.68966, "loss": 0.17372364, "lr": 0.00047762, "params": 282437, "time_iter": 0.09188, "accuracy": 0.95086, "f1": 0.95083, "auc": 0.99336}
{"epoch": 30, "time_epoch": 80.94582, "eta": 9603.05433, "eta_hours": 2.66752, "loss": 0.17668478, "lr": 0.00047524, "params": 282437, "time_iter": 0.09251, "accuracy": 0.94914, "f1": 0.94916, "auc": 0.99374}
{"epoch": 31, "time_epoch": 81.22008, "eta": 9524.28179, "eta_hours": 2.64563, "loss": 0.15141741, "lr": 0.00047275, "params": 282437, "time_iter": 0.09282, "accuracy": 0.95657, "f1": 0.95658, "auc": 0.9943}
{"epoch": 32, "time_epoch": 80.83069, "eta": 9443.98035, "eta_hours": 2.62333, "loss": 0.15297806, "lr": 0.00047015, "params": 282437, "time_iter": 0.09238, "accuracy": 0.954, "f1": 0.95408, "auc": 0.99429}
{"epoch": 33, "time_epoch": 81.64468, "eta": 9366.42493, "eta_hours": 2.60178, "loss": 0.14723054, "lr": 0.00046744, "params": 282437, "time_iter": 0.09331, "accuracy": 0.95914, "f1": 0.95907, "auc": 0.99457}
{"epoch": 34, "time_epoch": 80.62611, "eta": 9285.28909, "eta_hours": 2.57925, "loss": 0.15164797, "lr": 0.00046461, "params": 282437, "time_iter": 0.09214, "accuracy": 0.95914, "f1": 0.95912, "auc": 0.99451}
{"epoch": 35, "time_epoch": 81.10785, "eta": 9205.70711, "eta_hours": 2.55714, "loss": 0.14917438, "lr": 0.00046168, "params": 282437, "time_iter": 0.09269, "accuracy": 0.95629, "f1": 0.95632, "auc": 0.99421}
{"epoch": 36, "time_epoch": 80.08358, "eta": 9122.91446, "eta_hours": 2.53414, "loss": 0.14408542, "lr": 0.00045864, "params": 282437, "time_iter": 0.09152, "accuracy": 0.96086, "f1": 0.96078, "auc": 0.99493}
{"epoch": 37, "time_epoch": 80.01815, "eta": 9040.07156, "eta_hours": 2.51113, "loss": 0.14145456, "lr": 0.0004555, "params": 282437, "time_iter": 0.09145, "accuracy": 0.96029, "f1": 0.96029, "auc": 0.99532}
{"epoch": 38, "time_epoch": 81.96458, "eta": 8962.91335, "eta_hours": 2.4897, "loss": 0.13162843, "lr": 0.00045225, "params": 282437, "time_iter": 0.09367, "accuracy": 0.96514, "f1": 0.96513, "auc": 0.99545}
{"epoch": 39, "time_epoch": 80.68607, "eta": 8881.99891, "eta_hours": 2.46722, "loss": 0.14263317, "lr": 0.00044891, "params": 282437, "time_iter": 0.09221, "accuracy": 0.95886, "f1": 0.95889, "auc": 0.99509}
{"epoch": 40, "time_epoch": 80.97129, "eta": 8801.85388, "eta_hours": 2.44496, "loss": 0.12875372, "lr": 0.00044546, "params": 282437, "time_iter": 0.09254, "accuracy": 0.96457, "f1": 0.96454, "auc": 0.99559}
{"epoch": 41, "time_epoch": 79.84899, "eta": 8718.7836, "eta_hours": 2.42188, "loss": 0.13642396, "lr": 0.00044191, "params": 282437, "time_iter": 0.09126, "accuracy": 0.964, "f1": 0.96399, "auc": 0.99526}
{"epoch": 42, "time_epoch": 80.35704, "eta": 8637.12736, "eta_hours": 2.3992, "loss": 0.13437357, "lr": 0.00043827, "params": 282437, "time_iter": 0.09184, "accuracy": 0.96486, "f1": 0.9649, "auc": 0.99544}
{"epoch": 43, "time_epoch": 80.00824, "eta": 8554.68988, "eta_hours": 2.3763, "loss": 0.13651799, "lr": 0.00043453, "params": 282437, "time_iter": 0.09144, "accuracy": 0.96457, "f1": 0.96458, "auc": 0.9953}
{"epoch": 44, "time_epoch": 81.39508, "eta": 8475.59632, "eta_hours": 2.35433, "loss": 0.11803413, "lr": 0.0004307, "params": 282437, "time_iter": 0.09302, "accuracy": 0.968, "f1": 0.96797, "auc": 0.99654}
{"epoch": 45, "time_epoch": 80.99603, "eta": 8395.5005, "eta_hours": 2.33208, "loss": 0.1290606, "lr": 0.00042678, "params": 282437, "time_iter": 0.09257, "accuracy": 0.966, "f1": 0.96598, "auc": 0.99606}
{"epoch": 46, "time_epoch": 80.11857, "eta": 8313.44343, "eta_hours": 2.30929, "loss": 0.11754129, "lr": 0.00042277, "params": 282437, "time_iter": 0.09156, "accuracy": 0.96886, "f1": 0.96884, "auc": 0.99611}
{"epoch": 47, "time_epoch": 81.33769, "eta": 8234.05776, "eta_hours": 2.28724, "loss": 0.13399822, "lr": 0.00041867, "params": 282437, "time_iter": 0.09296, "accuracy": 0.96429, "f1": 0.96426, "auc": 0.99566}
{"epoch": 48, "time_epoch": 81.01429, "eta": 8153.92582, "eta_hours": 2.26498, "loss": 0.12535424, "lr": 0.00041448, "params": 282437, "time_iter": 0.09259, "accuracy": 0.96686, "f1": 0.96686, "auc": 0.99569}
{"epoch": 49, "time_epoch": 81.14739, "eta": 8074.02479, "eta_hours": 2.24278, "loss": 0.12564289, "lr": 0.00041022, "params": 282437, "time_iter": 0.09274, "accuracy": 0.96657, "f1": 0.96654, "auc": 0.99598}
{"epoch": 50, "time_epoch": 80.41257, "eta": 7992.64846, "eta_hours": 2.22018, "loss": 0.11208222, "lr": 0.00040587, "params": 282437, "time_iter": 0.0919, "accuracy": 0.96914, "f1": 0.9691, "auc": 0.9965}
{"epoch": 51, "time_epoch": 81.10026, "eta": 7912.60523, "eta_hours": 2.19795, "loss": 0.10838502, "lr": 0.00040145, "params": 282437, "time_iter": 0.09269, "accuracy": 0.97143, "f1": 0.97141, "auc": 0.99675}
{"epoch": 52, "time_epoch": 81.66758, "eta": 7833.56041, "eta_hours": 2.17599, "loss": 0.1082466, "lr": 0.00039695, "params": 282437, "time_iter": 0.09333, "accuracy": 0.97114, "f1": 0.97108, "auc": 0.99639}
{"epoch": 53, "time_epoch": 81.91203, "eta": 7754.85302, "eta_hours": 2.15413, "loss": 0.10636737, "lr": 0.00039237, "params": 282437, "time_iter": 0.09361, "accuracy": 0.97029, "f1": 0.97027, "auc": 0.99695}
{"epoch": 54, "time_epoch": 81.24896, "eta": 7674.88381, "eta_hours": 2.13191, "loss": 0.10812118, "lr": 0.00038772, "params": 282437, "time_iter": 0.09286, "accuracy": 0.972, "f1": 0.97197, "auc": 0.99681}
{"epoch": 55, "time_epoch": 81.58075, "eta": 7595.42583, "eta_hours": 2.10984, "loss": 0.11123946, "lr": 0.00038301, "params": 282437, "time_iter": 0.09324, "accuracy": 0.972, "f1": 0.97197, "auc": 0.99687}
{"epoch": 56, "time_epoch": 81.77239, "eta": 7516.20603, "eta_hours": 2.08784, "loss": 0.10538238, "lr": 0.00037822, "params": 282437, "time_iter": 0.09345, "accuracy": 0.97086, "f1": 0.97081, "auc": 0.99704}
{"epoch": 57, "time_epoch": 80.93215, "eta": 7435.56543, "eta_hours": 2.06543, "loss": 0.08872503, "lr": 0.00037338, "params": 282437, "time_iter": 0.09249, "accuracy": 0.97657, "f1": 0.97652, "auc": 0.99715}
{"epoch": 58, "time_epoch": 80.21296, "eta": 7353.80568, "eta_hours": 2.04272, "loss": 0.10474461, "lr": 0.00036847, "params": 282437, "time_iter": 0.09167, "accuracy": 0.97314, "f1": 0.9731, "auc": 0.99656}
{"epoch": 59, "time_epoch": 80.3962, "eta": 7272.37235, "eta_hours": 2.0201, "loss": 0.09667032, "lr": 0.0003635, "params": 282437, "time_iter": 0.09188, "accuracy": 0.97429, "f1": 0.97425, "auc": 0.99714}
{"epoch": 60, "time_epoch": 81.03666, "eta": 7191.90747, "eta_hours": 1.99775, "loss": 0.09429688, "lr": 0.00035847, "params": 282437, "time_iter": 0.09261, "accuracy": 0.97571, "f1": 0.97568, "auc": 0.99723}
{"epoch": 61, "time_epoch": 80.38096, "eta": 7110.49347, "eta_hours": 1.97514, "loss": 0.09682171, "lr": 0.00035339, "params": 282437, "time_iter": 0.09186, "accuracy": 0.97543, "f1": 0.97539, "auc": 0.99716}
{"epoch": 62, "time_epoch": 80.88458, "eta": 7029.80773, "eta_hours": 1.95272, "loss": 0.09950706, "lr": 0.00034826, "params": 282437, "time_iter": 0.09244, "accuracy": 0.97543, "f1": 0.97538, "auc": 0.9972}
{"epoch": 63, "time_epoch": 81.0363, "eta": 6949.31967, "eta_hours": 1.93037, "loss": 0.09621484, "lr": 0.00034307, "params": 282437, "time_iter": 0.09261, "accuracy": 0.97543, "f1": 0.97541, "auc": 0.99699}
{"epoch": 64, "time_epoch": 82.09024, "eta": 6870.19297, "eta_hours": 1.90839, "loss": 0.09617372, "lr": 0.00033784, "params": 282437, "time_iter": 0.09382, "accuracy": 0.97571, "f1": 0.97568, "auc": 0.99683}
{"epoch": 65, "time_epoch": 81.64857, "eta": 6790.41433, "eta_hours": 1.88623, "loss": 0.09350723, "lr": 0.00033257, "params": 282437, "time_iter": 0.09331, "accuracy": 0.97571, "f1": 0.97567, "auc": 0.99767}
{"epoch": 66, "time_epoch": 80.69218, "eta": 6709.39509, "eta_hours": 1.86372, "loss": 0.08940502, "lr": 0.00032725, "params": 282437, "time_iter": 0.09222, "accuracy": 0.97543, "f1": 0.97538, "auc": 0.99747}
{"epoch": 67, "time_epoch": 80.82051, "eta": 6628.54022, "eta_hours": 1.84126, "loss": 0.08356843, "lr": 0.0003219, "params": 282437, "time_iter": 0.09237, "accuracy": 0.98086, "f1": 0.98083, "auc": 0.99775}
{"epoch": 68, "time_epoch": 79.18509, "eta": 6545.76651, "eta_hours": 1.81827, "loss": 0.08504701, "lr": 0.00031651, "params": 282437, "time_iter": 0.0905, "accuracy": 0.97857, "f1": 0.97854, "auc": 0.99795}
{"epoch": 69, "time_epoch": 81.04078, "eta": 6465.21612, "eta_hours": 1.79589, "loss": 0.08282028, "lr": 0.00031109, "params": 282437, "time_iter": 0.09262, "accuracy": 0.98057, "f1": 0.98053, "auc": 0.99806}
{"epoch": 70, "time_epoch": 80.72883, "eta": 6384.30481, "eta_hours": 1.77342, "loss": 0.08948038, "lr": 0.00030563, "params": 282437, "time_iter": 0.09226, "accuracy": 0.978, "f1": 0.97797, "auc": 0.99739}
{"epoch": 71, "time_epoch": 81.27699, "eta": 6303.99241, "eta_hours": 1.75111, "loss": 0.0738636, "lr": 0.00030015, "params": 282437, "time_iter": 0.09289, "accuracy": 0.978, "f1": 0.97796, "auc": 0.99829}
{"epoch": 72, "time_epoch": 81.89548, "eta": 6224.30597, "eta_hours": 1.72897, "loss": 0.07532218, "lr": 0.00029464, "params": 282437, "time_iter": 0.09359, "accuracy": 0.98286, "f1": 0.98282, "auc": 0.99821}
{"epoch": 73, "time_epoch": 80.58869, "eta": 6143.21771, "eta_hours": 1.70645, "loss": 0.08043245, "lr": 0.00028911, "params": 282437, "time_iter": 0.0921, "accuracy": 0.97943, "f1": 0.97939, "auc": 0.99813}
{"epoch": 74, "time_epoch": 80.37567, "eta": 6061.92976, "eta_hours": 1.68387, "loss": 0.09160142, "lr": 0.00028356, "params": 282437, "time_iter": 0.09186, "accuracy": 0.976, "f1": 0.97597, "auc": 0.99777}
{"epoch": 75, "time_epoch": 79.21696, "eta": 5979.5376, "eta_hours": 1.66098, "loss": 0.08442026, "lr": 0.00027799, "params": 282437, "time_iter": 0.09053, "accuracy": 0.97971, "f1": 0.97968, "auc": 0.99793}
{"epoch": 76, "time_epoch": 80.78924, "eta": 5898.71851, "eta_hours": 1.63853, "loss": 0.08194231, "lr": 0.00027241, "params": 282437, "time_iter": 0.09233, "accuracy": 0.98086, "f1": 0.98083, "auc": 0.99836}
{"epoch": 77, "time_epoch": 81.29875, "eta": 5818.3705, "eta_hours": 1.61621, "loss": 0.07020644, "lr": 0.00026682, "params": 282437, "time_iter": 0.09291, "accuracy": 0.982, "f1": 0.98197, "auc": 0.99841}
{"epoch": 78, "time_epoch": 80.22146, "eta": 5737.03023, "eta_hours": 1.59362, "loss": 0.07332645, "lr": 0.00026122, "params": 282437, "time_iter": 0.09168, "accuracy": 0.98143, "f1": 0.9814, "auc": 0.99848}
{"epoch": 79, "time_epoch": 80.70966, "eta": 5656.1451, "eta_hours": 1.57115, "loss": 0.07328223, "lr": 0.00025561, "params": 282437, "time_iter": 0.09224, "accuracy": 0.98257, "f1": 0.98253, "auc": 0.99838}
{"epoch": 80, "time_epoch": 81.60898, "eta": 5576.03039, "eta_hours": 1.5489, "loss": 0.0633615, "lr": 0.00025, "params": 282437, "time_iter": 0.09327, "accuracy": 0.98457, "f1": 0.98454, "auc": 0.99861}
{"epoch": 81, "time_epoch": 80.64051, "eta": 5495.07612, "eta_hours": 1.52641, "loss": 0.07528965, "lr": 0.00024439, "params": 282437, "time_iter": 0.09216, "accuracy": 0.97943, "f1": 0.97939, "auc": 0.99862}
{"epoch": 82, "time_epoch": 80.53141, "eta": 5414.04134, "eta_hours": 1.5039, "loss": 0.06710211, "lr": 0.00023878, "params": 282437, "time_iter": 0.09204, "accuracy": 0.98257, "f1": 0.98254, "auc": 0.99876}
{"epoch": 83, "time_epoch": 81.14222, "eta": 5333.49846, "eta_hours": 1.48153, "loss": 0.06795109, "lr": 0.00023318, "params": 282437, "time_iter": 0.09273, "accuracy": 0.98257, "f1": 0.98254, "auc": 0.99862}
{"epoch": 84, "time_epoch": 80.21823, "eta": 5252.2349, "eta_hours": 1.45895, "loss": 0.06552776, "lr": 0.00022759, "params": 282437, "time_iter": 0.09168, "accuracy": 0.98314, "f1": 0.98311, "auc": 0.99856}
{"epoch": 85, "time_epoch": 80.99124, "eta": 5171.57092, "eta_hours": 1.43655, "loss": 0.07956499, "lr": 0.00022201, "params": 282437, "time_iter": 0.09256, "accuracy": 0.98029, "f1": 0.98025, "auc": 0.99851}
{"epoch": 86, "time_epoch": 81.46523, "eta": 5091.24264, "eta_hours": 1.41423, "loss": 0.06488724, "lr": 0.00021644, "params": 282437, "time_iter": 0.0931, "accuracy": 0.98343, "f1": 0.9834, "auc": 0.99877}
{"epoch": 87, "time_epoch": 80.40479, "eta": 5010.1414, "eta_hours": 1.39171, "loss": 0.06167594, "lr": 0.00021089, "params": 282437, "time_iter": 0.09189, "accuracy": 0.98514, "f1": 0.98512, "auc": 0.99868}
{"epoch": 88, "time_epoch": 80.32465, "eta": 4929.00088, "eta_hours": 1.36917, "loss": 0.05900598, "lr": 0.00020536, "params": 282437, "time_iter": 0.0918, "accuracy": 0.98429, "f1": 0.98427, "auc": 0.99872}
{"epoch": 89, "time_epoch": 80.64562, "eta": 4848.09247, "eta_hours": 1.34669, "loss": 0.06656692, "lr": 0.00019985, "params": 282437, "time_iter": 0.09217, "accuracy": 0.98343, "f1": 0.98341, "auc": 0.99877}
{"epoch": 90, "time_epoch": 79.79858, "eta": 4766.64066, "eta_hours": 1.32407, "loss": 0.06620964, "lr": 0.00019437, "params": 282437, "time_iter": 0.0912, "accuracy": 0.98286, "f1": 0.98283, "auc": 0.99866}
{"epoch": 91, "time_epoch": 80.76164, "eta": 4685.83193, "eta_hours": 1.30162, "loss": 0.05944951, "lr": 0.00018891, "params": 282437, "time_iter": 0.0923, "accuracy": 0.98514, "f1": 0.98513, "auc": 0.99879}
{"epoch": 92, "time_epoch": 80.46779, "eta": 4604.84411, "eta_hours": 1.27912, "loss": 0.06247987, "lr": 0.00018349, "params": 282437, "time_iter": 0.09196, "accuracy": 0.98514, "f1": 0.98513, "auc": 0.99876}
{"epoch": 93, "time_epoch": 80.83332, "eta": 4524.08513, "eta_hours": 1.25669, "loss": 0.06738468, "lr": 0.0001781, "params": 282437, "time_iter": 0.09238, "accuracy": 0.98229, "f1": 0.98225, "auc": 0.99875}
{"epoch": 94, "time_epoch": 80.50795, "eta": 4443.1362, "eta_hours": 1.2342, "loss": 0.05701688, "lr": 0.00017275, "params": 282437, "time_iter": 0.09201, "accuracy": 0.98457, "f1": 0.98454, "auc": 0.99878}
{"epoch": 95, "time_epoch": 81.15499, "eta": 4362.56042, "eta_hours": 1.21182, "loss": 0.05725699, "lr": 0.00016743, "params": 282437, "time_iter": 0.09275, "accuracy": 0.98629, "f1": 0.98627, "auc": 0.99901}
{"epoch": 96, "time_epoch": 79.98046, "eta": 4281.33095, "eta_hours": 1.18926, "loss": 0.06163987, "lr": 0.00016216, "params": 282437, "time_iter": 0.09141, "accuracy": 0.98457, "f1": 0.98455, "auc": 0.99892}
{"epoch": 97, "time_epoch": 81.1133, "eta": 4200.72807, "eta_hours": 1.16687, "loss": 0.05725261, "lr": 0.00015693, "params": 282437, "time_iter": 0.0927, "accuracy": 0.98543, "f1": 0.98541, "auc": 0.99901}
{"epoch": 98, "time_epoch": 81.63328, "eta": 4120.38274, "eta_hours": 1.14455, "loss": 0.05609929, "lr": 0.00015174, "params": 282437, "time_iter": 0.0933, "accuracy": 0.98686, "f1": 0.98684, "auc": 0.99893}
{"epoch": 99, "time_epoch": 81.57565, "eta": 4039.98284, "eta_hours": 1.12222, "loss": 0.0589692, "lr": 0.00014661, "params": 282437, "time_iter": 0.09323, "accuracy": 0.98571, "f1": 0.9857, "auc": 0.99888}
{"epoch": 100, "time_epoch": 81.10843, "eta": 3959.33298, "eta_hours": 1.09981, "loss": 0.05610589, "lr": 0.00014153, "params": 282437, "time_iter": 0.0927, "accuracy": 0.986, "f1": 0.98599, "auc": 0.99909}
{"epoch": 101, "time_epoch": 82.11743, "eta": 3879.14895, "eta_hours": 1.07754, "loss": 0.05575054, "lr": 0.0001365, "params": 282437, "time_iter": 0.09385, "accuracy": 0.98657, "f1": 0.98655, "auc": 0.99876}
{"epoch": 102, "time_epoch": 80.54675, "eta": 3798.21067, "eta_hours": 1.05506, "loss": 0.06079833, "lr": 0.00013153, "params": 282437, "time_iter": 0.09205, "accuracy": 0.98429, "f1": 0.98427, "auc": 0.99912}
{"epoch": 103, "time_epoch": 81.62014, "eta": 3717.75468, "eta_hours": 1.03271, "loss": 0.0549514, "lr": 0.00012662, "params": 282437, "time_iter": 0.09328, "accuracy": 0.98629, "f1": 0.98627, "auc": 0.9989}
{"epoch": 104, "time_epoch": 80.2157, "eta": 3636.67462, "eta_hours": 1.01019, "loss": 0.05857776, "lr": 0.00012178, "params": 282437, "time_iter": 0.09168, "accuracy": 0.98514, "f1": 0.98512, "auc": 0.99892}
{"epoch": 105, "time_epoch": 80.44455, "eta": 3555.70586, "eta_hours": 0.9877, "loss": 0.05113734, "lr": 0.00011699, "params": 282437, "time_iter": 0.09194, "accuracy": 0.98714, "f1": 0.98713, "auc": 0.99895}
{"epoch": 106, "time_epoch": 80.80072, "eta": 3474.89003, "eta_hours": 0.96525, "loss": 0.05645088, "lr": 0.00011228, "params": 282437, "time_iter": 0.09234, "accuracy": 0.98457, "f1": 0.98455, "auc": 0.99895}
{"epoch": 107, "time_epoch": 81.11752, "eta": 3394.19769, "eta_hours": 0.94283, "loss": 0.05341092, "lr": 0.00010763, "params": 282437, "time_iter": 0.09271, "accuracy": 0.986, "f1": 0.98599, "auc": 0.99888}
{"epoch": 108, "time_epoch": 80.716, "eta": 3313.3465, "eta_hours": 0.92037, "loss": 0.05175618, "lr": 0.00010305, "params": 282437, "time_iter": 0.09225, "accuracy": 0.98657, "f1": 0.98656, "auc": 0.99922}
{"epoch": 109, "time_epoch": 81.18559, "eta": 3232.66854, "eta_hours": 0.89796, "loss": 0.05248043, "lr": 9.855e-05, "params": 282437, "time_iter": 0.09278, "accuracy": 0.98629, "f1": 0.98627, "auc": 0.99906}
{"epoch": 110, "time_epoch": 81.66185, "eta": 3152.14877, "eta_hours": 0.8756, "loss": 0.05470484, "lr": 9.413e-05, "params": 282437, "time_iter": 0.09333, "accuracy": 0.98629, "f1": 0.98627, "auc": 0.99891}
{"epoch": 111, "time_epoch": 80.9115, "eta": 3071.35402, "eta_hours": 0.85315, "loss": 0.0507534, "lr": 8.978e-05, "params": 282437, "time_iter": 0.09247, "accuracy": 0.98686, "f1": 0.98685, "auc": 0.99902}
{"epoch": 112, "time_epoch": 82.1188, "eta": 2990.95251, "eta_hours": 0.83082, "loss": 0.04880973, "lr": 8.552e-05, "params": 282437, "time_iter": 0.09385, "accuracy": 0.98743, "f1": 0.98742, "auc": 0.99914}
{"epoch": 113, "time_epoch": 81.20442, "eta": 2910.23213, "eta_hours": 0.8084, "loss": 0.0468123, "lr": 8.133e-05, "params": 282437, "time_iter": 0.09281, "accuracy": 0.98829, "f1": 0.98828, "auc": 0.9993}
{"epoch": 114, "time_epoch": 81.61345, "eta": 2829.62781, "eta_hours": 0.78601, "loss": 0.05184734, "lr": 7.723e-05, "params": 282437, "time_iter": 0.09327, "accuracy": 0.98629, "f1": 0.98627, "auc": 0.99911}
{"epoch": 115, "time_epoch": 80.40331, "eta": 2748.6514, "eta_hours": 0.76351, "loss": 0.04969846, "lr": 7.322e-05, "params": 282437, "time_iter": 0.09189, "accuracy": 0.98629, "f1": 0.98627, "auc": 0.99925}
{"epoch": 116, "time_epoch": 81.70614, "eta": 2668.05225, "eta_hours": 0.74113, "loss": 0.04996782, "lr": 6.93e-05, "params": 282437, "time_iter": 0.09338, "accuracy": 0.98686, "f1": 0.98685, "auc": 0.99909}
{"epoch": 117, "time_epoch": 81.03385, "eta": 2587.25202, "eta_hours": 0.71868, "loss": 0.05250422, "lr": 6.547e-05, "params": 282437, "time_iter": 0.09261, "accuracy": 0.98714, "f1": 0.98713, "auc": 0.99892}
{"epoch": 118, "time_epoch": 80.08026, "eta": 2506.19945, "eta_hours": 0.69617, "loss": 0.04526437, "lr": 6.173e-05, "params": 282437, "time_iter": 0.09152, "accuracy": 0.988, "f1": 0.98799, "auc": 0.9991}
{"epoch": 119, "time_epoch": 81.04289, "eta": 2425.40374, "eta_hours": 0.67372, "loss": 0.04591107, "lr": 5.809e-05, "params": 282437, "time_iter": 0.09262, "accuracy": 0.98857, "f1": 0.98856, "auc": 0.99928}
{"epoch": 120, "time_epoch": 80.40658, "eta": 2344.45145, "eta_hours": 0.65124, "loss": 0.05221775, "lr": 5.454e-05, "params": 282437, "time_iter": 0.09189, "accuracy": 0.98743, "f1": 0.98742, "auc": 0.99897}
{"epoch": 121, "time_epoch": 79.29101, "eta": 2263.25206, "eta_hours": 0.62868, "loss": 0.0517317, "lr": 5.109e-05, "params": 282437, "time_iter": 0.09062, "accuracy": 0.98686, "f1": 0.98685, "auc": 0.99903}
{"epoch": 122, "time_epoch": 79.70226, "eta": 2182.17399, "eta_hours": 0.60616, "loss": 0.04648368, "lr": 4.775e-05, "params": 282437, "time_iter": 0.09109, "accuracy": 0.988, "f1": 0.98799, "auc": 0.99932}
{"epoch": 123, "time_epoch": 78.60677, "eta": 2100.8884, "eta_hours": 0.58358, "loss": 0.04805398, "lr": 4.45e-05, "params": 282437, "time_iter": 0.08984, "accuracy": 0.98771, "f1": 0.9877, "auc": 0.99902}
{"epoch": 124, "time_epoch": 80.78786, "eta": 2020.08189, "eta_hours": 0.56113, "loss": 0.04795774, "lr": 4.136e-05, "params": 282437, "time_iter": 0.09233, "accuracy": 0.98743, "f1": 0.98742, "auc": 0.99914}
{"epoch": 125, "time_epoch": 81.18364, "eta": 1939.35107, "eta_hours": 0.53871, "loss": 0.05220001, "lr": 3.832e-05, "params": 282437, "time_iter": 0.09278, "accuracy": 0.98743, "f1": 0.98742, "auc": 0.99901}
{"epoch": 126, "time_epoch": 79.93482, "eta": 1858.38695, "eta_hours": 0.51622, "loss": 0.04894145, "lr": 3.539e-05, "params": 282437, "time_iter": 0.09135, "accuracy": 0.98771, "f1": 0.9877, "auc": 0.9991}
{"epoch": 127, "time_epoch": 81.02837, "eta": 1777.62686, "eta_hours": 0.49379, "loss": 0.04804654, "lr": 3.256e-05, "params": 282437, "time_iter": 0.0926, "accuracy": 0.98771, "f1": 0.9877, "auc": 0.99914}
{"epoch": 128, "time_epoch": 80.82021, "eta": 1696.82873, "eta_hours": 0.47134, "loss": 0.04675411, "lr": 2.985e-05, "params": 282437, "time_iter": 0.09237, "accuracy": 0.988, "f1": 0.98799, "auc": 0.99921}
{"epoch": 129, "time_epoch": 80.33679, "eta": 1615.95589, "eta_hours": 0.44888, "loss": 0.04804535, "lr": 2.725e-05, "params": 282437, "time_iter": 0.09181, "accuracy": 0.98714, "f1": 0.98712, "auc": 0.99916}
{"epoch": 130, "time_epoch": 81.1891, "eta": 1535.21485, "eta_hours": 0.42645, "loss": 0.04627527, "lr": 2.476e-05, "params": 282437, "time_iter": 0.09279, "accuracy": 0.98743, "f1": 0.98742, "auc": 0.99912}
{"epoch": 131, "time_epoch": 82.2242, "eta": 1454.60817, "eta_hours": 0.40406, "loss": 0.04818414, "lr": 2.238e-05, "params": 282437, "time_iter": 0.09397, "accuracy": 0.98714, "f1": 0.98713, "auc": 0.99909}
{"epoch": 132, "time_epoch": 81.22255, "eta": 1373.84914, "eta_hours": 0.38162, "loss": 0.04696111, "lr": 2.012e-05, "params": 282437, "time_iter": 0.09283, "accuracy": 0.98743, "f1": 0.98742, "auc": 0.99919}
{"epoch": 133, "time_epoch": 79.86496, "eta": 1292.92109, "eta_hours": 0.35914, "loss": 0.04698953, "lr": 1.797e-05, "params": 282437, "time_iter": 0.09127, "accuracy": 0.98771, "f1": 0.9877, "auc": 0.99928}
{"epoch": 134, "time_epoch": 80.26585, "eta": 1212.05333, "eta_hours": 0.33668, "loss": 0.04494065, "lr": 1.594e-05, "params": 282437, "time_iter": 0.09173, "accuracy": 0.98771, "f1": 0.98771, "auc": 0.99923}
{"epoch": 135, "time_epoch": 79.75211, "eta": 1131.14154, "eta_hours": 0.31421, "loss": 0.04439623, "lr": 1.403e-05, "params": 282437, "time_iter": 0.09115, "accuracy": 0.98829, "f1": 0.98828, "auc": 0.99925}
{"epoch": 136, "time_epoch": 81.13337, "eta": 1050.37774, "eta_hours": 0.29177, "loss": 0.0449839, "lr": 1.224e-05, "params": 282437, "time_iter": 0.09272, "accuracy": 0.98743, "f1": 0.98742, "auc": 0.99919}
{"epoch": 137, "time_epoch": 80.58324, "eta": 969.56076, "eta_hours": 0.26932, "loss": 0.04503648, "lr": 1.056e-05, "params": 282437, "time_iter": 0.0921, "accuracy": 0.98771, "f1": 0.98771, "auc": 0.99921}
{"epoch": 138, "time_epoch": 79.9296, "eta": 888.6954, "eta_hours": 0.24686, "loss": 0.04499038, "lr": 9.01e-06, "params": 282437, "time_iter": 0.09135, "accuracy": 0.988, "f1": 0.98799, "auc": 0.99917}
{"epoch": 139, "time_epoch": 79.4869, "eta": 807.8118, "eta_hours": 0.22439, "loss": 0.04877496, "lr": 7.58e-06, "params": 282437, "time_iter": 0.09084, "accuracy": 0.98714, "f1": 0.98713, "auc": 0.99911}
{"epoch": 140, "time_epoch": 80.6671, "eta": 727.02334, "eta_hours": 0.20195, "loss": 0.04352961, "lr": 6.27e-06, "params": 282437, "time_iter": 0.09219, "accuracy": 0.98829, "f1": 0.98828, "auc": 0.99924}
{"epoch": 141, "time_epoch": 80.16095, "eta": 646.20807, "eta_hours": 0.1795, "loss": 0.04526616, "lr": 5.08e-06, "params": 282437, "time_iter": 0.09161, "accuracy": 0.98771, "f1": 0.98771, "auc": 0.99917}
{"epoch": 142, "time_epoch": 80.26845, "eta": 565.40721, "eta_hours": 0.15706, "loss": 0.04464234, "lr": 4.02e-06, "params": 282437, "time_iter": 0.09174, "accuracy": 0.98857, "f1": 0.98857, "auc": 0.99919}
{"epoch": 143, "time_epoch": 81.11415, "eta": 484.64899, "eta_hours": 0.13462, "loss": 0.04749521, "lr": 3.08e-06, "params": 282437, "time_iter": 0.0927, "accuracy": 0.98714, "f1": 0.98713, "auc": 0.99906}
{"epoch": 144, "time_epoch": 81.25557, "eta": 403.89074, "eta_hours": 0.11219, "loss": 0.04745247, "lr": 2.26e-06, "params": 282437, "time_iter": 0.09286, "accuracy": 0.98771, "f1": 0.9877, "auc": 0.99932}
{"epoch": 145, "time_epoch": 81.46279, "eta": 323.13135, "eta_hours": 0.08976, "loss": 0.04832049, "lr": 1.57e-06, "params": 282437, "time_iter": 0.0931, "accuracy": 0.988, "f1": 0.98799, "auc": 0.99908}
{"epoch": 146, "time_epoch": 79.80887, "eta": 242.32863, "eta_hours": 0.06731, "loss": 0.04598997, "lr": 1.01e-06, "params": 282437, "time_iter": 0.09121, "accuracy": 0.98829, "f1": 0.98828, "auc": 0.99915}
{"epoch": 147, "time_epoch": 81.08845, "eta": 161.55664, "eta_hours": 0.04488, "loss": 0.04469386, "lr": 5.7e-07, "params": 282437, "time_iter": 0.09267, "accuracy": 0.988, "f1": 0.98799, "auc": 0.99913}
{"epoch": 148, "time_epoch": 81.47912, "eta": 80.78302, "eta_hours": 0.02244, "loss": 0.04322301, "lr": 2.5e-07, "params": 282437, "time_iter": 0.09312, "accuracy": 0.988, "f1": 0.98799, "auc": 0.99909}
{"epoch": 149, "time_epoch": 80.23175, "eta": 0.0, "eta_hours": 0.0, "loss": 0.04321674, "lr": 6e-08, "params": 282437, "time_iter": 0.09169, "accuracy": 0.98829, "f1": 0.98828, "auc": 0.99919}
