{"epoch": 0, "time_epoch": 83.45078, "eta": 8261.6269, "eta_hours": 2.2949, "loss": 1.79694478, "lr": 0.0, "params": 502054, "time_iter": 0.13352, "accuracy": 0.16583, "f1": 0.12216, "accuracy-SBM": 0.1658, "auc": 0.49794}
{"epoch": 1, "time_epoch": 81.21232, "eta": 8068.49157, "eta_hours": 2.24125, "loss": 1.74040579, "lr": 0.0001, "params": 502054, "time_iter": 0.12994, "accuracy": 0.28225, "f1": 0.27026, "accuracy-SBM": 0.2823, "auc": 0.62417}
{"epoch": 2, "time_epoch": 81.01062, "eta": 7943.45013, "eta_hours": 2.20651, "loss": 1.5489826, "lr": 0.0002, "params": 502054, "time_iter": 0.12962, "accuracy": 0.45901, "f1": 0.45663, "accuracy-SBM": 0.45903, "auc": 0.76416}
{"epoch": 3, "time_epoch": 81.81067, "eta": 7859.62514, "eta_hours": 2.18323, "loss": 1.26358808, "lr": 0.0003, "params": 502054, "time_iter": 0.1309, "accuracy": 0.59103, "f1": 0.5908, "accuracy-SBM": 0.59104, "auc": 0.84918}
{"epoch": 4, "time_epoch": 81.01363, "eta": 7761.46212, "eta_hours": 2.15596, "loss": 1.03005791, "lr": 0.0004, "params": 502054, "time_iter": 0.12962, "accuracy": 0.66212, "f1": 0.66212, "accuracy-SBM": 0.66212, "auc": 0.89808}
{"epoch": 5, "time_epoch": 81.10779, "eta": 7670.49086, "eta_hours": 2.13069, "loss": 0.91178425, "lr": 0.0005, "params": 502054, "time_iter": 0.12977, "accuracy": 0.6904, "f1": 0.6904, "accuracy-SBM": 0.6904, "auc": 0.91968}
{"epoch": 6, "time_epoch": 80.86095, "eta": 7579.0583, "eta_hours": 2.10529, "loss": 0.85059778, "lr": 0.00049986, "params": 502054, "time_iter": 0.12938, "accuracy": 0.70618, "f1": 0.70617, "accuracy-SBM": 0.70618, "auc": 0.92946}
{"epoch": 7, "time_epoch": 81.2951, "eta": 7495.26133, "eta_hours": 2.08202, "loss": 0.80072061, "lr": 0.00049945, "params": 502054, "time_iter": 0.13007, "accuracy": 0.7203, "f1": 0.7203, "accuracy-SBM": 0.7203, "auc": 0.93735}
{"epoch": 8, "time_epoch": 80.92297, "eta": 7408.25771, "eta_hours": 2.05785, "loss": 0.77832686, "lr": 0.00049877, "params": 502054, "time_iter": 0.12948, "accuracy": 0.72603, "f1": 0.72603, "accuracy-SBM": 0.72603, "auc": 0.94055}
{"epoch": 9, "time_epoch": 80.9083, "eta": 7322.33816, "eta_hours": 2.03398, "loss": 0.76499615, "lr": 0.00049782, "params": 502054, "time_iter": 0.12945, "accuracy": 0.72971, "f1": 0.72971, "accuracy-SBM": 0.72971, "auc": 0.94227}
{"epoch": 10, "time_epoch": 81.23585, "eta": 7239.97989, "eta_hours": 2.01111, "loss": 0.74981426, "lr": 0.00049659, "params": 502054, "time_iter": 0.12998, "accuracy": 0.73435, "f1": 0.73435, "accuracy-SBM": 0.73435, "auc": 0.94436}
{"epoch": 11, "time_epoch": 81.28914, "eta": 7158.19954, "eta_hours": 1.98839, "loss": 0.74419303, "lr": 0.00049509, "params": 502054, "time_iter": 0.13006, "accuracy": 0.73643, "f1": 0.73643, "accuracy-SBM": 0.73643, "auc": 0.94501}
{"epoch": 12, "time_epoch": 80.99113, "eta": 7074.50037, "eta_hours": 1.96514, "loss": 0.73419115, "lr": 0.00049333, "params": 502054, "time_iter": 0.12959, "accuracy": 0.7396, "f1": 0.7396, "accuracy-SBM": 0.7396, "auc": 0.94637}
{"epoch": 13, "time_epoch": 80.98569, "eta": 6991.15465, "eta_hours": 1.94199, "loss": 0.72688744, "lr": 0.0004913, "params": 502054, "time_iter": 0.12958, "accuracy": 0.74204, "f1": 0.74204, "accuracy-SBM": 0.74204, "auc": 0.94737}
{"epoch": 14, "time_epoch": 80.77018, "eta": 6906.90235, "eta_hours": 1.91858, "loss": 0.72088817, "lr": 0.00048901, "params": 502054, "time_iter": 0.12923, "accuracy": 0.74338, "f1": 0.74338, "accuracy-SBM": 0.74338, "auc": 0.94821}
{"epoch": 15, "time_epoch": 80.84828, "eta": 6823.49534, "eta_hours": 1.89542, "loss": 0.71708419, "lr": 0.00048645, "params": 502054, "time_iter": 0.12936, "accuracy": 0.745, "f1": 0.745, "accuracy-SBM": 0.745, "auc": 0.94865}
{"epoch": 16, "time_epoch": 80.87807, "eta": 6740.53482, "eta_hours": 1.87237, "loss": 0.71201102, "lr": 0.00048364, "params": 502054, "time_iter": 0.1294, "accuracy": 0.74651, "f1": 0.74651, "accuracy-SBM": 0.74651, "auc": 0.94935}
{"epoch": 17, "time_epoch": 81.14953, "eta": 6659.04234, "eta_hours": 1.84973, "loss": 0.70346781, "lr": 0.00048057, "params": 502054, "time_iter": 0.12984, "accuracy": 0.74938, "f1": 0.74938, "accuracy-SBM": 0.74938, "auc": 0.95053}
{"epoch": 18, "time_epoch": 80.9003, "eta": 6576.52344, "eta_hours": 1.82681, "loss": 0.69818673, "lr": 0.00047725, "params": 502054, "time_iter": 0.12944, "accuracy": 0.75116, "f1": 0.75116, "accuracy-SBM": 0.75116, "auc": 0.95123}
{"epoch": 19, "time_epoch": 80.6426, "eta": 6493.13559, "eta_hours": 1.80365, "loss": 0.69728121, "lr": 0.00047368, "params": 502054, "time_iter": 0.12903, "accuracy": 0.75148, "f1": 0.75148, "accuracy-SBM": 0.75148, "auc": 0.95139}
{"epoch": 20, "time_epoch": 80.78063, "eta": 6410.52845, "eta_hours": 1.7807, "loss": 0.69085752, "lr": 0.00046987, "params": 502054, "time_iter": 0.12925, "accuracy": 0.75409, "f1": 0.75409, "accuracy-SBM": 0.75409, "auc": 0.95224}
{"epoch": 21, "time_epoch": 80.99442, "eta": 6328.84536, "eta_hours": 1.75801, "loss": 0.68897452, "lr": 0.00046581, "params": 502054, "time_iter": 0.12959, "accuracy": 0.75398, "f1": 0.75398, "accuracy-SBM": 0.75398, "auc": 0.9525}
{"epoch": 22, "time_epoch": 81.00969, "eta": 6247.27327, "eta_hours": 1.73535, "loss": 0.68435931, "lr": 0.00046152, "params": 502054, "time_iter": 0.12962, "accuracy": 0.7557, "f1": 0.7557, "accuracy-SBM": 0.7557, "auc": 0.95316}
{"epoch": 23, "time_epoch": 81.56956, "eta": 6167.52096, "eta_hours": 1.7132, "loss": 0.68307017, "lr": 0.000457, "params": 502054, "time_iter": 0.13051, "accuracy": 0.75596, "f1": 0.75596, "accuracy-SBM": 0.75596, "auc": 0.95332}
{"epoch": 24, "time_epoch": 80.69688, "eta": 6085.00523, "eta_hours": 1.69028, "loss": 0.67726024, "lr": 0.00045225, "params": 502054, "time_iter": 0.12912, "accuracy": 0.75893, "f1": 0.75893, "accuracy-SBM": 0.75893, "auc": 0.95408}
{"epoch": 25, "time_epoch": 80.77558, "eta": 6002.8534, "eta_hours": 1.66746, "loss": 0.67271143, "lr": 0.00044729, "params": 502054, "time_iter": 0.12924, "accuracy": 0.76012, "f1": 0.76013, "accuracy-SBM": 0.76012, "auc": 0.95471}
{"epoch": 26, "time_epoch": 81.25148, "eta": 5922.09021, "eta_hours": 1.64503, "loss": 0.6721637, "lr": 0.0004421, "params": 502054, "time_iter": 0.13, "accuracy": 0.75999, "f1": 0.75999, "accuracy-SBM": 0.75999, "auc": 0.95479}
{"epoch": 27, "time_epoch": 81.04307, "eta": 5840.75624, "eta_hours": 1.62243, "loss": 0.66641391, "lr": 0.00043671, "params": 502054, "time_iter": 0.12967, "accuracy": 0.76217, "f1": 0.76218, "accuracy-SBM": 0.76217, "auc": 0.9555}
{"epoch": 28, "time_epoch": 81.09334, "eta": 5759.56539, "eta_hours": 1.59988, "loss": 0.66476136, "lr": 0.00043111, "params": 502054, "time_iter": 0.12975, "accuracy": 0.76247, "f1": 0.76247, "accuracy-SBM": 0.76247, "auc": 0.95573}
{"epoch": 29, "time_epoch": 80.9851, "eta": 5678.12849, "eta_hours": 1.57726, "loss": 0.66247841, "lr": 0.00042531, "params": 502054, "time_iter": 0.12958, "accuracy": 0.76322, "f1": 0.76322, "accuracy-SBM": 0.76322, "auc": 0.95607}
{"epoch": 30, "time_epoch": 81.02267, "eta": 5596.80437, "eta_hours": 1.55467, "loss": 0.65723187, "lr": 0.00041932, "params": 502054, "time_iter": 0.12964, "accuracy": 0.76506, "f1": 0.76506, "accuracy-SBM": 0.76506, "auc": 0.95675}
{"epoch": 31, "time_epoch": 81.58472, "eta": 5516.69343, "eta_hours": 1.53241, "loss": 0.65463761, "lr": 0.00041315, "params": 502054, "time_iter": 0.13054, "accuracy": 0.76627, "f1": 0.76627, "accuracy-SBM": 0.76627, "auc": 0.95707}
{"epoch": 32, "time_epoch": 81.08161, "eta": 5435.47172, "eta_hours": 1.50985, "loss": 0.65453031, "lr": 0.00040679, "params": 502054, "time_iter": 0.12973, "accuracy": 0.76634, "f1": 0.76634, "accuracy-SBM": 0.76634, "auc": 0.95706}
{"epoch": 33, "time_epoch": 80.77818, "eta": 5353.66923, "eta_hours": 1.48713, "loss": 0.64900035, "lr": 0.00040027, "params": 502054, "time_iter": 0.12925, "accuracy": 0.76864, "f1": 0.76864, "accuracy-SBM": 0.76864, "auc": 0.95779}
{"epoch": 34, "time_epoch": 80.91866, "eta": 5272.18618, "eta_hours": 1.4645, "loss": 0.64808433, "lr": 0.00039358, "params": 502054, "time_iter": 0.12947, "accuracy": 0.76836, "f1": 0.76836, "accuracy-SBM": 0.76836, "auc": 0.95792}
{"epoch": 35, "time_epoch": 80.6352, "eta": 5190.23054, "eta_hours": 1.44173, "loss": 0.64396243, "lr": 0.00038674, "params": 502054, "time_iter": 0.12902, "accuracy": 0.76949, "f1": 0.76949, "accuracy-SBM": 0.76949, "auc": 0.95847}
{"epoch": 36, "time_epoch": 80.8442, "eta": 5108.70215, "eta_hours": 1.41908, "loss": 0.64274542, "lr": 0.00037974, "params": 502054, "time_iter": 0.12935, "accuracy": 0.77054, "f1": 0.77054, "accuracy-SBM": 0.77054, "auc": 0.95861}
{"epoch": 37, "time_epoch": 80.91421, "eta": 5027.32399, "eta_hours": 1.39648, "loss": 0.6383547, "lr": 0.00037261, "params": 502054, "time_iter": 0.12946, "accuracy": 0.77205, "f1": 0.77206, "accuracy-SBM": 0.77206, "auc": 0.95918}
{"epoch": 38, "time_epoch": 81.03495, "eta": 4946.15848, "eta_hours": 1.37393, "loss": 0.63725231, "lr": 0.00036534, "params": 502054, "time_iter": 0.12966, "accuracy": 0.77272, "f1": 0.77272, "accuracy-SBM": 0.77272, "auc": 0.95931}
{"epoch": 39, "time_epoch": 80.83315, "eta": 4864.69679, "eta_hours": 1.3513, "loss": 0.63354302, "lr": 0.00035794, "params": 502054, "time_iter": 0.12933, "accuracy": 0.77346, "f1": 0.77346, "accuracy-SBM": 0.77346, "auc": 0.95981}
{"epoch": 40, "time_epoch": 81.45959, "eta": 4784.16723, "eta_hours": 1.32894, "loss": 0.63363985, "lr": 0.00035042, "params": 502054, "time_iter": 0.13034, "accuracy": 0.77353, "f1": 0.77353, "accuracy-SBM": 0.77353, "auc": 0.95977}
{"epoch": 41, "time_epoch": 81.03041, "eta": 4703.00069, "eta_hours": 1.30639, "loss": 0.62965975, "lr": 0.0003428, "params": 502054, "time_iter": 0.12965, "accuracy": 0.77429, "f1": 0.77429, "accuracy-SBM": 0.77429, "auc": 0.96029}
{"epoch": 42, "time_epoch": 80.82854, "eta": 4621.5729, "eta_hours": 1.28377, "loss": 0.62555018, "lr": 0.00033507, "params": 502054, "time_iter": 0.12933, "accuracy": 0.77631, "f1": 0.77631, "accuracy-SBM": 0.77631, "auc": 0.96079}
{"epoch": 43, "time_epoch": 80.69762, "eta": 4540.00572, "eta_hours": 1.26111, "loss": 0.62461083, "lr": 0.00032725, "params": 502054, "time_iter": 0.12912, "accuracy": 0.77581, "f1": 0.77581, "accuracy-SBM": 0.77581, "auc": 0.96096}
{"epoch": 44, "time_epoch": 81.2368, "eta": 4459.13619, "eta_hours": 1.23865, "loss": 0.62245373, "lr": 0.00031935, "params": 502054, "time_iter": 0.12998, "accuracy": 0.77683, "f1": 0.77683, "accuracy-SBM": 0.77683, "auc": 0.9612}
{"epoch": 45, "time_epoch": 81.17725, "eta": 4378.18078, "eta_hours": 1.21616, "loss": 0.62029593, "lr": 0.00031137, "params": 502054, "time_iter": 0.12988, "accuracy": 0.77805, "f1": 0.77806, "accuracy-SBM": 0.77805, "auc": 0.96144}
{"epoch": 46, "time_epoch": 81.37555, "eta": 4297.43955, "eta_hours": 1.19373, "loss": 0.61674562, "lr": 0.00030332, "params": 502054, "time_iter": 0.1302, "accuracy": 0.77888, "f1": 0.77888, "accuracy-SBM": 0.77888, "auc": 0.96192}
{"epoch": 47, "time_epoch": 81.05898, "eta": 4216.32893, "eta_hours": 1.1712, "loss": 0.6164453, "lr": 0.00029522, "params": 502054, "time_iter": 0.12969, "accuracy": 0.77908, "f1": 0.77908, "accuracy-SBM": 0.77908, "auc": 0.96195}
{"epoch": 48, "time_epoch": 81.49325, "eta": 4135.67242, "eta_hours": 1.1488, "loss": 0.6157587, "lr": 0.00028707, "params": 502054, "time_iter": 0.13039, "accuracy": 0.77953, "f1": 0.77953, "accuracy-SBM": 0.77954, "auc": 0.96199}
{"epoch": 49, "time_epoch": 80.95187, "eta": 4054.44106, "eta_hours": 1.12623, "loss": 0.6101976, "lr": 0.00027887, "params": 502054, "time_iter": 0.12952, "accuracy": 0.78143, "f1": 0.78143, "accuracy-SBM": 0.78143, "auc": 0.96272}
{"epoch": 50, "time_epoch": 81.30423, "eta": 3973.5592, "eta_hours": 1.10377, "loss": 0.60829935, "lr": 0.00027064, "params": 502054, "time_iter": 0.13009, "accuracy": 0.7825, "f1": 0.78249, "accuracy-SBM": 0.7825, "auc": 0.96293}
{"epoch": 51, "time_epoch": 80.72884, "eta": 3892.12997, "eta_hours": 1.08115, "loss": 0.6067067, "lr": 0.0002624, "params": 502054, "time_iter": 0.12917, "accuracy": 0.78275, "f1": 0.78275, "accuracy-SBM": 0.78275, "auc": 0.96315}
{"epoch": 52, "time_epoch": 80.87248, "eta": 3810.85454, "eta_hours": 1.05857, "loss": 0.60477525, "lr": 0.00025413, "params": 502054, "time_iter": 0.1294, "accuracy": 0.78318, "f1": 0.78318, "accuracy-SBM": 0.78318, "auc": 0.96339}
{"epoch": 53, "time_epoch": 80.65536, "eta": 3729.40909, "eta_hours": 1.03595, "loss": 0.60443813, "lr": 0.00024587, "params": 502054, "time_iter": 0.12905, "accuracy": 0.78344, "f1": 0.78345, "accuracy-SBM": 0.78345, "auc": 0.96341}
{"epoch": 54, "time_epoch": 80.90829, "eta": 3648.19931, "eta_hours": 1.01339, "loss": 0.60188127, "lr": 0.0002376, "params": 502054, "time_iter": 0.12945, "accuracy": 0.78413, "f1": 0.78414, "accuracy-SBM": 0.78414, "auc": 0.96373}
{"epoch": 55, "time_epoch": 81.34311, "eta": 3567.34193, "eta_hours": 0.99093, "loss": 0.59793125, "lr": 0.00022936, "params": 502054, "time_iter": 0.13015, "accuracy": 0.7857, "f1": 0.7857, "accuracy-SBM": 0.7857, "auc": 0.96419}
{"epoch": 56, "time_epoch": 80.86505, "eta": 3486.10688, "eta_hours": 0.96836, "loss": 0.59419473, "lr": 0.00022113, "params": 502054, "time_iter": 0.12938, "accuracy": 0.78697, "f1": 0.78697, "accuracy-SBM": 0.78697, "auc": 0.96463}
{"epoch": 57, "time_epoch": 80.89027, "eta": 3404.90284, "eta_hours": 0.94581, "loss": 0.59339009, "lr": 0.00021293, "params": 502054, "time_iter": 0.12942, "accuracy": 0.78724, "f1": 0.78724, "accuracy-SBM": 0.78724, "auc": 0.96473}
{"epoch": 58, "time_epoch": 80.81996, "eta": 3323.66058, "eta_hours": 0.92324, "loss": 0.59248923, "lr": 0.00020478, "params": 502054, "time_iter": 0.12931, "accuracy": 0.78745, "f1": 0.78745, "accuracy-SBM": 0.78745, "auc": 0.96487}
{"epoch": 59, "time_epoch": 81.22291, "eta": 3242.70104, "eta_hours": 0.90075, "loss": 0.59400146, "lr": 0.00019668, "params": 502054, "time_iter": 0.12996, "accuracy": 0.78699, "f1": 0.78699, "accuracy-SBM": 0.78699, "auc": 0.96467}
{"epoch": 60, "time_epoch": 80.96296, "eta": 3161.56666, "eta_hours": 0.87821, "loss": 0.58805952, "lr": 0.00018863, "params": 502054, "time_iter": 0.12954, "accuracy": 0.78883, "f1": 0.78883, "accuracy-SBM": 0.78883, "auc": 0.96538}
{"epoch": 61, "time_epoch": 80.71017, "eta": 3080.28288, "eta_hours": 0.85563, "loss": 0.58879102, "lr": 0.00018065, "params": 502054, "time_iter": 0.12914, "accuracy": 0.78876, "f1": 0.78876, "accuracy-SBM": 0.78876, "auc": 0.96528}
{"epoch": 62, "time_epoch": 80.72055, "eta": 2999.0234, "eta_hours": 0.83306, "loss": 0.58440958, "lr": 0.00017275, "params": 502054, "time_iter": 0.12915, "accuracy": 0.79028, "f1": 0.79028, "accuracy-SBM": 0.79028, "auc": 0.96582}
{"epoch": 63, "time_epoch": 80.48874, "eta": 2917.65036, "eta_hours": 0.81046, "loss": 0.58351938, "lr": 0.00016493, "params": 502054, "time_iter": 0.12878, "accuracy": 0.79089, "f1": 0.79089, "accuracy-SBM": 0.79089, "auc": 0.9659}
{"epoch": 64, "time_epoch": 80.60347, "eta": 2836.36632, "eta_hours": 0.78788, "loss": 0.58106368, "lr": 0.0001572, "params": 502054, "time_iter": 0.12897, "accuracy": 0.79137, "f1": 0.79137, "accuracy-SBM": 0.79137, "auc": 0.96619}
{"epoch": 65, "time_epoch": 80.65744, "eta": 2755.1307, "eta_hours": 0.76531, "loss": 0.57786728, "lr": 0.00014958, "params": 502054, "time_iter": 0.12905, "accuracy": 0.7926, "f1": 0.7926, "accuracy-SBM": 0.7926, "auc": 0.96656}
{"epoch": 66, "time_epoch": 81.06249, "eta": 2674.11185, "eta_hours": 0.74281, "loss": 0.57868778, "lr": 0.00014206, "params": 502054, "time_iter": 0.1297, "accuracy": 0.79217, "f1": 0.79217, "accuracy-SBM": 0.79217, "auc": 0.96649}
{"epoch": 67, "time_epoch": 81.03406, "eta": 2593.07833, "eta_hours": 0.7203, "loss": 0.57404915, "lr": 0.00013466, "params": 502054, "time_iter": 0.12965, "accuracy": 0.7936, "f1": 0.79361, "accuracy-SBM": 0.7936, "auc": 0.967}
{"epoch": 68, "time_epoch": 80.71526, "eta": 2511.90157, "eta_hours": 0.69775, "loss": 0.57468213, "lr": 0.00012739, "params": 502054, "time_iter": 0.12914, "accuracy": 0.79414, "f1": 0.79414, "accuracy-SBM": 0.79414, "auc": 0.96693}
{"epoch": 69, "time_epoch": 80.95939, "eta": 2430.84262, "eta_hours": 0.67523, "loss": 0.57314122, "lr": 0.00012026, "params": 502054, "time_iter": 0.12954, "accuracy": 0.79365, "f1": 0.79365, "accuracy-SBM": 0.79365, "auc": 0.96712}
{"epoch": 70, "time_epoch": 81.70439, "eta": 2350.09076, "eta_hours": 0.6528, "loss": 0.57189913, "lr": 0.00011326, "params": 502054, "time_iter": 0.13073, "accuracy": 0.79458, "f1": 0.79458, "accuracy-SBM": 0.79458, "auc": 0.96726}
{"epoch": 71, "time_epoch": 81.02483, "eta": 2269.04818, "eta_hours": 0.63029, "loss": 0.57076939, "lr": 0.00010642, "params": 502054, "time_iter": 0.12964, "accuracy": 0.79516, "f1": 0.79516, "accuracy-SBM": 0.79516, "auc": 0.96739}
{"epoch": 72, "time_epoch": 81.06984, "eta": 2188.02273, "eta_hours": 0.60778, "loss": 0.56910042, "lr": 9.973e-05, "params": 502054, "time_iter": 0.12971, "accuracy": 0.79622, "f1": 0.79622, "accuracy-SBM": 0.79622, "auc": 0.96757}
{"epoch": 73, "time_epoch": 81.09921, "eta": 2107.0064, "eta_hours": 0.58528, "loss": 0.56846023, "lr": 9.321e-05, "params": 502054, "time_iter": 0.12976, "accuracy": 0.79575, "f1": 0.79575, "accuracy-SBM": 0.79575, "auc": 0.96767}
{"epoch": 74, "time_epoch": 80.69221, "eta": 2025.85219, "eta_hours": 0.56274, "loss": 0.56513574, "lr": 8.685e-05, "params": 502054, "time_iter": 0.12911, "accuracy": 0.79712, "f1": 0.79712, "accuracy-SBM": 0.79712, "auc": 0.96802}
{"epoch": 75, "time_epoch": 80.99275, "eta": 1944.80505, "eta_hours": 0.54022, "loss": 0.56475465, "lr": 8.068e-05, "params": 502054, "time_iter": 0.12959, "accuracy": 0.79736, "f1": 0.79736, "accuracy-SBM": 0.79736, "auc": 0.96807}
{"epoch": 76, "time_epoch": 81.01288, "eta": 1863.76534, "eta_hours": 0.51771, "loss": 0.5626405, "lr": 7.469e-05, "params": 502054, "time_iter": 0.12962, "accuracy": 0.79791, "f1": 0.79791, "accuracy-SBM": 0.79791, "auc": 0.96833}
{"epoch": 77, "time_epoch": 80.86421, "eta": 1782.68438, "eta_hours": 0.49519, "loss": 0.56058562, "lr": 6.889e-05, "params": 502054, "time_iter": 0.12938, "accuracy": 0.79872, "f1": 0.79872, "accuracy-SBM": 0.79872, "auc": 0.96855}
{"epoch": 78, "time_epoch": 81.2192, "eta": 1701.70327, "eta_hours": 0.4727, "loss": 0.55935793, "lr": 6.329e-05, "params": 502054, "time_iter": 0.12995, "accuracy": 0.79906, "f1": 0.79906, "accuracy-SBM": 0.79906, "auc": 0.96869}
{"epoch": 79, "time_epoch": 80.90998, "eta": 1620.6389, "eta_hours": 0.45018, "loss": 0.5600211, "lr": 5.79e-05, "params": 502054, "time_iter": 0.12946, "accuracy": 0.79854, "f1": 0.79854, "accuracy-SBM": 0.79854, "auc": 0.96862}
{"epoch": 80, "time_epoch": 80.91816, "eta": 1539.58027, "eta_hours": 0.42766, "loss": 0.55869155, "lr": 5.271e-05, "params": 502054, "time_iter": 0.12947, "accuracy": 0.79915, "f1": 0.79915, "accuracy-SBM": 0.79915, "auc": 0.96878}
{"epoch": 81, "time_epoch": 81.32194, "eta": 1458.61369, "eta_hours": 0.40517, "loss": 0.55787943, "lr": 4.775e-05, "params": 502054, "time_iter": 0.13012, "accuracy": 0.79948, "f1": 0.79948, "accuracy-SBM": 0.79948, "auc": 0.96886}
{"epoch": 82, "time_epoch": 80.94599, "eta": 1377.56155, "eta_hours": 0.38266, "loss": 0.55582555, "lr": 4.3e-05, "params": 502054, "time_iter": 0.12951, "accuracy": 0.80071, "f1": 0.80071, "accuracy-SBM": 0.80071, "auc": 0.96905}
{"epoch": 83, "time_epoch": 80.70919, "eta": 1296.46684, "eta_hours": 0.36013, "loss": 0.55561338, "lr": 3.848e-05, "params": 502054, "time_iter": 0.12913, "accuracy": 0.80087, "f1": 0.80087, "accuracy-SBM": 0.80087, "auc": 0.96908}
{"epoch": 84, "time_epoch": 80.99628, "eta": 1215.43185, "eta_hours": 0.33762, "loss": 0.5533873, "lr": 3.419e-05, "params": 502054, "time_iter": 0.12959, "accuracy": 0.80082, "f1": 0.80082, "accuracy-SBM": 0.80082, "auc": 0.96937}
{"epoch": 85, "time_epoch": 81.11304, "eta": 1134.41678, "eta_hours": 0.31512, "loss": 0.55381343, "lr": 3.013e-05, "params": 502054, "time_iter": 0.12978, "accuracy": 0.80114, "f1": 0.80114, "accuracy-SBM": 0.80114, "auc": 0.9693}
{"epoch": 86, "time_epoch": 81.01246, "eta": 1053.38442, "eta_hours": 0.29261, "loss": 0.55325949, "lr": 2.632e-05, "params": 502054, "time_iter": 0.12962, "accuracy": 0.80125, "f1": 0.80125, "accuracy-SBM": 0.80125, "auc": 0.96937}
{"epoch": 87, "time_epoch": 81.09649, "eta": 972.36398, "eta_hours": 0.2701, "loss": 0.55100107, "lr": 2.275e-05, "params": 502054, "time_iter": 0.12975, "accuracy": 0.80165, "f1": 0.80165, "accuracy-SBM": 0.80165, "auc": 0.96963}
{"epoch": 88, "time_epoch": 81.74293, "eta": 891.42172, "eta_hours": 0.24762, "loss": 0.54992945, "lr": 1.943e-05, "params": 502054, "time_iter": 0.13079, "accuracy": 0.80232, "f1": 0.80232, "accuracy-SBM": 0.80232, "auc": 0.96973}
{"epoch": 89, "time_epoch": 81.06977, "eta": 810.38688, "eta_hours": 0.22511, "loss": 0.55051087, "lr": 1.636e-05, "params": 502054, "time_iter": 0.12971, "accuracy": 0.80198, "f1": 0.80198, "accuracy-SBM": 0.80198, "auc": 0.96968}
{"epoch": 90, "time_epoch": 81.12456, "eta": 729.35668, "eta_hours": 0.2026, "loss": 0.5511832, "lr": 1.355e-05, "params": 502054, "time_iter": 0.1298, "accuracy": 0.80197, "f1": 0.80197, "accuracy-SBM": 0.80197, "auc": 0.9696}
{"epoch": 91, "time_epoch": 81.28594, "eta": 648.33847, "eta_hours": 0.18009, "loss": 0.55012061, "lr": 1.099e-05, "params": 502054, "time_iter": 0.13006, "accuracy": 0.80233, "f1": 0.80233, "accuracy-SBM": 0.80233, "auc": 0.96973}
{"epoch": 92, "time_epoch": 81.32797, "eta": 567.31766, "eta_hours": 0.15759, "loss": 0.5513236, "lr": 8.7e-06, "params": 502054, "time_iter": 0.13012, "accuracy": 0.80193, "f1": 0.80193, "accuracy-SBM": 0.80193, "auc": 0.96957}
{"epoch": 93, "time_epoch": 81.58628, "eta": 486.30681, "eta_hours": 0.13509, "loss": 0.54977258, "lr": 6.67e-06, "params": 502054, "time_iter": 0.13054, "accuracy": 0.80257, "f1": 0.80257, "accuracy-SBM": 0.80257, "auc": 0.96975}
{"epoch": 94, "time_epoch": 81.42621, "eta": 405.27541, "eta_hours": 0.11258, "loss": 0.55014077, "lr": 4.91e-06, "params": 502054, "time_iter": 0.13028, "accuracy": 0.80217, "f1": 0.80217, "accuracy-SBM": 0.80217, "auc": 0.96971}
{"epoch": 95, "time_epoch": 81.41997, "eta": 324.23553, "eta_hours": 0.09007, "loss": 0.54762, "lr": 3.41e-06, "params": 502054, "time_iter": 0.13027, "accuracy": 0.80345, "f1": 0.80345, "accuracy-SBM": 0.80345, "auc": 0.97}
{"epoch": 96, "time_epoch": 80.78044, "eta": 243.16804, "eta_hours": 0.06755, "loss": 0.54910314, "lr": 2.18e-06, "params": 502054, "time_iter": 0.12925, "accuracy": 0.80226, "f1": 0.80226, "accuracy-SBM": 0.80226, "auc": 0.96986}
{"epoch": 97, "time_epoch": 80.93812, "eta": 162.10962, "eta_hours": 0.04503, "loss": 0.54869684, "lr": 1.23e-06, "params": 502054, "time_iter": 0.1295, "accuracy": 0.80284, "f1": 0.80284, "accuracy-SBM": 0.80284, "auc": 0.96986}
{"epoch": 98, "time_epoch": 81.10054, "eta": 81.05527, "eta_hours": 0.02252, "loss": 0.54887622, "lr": 5.5e-07, "params": 502054, "time_iter": 0.12976, "accuracy": 0.80253, "f1": 0.80253, "accuracy-SBM": 0.80253, "auc": 0.96985}
{"epoch": 99, "time_epoch": 81.09605, "eta": 0.0, "eta_hours": 0.0, "loss": 0.5488469, "lr": 1.4e-07, "params": 502054, "time_iter": 0.12975, "accuracy": 0.80278, "f1": 0.80278, "accuracy-SBM": 0.80278, "auc": 0.96985}
