{"epoch": 0, "time_epoch": 80.98178, "eta": 8017.19634, "eta_hours": 2.227, "loss": 2.31027802, "lr": 0.0, "params": 115394, "time_iter": 0.02355, "accuracy": 0.09953, "f1": 0.02999, "auc": 0.47721}
{"epoch": 1, "time_epoch": 73.51347, "eta": 7570.2671, "eta_hours": 2.10285, "loss": 1.63549468, "lr": 0.0002, "params": 115394, "time_iter": 0.02138, "accuracy": 0.65096, "f1": 0.63536, "auc": 0.91701}
{"epoch": 2, "time_epoch": 75.75035, "eta": 7444.60776, "eta_hours": 2.06795, "loss": 0.68825473, "lr": 0.0004, "params": 115394, "time_iter": 0.02203, "accuracy": 0.87907, "f1": 0.87784, "auc": 0.98036}
{"epoch": 3, "time_epoch": 76.76479, "eta": 7368.24934, "eta_hours": 2.04674, "loss": 0.3394976, "lr": 0.0006, "params": 115394, "time_iter": 0.02233, "accuracy": 0.9122, "f1": 0.91139, "auc": 0.99056}
{"epoch": 4, "time_epoch": 74.90502, "eta": 7256.39281, "eta_hours": 2.01566, "loss": 0.25898074, "lr": 0.0008, "params": 115394, "time_iter": 0.02179, "accuracy": 0.92644, "f1": 0.92578, "auc": 0.99448}
{"epoch": 5, "time_epoch": 75.8453, "eta": 7171.58444, "eta_hours": 1.99211, "loss": 0.21931026, "lr": 0.001, "params": 115394, "time_iter": 0.02206, "accuracy": 0.93498, "f1": 0.93444, "auc": 0.99613}
{"epoch": 6, "time_epoch": 70.48979, "eta": 7018.18524, "eta_hours": 1.9495, "loss": 0.186505, "lr": 0.00099973, "params": 115394, "time_iter": 0.0205, "accuracy": 0.94473, "f1": 0.94428, "auc": 0.99724}
{"epoch": 7, "time_epoch": 71.46629, "eta": 6896.74307, "eta_hours": 1.91576, "loss": 0.16614404, "lr": 0.00099891, "params": 115394, "time_iter": 0.02079, "accuracy": 0.95025, "f1": 0.94987, "auc": 0.99778}
{"epoch": 8, "time_epoch": 74.32669, "eta": 6815.32849, "eta_hours": 1.89315, "loss": 0.14916774, "lr": 0.00099754, "params": 115394, "time_iter": 0.02162, "accuracy": 0.95518, "f1": 0.95484, "auc": 0.99824}
{"epoch": 9, "time_epoch": 74.10561, "eta": 6733.34176, "eta_hours": 1.87037, "loss": 0.13723846, "lr": 0.00099563, "params": 115394, "time_iter": 0.02155, "accuracy": 0.95944, "f1": 0.95914, "auc": 0.99842}
{"epoch": 10, "time_epoch": 74.98441, "eta": 6659.89828, "eta_hours": 1.84997, "loss": 0.12730467, "lr": 0.00099318, "params": 115394, "time_iter": 0.02181, "accuracy": 0.9618, "f1": 0.96151, "auc": 0.99862}
{"epoch": 11, "time_epoch": 75.69946, "eta": 6591.44164, "eta_hours": 1.83096, "loss": 0.11769542, "lr": 0.00099019, "params": 115394, "time_iter": 0.02202, "accuracy": 0.96451, "f1": 0.96424, "auc": 0.99886}
{"epoch": 12, "time_epoch": 76.80661, "eta": 6529.28015, "eta_hours": 1.81369, "loss": 0.11131867, "lr": 0.00098666, "params": 115394, "time_iter": 0.02234, "accuracy": 0.96627, "f1": 0.96599, "auc": 0.99895}
{"epoch": 13, "time_epoch": 71.3989, "eta": 6431.80769, "eta_hours": 1.78661, "loss": 0.1064138, "lr": 0.0009826, "params": 115394, "time_iter": 0.02077, "accuracy": 0.96807, "f1": 0.96782, "auc": 0.99907}
{"epoch": 14, "time_epoch": 70.33906, "eta": 6331.80597, "eta_hours": 1.75883, "loss": 0.09563367, "lr": 0.00097802, "params": 115394, "time_iter": 0.02046, "accuracy": 0.97002, "f1": 0.96983, "auc": 0.99923}
{"epoch": 15, "time_epoch": 70.10306, "eta": 6234.27306, "eta_hours": 1.73174, "loss": 0.09326449, "lr": 0.00097291, "params": 115394, "time_iter": 0.02039, "accuracy": 0.97218, "f1": 0.97197, "auc": 0.99929}
{"epoch": 16, "time_epoch": 72.13798, "eta": 6149.90237, "eta_hours": 1.70831, "loss": 0.0875465, "lr": 0.00096728, "params": 115394, "time_iter": 0.02098, "accuracy": 0.97271, "f1": 0.97249, "auc": 0.99936}
{"epoch": 17, "time_epoch": 70.84856, "eta": 6061.01689, "eta_hours": 1.68362, "loss": 0.08464022, "lr": 0.00096114, "params": 115394, "time_iter": 0.02061, "accuracy": 0.97411, "f1": 0.97392, "auc": 0.99943}
{"epoch": 18, "time_epoch": 71.1605, "eta": 5975.35985, "eta_hours": 1.65982, "loss": 0.07880035, "lr": 0.0009545, "params": 115394, "time_iter": 0.0207, "accuracy": 0.97584, "f1": 0.97566, "auc": 0.99948}
{"epoch": 19, "time_epoch": 69.4608, "eta": 5884.35369, "eta_hours": 1.63454, "loss": 0.07959686, "lr": 0.00094736, "params": 115394, "time_iter": 0.0202, "accuracy": 0.97615, "f1": 0.97598, "auc": 0.99946}
{"epoch": 20, "time_epoch": 69.29989, "eta": 5794.79412, "eta_hours": 1.60967, "loss": 0.07485261, "lr": 0.00093974, "params": 115394, "time_iter": 0.02016, "accuracy": 0.97736, "f1": 0.9772, "auc": 0.99952}
{"epoch": 21, "time_epoch": 69.52388, "eta": 5707.8705, "eta_hours": 1.58552, "loss": 0.07073271, "lr": 0.00093163, "params": 115394, "time_iter": 0.02022, "accuracy": 0.97836, "f1": 0.97818, "auc": 0.99957}
{"epoch": 22, "time_epoch": 69.72826, "eta": 5623.14412, "eta_hours": 1.56198, "loss": 0.07204546, "lr": 0.00092305, "params": 115394, "time_iter": 0.02028, "accuracy": 0.97816, "f1": 0.97798, "auc": 0.99957}
{"epoch": 23, "time_epoch": 75.66216, "eta": 5558.45827, "eta_hours": 1.54402, "loss": 0.06379305, "lr": 0.000914, "params": 115394, "time_iter": 0.02201, "accuracy": 0.98065, "f1": 0.98053, "auc": 0.99968}
{"epoch": 24, "time_epoch": 72.4746, "eta": 5483.33165, "eta_hours": 1.52315, "loss": 0.06619238, "lr": 0.00090451, "params": 115394, "time_iter": 0.02108, "accuracy": 0.97971, "f1": 0.97956, "auc": 0.99965}
{"epoch": 25, "time_epoch": 71.7337, "eta": 5406.30031, "eta_hours": 1.50175, "loss": 0.06239319, "lr": 0.00089457, "params": 115394, "time_iter": 0.02086, "accuracy": 0.98031, "f1": 0.98013, "auc": 0.99967}
{"epoch": 26, "time_epoch": 69.98306, "eta": 5324.92816, "eta_hours": 1.47915, "loss": 0.05961531, "lr": 0.0008842, "params": 115394, "time_iter": 0.02036, "accuracy": 0.98158, "f1": 0.98145, "auc": 0.9997}
{"epoch": 27, "time_epoch": 70.19298, "eta": 5244.90932, "eta_hours": 1.45692, "loss": 0.05619665, "lr": 0.00087341, "params": 115394, "time_iter": 0.02042, "accuracy": 0.98236, "f1": 0.98224, "auc": 0.99974}
{"epoch": 28, "time_epoch": 70.1775, "eta": 5165.53023, "eta_hours": 1.43487, "loss": 0.05386384, "lr": 0.00086221, "params": 115394, "time_iter": 0.02041, "accuracy": 0.98298, "f1": 0.98287, "auc": 0.99974}
{"epoch": 29, "time_epoch": 70.65284, "eta": 5087.87371, "eta_hours": 1.4133, "loss": 0.05403533, "lr": 0.00085062, "params": 115394, "time_iter": 0.02055, "accuracy": 0.98324, "f1": 0.98309, "auc": 0.99975}
{"epoch": 30, "time_epoch": 70.45297, "eta": 5010.22416, "eta_hours": 1.39173, "loss": 0.04842475, "lr": 0.00083864, "params": 115394, "time_iter": 0.02049, "accuracy": 0.98449, "f1": 0.98438, "auc": 0.99981}
{"epoch": 31, "time_epoch": 70.12039, "eta": 4932.31766, "eta_hours": 1.37009, "loss": 0.04622091, "lr": 0.00082629, "params": 115394, "time_iter": 0.0204, "accuracy": 0.98615, "f1": 0.98606, "auc": 0.99983}
{"epoch": 32, "time_epoch": 70.16802, "eta": 4854.97975, "eta_hours": 1.34861, "loss": 0.04611694, "lr": 0.00081359, "params": 115394, "time_iter": 0.02041, "accuracy": 0.98564, "f1": 0.98555, "auc": 0.99983}
{"epoch": 33, "time_epoch": 69.8797, "eta": 4777.50393, "eta_hours": 1.32708, "loss": 0.04556828, "lr": 0.00080054, "params": 115394, "time_iter": 0.02033, "accuracy": 0.9862, "f1": 0.98609, "auc": 0.99982}
{"epoch": 34, "time_epoch": 69.33121, "eta": 4699.44353, "eta_hours": 1.3054, "loss": 0.04201282, "lr": 0.00078716, "params": 115394, "time_iter": 0.02017, "accuracy": 0.98678, "f1": 0.98669, "auc": 0.99985}
{"epoch": 35, "time_epoch": 70.5087, "eta": 4623.96142, "eta_hours": 1.28443, "loss": 0.04075477, "lr": 0.00077347, "params": 115394, "time_iter": 0.02051, "accuracy": 0.98782, "f1": 0.98772, "auc": 0.99986}
{"epoch": 36, "time_epoch": 71.70346, "eta": 4550.78246, "eta_hours": 1.26411, "loss": 0.04077572, "lr": 0.00075948, "params": 115394, "time_iter": 0.02086, "accuracy": 0.98724, "f1": 0.98714, "auc": 0.99987}
{"epoch": 37, "time_epoch": 69.23797, "eta": 4473.65851, "eta_hours": 1.24268, "loss": 0.0384585, "lr": 0.00074521, "params": 115394, "time_iter": 0.02014, "accuracy": 0.98825, "f1": 0.98818, "auc": 0.99988}
{"epoch": 38, "time_epoch": 69.15196, "eta": 4396.80445, "eta_hours": 1.22133, "loss": 0.03815065, "lr": 0.00073067, "params": 115394, "time_iter": 0.02011, "accuracy": 0.98771, "f1": 0.98763, "auc": 0.99989}
{"epoch": 39, "time_epoch": 69.48051, "eta": 4320.82831, "eta_hours": 1.20023, "loss": 0.03676711, "lr": 0.00071588, "params": 115394, "time_iter": 0.02021, "accuracy": 0.98849, "f1": 0.98842, "auc": 0.99988}
{"epoch": 40, "time_epoch": 69.23648, "eta": 4244.81787, "eta_hours": 1.17912, "loss": 0.03392878, "lr": 0.00070085, "params": 115394, "time_iter": 0.02014, "accuracy": 0.98965, "f1": 0.98959, "auc": 0.99991}
{"epoch": 41, "time_epoch": 69.38046, "eta": 4169.32883, "eta_hours": 1.15815, "loss": 0.03008893, "lr": 0.0006856, "params": 115394, "time_iter": 0.02018, "accuracy": 0.99038, "f1": 0.99031, "auc": 0.99993}
{"epoch": 42, "time_epoch": 69.24506, "eta": 4093.94442, "eta_hours": 1.13721, "loss": 0.02812758, "lr": 0.00067015, "params": 115394, "time_iter": 0.02014, "accuracy": 0.99107, "f1": 0.99103, "auc": 0.99993}
{"epoch": 43, "time_epoch": 72.65055, "eta": 4023.17334, "eta_hours": 1.11755, "loss": 0.0305623, "lr": 0.00065451, "params": 115394, "time_iter": 0.02113, "accuracy": 0.99055, "f1": 0.99046, "auc": 0.99992}
{"epoch": 44, "time_epoch": 68.1517, "eta": 3946.82013, "eta_hours": 1.09634, "loss": 0.02740335, "lr": 0.0006387, "params": 115394, "time_iter": 0.01982, "accuracy": 0.99118, "f1": 0.99112, "auc": 0.99994}
{"epoch": 45, "time_epoch": 68.55308, "eta": 3871.29469, "eta_hours": 1.07536, "loss": 0.02541458, "lr": 0.00062274, "params": 115394, "time_iter": 0.01994, "accuracy": 0.99211, "f1": 0.99205, "auc": 0.99994}
{"epoch": 46, "time_epoch": 68.82591, "eta": 3796.37361, "eta_hours": 1.05455, "loss": 0.02506209, "lr": 0.00060665, "params": 115394, "time_iter": 0.02002, "accuracy": 0.99227, "f1": 0.99221, "auc": 0.99994}
{"epoch": 47, "time_epoch": 70.60063, "eta": 3723.6291, "eta_hours": 1.03434, "loss": 0.02428386, "lr": 0.00059044, "params": 115394, "time_iter": 0.02054, "accuracy": 0.99253, "f1": 0.99245, "auc": 0.99994}
{"epoch": 48, "time_epoch": 68.8595, "eta": 3649.1599, "eta_hours": 1.01366, "loss": 0.02289481, "lr": 0.00057413, "params": 115394, "time_iter": 0.02003, "accuracy": 0.99289, "f1": 0.99284, "auc": 0.99996}
{"epoch": 49, "time_epoch": 68.8708, "eta": 3574.92639, "eta_hours": 0.99304, "loss": 0.02191864, "lr": 0.00055774, "params": 115394, "time_iter": 0.02003, "accuracy": 0.99336, "f1": 0.9933, "auc": 0.99995}
{"epoch": 50, "time_epoch": 69.04988, "eta": 3501.07524, "eta_hours": 0.97252, "loss": 0.02034674, "lr": 0.00054129, "params": 115394, "time_iter": 0.02008, "accuracy": 0.99336, "f1": 0.99329, "auc": 0.99997}
{"epoch": 51, "time_epoch": 69.3491, "eta": 3427.68496, "eta_hours": 0.95213, "loss": 0.01752021, "lr": 0.00052479, "params": 115394, "time_iter": 0.02017, "accuracy": 0.99433, "f1": 0.9943, "auc": 0.99998}
{"epoch": 52, "time_epoch": 69.96305, "eta": 3354.99163, "eta_hours": 0.93194, "loss": 0.01731081, "lr": 0.00050827, "params": 115394, "time_iter": 0.02035, "accuracy": 0.99464, "f1": 0.99459, "auc": 0.99997}
{"epoch": 53, "time_epoch": 72.10006, "eta": 3284.21982, "eta_hours": 0.91228, "loss": 0.01742458, "lr": 0.00049173, "params": 115394, "time_iter": 0.02097, "accuracy": 0.99447, "f1": 0.99445, "auc": 0.99998}
{"epoch": 54, "time_epoch": 68.91443, "eta": 3210.7933, "eta_hours": 0.89189, "loss": 0.01669656, "lr": 0.00047521, "params": 115394, "time_iter": 0.02004, "accuracy": 0.9948, "f1": 0.99474, "auc": 0.99998}
{"epoch": 55, "time_epoch": 68.88599, "eta": 3137.50557, "eta_hours": 0.87153, "loss": 0.0149351, "lr": 0.00045871, "params": 115394, "time_iter": 0.02004, "accuracy": 0.99522, "f1": 0.99518, "auc": 0.99998}
{"epoch": 56, "time_epoch": 68.80089, "eta": 3064.3081, "eta_hours": 0.8512, "loss": 0.01467486, "lr": 0.00044226, "params": 115394, "time_iter": 0.02001, "accuracy": 0.99545, "f1": 0.99544, "auc": 0.99998}
{"epoch": 57, "time_epoch": 70.23998, "eta": 2992.30433, "eta_hours": 0.8312, "loss": 0.01273057, "lr": 0.00042587, "params": 115394, "time_iter": 0.02043, "accuracy": 0.99593, "f1": 0.9959, "auc": 0.99999}
{"epoch": 58, "time_epoch": 70.86743, "eta": 2920.79637, "eta_hours": 0.81133, "loss": 0.01169149, "lr": 0.00040956, "params": 115394, "time_iter": 0.02061, "accuracy": 0.9962, "f1": 0.99616, "auc": 0.99999}
{"epoch": 59, "time_epoch": 71.33647, "eta": 2849.62245, "eta_hours": 0.79156, "loss": 0.00961871, "lr": 0.00039335, "params": 115394, "time_iter": 0.02075, "accuracy": 0.99684, "f1": 0.99682, "auc": 0.99999}
{"epoch": 60, "time_epoch": 71.01608, "eta": 2778.23837, "eta_hours": 0.77173, "loss": 0.0109349, "lr": 0.00037726, "params": 115394, "time_iter": 0.02066, "accuracy": 0.99665, "f1": 0.99662, "auc": 0.99999}
{"epoch": 61, "time_epoch": 69.23681, "eta": 2705.77564, "eta_hours": 0.7516, "loss": 0.01053647, "lr": 0.0003613, "params": 115394, "time_iter": 0.02014, "accuracy": 0.99704, "f1": 0.99701, "auc": 0.99999}
{"epoch": 62, "time_epoch": 69.2445, "eta": 2633.41984, "eta_hours": 0.73151, "loss": 0.01003379, "lr": 0.00034549, "params": 115394, "time_iter": 0.02014, "accuracy": 0.99696, "f1": 0.99694, "auc": 0.99999}
{"epoch": 63, "time_epoch": 69.40989, "eta": 2561.25429, "eta_hours": 0.71146, "loss": 0.00959107, "lr": 0.00032985, "params": 115394, "time_iter": 0.02019, "accuracy": 0.99698, "f1": 0.99695, "auc": 0.99999}
{"epoch": 64, "time_epoch": 71.75385, "eta": 2490.43567, "eta_hours": 0.69179, "loss": 0.00789836, "lr": 0.0003144, "params": 115394, "time_iter": 0.02087, "accuracy": 0.99764, "f1": 0.99761, "auc": 0.99999}
{"epoch": 65, "time_epoch": 71.92871, "eta": 2419.67878, "eta_hours": 0.67213, "loss": 0.00846233, "lr": 0.00029915, "params": 115394, "time_iter": 0.02092, "accuracy": 0.99764, "f1": 0.99762, "auc": 0.99999}
{"epoch": 66, "time_epoch": 72.31908, "eta": 2349.07919, "eta_hours": 0.65252, "loss": 0.0065469, "lr": 0.00028412, "params": 115394, "time_iter": 0.02104, "accuracy": 0.99795, "f1": 0.99793, "auc": 1.0}
{"epoch": 67, "time_epoch": 74.08802, "eta": 2279.26147, "eta_hours": 0.63313, "loss": 0.00631164, "lr": 0.00026933, "params": 115394, "time_iter": 0.02155, "accuracy": 0.99811, "f1": 0.99809, "auc": 0.99999}
{"epoch": 68, "time_epoch": 73.40145, "eta": 2209.01151, "eta_hours": 0.61361, "loss": 0.00575399, "lr": 0.00025479, "params": 115394, "time_iter": 0.02135, "accuracy": 0.99833, "f1": 0.99831, "auc": 1.0}
{"epoch": 69, "time_epoch": 68.6476, "eta": 2136.63414, "eta_hours": 0.59351, "loss": 0.00555482, "lr": 0.00024052, "params": 115394, "time_iter": 0.01997, "accuracy": 0.99833, "f1": 0.99832, "auc": 0.99999}
{"epoch": 70, "time_epoch": 69.08281, "eta": 2064.53961, "eta_hours": 0.57348, "loss": 0.00567658, "lr": 0.00022653, "params": 115394, "time_iter": 0.02009, "accuracy": 0.99833, "f1": 0.9983, "auc": 1.0}
{"epoch": 71, "time_epoch": 68.75096, "eta": 1992.39967, "eta_hours": 0.55344, "loss": 0.00505732, "lr": 0.00021284, "params": 115394, "time_iter": 0.02, "accuracy": 0.99853, "f1": 0.99851, "auc": 1.0}
{"epoch": 72, "time_epoch": 70.30626, "eta": 1920.92784, "eta_hours": 0.53359, "loss": 0.00423291, "lr": 0.00019946, "params": 115394, "time_iter": 0.02045, "accuracy": 0.99885, "f1": 0.99885, "auc": 1.0}
{"epoch": 73, "time_epoch": 71.92415, "eta": 1850.05595, "eta_hours": 0.5139, "loss": 0.0044283, "lr": 0.00018641, "params": 115394, "time_iter": 0.02092, "accuracy": 0.99862, "f1": 0.99861, "auc": 1.0}
{"epoch": 74, "time_epoch": 70.09271, "eta": 1778.54553, "eta_hours": 0.49404, "loss": 0.00408257, "lr": 0.00017371, "params": 115394, "time_iter": 0.02039, "accuracy": 0.99878, "f1": 0.99877, "auc": 1.0}
{"epoch": 75, "time_epoch": 69.05219, "eta": 1706.74382, "eta_hours": 0.4741, "loss": 0.00354957, "lr": 0.00016136, "params": 115394, "time_iter": 0.02008, "accuracy": 0.99893, "f1": 0.99892, "auc": 1.0}
{"epoch": 76, "time_epoch": 68.93101, "eta": 1634.97734, "eta_hours": 0.45416, "loss": 0.00404428, "lr": 0.00014938, "params": 115394, "time_iter": 0.02005, "accuracy": 0.99884, "f1": 0.99882, "auc": 1.0}
{"epoch": 77, "time_epoch": 69.06324, "eta": 1563.32085, "eta_hours": 0.43426, "loss": 0.00263193, "lr": 0.00013779, "params": 115394, "time_iter": 0.02009, "accuracy": 0.99922, "f1": 0.99921, "auc": 1.0}
{"epoch": 78, "time_epoch": 69.46082, "eta": 1491.8357, "eta_hours": 0.4144, "loss": 0.00246276, "lr": 0.00012659, "params": 115394, "time_iter": 0.0202, "accuracy": 0.99925, "f1": 0.99924, "auc": 1.0}
{"epoch": 79, "time_epoch": 68.86279, "eta": 1420.25166, "eta_hours": 0.39451, "loss": 0.002314, "lr": 0.0001158, "params": 115394, "time_iter": 0.02003, "accuracy": 0.99922, "f1": 0.99921, "auc": 1.0}
{"epoch": 80, "time_epoch": 71.76601, "eta": 1349.4158, "eta_hours": 0.37484, "loss": 0.00240686, "lr": 0.00010543, "params": 115394, "time_iter": 0.02087, "accuracy": 0.99925, "f1": 0.99925, "auc": 1.0}
{"epoch": 81, "time_epoch": 68.41864, "eta": 1277.82248, "eta_hours": 0.35495, "loss": 0.00191622, "lr": 9.549e-05, "params": 115394, "time_iter": 0.0199, "accuracy": 0.99945, "f1": 0.99945, "auc": 1.0}
{"epoch": 82, "time_epoch": 68.33288, "eta": 1206.28808, "eta_hours": 0.33508, "loss": 0.00164048, "lr": 8.6e-05, "params": 115394, "time_iter": 0.01988, "accuracy": 0.99955, "f1": 0.99954, "auc": 1.0}
{"epoch": 83, "time_epoch": 68.87516, "eta": 1134.9332, "eta_hours": 0.31526, "loss": 0.00130166, "lr": 7.695e-05, "params": 115394, "time_iter": 0.02003, "accuracy": 0.99955, "f1": 0.99954, "auc": 1.0}
{"epoch": 84, "time_epoch": 72.77152, "eta": 1064.32427, "eta_hours": 0.29565, "loss": 0.00168498, "lr": 6.837e-05, "params": 115394, "time_iter": 0.02117, "accuracy": 0.99949, "f1": 0.99948, "auc": 1.0}
{"epoch": 85, "time_epoch": 70.70429, "eta": 993.32851, "eta_hours": 0.27592, "loss": 0.0019942, "lr": 6.026e-05, "params": 115394, "time_iter": 0.02057, "accuracy": 0.99938, "f1": 0.99937, "auc": 1.0}
{"epoch": 86, "time_epoch": 69.20643, "eta": 922.11564, "eta_hours": 0.25614, "loss": 0.00131496, "lr": 5.264e-05, "params": 115394, "time_iter": 0.02013, "accuracy": 0.99956, "f1": 0.99956, "auc": 1.0}
{"epoch": 87, "time_epoch": 69.19708, "eta": 850.94709, "eta_hours": 0.23637, "loss": 0.0014425, "lr": 4.55e-05, "params": 115394, "time_iter": 0.02013, "accuracy": 0.99953, "f1": 0.99952, "auc": 1.0}
{"epoch": 88, "time_epoch": 69.14015, "eta": 779.81581, "eta_hours": 0.21662, "loss": 0.00097842, "lr": 3.886e-05, "params": 115394, "time_iter": 0.02011, "accuracy": 0.99962, "f1": 0.99961, "auc": 1.0}
{"epoch": 89, "time_epoch": 69.07799, "eta": 708.72187, "eta_hours": 0.19687, "loss": 0.00126329, "lr": 3.272e-05, "params": 115394, "time_iter": 0.02009, "accuracy": 0.99964, "f1": 0.99963, "auc": 1.0}
{"epoch": 90, "time_epoch": 69.24578, "eta": 637.68883, "eta_hours": 0.17714, "loss": 0.00115228, "lr": 2.709e-05, "params": 115394, "time_iter": 0.02014, "accuracy": 0.99965, "f1": 0.99965, "auc": 1.0}
{"epoch": 91, "time_epoch": 70.10347, "eta": 566.76922, "eta_hours": 0.15744, "loss": 0.00100831, "lr": 2.198e-05, "params": 115394, "time_iter": 0.02039, "accuracy": 0.99969, "f1": 0.99969, "auc": 1.0}
{"epoch": 92, "time_epoch": 69.17332, "eta": 495.79716, "eta_hours": 0.13772, "loss": 0.00096805, "lr": 1.74e-05, "params": 115394, "time_iter": 0.02012, "accuracy": 0.99975, "f1": 0.99974, "auc": 1.0}
{"epoch": 93, "time_epoch": 71.89245, "eta": 425.03692, "eta_hours": 0.11807, "loss": 0.0008873, "lr": 1.334e-05, "params": 115394, "time_iter": 0.02091, "accuracy": 0.99975, "f1": 0.99974, "auc": 1.0}
{"epoch": 94, "time_epoch": 71.16536, "eta": 354.21459, "eta_hours": 0.09839, "loss": 0.00073814, "lr": 9.81e-06, "params": 115394, "time_iter": 0.0207, "accuracy": 0.99975, "f1": 0.99974, "auc": 1.0}
{"epoch": 95, "time_epoch": 69.43379, "eta": 283.31296, "eta_hours": 0.0787, "loss": 0.00136547, "lr": 6.82e-06, "params": 115394, "time_iter": 0.0202, "accuracy": 0.9996, "f1": 0.99959, "auc": 1.0}
{"epoch": 96, "time_epoch": 68.98843, "eta": 212.42782, "eta_hours": 0.05901, "loss": 0.00090519, "lr": 4.37e-06, "params": 115394, "time_iter": 0.02007, "accuracy": 0.99973, "f1": 0.99972, "auc": 1.0}
{"epoch": 97, "time_epoch": 69.2437, "eta": 141.58659, "eta_hours": 0.03933, "loss": 0.00061125, "lr": 2.46e-06, "params": 115394, "time_iter": 0.02014, "accuracy": 0.9998, "f1": 0.9998, "auc": 1.0}
{"epoch": 98, "time_epoch": 68.97957, "eta": 70.77498, "eta_hours": 0.01966, "loss": 0.00066708, "lr": 1.09e-06, "params": 115394, "time_iter": 0.02006, "accuracy": 0.99975, "f1": 0.99974, "auc": 1.0}
{"epoch": 99, "time_epoch": 69.31805, "eta": 0.0, "eta_hours": 0.0, "loss": 0.00074782, "lr": 2.7e-07, "params": 115394, "time_iter": 0.02016, "accuracy": 0.9998, "f1": 0.9998, "auc": 1.0}
