{"epoch": 0, "time_epoch": 78.23673, "eta": 7745.43602, "eta_hours": 2.15151, "loss": 2.3070165, "lr": 0.0, "params": 115394, "time_iter": 0.02276, "accuracy": 0.10047, "f1": 0.03454, "auc": 0.48484}
{"epoch": 1, "time_epoch": 72.65991, "eta": 7393.93513, "eta_hours": 2.05387, "loss": 1.61109041, "lr": 0.0002, "params": 115394, "time_iter": 0.02113, "accuracy": 0.65569, "f1": 0.63752, "auc": 0.91569}
{"epoch": 2, "time_epoch": 72.40388, "eta": 7220.04994, "eta_hours": 2.00557, "loss": 0.68501046, "lr": 0.0004, "params": 115394, "time_iter": 0.02106, "accuracy": 0.88051, "f1": 0.87883, "auc": 0.97937}
{"epoch": 3, "time_epoch": 71.82507, "eta": 7083.01409, "eta_hours": 1.9675, "loss": 0.34928903, "lr": 0.0006, "params": 115394, "time_iter": 0.02089, "accuracy": 0.90845, "f1": 0.90749, "auc": 0.99008}
{"epoch": 4, "time_epoch": 71.77065, "eta": 6971.02857, "eta_hours": 1.9364, "loss": 0.27265691, "lr": 0.0008, "params": 115394, "time_iter": 0.02088, "accuracy": 0.92258, "f1": 0.92186, "auc": 0.99405}
{"epoch": 5, "time_epoch": 72.00361, "eta": 6876.09761, "eta_hours": 1.91003, "loss": 0.23765573, "lr": 0.001, "params": 115394, "time_iter": 0.02094, "accuracy": 0.93125, "f1": 0.93062, "auc": 0.99549}
{"epoch": 6, "time_epoch": 71.92391, "eta": 6786.65852, "eta_hours": 1.88518, "loss": 0.19350992, "lr": 0.00099973, "params": 115394, "time_iter": 0.02092, "accuracy": 0.94284, "f1": 0.94238, "auc": 0.99692}
{"epoch": 7, "time_epoch": 72.09883, "eta": 6703.60977, "eta_hours": 1.86211, "loss": 0.17108725, "lr": 0.00099891, "params": 115394, "time_iter": 0.02097, "accuracy": 0.94922, "f1": 0.94882, "auc": 0.99769}
{"epoch": 8, "time_epoch": 72.20113, "eta": 6624.02868, "eta_hours": 1.84001, "loss": 0.15493314, "lr": 0.00099754, "params": 115394, "time_iter": 0.021, "accuracy": 0.95353, "f1": 0.95316, "auc": 0.99797}
{"epoch": 9, "time_epoch": 72.09042, "eta": 6544.9272, "eta_hours": 1.81804, "loss": 0.14111501, "lr": 0.00099563, "params": 115394, "time_iter": 0.02097, "accuracy": 0.9578, "f1": 0.95747, "auc": 0.99838}
{"epoch": 10, "time_epoch": 71.92717, "eta": 6465.7796, "eta_hours": 1.79605, "loss": 0.13276319, "lr": 0.00099318, "params": 115394, "time_iter": 0.02092, "accuracy": 0.96062, "f1": 0.96032, "auc": 0.99853}
{"epoch": 11, "time_epoch": 71.52322, "eta": 6384.87313, "eta_hours": 1.77358, "loss": 0.1219952, "lr": 0.00099019, "params": 115394, "time_iter": 0.0208, "accuracy": 0.96362, "f1": 0.96336, "auc": 0.99876}
{"epoch": 12, "time_epoch": 71.88082, "eta": 6307.8034, "eta_hours": 1.75217, "loss": 0.11400755, "lr": 0.00098666, "params": 115394, "time_iter": 0.02091, "accuracy": 0.96569, "f1": 0.9654, "auc": 0.99894}
{"epoch": 13, "time_epoch": 71.88758, "eta": 6231.51648, "eta_hours": 1.73098, "loss": 0.10928676, "lr": 0.0009826, "params": 115394, "time_iter": 0.02091, "accuracy": 0.96725, "f1": 0.96702, "auc": 0.99902}
{"epoch": 14, "time_epoch": 71.9292, "eta": 6156.05198, "eta_hours": 1.71001, "loss": 0.10552211, "lr": 0.00097802, "params": 115394, "time_iter": 0.02092, "accuracy": 0.96836, "f1": 0.96812, "auc": 0.9991}
{"epoch": 15, "time_epoch": 72.26127, "eta": 6082.77275, "eta_hours": 1.68966, "loss": 0.09886105, "lr": 0.00097291, "params": 115394, "time_iter": 0.02102, "accuracy": 0.97044, "f1": 0.97021, "auc": 0.99917}
{"epoch": 16, "time_epoch": 72.29845, "eta": 6009.79485, "eta_hours": 1.66939, "loss": 0.09383868, "lr": 0.00096728, "params": 115394, "time_iter": 0.02103, "accuracy": 0.9712, "f1": 0.97099, "auc": 0.99923}
{"epoch": 17, "time_epoch": 71.99986, "eta": 5935.53219, "eta_hours": 1.64876, "loss": 0.08837926, "lr": 0.00096114, "params": 115394, "time_iter": 0.02094, "accuracy": 0.97398, "f1": 0.9738, "auc": 0.99933}
{"epoch": 18, "time_epoch": 72.14261, "eta": 5862.11627, "eta_hours": 1.62837, "loss": 0.08723438, "lr": 0.0009545, "params": 115394, "time_iter": 0.02098, "accuracy": 0.97331, "f1": 0.9731, "auc": 0.9994}
{"epoch": 19, "time_epoch": 71.81435, "eta": 5787.51464, "eta_hours": 1.60764, "loss": 0.08337354, "lr": 0.00094736, "params": 115394, "time_iter": 0.02089, "accuracy": 0.97404, "f1": 0.9738, "auc": 0.99941}
{"epoch": 20, "time_epoch": 71.86222, "eta": 5713.35856, "eta_hours": 1.58704, "loss": 0.0791332, "lr": 0.00093974, "params": 115394, "time_iter": 0.0209, "accuracy": 0.97644, "f1": 0.97624, "auc": 0.99947}
{"epoch": 21, "time_epoch": 72.18362, "eta": 5640.55051, "eta_hours": 1.56682, "loss": 0.07584114, "lr": 0.00093163, "params": 115394, "time_iter": 0.021, "accuracy": 0.97593, "f1": 0.97575, "auc": 0.99955}
{"epoch": 22, "time_epoch": 71.90877, "eta": 5566.8766, "eta_hours": 1.54635, "loss": 0.07314965, "lr": 0.00092305, "params": 115394, "time_iter": 0.02092, "accuracy": 0.978, "f1": 0.97781, "auc": 0.99955}
{"epoch": 23, "time_epoch": 72.58585, "eta": 5495.49387, "eta_hours": 1.52653, "loss": 0.06887241, "lr": 0.000914, "params": 115394, "time_iter": 0.02111, "accuracy": 0.97893, "f1": 0.97877, "auc": 0.99959}
{"epoch": 24, "time_epoch": 72.55055, "eta": 5423.909, "eta_hours": 1.50664, "loss": 0.06629437, "lr": 0.00090451, "params": 115394, "time_iter": 0.0211, "accuracy": 0.97942, "f1": 0.97927, "auc": 0.99963}
{"epoch": 25, "time_epoch": 72.97565, "eta": 5353.45974, "eta_hours": 1.48707, "loss": 0.06548192, "lr": 0.00089457, "params": 115394, "time_iter": 0.02123, "accuracy": 0.98044, "f1": 0.9803, "auc": 0.99959}
{"epoch": 26, "time_epoch": 72.73426, "eta": 5282.17071, "eta_hours": 1.46727, "loss": 0.06324848, "lr": 0.0008842, "params": 115394, "time_iter": 0.02116, "accuracy": 0.98062, "f1": 0.98046, "auc": 0.99966}
{"epoch": 27, "time_epoch": 72.28965, "eta": 5209.63514, "eta_hours": 1.44712, "loss": 0.05978541, "lr": 0.00087341, "params": 115394, "time_iter": 0.02103, "accuracy": 0.98171, "f1": 0.98162, "auc": 0.9997}
{"epoch": 28, "time_epoch": 70.94817, "eta": 5133.83224, "eta_hours": 1.42606, "loss": 0.05786457, "lr": 0.00086221, "params": 115394, "time_iter": 0.02064, "accuracy": 0.98242, "f1": 0.9823, "auc": 0.99971}
{"epoch": 29, "time_epoch": 70.76839, "eta": 5057.9335, "eta_hours": 1.40498, "loss": 0.05389621, "lr": 0.00085062, "params": 115394, "time_iter": 0.02058, "accuracy": 0.98305, "f1": 0.98289, "auc": 0.99977}
{"epoch": 30, "time_epoch": 70.65492, "eta": 4982.11319, "eta_hours": 1.38392, "loss": 0.05390123, "lr": 0.00083864, "params": 115394, "time_iter": 0.02055, "accuracy": 0.98307, "f1": 0.98294, "auc": 0.99978}
{"epoch": 31, "time_epoch": 72.21723, "eta": 4909.93561, "eta_hours": 1.36387, "loss": 0.05177612, "lr": 0.00082629, "params": 115394, "time_iter": 0.02101, "accuracy": 0.98385, "f1": 0.98371, "auc": 0.99977}
{"epoch": 32, "time_epoch": 72.27177, "eta": 4837.86638, "eta_hours": 1.34385, "loss": 0.05001172, "lr": 0.00081359, "params": 115394, "time_iter": 0.02102, "accuracy": 0.98431, "f1": 0.98418, "auc": 0.99979}
{"epoch": 33, "time_epoch": 73.20515, "eta": 4767.59708, "eta_hours": 1.32433, "loss": 0.04432648, "lr": 0.00080054, "params": 115394, "time_iter": 0.02129, "accuracy": 0.986, "f1": 0.9859, "auc": 0.99983}
{"epoch": 34, "time_epoch": 73.0147, "eta": 4696.80634, "eta_hours": 1.30467, "loss": 0.04592469, "lr": 0.00078716, "params": 115394, "time_iter": 0.02124, "accuracy": 0.98551, "f1": 0.98538, "auc": 0.99984}
{"epoch": 35, "time_epoch": 73.47898, "eta": 4626.71742, "eta_hours": 1.2852, "loss": 0.04330085, "lr": 0.00077347, "params": 115394, "time_iter": 0.02137, "accuracy": 0.98656, "f1": 0.9865, "auc": 0.99985}
{"epoch": 36, "time_epoch": 73.01631, "eta": 4555.65746, "eta_hours": 1.26546, "loss": 0.04299452, "lr": 0.00075948, "params": 115394, "time_iter": 0.02124, "accuracy": 0.98664, "f1": 0.98653, "auc": 0.99985}
{"epoch": 37, "time_epoch": 73.14021, "eta": 4484.6967, "eta_hours": 1.24575, "loss": 0.0409536, "lr": 0.00074521, "params": 115394, "time_iter": 0.02127, "accuracy": 0.98745, "f1": 0.98737, "auc": 0.99984}
{"epoch": 38, "time_epoch": 73.09881, "eta": 4413.55941, "eta_hours": 1.22599, "loss": 0.03821261, "lr": 0.00073067, "params": 115394, "time_iter": 0.02126, "accuracy": 0.98836, "f1": 0.98827, "auc": 0.99988}
{"epoch": 39, "time_epoch": 73.07418, "eta": 4342.2871, "eta_hours": 1.20619, "loss": 0.03537745, "lr": 0.00071588, "params": 115394, "time_iter": 0.02125, "accuracy": 0.98907, "f1": 0.98898, "auc": 0.9999}
{"epoch": 40, "time_epoch": 73.14591, "eta": 4271.03012, "eta_hours": 1.1864, "loss": 0.03633862, "lr": 0.00070085, "params": 115394, "time_iter": 0.02128, "accuracy": 0.98853, "f1": 0.98843, "auc": 0.99989}
{"epoch": 41, "time_epoch": 73.14557, "eta": 4199.68271, "eta_hours": 1.16658, "loss": 0.03199675, "lr": 0.0006856, "params": 115394, "time_iter": 0.02128, "accuracy": 0.98991, "f1": 0.98985, "auc": 0.99991}
{"epoch": 42, "time_epoch": 72.96658, "eta": 4128.01439, "eta_hours": 1.14667, "loss": 0.03176065, "lr": 0.00067015, "params": 115394, "time_iter": 0.02122, "accuracy": 0.98987, "f1": 0.98978, "auc": 0.99991}
{"epoch": 43, "time_epoch": 72.92431, "eta": 4056.23327, "eta_hours": 1.12673, "loss": 0.02861403, "lr": 0.00065451, "params": 115394, "time_iter": 0.02121, "accuracy": 0.99089, "f1": 0.99082, "auc": 0.99993}
{"epoch": 44, "time_epoch": 73.46547, "eta": 3985.06277, "eta_hours": 1.10696, "loss": 0.0290981, "lr": 0.0006387, "params": 115394, "time_iter": 0.02137, "accuracy": 0.99076, "f1": 0.9907, "auc": 0.99992}
{"epoch": 45, "time_epoch": 73.26903, "eta": 3913.56187, "eta_hours": 1.0871, "loss": 0.02986623, "lr": 0.00062274, "params": 115394, "time_iter": 0.02131, "accuracy": 0.991, "f1": 0.99094, "auc": 0.99991}
{"epoch": 46, "time_epoch": 73.17253, "eta": 3841.87692, "eta_hours": 1.06719, "loss": 0.02740898, "lr": 0.00060665, "params": 115394, "time_iter": 0.02128, "accuracy": 0.9914, "f1": 0.99135, "auc": 0.99993}
{"epoch": 47, "time_epoch": 73.21239, "eta": 3770.17317, "eta_hours": 1.04727, "loss": 0.02645408, "lr": 0.00059044, "params": 115394, "time_iter": 0.0213, "accuracy": 0.99195, "f1": 0.99188, "auc": 0.99995}
{"epoch": 48, "time_epoch": 72.94606, "eta": 3698.13064, "eta_hours": 1.02726, "loss": 0.02583282, "lr": 0.00057413, "params": 115394, "time_iter": 0.02122, "accuracy": 0.99215, "f1": 0.99208, "auc": 0.99995}
{"epoch": 49, "time_epoch": 72.81352, "eta": 3625.91943, "eta_hours": 1.0072, "loss": 0.02386442, "lr": 0.00055774, "params": 115394, "time_iter": 0.02118, "accuracy": 0.99302, "f1": 0.99298, "auc": 0.99994}
{"epoch": 50, "time_epoch": 73.21714, "eta": 3554.07238, "eta_hours": 0.98724, "loss": 0.02222158, "lr": 0.00054129, "params": 115394, "time_iter": 0.0213, "accuracy": 0.99325, "f1": 0.99321, "auc": 0.99995}
{"epoch": 51, "time_epoch": 73.08821, "eta": 3482.05364, "eta_hours": 0.96724, "loss": 0.02281066, "lr": 0.00052479, "params": 115394, "time_iter": 0.02126, "accuracy": 0.99316, "f1": 0.99312, "auc": 0.99995}
{"epoch": 52, "time_epoch": 73.12774, "eta": 3410.02959, "eta_hours": 0.94723, "loss": 0.0198833, "lr": 0.00050827, "params": 115394, "time_iter": 0.02127, "accuracy": 0.99382, "f1": 0.99375, "auc": 0.99997}
{"epoch": 53, "time_epoch": 72.97639, "eta": 3337.83573, "eta_hours": 0.92718, "loss": 0.01876778, "lr": 0.00049173, "params": 115394, "time_iter": 0.02123, "accuracy": 0.99449, "f1": 0.99446, "auc": 0.99997}
{"epoch": 54, "time_epoch": 72.9339, "eta": 3265.57866, "eta_hours": 0.90711, "loss": 0.01691667, "lr": 0.00047521, "params": 115394, "time_iter": 0.02121, "accuracy": 0.99482, "f1": 0.99478, "auc": 0.99998}
{"epoch": 55, "time_epoch": 72.79517, "eta": 3193.18841, "eta_hours": 0.887, "loss": 0.01502068, "lr": 0.00045871, "params": 115394, "time_iter": 0.02117, "accuracy": 0.99509, "f1": 0.99507, "auc": 0.99998}
{"epoch": 56, "time_epoch": 72.70525, "eta": 3120.71611, "eta_hours": 0.86687, "loss": 0.01662735, "lr": 0.00044226, "params": 115394, "time_iter": 0.02115, "accuracy": 0.99484, "f1": 0.9948, "auc": 0.99998}
{"epoch": 57, "time_epoch": 73.10999, "eta": 3048.52888, "eta_hours": 0.84681, "loss": 0.01534936, "lr": 0.00042587, "params": 115394, "time_iter": 0.02127, "accuracy": 0.99536, "f1": 0.99532, "auc": 0.99998}
{"epoch": 58, "time_epoch": 72.89516, "eta": 2976.16107, "eta_hours": 0.82671, "loss": 0.01454644, "lr": 0.00040956, "params": 115394, "time_iter": 0.0212, "accuracy": 0.99551, "f1": 0.99545, "auc": 0.99998}
{"epoch": 59, "time_epoch": 72.76555, "eta": 2903.68928, "eta_hours": 0.80658, "loss": 0.01317112, "lr": 0.00039335, "params": 115394, "time_iter": 0.02117, "accuracy": 0.99571, "f1": 0.99567, "auc": 0.99999}
{"epoch": 60, "time_epoch": 73.20777, "eta": 2831.49059, "eta_hours": 0.78653, "loss": 0.01156062, "lr": 0.00037726, "params": 115394, "time_iter": 0.02129, "accuracy": 0.99633, "f1": 0.99629, "auc": 0.99999}
{"epoch": 61, "time_epoch": 72.54028, "eta": 2758.85024, "eta_hours": 0.76635, "loss": 0.01263076, "lr": 0.0003613, "params": 115394, "time_iter": 0.0211, "accuracy": 0.99625, "f1": 0.99624, "auc": 0.99998}
{"epoch": 62, "time_epoch": 72.56709, "eta": 2686.22882, "eta_hours": 0.74617, "loss": 0.01048815, "lr": 0.00034549, "params": 115394, "time_iter": 0.02111, "accuracy": 0.99696, "f1": 0.99694, "auc": 0.99998}
{"epoch": 63, "time_epoch": 72.67813, "eta": 2613.67155, "eta_hours": 0.72602, "loss": 0.00980769, "lr": 0.00032985, "params": 115394, "time_iter": 0.02114, "accuracy": 0.99693, "f1": 0.99692, "auc": 0.99999}
{"epoch": 64, "time_epoch": 72.86648, "eta": 2541.21198, "eta_hours": 0.70589, "loss": 0.009348, "lr": 0.0003144, "params": 115394, "time_iter": 0.02119, "accuracy": 0.99725, "f1": 0.99723, "auc": 0.99999}
{"epoch": 65, "time_epoch": 73.15091, "eta": 2468.88661, "eta_hours": 0.6858, "loss": 0.00872343, "lr": 0.00029915, "params": 115394, "time_iter": 0.02128, "accuracy": 0.99731, "f1": 0.99729, "auc": 0.99999}
{"epoch": 66, "time_epoch": 72.35316, "eta": 2396.14367, "eta_hours": 0.6656, "loss": 0.00863362, "lr": 0.00028412, "params": 115394, "time_iter": 0.02105, "accuracy": 0.99749, "f1": 0.99747, "auc": 0.99999}
{"epoch": 67, "time_epoch": 72.42152, "eta": 2323.44436, "eta_hours": 0.6454, "loss": 0.00760545, "lr": 0.00026933, "params": 115394, "time_iter": 0.02107, "accuracy": 0.99778, "f1": 0.99776, "auc": 0.99999}
{"epoch": 68, "time_epoch": 72.54519, "eta": 2250.80867, "eta_hours": 0.62522, "loss": 0.00701568, "lr": 0.00025479, "params": 115394, "time_iter": 0.0211, "accuracy": 0.99765, "f1": 0.99764, "auc": 1.0}
{"epoch": 69, "time_epoch": 72.4193, "eta": 2178.12161, "eta_hours": 0.60503, "loss": 0.0061252, "lr": 0.00024052, "params": 115394, "time_iter": 0.02106, "accuracy": 0.99807, "f1": 0.99805, "auc": 1.0}
{"epoch": 70, "time_epoch": 72.37928, "eta": 2105.42575, "eta_hours": 0.58484, "loss": 0.00583007, "lr": 0.00022653, "params": 115394, "time_iter": 0.02105, "accuracy": 0.99836, "f1": 0.99836, "auc": 1.0}
{"epoch": 71, "time_epoch": 72.53407, "eta": 2032.79887, "eta_hours": 0.56467, "loss": 0.00459844, "lr": 0.00021284, "params": 115394, "time_iter": 0.0211, "accuracy": 0.99867, "f1": 0.99866, "auc": 1.0}
{"epoch": 72, "time_epoch": 72.52661, "eta": 1960.17178, "eta_hours": 0.54449, "loss": 0.0044559, "lr": 0.00019946, "params": 115394, "time_iter": 0.0211, "accuracy": 0.99864, "f1": 0.99862, "auc": 1.0}
{"epoch": 73, "time_epoch": 72.71606, "eta": 1887.61397, "eta_hours": 0.52434, "loss": 0.00450643, "lr": 0.00018641, "params": 115394, "time_iter": 0.02115, "accuracy": 0.99851, "f1": 0.99849, "auc": 1.0}
{"epoch": 74, "time_epoch": 72.53667, "eta": 1814.99215, "eta_hours": 0.50416, "loss": 0.00538509, "lr": 0.00017371, "params": 115394, "time_iter": 0.0211, "accuracy": 0.99838, "f1": 0.99837, "auc": 0.99999}
{"epoch": 75, "time_epoch": 72.53318, "eta": 1742.37146, "eta_hours": 0.48399, "loss": 0.00401188, "lr": 0.00016136, "params": 115394, "time_iter": 0.0211, "accuracy": 0.99875, "f1": 0.99873, "auc": 1.0}
{"epoch": 76, "time_epoch": 72.87445, "eta": 1669.85498, "eta_hours": 0.46385, "loss": 0.00364737, "lr": 0.00014938, "params": 115394, "time_iter": 0.0212, "accuracy": 0.99893, "f1": 0.99892, "auc": 1.0}
{"epoch": 77, "time_epoch": 72.83516, "eta": 1597.31824, "eta_hours": 0.4437, "loss": 0.00308205, "lr": 0.00013779, "params": 115394, "time_iter": 0.02119, "accuracy": 0.999, "f1": 0.999, "auc": 1.0}
{"epoch": 78, "time_epoch": 72.79407, "eta": 1524.76303, "eta_hours": 0.42355, "loss": 0.00322881, "lr": 0.00012659, "params": 115394, "time_iter": 0.02117, "accuracy": 0.99905, "f1": 0.99904, "auc": 1.0}
{"epoch": 79, "time_epoch": 72.69686, "eta": 1452.17754, "eta_hours": 0.40338, "loss": 0.00294984, "lr": 0.0001158, "params": 115394, "time_iter": 0.02115, "accuracy": 0.99907, "f1": 0.99906, "auc": 1.0}
{"epoch": 80, "time_epoch": 72.8834, "eta": 1379.63306, "eta_hours": 0.38323, "loss": 0.00245267, "lr": 0.00010543, "params": 115394, "time_iter": 0.0212, "accuracy": 0.99925, "f1": 0.99925, "auc": 1.0}
{"epoch": 81, "time_epoch": 72.89629, "eta": 1307.08314, "eta_hours": 0.36308, "loss": 0.00249537, "lr": 9.549e-05, "params": 115394, "time_iter": 0.0212, "accuracy": 0.99922, "f1": 0.99921, "auc": 1.0}
{"epoch": 82, "time_epoch": 72.45377, "eta": 1234.43424, "eta_hours": 0.3429, "loss": 0.00223198, "lr": 8.6e-05, "params": 115394, "time_iter": 0.02107, "accuracy": 0.99931, "f1": 0.9993, "auc": 1.0}
{"epoch": 83, "time_epoch": 72.65732, "eta": 1161.82875, "eta_hours": 0.32273, "loss": 0.00212387, "lr": 7.695e-05, "params": 115394, "time_iter": 0.02113, "accuracy": 0.99931, "f1": 0.9993, "auc": 1.0}
{"epoch": 84, "time_epoch": 72.75395, "eta": 1089.2391, "eta_hours": 0.30257, "loss": 0.00167722, "lr": 6.837e-05, "params": 115394, "time_iter": 0.02116, "accuracy": 0.9994, "f1": 0.99939, "auc": 1.0}
{"epoch": 85, "time_epoch": 72.77438, "eta": 1016.64895, "eta_hours": 0.2824, "loss": 0.00144244, "lr": 6.026e-05, "params": 115394, "time_iter": 0.02117, "accuracy": 0.99958, "f1": 0.99958, "auc": 1.0}
{"epoch": 86, "time_epoch": 72.42953, "eta": 944.00304, "eta_hours": 0.26222, "loss": 0.00167452, "lr": 5.264e-05, "params": 115394, "time_iter": 0.02107, "accuracy": 0.99947, "f1": 0.99947, "auc": 1.0}
{"epoch": 87, "time_epoch": 72.06759, "eta": 871.31269, "eta_hours": 0.24203, "loss": 0.00215692, "lr": 4.55e-05, "params": 115394, "time_iter": 0.02096, "accuracy": 0.99936, "f1": 0.99935, "auc": 1.0}
{"epoch": 88, "time_epoch": 72.2076, "eta": 798.65364, "eta_hours": 0.22185, "loss": 0.00117238, "lr": 3.886e-05, "params": 115394, "time_iter": 0.021, "accuracy": 0.99953, "f1": 0.99952, "auc": 1.0}
{"epoch": 89, "time_epoch": 72.01988, "eta": 725.98376, "eta_hours": 0.20166, "loss": 0.00130228, "lr": 3.272e-05, "params": 115394, "time_iter": 0.02095, "accuracy": 0.99971, "f1": 0.99971, "auc": 1.0}
{"epoch": 90, "time_epoch": 72.15167, "eta": 653.34121, "eta_hours": 0.18148, "loss": 0.00123644, "lr": 2.709e-05, "params": 115394, "time_iter": 0.02099, "accuracy": 0.99965, "f1": 0.99965, "auc": 1.0}
{"epoch": 91, "time_epoch": 71.79669, "eta": 580.67845, "eta_hours": 0.1613, "loss": 0.00110578, "lr": 2.198e-05, "params": 115394, "time_iter": 0.02088, "accuracy": 0.99964, "f1": 0.99963, "auc": 1.0}
{"epoch": 92, "time_epoch": 72.0346, "eta": 508.05223, "eta_hours": 0.14113, "loss": 0.00152729, "lr": 1.74e-05, "params": 115394, "time_iter": 0.02095, "accuracy": 0.99967, "f1": 0.99967, "auc": 1.0}
{"epoch": 93, "time_epoch": 72.15749, "eta": 435.44645, "eta_hours": 0.12096, "loss": 0.00064884, "lr": 1.334e-05, "params": 115394, "time_iter": 0.02099, "accuracy": 0.99975, "f1": 0.99974, "auc": 1.0}
{"epoch": 94, "time_epoch": 72.03018, "eta": 362.8434, "eta_hours": 0.10079, "loss": 0.00116326, "lr": 9.81e-06, "params": 115394, "time_iter": 0.02095, "accuracy": 0.99964, "f1": 0.99963, "auc": 1.0}
{"epoch": 95, "time_epoch": 71.87235, "eta": 290.2457, "eta_hours": 0.08062, "loss": 0.00121985, "lr": 6.82e-06, "params": 115394, "time_iter": 0.02091, "accuracy": 0.9996, "f1": 0.9996, "auc": 1.0}
{"epoch": 96, "time_epoch": 71.72647, "eta": 217.65845, "eta_hours": 0.06046, "loss": 0.00089915, "lr": 4.37e-06, "params": 115394, "time_iter": 0.02086, "accuracy": 0.99969, "f1": 0.99969, "auc": 1.0}
{"epoch": 97, "time_epoch": 72.4298, "eta": 145.10313, "eta_hours": 0.04031, "loss": 0.00092484, "lr": 2.46e-06, "params": 115394, "time_iter": 0.02107, "accuracy": 0.99975, "f1": 0.99974, "auc": 1.0}
{"epoch": 98, "time_epoch": 72.1502, "eta": 72.54751, "eta_hours": 0.02015, "loss": 0.00138752, "lr": 1.09e-06, "params": 115394, "time_iter": 0.02099, "accuracy": 0.99955, "f1": 0.99954, "auc": 1.0}
{"epoch": 99, "time_epoch": 72.19354, "eta": 0.0, "eta_hours": 0.0, "loss": 0.00123701, "lr": 2.7e-07, "params": 115394, "time_iter": 0.021, "accuracy": 0.99971, "f1": 0.9997, "auc": 1.0}
