{"epoch": 0, "time_epoch": 83.94441, "eta": 8310.49691, "eta_hours": 2.30847, "loss": 1.79532632, "lr": 0.0, "params": 502054, "time_iter": 0.13431, "accuracy": 0.16718, "f1": 0.12087, "accuracy-SBM": 0.16722, "auc": 0.50062}
{"epoch": 1, "time_epoch": 81.59141, "eta": 8111.25523, "eta_hours": 2.25313, "loss": 1.75736363, "lr": 0.0001, "params": 502054, "time_iter": 0.13055, "accuracy": 0.25317, "f1": 0.22693, "accuracy-SBM": 0.25323, "auc": 0.59382}
{"epoch": 2, "time_epoch": 81.59339, "eta": 7990.51114, "eta_hours": 2.21959, "loss": 1.57544692, "lr": 0.0002, "params": 502054, "time_iter": 0.13055, "accuracy": 0.42392, "f1": 0.41496, "accuracy-SBM": 0.42398, "auc": 0.74304}
{"epoch": 3, "time_epoch": 81.18276, "eta": 7879.4872, "eta_hours": 2.18875, "loss": 1.35398288, "lr": 0.0003, "params": 502054, "time_iter": 0.12989, "accuracy": 0.53177, "f1": 0.53069, "accuracy-SBM": 0.5318, "auc": 0.81829}
{"epoch": 4, "time_epoch": 81.38083, "eta": 7784.16304, "eta_hours": 2.16227, "loss": 1.15494314, "lr": 0.0004, "params": 502054, "time_iter": 0.13021, "accuracy": 0.60447, "f1": 0.60436, "accuracy-SBM": 0.60448, "auc": 0.86873}
{"epoch": 5, "time_epoch": 81.44361, "eta": 7694.47025, "eta_hours": 2.13735, "loss": 0.99514834, "lr": 0.0005, "params": 502054, "time_iter": 0.13031, "accuracy": 0.65801, "f1": 0.658, "accuracy-SBM": 0.65801, "auc": 0.90312}
{"epoch": 6, "time_epoch": 81.15987, "eta": 7603.36468, "eta_hours": 2.11205, "loss": 0.94188072, "lr": 0.00049986, "params": 502054, "time_iter": 0.12986, "accuracy": 0.67138, "f1": 0.67137, "accuracy-SBM": 0.67138, "auc": 0.91269}
{"epoch": 7, "time_epoch": 81.01766, "eta": 7513.1102, "eta_hours": 2.08698, "loss": 0.89495141, "lr": 0.00049945, "params": 502054, "time_iter": 0.12963, "accuracy": 0.6866, "f1": 0.68659, "accuracy-SBM": 0.6866, "auc": 0.9209}
{"epoch": 8, "time_epoch": 81.06383, "eta": 7425.37515, "eta_hours": 2.0626, "loss": 0.85096651, "lr": 0.00049877, "params": 502054, "time_iter": 0.1297, "accuracy": 0.70097, "f1": 0.70097, "accuracy-SBM": 0.70097, "auc": 0.92828}
{"epoch": 9, "time_epoch": 80.99532, "eta": 7338.35771, "eta_hours": 2.03843, "loss": 0.8378804, "lr": 0.00049782, "params": 502054, "time_iter": 0.12959, "accuracy": 0.70449, "f1": 0.70449, "accuracy-SBM": 0.70449, "auc": 0.93026}
{"epoch": 10, "time_epoch": 81.47063, "eta": 7256.28095, "eta_hours": 2.01563, "loss": 0.81114189, "lr": 0.00049659, "params": 502054, "time_iter": 0.13035, "accuracy": 0.71276, "f1": 0.71276, "accuracy-SBM": 0.71276, "auc": 0.93454}
{"epoch": 11, "time_epoch": 81.55408, "eta": 7174.91713, "eta_hours": 1.99303, "loss": 0.79067053, "lr": 0.00049509, "params": 502054, "time_iter": 0.13049, "accuracy": 0.71858, "f1": 0.71858, "accuracy-SBM": 0.71858, "auc": 0.93781}
{"epoch": 12, "time_epoch": 81.31675, "eta": 7091.93575, "eta_hours": 1.96998, "loss": 0.77537371, "lr": 0.00049333, "params": 502054, "time_iter": 0.13011, "accuracy": 0.72386, "f1": 0.72386, "accuracy-SBM": 0.72386, "auc": 0.94011}
{"epoch": 13, "time_epoch": 81.29274, "eta": 7009.04469, "eta_hours": 1.94696, "loss": 0.76389433, "lr": 0.0004913, "params": 502054, "time_iter": 0.13007, "accuracy": 0.72757, "f1": 0.72757, "accuracy-SBM": 0.72757, "auc": 0.9418}
{"epoch": 14, "time_epoch": 80.90314, "eta": 6924.15903, "eta_hours": 1.92338, "loss": 0.76002679, "lr": 0.00048901, "params": 502054, "time_iter": 0.12945, "accuracy": 0.72876, "f1": 0.72876, "accuracy-SBM": 0.72876, "auc": 0.94233}
{"epoch": 15, "time_epoch": 81.70179, "eta": 6843.96408, "eta_hours": 1.9011, "loss": 0.74702837, "lr": 0.00048645, "params": 502054, "time_iter": 0.13072, "accuracy": 0.73307, "f1": 0.73307, "accuracy-SBM": 0.73307, "auc": 0.9443}
{"epoch": 16, "time_epoch": 81.36022, "eta": 6761.92421, "eta_hours": 1.87831, "loss": 0.7400205, "lr": 0.00048364, "params": 502054, "time_iter": 0.13018, "accuracy": 0.73574, "f1": 0.73574, "accuracy-SBM": 0.73574, "auc": 0.94527}
{"epoch": 17, "time_epoch": 80.92926, "eta": 6677.99661, "eta_hours": 1.855, "loss": 0.73200115, "lr": 0.00048057, "params": 502054, "time_iter": 0.12949, "accuracy": 0.73836, "f1": 0.73836, "accuracy-SBM": 0.73836, "auc": 0.94644}
{"epoch": 18, "time_epoch": 81.34447, "eta": 6596.15471, "eta_hours": 1.83227, "loss": 0.72577005, "lr": 0.00047725, "params": 502054, "time_iter": 0.13015, "accuracy": 0.74052, "f1": 0.74051, "accuracy-SBM": 0.74052, "auc": 0.94735}
{"epoch": 19, "time_epoch": 81.65301, "eta": 6515.5967, "eta_hours": 1.80989, "loss": 0.7214842, "lr": 0.00047368, "params": 502054, "time_iter": 0.13064, "accuracy": 0.74241, "f1": 0.74241, "accuracy-SBM": 0.74241, "auc": 0.94793}
{"epoch": 20, "time_epoch": 81.19372, "eta": 6433.20659, "eta_hours": 1.787, "loss": 0.71700034, "lr": 0.00046987, "params": 502054, "time_iter": 0.12991, "accuracy": 0.74436, "f1": 0.74436, "accuracy-SBM": 0.74436, "auc": 0.94856}
{"epoch": 21, "time_epoch": 81.28781, "eta": 6351.25884, "eta_hours": 1.76424, "loss": 0.70704235, "lr": 0.00046581, "params": 502054, "time_iter": 0.13006, "accuracy": 0.74729, "f1": 0.74729, "accuracy-SBM": 0.7473, "auc": 0.95}
{"epoch": 22, "time_epoch": 81.50952, "eta": 6270.11074, "eta_hours": 1.7417, "loss": 0.69828899, "lr": 0.00046152, "params": 502054, "time_iter": 0.13042, "accuracy": 0.75062, "f1": 0.75062, "accuracy-SBM": 0.75063, "auc": 0.9512}
{"epoch": 23, "time_epoch": 81.12033, "eta": 6187.70008, "eta_hours": 1.71881, "loss": 0.69382186, "lr": 0.000457, "params": 502054, "time_iter": 0.12979, "accuracy": 0.75209, "f1": 0.75209, "accuracy-SBM": 0.7521, "auc": 0.95183}
{"epoch": 24, "time_epoch": 81.18755, "eta": 6105.5943, "eta_hours": 1.696, "loss": 0.68475006, "lr": 0.00045225, "params": 502054, "time_iter": 0.1299, "accuracy": 0.75424, "f1": 0.75424, "accuracy-SBM": 0.75424, "auc": 0.95311}
{"epoch": 25, "time_epoch": 81.35198, "eta": 6024.02716, "eta_hours": 1.67334, "loss": 0.68422417, "lr": 0.00044729, "params": 502054, "time_iter": 0.13016, "accuracy": 0.75522, "f1": 0.75522, "accuracy-SBM": 0.75522, "auc": 0.95316}
{"epoch": 26, "time_epoch": 81.19903, "eta": 5942.06241, "eta_hours": 1.65057, "loss": 0.67972706, "lr": 0.0004421, "params": 502054, "time_iter": 0.12992, "accuracy": 0.7566, "f1": 0.7566, "accuracy-SBM": 0.7566, "auc": 0.95376}
{"epoch": 27, "time_epoch": 81.12677, "eta": 5859.96656, "eta_hours": 1.62777, "loss": 0.67635471, "lr": 0.00043671, "params": 502054, "time_iter": 0.1298, "accuracy": 0.75761, "f1": 0.75761, "accuracy-SBM": 0.75761, "auc": 0.95425}
{"epoch": 28, "time_epoch": 80.82843, "eta": 5777.2071, "eta_hours": 1.60478, "loss": 0.6722471, "lr": 0.00043111, "params": 502054, "time_iter": 0.12933, "accuracy": 0.75915, "f1": 0.75915, "accuracy-SBM": 0.75915, "auc": 0.95479}
{"epoch": 29, "time_epoch": 80.93784, "eta": 5694.83167, "eta_hours": 1.5819, "loss": 0.666972, "lr": 0.00042531, "params": 502054, "time_iter": 0.1295, "accuracy": 0.76202, "f1": 0.76202, "accuracy-SBM": 0.76202, "auc": 0.95545}
{"epoch": 30, "time_epoch": 80.95435, "eta": 5612.58574, "eta_hours": 1.55905, "loss": 0.66496574, "lr": 0.00041932, "params": 502054, "time_iter": 0.12953, "accuracy": 0.7616, "f1": 0.7616, "accuracy-SBM": 0.7616, "auc": 0.95574}
{"epoch": 31, "time_epoch": 81.52321, "eta": 5531.62937, "eta_hours": 1.53656, "loss": 0.66194574, "lr": 0.00041315, "params": 502054, "time_iter": 0.13044, "accuracy": 0.76318, "f1": 0.76317, "accuracy-SBM": 0.76318, "auc": 0.95613}
{"epoch": 32, "time_epoch": 81.55761, "eta": 5450.70848, "eta_hours": 1.51409, "loss": 0.65717637, "lr": 0.00040679, "params": 502054, "time_iter": 0.13049, "accuracy": 0.76444, "f1": 0.76444, "accuracy-SBM": 0.76445, "auc": 0.95677}
{"epoch": 33, "time_epoch": 81.49223, "eta": 5369.62324, "eta_hours": 1.49156, "loss": 0.65329496, "lr": 0.00040027, "params": 502054, "time_iter": 0.13039, "accuracy": 0.76594, "f1": 0.76594, "accuracy-SBM": 0.76594, "auc": 0.95728}
{"epoch": 34, "time_epoch": 81.49123, "eta": 5288.51286, "eta_hours": 1.46903, "loss": 0.65348692, "lr": 0.00039358, "params": 502054, "time_iter": 0.13039, "accuracy": 0.76574, "f1": 0.76573, "accuracy-SBM": 0.76574, "auc": 0.95723}
{"epoch": 35, "time_epoch": 81.2312, "eta": 5206.91907, "eta_hours": 1.44637, "loss": 0.65038057, "lr": 0.00038674, "params": 502054, "time_iter": 0.12997, "accuracy": 0.76732, "f1": 0.76732, "accuracy-SBM": 0.76732, "auc": 0.95764}
{"epoch": 36, "time_epoch": 81.16545, "eta": 5125.23292, "eta_hours": 1.42368, "loss": 0.64808191, "lr": 0.00037974, "params": 502054, "time_iter": 0.12986, "accuracy": 0.76742, "f1": 0.76742, "accuracy-SBM": 0.76742, "auc": 0.95795}
{"epoch": 37, "time_epoch": 81.52867, "eta": 5044.16678, "eta_hours": 1.40116, "loss": 0.64585403, "lr": 0.00037261, "params": 502054, "time_iter": 0.13045, "accuracy": 0.76864, "f1": 0.76864, "accuracy-SBM": 0.76864, "auc": 0.95824}
{"epoch": 38, "time_epoch": 81.09922, "eta": 4962.40524, "eta_hours": 1.37845, "loss": 0.64248485, "lr": 0.00036534, "params": 502054, "time_iter": 0.12976, "accuracy": 0.76951, "f1": 0.76951, "accuracy-SBM": 0.76951, "auc": 0.95868}
{"epoch": 39, "time_epoch": 81.28202, "eta": 4880.951, "eta_hours": 1.35582, "loss": 0.63985242, "lr": 0.00035794, "params": 502054, "time_iter": 0.13005, "accuracy": 0.77058, "f1": 0.77058, "accuracy-SBM": 0.77058, "auc": 0.959}
{"epoch": 40, "time_epoch": 81.08573, "eta": 4799.22271, "eta_hours": 1.33312, "loss": 0.63795741, "lr": 0.00035042, "params": 502054, "time_iter": 0.12974, "accuracy": 0.77147, "f1": 0.77147, "accuracy-SBM": 0.77147, "auc": 0.95923}
{"epoch": 41, "time_epoch": 81.15862, "eta": 4717.62567, "eta_hours": 1.31045, "loss": 0.63690445, "lr": 0.0003428, "params": 502054, "time_iter": 0.12985, "accuracy": 0.77163, "f1": 0.77163, "accuracy-SBM": 0.77163, "auc": 0.9594}
{"epoch": 42, "time_epoch": 80.93325, "eta": 4635.75027, "eta_hours": 1.28771, "loss": 0.63083656, "lr": 0.00033507, "params": 502054, "time_iter": 0.12949, "accuracy": 0.77346, "f1": 0.77346, "accuracy-SBM": 0.77346, "auc": 0.96017}
{"epoch": 43, "time_epoch": 81.98297, "eta": 4555.25371, "eta_hours": 1.26535, "loss": 0.6308288, "lr": 0.00032725, "params": 502054, "time_iter": 0.13117, "accuracy": 0.77363, "f1": 0.77363, "accuracy-SBM": 0.77364, "auc": 0.96016}
{"epoch": 44, "time_epoch": 81.31347, "eta": 4473.8728, "eta_hours": 1.24274, "loss": 0.62757903, "lr": 0.00031935, "params": 502054, "time_iter": 0.1301, "accuracy": 0.77471, "f1": 0.77471, "accuracy-SBM": 0.77471, "auc": 0.96057}
{"epoch": 45, "time_epoch": 81.35453, "eta": 4392.54303, "eta_hours": 1.22015, "loss": 0.62526972, "lr": 0.00031137, "params": 502054, "time_iter": 0.13017, "accuracy": 0.77561, "f1": 0.77561, "accuracy-SBM": 0.77561, "auc": 0.96085}
{"epoch": 46, "time_epoch": 81.22783, "eta": 4311.06933, "eta_hours": 1.19752, "loss": 0.62502777, "lr": 0.00030332, "params": 502054, "time_iter": 0.12996, "accuracy": 0.77557, "f1": 0.77556, "accuracy-SBM": 0.77557, "auc": 0.96089}
{"epoch": 47, "time_epoch": 81.36027, "eta": 4229.74935, "eta_hours": 1.17493, "loss": 0.62032254, "lr": 0.00029522, "params": 502054, "time_iter": 0.13018, "accuracy": 0.77688, "f1": 0.77688, "accuracy-SBM": 0.77688, "auc": 0.96149}
{"epoch": 48, "time_epoch": 80.98266, "eta": 4148.03471, "eta_hours": 1.15223, "loss": 0.61820016, "lr": 0.00028707, "params": 502054, "time_iter": 0.12957, "accuracy": 0.77805, "f1": 0.77805, "accuracy-SBM": 0.77805, "auc": 0.96173}
{"epoch": 49, "time_epoch": 80.95567, "eta": 4066.32234, "eta_hours": 1.12953, "loss": 0.61499366, "lr": 0.00027887, "params": 502054, "time_iter": 0.12953, "accuracy": 0.77911, "f1": 0.77911, "accuracy-SBM": 0.77911, "auc": 0.96215}
{"epoch": 50, "time_epoch": 81.25621, "eta": 3984.92841, "eta_hours": 1.10692, "loss": 0.61315263, "lr": 0.00027064, "params": 502054, "time_iter": 0.13001, "accuracy": 0.77995, "f1": 0.77995, "accuracy-SBM": 0.77996, "auc": 0.96236}
{"epoch": 51, "time_epoch": 81.38012, "eta": 3903.65415, "eta_hours": 1.08435, "loss": 0.6102251, "lr": 0.0002624, "params": 502054, "time_iter": 0.13021, "accuracy": 0.78039, "f1": 0.78038, "accuracy-SBM": 0.78039, "auc": 0.96275}
{"epoch": 52, "time_epoch": 81.28339, "eta": 3822.29013, "eta_hours": 1.06175, "loss": 0.60671147, "lr": 0.00025413, "params": 502054, "time_iter": 0.13005, "accuracy": 0.78163, "f1": 0.78163, "accuracy-SBM": 0.78163, "auc": 0.96317}
{"epoch": 53, "time_epoch": 81.13595, "eta": 3740.80349, "eta_hours": 1.03911, "loss": 0.60458698, "lr": 0.00024587, "params": 502054, "time_iter": 0.12982, "accuracy": 0.78279, "f1": 0.78279, "accuracy-SBM": 0.7828, "auc": 0.9634}
{"epoch": 54, "time_epoch": 82.00801, "eta": 3660.04311, "eta_hours": 1.01668, "loss": 0.60198364, "lr": 0.0002376, "params": 502054, "time_iter": 0.13121, "accuracy": 0.78304, "f1": 0.78304, "accuracy-SBM": 0.78304, "auc": 0.96373}
{"epoch": 55, "time_epoch": 81.60124, "eta": 3578.91856, "eta_hours": 0.99414, "loss": 0.59869183, "lr": 0.00022936, "params": 502054, "time_iter": 0.13056, "accuracy": 0.78489, "f1": 0.78489, "accuracy-SBM": 0.78489, "auc": 0.96412}
{"epoch": 56, "time_epoch": 81.5872, "eta": 3497.7667, "eta_hours": 0.9716, "loss": 0.60122406, "lr": 0.00022113, "params": 502054, "time_iter": 0.13054, "accuracy": 0.78391, "f1": 0.78391, "accuracy-SBM": 0.78391, "auc": 0.96382}
{"epoch": 57, "time_epoch": 81.78702, "eta": 3416.74453, "eta_hours": 0.9491, "loss": 0.59812877, "lr": 0.00021293, "params": 502054, "time_iter": 0.13086, "accuracy": 0.78474, "f1": 0.78474, "accuracy-SBM": 0.78474, "auc": 0.9642}
{"epoch": 58, "time_epoch": 82.52541, "eta": 3336.20954, "eta_hours": 0.92672, "loss": 0.59348894, "lr": 0.00020478, "params": 502054, "time_iter": 0.13204, "accuracy": 0.78613, "f1": 0.78613, "accuracy-SBM": 0.78613, "auc": 0.96476}
{"epoch": 59, "time_epoch": 83.92385, "eta": 3256.5405, "eta_hours": 0.90459, "loss": 0.59455437, "lr": 0.00019668, "params": 502054, "time_iter": 0.13428, "accuracy": 0.78619, "f1": 0.78619, "accuracy-SBM": 0.78619, "auc": 0.96461}
{"epoch": 60, "time_epoch": 84.21312, "eta": 3176.9169, "eta_hours": 0.88248, "loss": 0.59055213, "lr": 0.00018863, "params": 502054, "time_iter": 0.13474, "accuracy": 0.78738, "f1": 0.78738, "accuracy-SBM": 0.78738, "auc": 0.9651}
{"epoch": 61, "time_epoch": 84.40561, "eta": 3097.26323, "eta_hours": 0.86035, "loss": 0.588372, "lr": 0.00018065, "params": 502054, "time_iter": 0.13505, "accuracy": 0.78769, "f1": 0.78769, "accuracy-SBM": 0.78769, "auc": 0.96536}
{"epoch": 62, "time_epoch": 85.11739, "eta": 3017.87673, "eta_hours": 0.8383, "loss": 0.58658058, "lr": 0.00017275, "params": 502054, "time_iter": 0.13619, "accuracy": 0.78833, "f1": 0.78833, "accuracy-SBM": 0.78833, "auc": 0.96558}
{"epoch": 63, "time_epoch": 83.90805, "eta": 2937.6309, "eta_hours": 0.81601, "loss": 0.58493914, "lr": 0.00016493, "params": 502054, "time_iter": 0.13425, "accuracy": 0.78912, "f1": 0.78912, "accuracy-SBM": 0.78912, "auc": 0.96577}
{"epoch": 64, "time_epoch": 83.85987, "eta": 2857.24643, "eta_hours": 0.79368, "loss": 0.58390264, "lr": 0.0001572, "params": 502054, "time_iter": 0.13418, "accuracy": 0.78947, "f1": 0.78947, "accuracy-SBM": 0.78947, "auc": 0.96587}
{"epoch": 65, "time_epoch": 85.95758, "eta": 2777.83728, "eta_hours": 0.77162, "loss": 0.58060695, "lr": 0.00014958, "params": 502054, "time_iter": 0.13753, "accuracy": 0.79101, "f1": 0.79101, "accuracy-SBM": 0.79101, "auc": 0.96625}
{"epoch": 66, "time_epoch": 84.59317, "eta": 2697.56064, "eta_hours": 0.74932, "loss": 0.58173165, "lr": 0.00014206, "params": 502054, "time_iter": 0.13535, "accuracy": 0.79115, "f1": 0.79115, "accuracy-SBM": 0.79115, "auc": 0.96612}
{"epoch": 67, "time_epoch": 83.48023, "eta": 2616.6333, "eta_hours": 0.72684, "loss": 0.57769441, "lr": 0.00013466, "params": 502054, "time_iter": 0.13357, "accuracy": 0.79174, "f1": 0.79174, "accuracy-SBM": 0.79174, "auc": 0.9666}
{"epoch": 68, "time_epoch": 83.9866, "eta": 2535.85947, "eta_hours": 0.70441, "loss": 0.57767099, "lr": 0.00012739, "params": 502054, "time_iter": 0.13438, "accuracy": 0.79183, "f1": 0.79183, "accuracy-SBM": 0.79183, "auc": 0.96663}
{"epoch": 69, "time_epoch": 84.56965, "eta": 2455.24372, "eta_hours": 0.68201, "loss": 0.57883552, "lr": 0.00012026, "params": 502054, "time_iter": 0.13531, "accuracy": 0.79127, "f1": 0.79127, "accuracy-SBM": 0.79127, "auc": 0.9665}
{"epoch": 70, "time_epoch": 84.52276, "eta": 2374.49744, "eta_hours": 0.65958, "loss": 0.57395357, "lr": 0.00011326, "params": 502054, "time_iter": 0.13524, "accuracy": 0.79354, "f1": 0.79353, "accuracy-SBM": 0.79354, "auc": 0.96703}
{"epoch": 71, "time_epoch": 84.08781, "eta": 2293.47711, "eta_hours": 0.63708, "loss": 0.5726149, "lr": 0.00010642, "params": 502054, "time_iter": 0.13454, "accuracy": 0.79358, "f1": 0.79358, "accuracy-SBM": 0.79358, "auc": 0.96721}
{"epoch": 72, "time_epoch": 83.0514, "eta": 2211.98942, "eta_hours": 0.61444, "loss": 0.57063543, "lr": 9.973e-05, "params": 502054, "time_iter": 0.13288, "accuracy": 0.79417, "f1": 0.79417, "accuracy-SBM": 0.79417, "auc": 0.96743}
{"epoch": 73, "time_epoch": 82.06889, "eta": 2130.11425, "eta_hours": 0.5917, "loss": 0.56851113, "lr": 9.321e-05, "params": 502054, "time_iter": 0.13131, "accuracy": 0.7949, "f1": 0.7949, "accuracy-SBM": 0.79491, "auc": 0.96768}
{"epoch": 74, "time_epoch": 84.57111, "eta": 2049.06799, "eta_hours": 0.56919, "loss": 0.57029731, "lr": 8.685e-05, "params": 502054, "time_iter": 0.13531, "accuracy": 0.7944, "f1": 0.7944, "accuracy-SBM": 0.7944, "auc": 0.96746}
{"epoch": 75, "time_epoch": 84.49468, "eta": 1967.90484, "eta_hours": 0.54664, "loss": 0.5684763, "lr": 8.068e-05, "params": 502054, "time_iter": 0.13519, "accuracy": 0.79496, "f1": 0.79496, "accuracy-SBM": 0.79496, "auc": 0.96768}
{"epoch": 76, "time_epoch": 84.47377, "eta": 1886.64891, "eta_hours": 0.52407, "loss": 0.56646132, "lr": 7.469e-05, "params": 502054, "time_iter": 0.13516, "accuracy": 0.79599, "f1": 0.79599, "accuracy-SBM": 0.79599, "auc": 0.96788}
{"epoch": 77, "time_epoch": 84.68703, "eta": 1805.37062, "eta_hours": 0.50149, "loss": 0.56440514, "lr": 6.889e-05, "params": 502054, "time_iter": 0.1355, "accuracy": 0.79662, "f1": 0.79662, "accuracy-SBM": 0.79662, "auc": 0.96813}
{"epoch": 78, "time_epoch": 82.28319, "eta": 1723.36704, "eta_hours": 0.47871, "loss": 0.56400981, "lr": 6.329e-05, "params": 502054, "time_iter": 0.13165, "accuracy": 0.79671, "f1": 0.79671, "accuracy-SBM": 0.79671, "auc": 0.96818}
{"epoch": 79, "time_epoch": 81.59883, "eta": 1641.18537, "eta_hours": 0.45588, "loss": 0.56100098, "lr": 5.79e-05, "params": 502054, "time_iter": 0.13056, "accuracy": 0.79795, "f1": 0.79795, "accuracy-SBM": 0.79795, "auc": 0.96852}
{"epoch": 80, "time_epoch": 84.21711, "eta": 1559.63226, "eta_hours": 0.43323, "loss": 0.56180321, "lr": 5.271e-05, "params": 502054, "time_iter": 0.13475, "accuracy": 0.79729, "f1": 0.79728, "accuracy-SBM": 0.79729, "auc": 0.96843}
{"epoch": 81, "time_epoch": 84.58355, "eta": 1478.09462, "eta_hours": 0.41058, "loss": 0.56217231, "lr": 4.775e-05, "params": 502054, "time_iter": 0.13533, "accuracy": 0.79748, "f1": 0.79748, "accuracy-SBM": 0.79748, "auc": 0.96839}
{"epoch": 82, "time_epoch": 83.87715, "eta": 1396.33889, "eta_hours": 0.38787, "loss": 0.55937154, "lr": 4.3e-05, "params": 502054, "time_iter": 0.1342, "accuracy": 0.79824, "f1": 0.79824, "accuracy-SBM": 0.79824, "auc": 0.96871}
{"epoch": 83, "time_epoch": 84.25686, "eta": 1314.60498, "eta_hours": 0.36517, "loss": 0.55890893, "lr": 3.848e-05, "params": 502054, "time_iter": 0.13481, "accuracy": 0.79842, "f1": 0.79842, "accuracy-SBM": 0.79843, "auc": 0.96876}
{"epoch": 84, "time_epoch": 84.33774, "eta": 1232.82598, "eta_hours": 0.34245, "loss": 0.55873461, "lr": 3.419e-05, "params": 502054, "time_iter": 0.13494, "accuracy": 0.79802, "f1": 0.79802, "accuracy-SBM": 0.79802, "auc": 0.96879}
{"epoch": 85, "time_epoch": 84.1764, "eta": 1150.96121, "eta_hours": 0.31971, "loss": 0.55850973, "lr": 3.013e-05, "params": 502054, "time_iter": 0.13468, "accuracy": 0.79858, "f1": 0.79858, "accuracy-SBM": 0.79858, "auc": 0.96881}
{"epoch": 86, "time_epoch": 84.82642, "eta": 1069.14043, "eta_hours": 0.29698, "loss": 0.55793713, "lr": 2.632e-05, "params": 502054, "time_iter": 0.13572, "accuracy": 0.79877, "f1": 0.79877, "accuracy-SBM": 0.79877, "auc": 0.96885}
{"epoch": 87, "time_epoch": 87.74859, "eta": 987.64981, "eta_hours": 0.27435, "loss": 0.55599058, "lr": 2.275e-05, "params": 502054, "time_iter": 0.1404, "accuracy": 0.7994, "f1": 0.7994, "accuracy-SBM": 0.7994, "auc": 0.9691}
{"epoch": 88, "time_epoch": 84.24292, "eta": 905.58529, "eta_hours": 0.25155, "loss": 0.55624316, "lr": 1.943e-05, "params": 502054, "time_iter": 0.13479, "accuracy": 0.7997, "f1": 0.7997, "accuracy-SBM": 0.7997, "auc": 0.96906}
{"epoch": 89, "time_epoch": 84.9338, "eta": 823.54911, "eta_hours": 0.22876, "loss": 0.55567819, "lr": 1.636e-05, "params": 502054, "time_iter": 0.13589, "accuracy": 0.79962, "f1": 0.79962, "accuracy-SBM": 0.79962, "auc": 0.96912}
{"epoch": 90, "time_epoch": 84.60019, "eta": 741.41626, "eta_hours": 0.20595, "loss": 0.55511167, "lr": 1.355e-05, "params": 502054, "time_iter": 0.13536, "accuracy": 0.7997, "f1": 0.7997, "accuracy-SBM": 0.7997, "auc": 0.96919}
{"epoch": 91, "time_epoch": 84.64534, "eta": 659.2337, "eta_hours": 0.18312, "loss": 0.55624609, "lr": 1.099e-05, "params": 502054, "time_iter": 0.13543, "accuracy": 0.79938, "f1": 0.79938, "accuracy-SBM": 0.79938, "auc": 0.96905}
{"epoch": 92, "time_epoch": 84.0699, "eta": 576.95486, "eta_hours": 0.16027, "loss": 0.55556297, "lr": 8.7e-06, "params": 502054, "time_iter": 0.13451, "accuracy": 0.7997, "f1": 0.7997, "accuracy-SBM": 0.7997, "auc": 0.96912}
{"epoch": 93, "time_epoch": 84.89474, "eta": 494.69057, "eta_hours": 0.13741, "loss": 0.55263772, "lr": 6.67e-06, "params": 502054, "time_iter": 0.13583, "accuracy": 0.80071, "f1": 0.80071, "accuracy-SBM": 0.80071, "auc": 0.96945}
{"epoch": 94, "time_epoch": 84.74847, "eta": 412.36319, "eta_hours": 0.11455, "loss": 0.55424216, "lr": 4.91e-06, "params": 502054, "time_iter": 0.1356, "accuracy": 0.8003, "f1": 0.8003, "accuracy-SBM": 0.80031, "auc": 0.96927}
{"epoch": 95, "time_epoch": 85.04601, "eta": 329.99778, "eta_hours": 0.09167, "loss": 0.55346838, "lr": 3.41e-06, "params": 502054, "time_iter": 0.13607, "accuracy": 0.8002, "f1": 0.8002, "accuracy-SBM": 0.8002, "auc": 0.96937}
{"epoch": 96, "time_epoch": 84.8306, "eta": 247.57043, "eta_hours": 0.06877, "loss": 0.55276928, "lr": 2.18e-06, "params": 502054, "time_iter": 0.13573, "accuracy": 0.8008, "f1": 0.8008, "accuracy-SBM": 0.8008, "auc": 0.96944}
{"epoch": 97, "time_epoch": 83.64085, "eta": 165.06976, "eta_hours": 0.04585, "loss": 0.5538387, "lr": 1.23e-06, "params": 502054, "time_iter": 0.13383, "accuracy": 0.8003, "f1": 0.8003, "accuracy-SBM": 0.8003, "auc": 0.96932}
{"epoch": 98, "time_epoch": 83.23105, "eta": 82.54191, "eta_hours": 0.02293, "loss": 0.55403666, "lr": 5.5e-07, "params": 502054, "time_iter": 0.13317, "accuracy": 0.80002, "f1": 0.80002, "accuracy-SBM": 0.80002, "auc": 0.96932}
{"epoch": 99, "time_epoch": 83.22914, "eta": 0.0, "eta_hours": 0.0, "loss": 0.5527865, "lr": 1.4e-07, "params": 502054, "time_iter": 0.13317, "accuracy": 0.80068, "f1": 0.80068, "accuracy-SBM": 0.80068, "auc": 0.96946}
