{"epoch": 0, "time_epoch": 86.1212, "eta": 8525.99886, "eta_hours": 2.36833, "loss": 1.79793242, "lr": 0.0, "params": 502054, "time_iter": 0.13779, "accuracy": 0.16662, "f1": 0.06249, "accuracy-SBM": 0.16651, "auc": 0.50023}
{"epoch": 1, "time_epoch": 83.37311, "eta": 8305.22123, "eta_hours": 2.30701, "loss": 1.75067473, "lr": 0.0001, "params": 502054, "time_iter": 0.1334, "accuracy": 0.26693, "f1": 0.25303, "accuracy-SBM": 0.26689, "auc": 0.61303}
{"epoch": 2, "time_epoch": 83.46732, "eta": 8179.0926, "eta_hours": 2.27197, "loss": 1.5337736, "lr": 0.0002, "params": 502054, "time_iter": 0.13355, "accuracy": 0.46438, "f1": 0.46156, "accuracy-SBM": 0.46438, "auc": 0.772}
{"epoch": 3, "time_epoch": 83.18663, "eta": 8067.55811, "eta_hours": 2.24099, "loss": 1.28334803, "lr": 0.0003, "params": 502054, "time_iter": 0.1331, "accuracy": 0.57318, "f1": 0.57274, "accuracy-SBM": 0.57317, "auc": 0.84269}
{"epoch": 4, "time_epoch": 82.97559, "eta": 7963.35297, "eta_hours": 2.21204, "loss": 1.08235128, "lr": 0.0004, "params": 502054, "time_iter": 0.13276, "accuracy": 0.63793, "f1": 0.63791, "accuracy-SBM": 0.63793, "auc": 0.88698}
{"epoch": 5, "time_epoch": 83.43461, "eta": 7873.41572, "eta_hours": 2.18706, "loss": 0.98044687, "lr": 0.0005, "params": 502054, "time_iter": 0.1335, "accuracy": 0.66325, "f1": 0.66324, "accuracy-SBM": 0.66325, "auc": 0.90628}
{"epoch": 6, "time_epoch": 83.36316, "eta": 7784.38712, "eta_hours": 2.16233, "loss": 0.92245154, "lr": 0.00049986, "params": 502054, "time_iter": 0.13338, "accuracy": 0.67881, "f1": 0.67881, "accuracy-SBM": 0.67881, "auc": 0.91642}
{"epoch": 7, "time_epoch": 83.26789, "eta": 7695.67925, "eta_hours": 2.13769, "loss": 0.86072337, "lr": 0.00049945, "params": 502054, "time_iter": 0.13323, "accuracy": 0.69893, "f1": 0.69893, "accuracy-SBM": 0.69893, "auc": 0.92703}
{"epoch": 8, "time_epoch": 82.709, "eta": 7602.52931, "eta_hours": 2.11181, "loss": 0.83605457, "lr": 0.00049877, "params": 502054, "time_iter": 0.13233, "accuracy": 0.70613, "f1": 0.70613, "accuracy-SBM": 0.70613, "auc": 0.93068}
{"epoch": 9, "time_epoch": 83.10459, "eta": 7515.02785, "eta_hours": 2.08751, "loss": 0.81468276, "lr": 0.00049782, "params": 502054, "time_iter": 0.13297, "accuracy": 0.71293, "f1": 0.71293, "accuracy-SBM": 0.71293, "auc": 0.93405}
{"epoch": 10, "time_epoch": 83.312, "eta": 7430.00398, "eta_hours": 2.06389, "loss": 0.80003888, "lr": 0.00049659, "params": 502054, "time_iter": 0.1333, "accuracy": 0.71769, "f1": 0.71769, "accuracy-SBM": 0.71769, "auc": 0.93619}
{"epoch": 11, "time_epoch": 83.27214, "eta": 7344.97311, "eta_hours": 2.04027, "loss": 0.78407398, "lr": 0.00049509, "params": 502054, "time_iter": 0.13324, "accuracy": 0.72334, "f1": 0.72334, "accuracy-SBM": 0.72334, "auc": 0.93861}
{"epoch": 12, "time_epoch": 82.9891, "eta": 7258.31862, "eta_hours": 2.0162, "loss": 0.76441693, "lr": 0.00049333, "params": 502054, "time_iter": 0.13278, "accuracy": 0.72955, "f1": 0.72955, "accuracy-SBM": 0.72955, "auc": 0.94164}
{"epoch": 13, "time_epoch": 83.15472, "eta": 7173.20512, "eta_hours": 1.99256, "loss": 0.74387995, "lr": 0.0004913, "params": 502054, "time_iter": 0.13305, "accuracy": 0.73524, "f1": 0.73524, "accuracy-SBM": 0.73524, "auc": 0.94478}
{"epoch": 14, "time_epoch": 83.44008, "eta": 7089.96985, "eta_hours": 1.96944, "loss": 0.73269787, "lr": 0.00048901, "params": 502054, "time_iter": 0.1335, "accuracy": 0.73933, "f1": 0.73933, "accuracy-SBM": 0.73933, "auc": 0.94632}
{"epoch": 15, "time_epoch": 83.29805, "eta": 7005.96329, "eta_hours": 1.9461, "loss": 0.72694596, "lr": 0.00048645, "params": 502054, "time_iter": 0.13328, "accuracy": 0.74137, "f1": 0.74136, "accuracy-SBM": 0.74136, "auc": 0.9472}
{"epoch": 16, "time_epoch": 83.41013, "eta": 6922.58731, "eta_hours": 1.92294, "loss": 0.72208206, "lr": 0.00048364, "params": 502054, "time_iter": 0.13346, "accuracy": 0.74262, "f1": 0.74262, "accuracy-SBM": 0.74262, "auc": 0.94785}
{"epoch": 17, "time_epoch": 82.92293, "eta": 6836.98807, "eta_hours": 1.89916, "loss": 0.7124945, "lr": 0.00048057, "params": 502054, "time_iter": 0.13268, "accuracy": 0.74659, "f1": 0.74659, "accuracy-SBM": 0.74659, "auc": 0.94923}
{"epoch": 18, "time_epoch": 82.8832, "eta": 6751.50117, "eta_hours": 1.87542, "loss": 0.71067617, "lr": 0.00047725, "params": 502054, "time_iter": 0.13261, "accuracy": 0.74658, "f1": 0.74658, "accuracy-SBM": 0.74658, "auc": 0.94948}
{"epoch": 19, "time_epoch": 82.80978, "eta": 6665.98097, "eta_hours": 1.85166, "loss": 0.70355685, "lr": 0.00047368, "params": 502054, "time_iter": 0.1325, "accuracy": 0.74871, "f1": 0.74871, "accuracy-SBM": 0.74871, "auc": 0.95049}
{"epoch": 20, "time_epoch": 82.72414, "eta": 6580.39671, "eta_hours": 1.82789, "loss": 0.69357156, "lr": 0.00046987, "params": 502054, "time_iter": 0.13236, "accuracy": 0.7522, "f1": 0.7522, "accuracy-SBM": 0.7522, "auc": 0.95189}
{"epoch": 21, "time_epoch": 82.36183, "eta": 6493.78792, "eta_hours": 1.80383, "loss": 0.69000306, "lr": 0.00046581, "params": 502054, "time_iter": 0.13178, "accuracy": 0.75289, "f1": 0.75289, "accuracy-SBM": 0.75289, "auc": 0.95237}
{"epoch": 22, "time_epoch": 82.95363, "eta": 6409.52967, "eta_hours": 1.78042, "loss": 0.68584363, "lr": 0.00046152, "params": 502054, "time_iter": 0.13273, "accuracy": 0.75524, "f1": 0.75523, "accuracy-SBM": 0.75524, "auc": 0.95291}
{"epoch": 23, "time_epoch": 82.78826, "eta": 6324.85647, "eta_hours": 1.7569, "loss": 0.68101261, "lr": 0.000457, "params": 502054, "time_iter": 0.13246, "accuracy": 0.75688, "f1": 0.75687, "accuracy-SBM": 0.75688, "auc": 0.95356}
{"epoch": 24, "time_epoch": 82.66329, "eta": 6239.95915, "eta_hours": 1.73332, "loss": 0.67897201, "lr": 0.00045225, "params": 502054, "time_iter": 0.13226, "accuracy": 0.75668, "f1": 0.75667, "accuracy-SBM": 0.75668, "auc": 0.95387}
{"epoch": 25, "time_epoch": 82.18841, "eta": 6153.88211, "eta_hours": 1.70941, "loss": 0.67296254, "lr": 0.00044729, "params": 502054, "time_iter": 0.1315, "accuracy": 0.75895, "f1": 0.75895, "accuracy-SBM": 0.75895, "auc": 0.95468}
{"epoch": 26, "time_epoch": 83.32751, "eta": 6071.17289, "eta_hours": 1.68644, "loss": 0.66938461, "lr": 0.0004421, "params": 502054, "time_iter": 0.13332, "accuracy": 0.7605, "f1": 0.7605, "accuracy-SBM": 0.7605, "auc": 0.95514}
{"epoch": 27, "time_epoch": 83.12236, "eta": 5987.89198, "eta_hours": 1.6633, "loss": 0.6676364, "lr": 0.00043671, "params": 502054, "time_iter": 0.133, "accuracy": 0.76074, "f1": 0.76073, "accuracy-SBM": 0.76073, "auc": 0.95538}
{"epoch": 28, "time_epoch": 82.64968, "eta": 5903.46477, "eta_hours": 1.63985, "loss": 0.66447904, "lr": 0.00043111, "params": 502054, "time_iter": 0.13224, "accuracy": 0.76173, "f1": 0.76173, "accuracy-SBM": 0.76173, "auc": 0.9558}
{"epoch": 29, "time_epoch": 82.59176, "eta": 5819.02091, "eta_hours": 1.61639, "loss": 0.66096251, "lr": 0.00042531, "params": 502054, "time_iter": 0.13215, "accuracy": 0.76293, "f1": 0.76293, "accuracy-SBM": 0.76293, "auc": 0.95628}
{"epoch": 30, "time_epoch": 82.43646, "eta": 5734.35088, "eta_hours": 1.59288, "loss": 0.6603857, "lr": 0.00041932, "params": 502054, "time_iter": 0.1319, "accuracy": 0.76378, "f1": 0.76378, "accuracy-SBM": 0.76378, "auc": 0.95631}
{"epoch": 31, "time_epoch": 82.89001, "eta": 5650.78423, "eta_hours": 1.56966, "loss": 0.65637121, "lr": 0.00041315, "params": 502054, "time_iter": 0.13262, "accuracy": 0.76486, "f1": 0.76486, "accuracy-SBM": 0.76486, "auc": 0.95686}
{"epoch": 32, "time_epoch": 82.6304, "eta": 5566.7315, "eta_hours": 1.54631, "loss": 0.65224371, "lr": 0.00040679, "params": 502054, "time_iter": 0.13221, "accuracy": 0.76553, "f1": 0.76553, "accuracy-SBM": 0.76553, "auc": 0.95743}
{"epoch": 33, "time_epoch": 82.57072, "eta": 5482.64659, "eta_hours": 1.52296, "loss": 0.65009381, "lr": 0.00040027, "params": 502054, "time_iter": 0.13211, "accuracy": 0.76686, "f1": 0.76686, "accuracy-SBM": 0.76686, "auc": 0.95768}
{"epoch": 34, "time_epoch": 82.98741, "eta": 5399.42205, "eta_hours": 1.49984, "loss": 0.64724681, "lr": 0.00039358, "params": 502054, "time_iter": 0.13278, "accuracy": 0.76803, "f1": 0.76803, "accuracy-SBM": 0.76803, "auc": 0.95803}
{"epoch": 35, "time_epoch": 83.21803, "eta": 5316.62069, "eta_hours": 1.47684, "loss": 0.64383749, "lr": 0.00038674, "params": 502054, "time_iter": 0.13315, "accuracy": 0.76871, "f1": 0.76871, "accuracy-SBM": 0.76871, "auc": 0.95853}
{"epoch": 36, "time_epoch": 83.12238, "eta": 5233.63394, "eta_hours": 1.45379, "loss": 0.64144335, "lr": 0.00037974, "params": 502054, "time_iter": 0.133, "accuracy": 0.77018, "f1": 0.77018, "accuracy-SBM": 0.77018, "auc": 0.95881}
{"epoch": 37, "time_epoch": 82.64417, "eta": 5149.85982, "eta_hours": 1.43052, "loss": 0.6394919, "lr": 0.00037261, "params": 502054, "time_iter": 0.13223, "accuracy": 0.77053, "f1": 0.77052, "accuracy-SBM": 0.77053, "auc": 0.95907}
{"epoch": 38, "time_epoch": 82.31973, "eta": 5065.63617, "eta_hours": 1.40712, "loss": 0.6369167, "lr": 0.00036534, "params": 502054, "time_iter": 0.13171, "accuracy": 0.77173, "f1": 0.77173, "accuracy-SBM": 0.77173, "auc": 0.95936}
{"epoch": 39, "time_epoch": 82.58151, "eta": 4981.90039, "eta_hours": 1.38386, "loss": 0.63318874, "lr": 0.00035794, "params": 502054, "time_iter": 0.13213, "accuracy": 0.77261, "f1": 0.77261, "accuracy-SBM": 0.77261, "auc": 0.95987}
{"epoch": 40, "time_epoch": 81.98225, "eta": 4897.35857, "eta_hours": 1.36038, "loss": 0.63316738, "lr": 0.00035042, "params": 502054, "time_iter": 0.13117, "accuracy": 0.77233, "f1": 0.77233, "accuracy-SBM": 0.77233, "auc": 0.95985}
{"epoch": 41, "time_epoch": 82.4825, "eta": 4813.62947, "eta_hours": 1.33712, "loss": 0.6306594, "lr": 0.0003428, "params": 502054, "time_iter": 0.13197, "accuracy": 0.77346, "f1": 0.77346, "accuracy-SBM": 0.77346, "auc": 0.96019}
{"epoch": 42, "time_epoch": 82.58694, "eta": 4730.09678, "eta_hours": 1.31392, "loss": 0.62932678, "lr": 0.00033507, "params": 502054, "time_iter": 0.13214, "accuracy": 0.77366, "f1": 0.77366, "accuracy-SBM": 0.77366, "auc": 0.96036}
{"epoch": 43, "time_epoch": 82.41968, "eta": 4646.39421, "eta_hours": 1.29067, "loss": 0.62605428, "lr": 0.00032725, "params": 502054, "time_iter": 0.13187, "accuracy": 0.7751, "f1": 0.7751, "accuracy-SBM": 0.7751, "auc": 0.96076}
{"epoch": 44, "time_epoch": 81.95011, "eta": 4562.17474, "eta_hours": 1.26727, "loss": 0.62101942, "lr": 0.00031935, "params": 502054, "time_iter": 0.13112, "accuracy": 0.77662, "f1": 0.77662, "accuracy-SBM": 0.77662, "auc": 0.96139}
{"epoch": 45, "time_epoch": 82.99147, "eta": 4479.27639, "eta_hours": 1.24424, "loss": 0.62291705, "lr": 0.00031137, "params": 502054, "time_iter": 0.13279, "accuracy": 0.77612, "f1": 0.77612, "accuracy-SBM": 0.77612, "auc": 0.96114}
{"epoch": 46, "time_epoch": 82.73562, "eta": 4396.08558, "eta_hours": 1.22113, "loss": 0.61962367, "lr": 0.00030332, "params": 502054, "time_iter": 0.13238, "accuracy": 0.77744, "f1": 0.77744, "accuracy-SBM": 0.77744, "auc": 0.96155}
{"epoch": 47, "time_epoch": 82.58971, "eta": 4312.75566, "eta_hours": 1.19799, "loss": 0.61540042, "lr": 0.00029522, "params": 502054, "time_iter": 0.13214, "accuracy": 0.77863, "f1": 0.77863, "accuracy-SBM": 0.77863, "auc": 0.96211}
{"epoch": 48, "time_epoch": 82.2088, "eta": 4229.05949, "eta_hours": 1.17474, "loss": 0.61278351, "lr": 0.00028707, "params": 502054, "time_iter": 0.13153, "accuracy": 0.7794, "f1": 0.7794, "accuracy-SBM": 0.7794, "auc": 0.96242}
{"epoch": 49, "time_epoch": 83.06176, "eta": 4146.27578, "eta_hours": 1.15174, "loss": 0.61330925, "lr": 0.00027887, "params": 502054, "time_iter": 0.1329, "accuracy": 0.77942, "f1": 0.77942, "accuracy-SBM": 0.77942, "auc": 0.96236}
{"epoch": 50, "time_epoch": 82.14011, "eta": 4062.59566, "eta_hours": 1.1285, "loss": 0.60734974, "lr": 0.00027064, "params": 502054, "time_iter": 0.13142, "accuracy": 0.7815, "f1": 0.7815, "accuracy-SBM": 0.7815, "auc": 0.96309}
{"epoch": 51, "time_epoch": 81.98401, "eta": 3978.83068, "eta_hours": 1.10523, "loss": 0.60912606, "lr": 0.0002624, "params": 502054, "time_iter": 0.13117, "accuracy": 0.78099, "f1": 0.78099, "accuracy-SBM": 0.781, "auc": 0.96286}
{"epoch": 52, "time_epoch": 82.51329, "eta": 3895.60227, "eta_hours": 1.08211, "loss": 0.60420392, "lr": 0.00025413, "params": 502054, "time_iter": 0.13202, "accuracy": 0.78245, "f1": 0.78245, "accuracy-SBM": 0.78245, "auc": 0.96346}
{"epoch": 53, "time_epoch": 82.91378, "eta": 3812.7415, "eta_hours": 1.05909, "loss": 0.6036308, "lr": 0.00024587, "params": 502054, "time_iter": 0.13266, "accuracy": 0.78285, "f1": 0.78285, "accuracy-SBM": 0.78285, "auc": 0.96353}
{"epoch": 54, "time_epoch": 82.71361, "eta": 3729.71502, "eta_hours": 1.03603, "loss": 0.6033055, "lr": 0.0002376, "params": 502054, "time_iter": 0.13234, "accuracy": 0.78292, "f1": 0.78292, "accuracy-SBM": 0.78292, "auc": 0.96357}
{"epoch": 55, "time_epoch": 82.7624, "eta": 3646.73805, "eta_hours": 1.01298, "loss": 0.60062733, "lr": 0.00022936, "params": 502054, "time_iter": 0.13242, "accuracy": 0.78353, "f1": 0.78353, "accuracy-SBM": 0.78353, "auc": 0.9639}
{"epoch": 56, "time_epoch": 82.51694, "eta": 3563.58345, "eta_hours": 0.98988, "loss": 0.59713644, "lr": 0.00022113, "params": 502054, "time_iter": 0.13203, "accuracy": 0.78505, "f1": 0.78505, "accuracy-SBM": 0.78505, "auc": 0.96431}
{"epoch": 57, "time_epoch": 81.94442, "eta": 3480.03624, "eta_hours": 0.96668, "loss": 0.59576111, "lr": 0.00021293, "params": 502054, "time_iter": 0.13111, "accuracy": 0.78588, "f1": 0.78588, "accuracy-SBM": 0.78588, "auc": 0.96447}
{"epoch": 58, "time_epoch": 82.83707, "eta": 3397.16369, "eta_hours": 0.94366, "loss": 0.59268634, "lr": 0.00020478, "params": 502054, "time_iter": 0.13254, "accuracy": 0.78662, "f1": 0.78662, "accuracy-SBM": 0.78662, "auc": 0.96484}
{"epoch": 59, "time_epoch": 83.62609, "eta": 3314.81833, "eta_hours": 0.92078, "loss": 0.5931535, "lr": 0.00019668, "params": 502054, "time_iter": 0.1338, "accuracy": 0.78644, "f1": 0.78644, "accuracy-SBM": 0.78644, "auc": 0.96478}
{"epoch": 60, "time_epoch": 82.98462, "eta": 3232.02086, "eta_hours": 0.89778, "loss": 0.59105126, "lr": 0.00018863, "params": 502054, "time_iter": 0.13278, "accuracy": 0.7874, "f1": 0.78739, "accuracy-SBM": 0.7874, "auc": 0.96503}
{"epoch": 61, "time_epoch": 83.5594, "eta": 3149.56964, "eta_hours": 0.87488, "loss": 0.58856028, "lr": 0.00018065, "params": 502054, "time_iter": 0.1337, "accuracy": 0.78793, "f1": 0.78793, "accuracy-SBM": 0.78793, "auc": 0.96532}
{"epoch": 62, "time_epoch": 84.49118, "eta": 3067.63047, "eta_hours": 0.85212, "loss": 0.58628725, "lr": 0.00017275, "params": 502054, "time_iter": 0.13519, "accuracy": 0.78835, "f1": 0.78835, "accuracy-SBM": 0.78835, "auc": 0.96561}
{"epoch": 63, "time_epoch": 84.8306, "eta": 2985.80247, "eta_hours": 0.82939, "loss": 0.58543539, "lr": 0.00016493, "params": 502054, "time_iter": 0.13573, "accuracy": 0.78887, "f1": 0.78886, "accuracy-SBM": 0.78887, "auc": 0.96572}
{"epoch": 64, "time_epoch": 84.39112, "eta": 2903.64545, "eta_hours": 0.80657, "loss": 0.58203932, "lr": 0.0001572, "params": 502054, "time_iter": 0.13503, "accuracy": 0.79018, "f1": 0.79018, "accuracy-SBM": 0.79018, "auc": 0.96609}
{"epoch": 65, "time_epoch": 84.62242, "eta": 2821.53988, "eta_hours": 0.78376, "loss": 0.57937515, "lr": 0.00014958, "params": 502054, "time_iter": 0.1354, "accuracy": 0.79097, "f1": 0.79097, "accuracy-SBM": 0.79097, "auc": 0.9664}
{"epoch": 66, "time_epoch": 85.23027, "eta": 2739.65857, "eta_hours": 0.76102, "loss": 0.57889968, "lr": 0.00014206, "params": 502054, "time_iter": 0.13637, "accuracy": 0.7912, "f1": 0.7912, "accuracy-SBM": 0.7912, "auc": 0.96646}
{"epoch": 67, "time_epoch": 84.74971, "eta": 2657.45262, "eta_hours": 0.73818, "loss": 0.57817722, "lr": 0.00013466, "params": 502054, "time_iter": 0.1356, "accuracy": 0.79142, "f1": 0.79142, "accuracy-SBM": 0.79142, "auc": 0.96656}
{"epoch": 68, "time_epoch": 84.9395, "eta": 2575.2582, "eta_hours": 0.71535, "loss": 0.57735334, "lr": 0.00012739, "params": 502054, "time_iter": 0.1359, "accuracy": 0.79209, "f1": 0.79209, "accuracy-SBM": 0.79209, "auc": 0.96664}
{"epoch": 69, "time_epoch": 84.76206, "eta": 2492.9093, "eta_hours": 0.69247, "loss": 0.57445052, "lr": 0.00012026, "params": 502054, "time_iter": 0.13562, "accuracy": 0.79317, "f1": 0.79317, "accuracy-SBM": 0.79317, "auc": 0.96697}
{"epoch": 70, "time_epoch": 85.41338, "eta": 2410.75846, "eta_hours": 0.66966, "loss": 0.57367903, "lr": 0.00011326, "params": 502054, "time_iter": 0.13666, "accuracy": 0.79306, "f1": 0.79305, "accuracy-SBM": 0.79306, "auc": 0.96709}
{"epoch": 71, "time_epoch": 84.76707, "eta": 2328.26565, "eta_hours": 0.64674, "loss": 0.57147646, "lr": 0.00010642, "params": 502054, "time_iter": 0.13563, "accuracy": 0.79388, "f1": 0.79388, "accuracy-SBM": 0.79388, "auc": 0.96734}
{"epoch": 72, "time_epoch": 85.64439, "eta": 2246.03503, "eta_hours": 0.6239, "loss": 0.57163263, "lr": 9.973e-05, "params": 502054, "time_iter": 0.13703, "accuracy": 0.79381, "f1": 0.79381, "accuracy-SBM": 0.79381, "auc": 0.96732}
{"epoch": 73, "time_epoch": 84.49825, "eta": 2163.30944, "eta_hours": 0.60092, "loss": 0.57010119, "lr": 9.321e-05, "params": 502054, "time_iter": 0.1352, "accuracy": 0.79503, "f1": 0.79503, "accuracy-SBM": 0.79503, "auc": 0.96747}
{"epoch": 74, "time_epoch": 85.15974, "eta": 2080.75707, "eta_hours": 0.57799, "loss": 0.56769478, "lr": 8.685e-05, "params": 502054, "time_iter": 0.13626, "accuracy": 0.79509, "f1": 0.79509, "accuracy-SBM": 0.79509, "auc": 0.96777}
{"epoch": 75, "time_epoch": 84.81834, "eta": 1998.02828, "eta_hours": 0.55501, "loss": 0.57007539, "lr": 8.068e-05, "params": 502054, "time_iter": 0.13571, "accuracy": 0.79441, "f1": 0.79441, "accuracy-SBM": 0.79441, "auc": 0.96748}
{"epoch": 76, "time_epoch": 84.79604, "eta": 1915.23855, "eta_hours": 0.53201, "loss": 0.56731229, "lr": 7.469e-05, "params": 502054, "time_iter": 0.13567, "accuracy": 0.79547, "f1": 0.79547, "accuracy-SBM": 0.79547, "auc": 0.9678}
{"epoch": 77, "time_epoch": 85.04796, "eta": 1832.46844, "eta_hours": 0.50902, "loss": 0.5649522, "lr": 6.889e-05, "params": 502054, "time_iter": 0.13608, "accuracy": 0.79625, "f1": 0.79625, "accuracy-SBM": 0.79625, "auc": 0.96807}
{"epoch": 78, "time_epoch": 85.20036, "eta": 1749.68117, "eta_hours": 0.48602, "loss": 0.56341073, "lr": 6.329e-05, "params": 502054, "time_iter": 0.13632, "accuracy": 0.79642, "f1": 0.79642, "accuracy-SBM": 0.79642, "auc": 0.96826}
{"epoch": 79, "time_epoch": 85.04571, "eta": 1666.7949, "eta_hours": 0.463, "loss": 0.56127897, "lr": 5.79e-05, "params": 502054, "time_iter": 0.13607, "accuracy": 0.7972, "f1": 0.7972, "accuracy-SBM": 0.7972, "auc": 0.96849}
{"epoch": 80, "time_epoch": 85.03898, "eta": 1583.85374, "eta_hours": 0.43996, "loss": 0.56153739, "lr": 5.271e-05, "params": 502054, "time_iter": 0.13606, "accuracy": 0.79693, "f1": 0.79693, "accuracy-SBM": 0.79693, "auc": 0.96847}
{"epoch": 81, "time_epoch": 85.00268, "eta": 1500.85345, "eta_hours": 0.4169, "loss": 0.56234454, "lr": 4.775e-05, "params": 502054, "time_iter": 0.136, "accuracy": 0.79721, "f1": 0.79721, "accuracy-SBM": 0.79721, "auc": 0.96835}
{"epoch": 82, "time_epoch": 84.98509, "eta": 1417.8013, "eta_hours": 0.39383, "loss": 0.5600097, "lr": 4.3e-05, "params": 502054, "time_iter": 0.13598, "accuracy": 0.7974, "f1": 0.79739, "accuracy-SBM": 0.7974, "auc": 0.96863}
{"epoch": 83, "time_epoch": 84.76534, "eta": 1334.66128, "eta_hours": 0.37074, "loss": 0.5611105, "lr": 3.848e-05, "params": 502054, "time_iter": 0.13562, "accuracy": 0.79734, "f1": 0.79734, "accuracy-SBM": 0.79734, "auc": 0.96851}
{"epoch": 84, "time_epoch": 85.21782, "eta": 1251.56286, "eta_hours": 0.34766, "loss": 0.56065818, "lr": 3.419e-05, "params": 502054, "time_iter": 0.13635, "accuracy": 0.79782, "f1": 0.79782, "accuracy-SBM": 0.79782, "auc": 0.96856}
{"epoch": 85, "time_epoch": 84.94707, "eta": 1168.37107, "eta_hours": 0.32455, "loss": 0.55693548, "lr": 3.013e-05, "params": 502054, "time_iter": 0.13592, "accuracy": 0.79897, "f1": 0.79897, "accuracy-SBM": 0.79897, "auc": 0.96897}
{"epoch": 86, "time_epoch": 84.90977, "eta": 1085.13336, "eta_hours": 0.30143, "loss": 0.55728988, "lr": 2.632e-05, "params": 502054, "time_iter": 0.13586, "accuracy": 0.79915, "f1": 0.79915, "accuracy-SBM": 0.79915, "auc": 0.96892}
{"epoch": 87, "time_epoch": 84.91202, "eta": 1001.85796, "eta_hours": 0.27829, "loss": 0.55674083, "lr": 2.275e-05, "params": 502054, "time_iter": 0.13586, "accuracy": 0.79912, "f1": 0.79911, "accuracy-SBM": 0.79911, "auc": 0.96901}
{"epoch": 88, "time_epoch": 84.91652, "eta": 918.54634, "eta_hours": 0.25515, "loss": 0.55726487, "lr": 1.943e-05, "params": 502054, "time_iter": 0.13587, "accuracy": 0.79891, "f1": 0.79891, "accuracy-SBM": 0.79891, "auc": 0.96894}
{"epoch": 89, "time_epoch": 84.60331, "eta": 835.16424, "eta_hours": 0.23199, "loss": 0.55499635, "lr": 1.636e-05, "params": 502054, "time_iter": 0.13537, "accuracy": 0.79974, "f1": 0.79974, "accuracy-SBM": 0.79974, "auc": 0.9692}
{"epoch": 90, "time_epoch": 85.17185, "eta": 751.81154, "eta_hours": 0.20884, "loss": 0.55489298, "lr": 1.355e-05, "params": 502054, "time_iter": 0.13627, "accuracy": 0.79975, "f1": 0.79975, "accuracy-SBM": 0.79975, "auc": 0.96919}
{"epoch": 91, "time_epoch": 84.53877, "eta": 668.36425, "eta_hours": 0.18566, "loss": 0.55599822, "lr": 1.099e-05, "params": 502054, "time_iter": 0.13526, "accuracy": 0.79937, "f1": 0.79937, "accuracy-SBM": 0.79937, "auc": 0.96907}
{"epoch": 92, "time_epoch": 85.59608, "eta": 584.97306, "eta_hours": 0.16249, "loss": 0.55374722, "lr": 8.7e-06, "params": 502054, "time_iter": 0.13695, "accuracy": 0.80002, "f1": 0.80002, "accuracy-SBM": 0.80002, "auc": 0.96933}
{"epoch": 93, "time_epoch": 85.21334, "eta": 501.51053, "eta_hours": 0.13931, "loss": 0.55345211, "lr": 6.67e-06, "params": 502054, "time_iter": 0.13634, "accuracy": 0.80014, "f1": 0.80014, "accuracy-SBM": 0.80014, "auc": 0.96938}
{"epoch": 94, "time_epoch": 85.22167, "eta": 418.01157, "eta_hours": 0.11611, "loss": 0.55332685, "lr": 4.91e-06, "params": 502054, "time_iter": 0.13635, "accuracy": 0.80069, "f1": 0.80069, "accuracy-SBM": 0.80069, "auc": 0.96937}
{"epoch": 95, "time_epoch": 84.99548, "eta": 334.46731, "eta_hours": 0.09291, "loss": 0.55347368, "lr": 3.41e-06, "params": 502054, "time_iter": 0.13599, "accuracy": 0.80033, "f1": 0.80033, "accuracy-SBM": 0.80033, "auc": 0.96935}
{"epoch": 96, "time_epoch": 85.34007, "eta": 250.90378, "eta_hours": 0.0697, "loss": 0.5536523, "lr": 2.18e-06, "params": 502054, "time_iter": 0.13654, "accuracy": 0.79998, "f1": 0.79998, "accuracy-SBM": 0.79998, "auc": 0.96934}
{"epoch": 97, "time_epoch": 84.80345, "eta": 167.29304, "eta_hours": 0.04647, "loss": 0.55326933, "lr": 1.23e-06, "params": 502054, "time_iter": 0.13569, "accuracy": 0.79997, "f1": 0.79997, "accuracy-SBM": 0.79997, "auc": 0.96938}
{"epoch": 98, "time_epoch": 85.19646, "eta": 83.66218, "eta_hours": 0.02324, "loss": 0.55208417, "lr": 5.5e-07, "params": 502054, "time_iter": 0.13631, "accuracy": 0.80089, "f1": 0.80088, "accuracy-SBM": 0.80089, "auc": 0.9695}
{"epoch": 99, "time_epoch": 84.76392, "eta": 0.0, "eta_hours": 0.0, "loss": 0.55406407, "lr": 1.4e-07, "params": 502054, "time_iter": 0.13562, "accuracy": 0.80003, "f1": 0.80003, "accuracy-SBM": 0.80003, "auc": 0.96928}
