{"epoch": 0, "time_epoch": 38.89698, "eta": 5795.6502, "eta_hours": 1.6099, "loss": 1.61830803, "lr": 0.0, "params": 527237, "time_iter": 0.17761, "accuracy": 0.2, "f1": 0.06667, "auc": 0.40134}
{"epoch": 1, "time_epoch": 38.61006, "eta": 5735.52077, "eta_hours": 1.5932, "loss": 1.54521914, "lr": 5e-05, "params": 527237, "time_iter": 0.1763, "accuracy": 0.4, "f1": 0.33973, "auc": 0.77122}
{"epoch": 2, "time_epoch": 37.97115, "eta": 5658.43124, "eta_hours": 1.57179, "loss": 1.41946144, "lr": 0.0001, "params": 527237, "time_iter": 0.17338, "accuracy": 0.67771, "f1": 0.66933, "auc": 0.88716}
{"epoch": 3, "time_epoch": 38.11598, "eta": 5606.18728, "eta_hours": 1.55727, "loss": 1.31487024, "lr": 0.00015, "params": 527237, "time_iter": 0.17405, "accuracy": 0.762, "f1": 0.75736, "auc": 0.9239}
{"epoch": 4, "time_epoch": 38.1059, "eta": 5559.30221, "eta_hours": 1.54425, "loss": 1.20899164, "lr": 0.0002, "params": 527237, "time_iter": 0.174, "accuracy": 0.8, "f1": 0.7994, "auc": 0.93916}
{"epoch": 5, "time_epoch": 38.2491, "eta": 5518.78012, "eta_hours": 1.53299, "loss": 1.10786306, "lr": 0.00025, "params": 527237, "time_iter": 0.17465, "accuracy": 0.82314, "f1": 0.82228, "auc": 0.94521}
{"epoch": 6, "time_epoch": 38.01615, "eta": 5474.14869, "eta_hours": 1.5206, "loss": 1.00432707, "lr": 0.0003, "params": 527237, "time_iter": 0.17359, "accuracy": 0.82771, "f1": 0.82559, "auc": 0.95468}
{"epoch": 7, "time_epoch": 38.21923, "eta": 5434.77574, "eta_hours": 1.50966, "loss": 0.90823684, "lr": 0.00035, "params": 527237, "time_iter": 0.17452, "accuracy": 0.84314, "f1": 0.84122, "auc": 0.95849}
{"epoch": 8, "time_epoch": 38.06178, "eta": 5393.19256, "eta_hours": 1.49811, "loss": 0.82006386, "lr": 0.0004, "params": 527237, "time_iter": 0.1738, "accuracy": 0.86, "f1": 0.85829, "auc": 0.96271}
{"epoch": 9, "time_epoch": 38.0074, "eta": 5351.55221, "eta_hours": 1.48654, "loss": 0.73636139, "lr": 0.00045, "params": 527237, "time_iter": 0.17355, "accuracy": 0.86143, "f1": 0.86052, "auc": 0.96654}
{"epoch": 10, "time_epoch": 38.1209, "eta": 5312.00667, "eta_hours": 1.47556, "loss": 0.65037642, "lr": 0.0005, "params": 527237, "time_iter": 0.17407, "accuracy": 0.876, "f1": 0.87564, "auc": 0.97042}
{"epoch": 11, "time_epoch": 38.5485, "eta": 5277.61602, "eta_hours": 1.466, "loss": 0.57519289, "lr": 0.00049994, "params": 527237, "time_iter": 0.17602, "accuracy": 0.88429, "f1": 0.88451, "auc": 0.97416}
{"epoch": 12, "time_epoch": 38.29321, "eta": 5239.89527, "eta_hours": 1.45553, "loss": 0.50504699, "lr": 0.00049975, "params": 527237, "time_iter": 0.17485, "accuracy": 0.89629, "f1": 0.89616, "auc": 0.97878}
{"epoch": 13, "time_epoch": 38.09065, "eta": 5200.12508, "eta_hours": 1.44448, "loss": 0.44421011, "lr": 0.00049943, "params": 527237, "time_iter": 0.17393, "accuracy": 0.904, "f1": 0.9037, "auc": 0.98249}
{"epoch": 14, "time_epoch": 38.30693, "eta": 5162.52531, "eta_hours": 1.43403, "loss": 0.40128053, "lr": 0.00049899, "params": 527237, "time_iter": 0.17492, "accuracy": 0.91057, "f1": 0.91028, "auc": 0.98399}
{"epoch": 15, "time_epoch": 38.28002, "eta": 5124.61174, "eta_hours": 1.4235, "loss": 0.35122842, "lr": 0.00049843, "params": 527237, "time_iter": 0.17479, "accuracy": 0.92629, "f1": 0.92618, "auc": 0.98604}
{"epoch": 16, "time_epoch": 38.05447, "eta": 5084.89049, "eta_hours": 1.41247, "loss": 0.33039749, "lr": 0.00049774, "params": 527237, "time_iter": 0.17376, "accuracy": 0.922, "f1": 0.92186, "auc": 0.98663}
{"epoch": 17, "time_epoch": 38.66727, "eta": 5049.84834, "eta_hours": 1.40274, "loss": 0.28956672, "lr": 0.00049692, "params": 527237, "time_iter": 0.17656, "accuracy": 0.93, "f1": 0.92992, "auc": 0.98878}
{"epoch": 18, "time_epoch": 38.7187, "eta": 5014.77918, "eta_hours": 1.39299, "loss": 0.26614235, "lr": 0.00049598, "params": 527237, "time_iter": 0.1768, "accuracy": 0.93371, "f1": 0.93369, "auc": 0.99035}
{"epoch": 19, "time_epoch": 38.28807, "eta": 4976.54597, "eta_hours": 1.38237, "loss": 0.24415338, "lr": 0.00049492, "params": 527237, "time_iter": 0.17483, "accuracy": 0.94143, "f1": 0.94128, "auc": 0.99001}
{"epoch": 20, "time_epoch": 38.82183, "eta": 4941.58636, "eta_hours": 1.37266, "loss": 0.23464544, "lr": 0.00049373, "params": 527237, "time_iter": 0.17727, "accuracy": 0.93686, "f1": 0.93688, "auc": 0.99124}
{"epoch": 21, "time_epoch": 38.22364, "eta": 4902.79522, "eta_hours": 1.36189, "loss": 0.21392572, "lr": 0.00049242, "params": 527237, "time_iter": 0.17454, "accuracy": 0.94543, "f1": 0.94531, "auc": 0.9917}
{"epoch": 22, "time_epoch": 38.91655, "eta": 4867.87949, "eta_hours": 1.35219, "loss": 0.21252739, "lr": 0.00049099, "params": 527237, "time_iter": 0.1777, "accuracy": 0.94171, "f1": 0.94169, "auc": 0.99196}
{"epoch": 23, "time_epoch": 38.58011, "eta": 4830.86405, "eta_hours": 1.34191, "loss": 0.19961519, "lr": 0.00048944, "params": 527237, "time_iter": 0.17616, "accuracy": 0.94514, "f1": 0.94512, "auc": 0.99216}
{"epoch": 24, "time_epoch": 38.52743, "eta": 4793.46004, "eta_hours": 1.33152, "loss": 0.19383151, "lr": 0.00048776, "params": 527237, "time_iter": 0.17592, "accuracy": 0.94429, "f1": 0.94413, "auc": 0.99284}
{"epoch": 25, "time_epoch": 38.63605, "eta": 4756.48765, "eta_hours": 1.32125, "loss": 0.19062963, "lr": 0.00048597, "params": 527237, "time_iter": 0.17642, "accuracy": 0.948, "f1": 0.94792, "auc": 0.99249}
{"epoch": 26, "time_epoch": 38.43811, "eta": 4718.49031, "eta_hours": 1.31069, "loss": 0.17748891, "lr": 0.00048406, "params": 527237, "time_iter": 0.17552, "accuracy": 0.94686, "f1": 0.94674, "auc": 0.99365}
{"epoch": 27, "time_epoch": 37.91842, "eta": 4678.19713, "eta_hours": 1.2995, "loss": 0.16876666, "lr": 0.00048203, "params": 527237, "time_iter": 0.17314, "accuracy": 0.95086, "f1": 0.95082, "auc": 0.99424}
{"epoch": 28, "time_epoch": 38.15172, "eta": 4639.04115, "eta_hours": 1.28862, "loss": 0.16852383, "lr": 0.00047988, "params": 527237, "time_iter": 0.17421, "accuracy": 0.94743, "f1": 0.94739, "auc": 0.99408}
{"epoch": 29, "time_epoch": 38.4665, "eta": 4601.21122, "eta_hours": 1.27811, "loss": 0.16159711, "lr": 0.00047762, "params": 527237, "time_iter": 0.17565, "accuracy": 0.95343, "f1": 0.95337, "auc": 0.99338}
{"epoch": 30, "time_epoch": 38.76139, "eta": 4564.47222, "eta_hours": 1.26791, "loss": 0.17067709, "lr": 0.00047524, "params": 527237, "time_iter": 0.17699, "accuracy": 0.95057, "f1": 0.95044, "auc": 0.99424}
{"epoch": 31, "time_epoch": 38.50348, "eta": 4526.65579, "eta_hours": 1.2574, "loss": 0.15164123, "lr": 0.00047275, "params": 527237, "time_iter": 0.17581, "accuracy": 0.95343, "f1": 0.95335, "auc": 0.99523}
{"epoch": 32, "time_epoch": 38.17448, "eta": 4487.63127, "eta_hours": 1.24656, "loss": 0.14925173, "lr": 0.00047015, "params": 527237, "time_iter": 0.17431, "accuracy": 0.952, "f1": 0.95188, "auc": 0.99528}
{"epoch": 33, "time_epoch": 38.49153, "eta": 4449.73846, "eta_hours": 1.23604, "loss": 0.14337853, "lr": 0.00046744, "params": 527237, "time_iter": 0.17576, "accuracy": 0.958, "f1": 0.95798, "auc": 0.9951}
{"epoch": 34, "time_epoch": 38.39272, "eta": 4411.48676, "eta_hours": 1.22541, "loss": 0.1395511, "lr": 0.00046461, "params": 527237, "time_iter": 0.17531, "accuracy": 0.95771, "f1": 0.9577, "auc": 0.9955}
{"epoch": 35, "time_epoch": 38.37336, "eta": 4373.16593, "eta_hours": 1.21477, "loss": 0.14356832, "lr": 0.00046168, "params": 527237, "time_iter": 0.17522, "accuracy": 0.95629, "f1": 0.95623, "auc": 0.99527}
{"epoch": 36, "time_epoch": 38.36593, "eta": 4334.81956, "eta_hours": 1.20412, "loss": 0.13462062, "lr": 0.00045864, "params": 527237, "time_iter": 0.17519, "accuracy": 0.95857, "f1": 0.95847, "auc": 0.9958}
{"epoch": 37, "time_epoch": 38.23603, "eta": 4296.0893, "eta_hours": 1.19336, "loss": 0.12012322, "lr": 0.0004555, "params": 527237, "time_iter": 0.17459, "accuracy": 0.96314, "f1": 0.9631, "auc": 0.9967}
{"epoch": 38, "time_epoch": 38.48227, "eta": 4258.08523, "eta_hours": 1.1828, "loss": 0.12842966, "lr": 0.00045225, "params": 527237, "time_iter": 0.17572, "accuracy": 0.96143, "f1": 0.96139, "auc": 0.996}
{"epoch": 39, "time_epoch": 38.66364, "eta": 4220.55599, "eta_hours": 1.17238, "loss": 0.12420901, "lr": 0.00044891, "params": 527237, "time_iter": 0.17655, "accuracy": 0.962, "f1": 0.96195, "auc": 0.99592}
{"epoch": 40, "time_epoch": 38.47614, "eta": 4182.47295, "eta_hours": 1.1618, "loss": 0.12822889, "lr": 0.00044546, "params": 527237, "time_iter": 0.17569, "accuracy": 0.962, "f1": 0.96196, "auc": 0.9962}
{"epoch": 41, "time_epoch": 38.75965, "eta": 4145.10022, "eta_hours": 1.15142, "loss": 0.1258749, "lr": 0.00044191, "params": 527237, "time_iter": 0.17698, "accuracy": 0.96171, "f1": 0.96171, "auc": 0.99635}
{"epoch": 42, "time_epoch": 38.39858, "eta": 4106.7645, "eta_hours": 1.14077, "loss": 0.11288115, "lr": 0.00043827, "params": 527237, "time_iter": 0.17534, "accuracy": 0.96571, "f1": 0.96561, "auc": 0.99646}
{"epoch": 43, "time_epoch": 38.37362, "eta": 4068.3658, "eta_hours": 1.1301, "loss": 0.11390911, "lr": 0.00043453, "params": 527237, "time_iter": 0.17522, "accuracy": 0.96743, "f1": 0.96738, "auc": 0.99673}
{"epoch": 44, "time_epoch": 38.36264, "eta": 4029.94259, "eta_hours": 1.11943, "loss": 0.11527684, "lr": 0.0004307, "params": 527237, "time_iter": 0.17517, "accuracy": 0.96629, "f1": 0.9662, "auc": 0.99621}
{"epoch": 45, "time_epoch": 37.98611, "eta": 3990.67074, "eta_hours": 1.10852, "loss": 0.10635069, "lr": 0.00042678, "params": 527237, "time_iter": 0.17345, "accuracy": 0.96743, "f1": 0.96737, "auc": 0.99699}
{"epoch": 46, "time_epoch": 38.19281, "eta": 3951.90657, "eta_hours": 1.09775, "loss": 0.10162618, "lr": 0.00042277, "params": 527237, "time_iter": 0.1744, "accuracy": 0.968, "f1": 0.96794, "auc": 0.99743}
{"epoch": 47, "time_epoch": 38.24714, "eta": 3913.28166, "eta_hours": 1.08702, "loss": 0.10961427, "lr": 0.00041867, "params": 527237, "time_iter": 0.17464, "accuracy": 0.96686, "f1": 0.96679, "auc": 0.99687}
{"epoch": 48, "time_epoch": 38.27756, "eta": 3874.73487, "eta_hours": 1.07632, "loss": 0.10984697, "lr": 0.00041448, "params": 527237, "time_iter": 0.17478, "accuracy": 0.96686, "f1": 0.96682, "auc": 0.99712}
{"epoch": 49, "time_epoch": 38.02306, "eta": 3835.68985, "eta_hours": 1.06547, "loss": 0.11701999, "lr": 0.00041022, "params": 527237, "time_iter": 0.17362, "accuracy": 0.96571, "f1": 0.96563, "auc": 0.99674}
{"epoch": 50, "time_epoch": 38.26797, "eta": 3797.16033, "eta_hours": 1.05477, "loss": 0.09969166, "lr": 0.00040587, "params": 527237, "time_iter": 0.17474, "accuracy": 0.97, "f1": 0.96998, "auc": 0.99713}
{"epoch": 51, "time_epoch": 38.12681, "eta": 3758.37482, "eta_hours": 1.04399, "loss": 0.0968552, "lr": 0.00040145, "params": 527237, "time_iter": 0.1741, "accuracy": 0.97086, "f1": 0.97081, "auc": 0.99755}
{"epoch": 52, "time_epoch": 38.40246, "eta": 3720.11867, "eta_hours": 1.03337, "loss": 0.09249264, "lr": 0.00039695, "params": 527237, "time_iter": 0.17535, "accuracy": 0.97286, "f1": 0.9728, "auc": 0.99775}
{"epoch": 53, "time_epoch": 38.34545, "eta": 3681.75574, "eta_hours": 1.02271, "loss": 0.09848344, "lr": 0.00039237, "params": 527237, "time_iter": 0.17509, "accuracy": 0.96971, "f1": 0.96966, "auc": 0.9971}
{"epoch": 54, "time_epoch": 38.36271, "eta": 3643.42327, "eta_hours": 1.01206, "loss": 0.0955849, "lr": 0.00038772, "params": 527237, "time_iter": 0.17517, "accuracy": 0.97086, "f1": 0.97077, "auc": 0.99769}
{"epoch": 55, "time_epoch": 38.55521, "eta": 3605.41285, "eta_hours": 1.0015, "loss": 0.10300229, "lr": 0.00038301, "params": 527237, "time_iter": 0.17605, "accuracy": 0.96886, "f1": 0.96878, "auc": 0.99788}
{"epoch": 56, "time_epoch": 38.27218, "eta": 3566.92152, "eta_hours": 0.99081, "loss": 0.09660525, "lr": 0.00037822, "params": 527237, "time_iter": 0.17476, "accuracy": 0.97171, "f1": 0.97171, "auc": 0.99755}
{"epoch": 57, "time_epoch": 38.454, "eta": 3528.72615, "eta_hours": 0.9802, "loss": 0.09135564, "lr": 0.00037338, "params": 527237, "time_iter": 0.17559, "accuracy": 0.97314, "f1": 0.97312, "auc": 0.99771}
{"epoch": 58, "time_epoch": 38.42206, "eta": 3490.47276, "eta_hours": 0.96958, "loss": 0.10638209, "lr": 0.00036847, "params": 527237, "time_iter": 0.17544, "accuracy": 0.96914, "f1": 0.96907, "auc": 0.99724}
{"epoch": 59, "time_epoch": 38.35804, "eta": 3452.11771, "eta_hours": 0.95892, "loss": 0.09027722, "lr": 0.0003635, "params": 527237, "time_iter": 0.17515, "accuracy": 0.972, "f1": 0.97196, "auc": 0.99783}
{"epoch": 60, "time_epoch": 38.50358, "eta": 3413.9749, "eta_hours": 0.94833, "loss": 0.08399017, "lr": 0.00035847, "params": 527237, "time_iter": 0.17582, "accuracy": 0.97457, "f1": 0.97452, "auc": 0.99774}
{"epoch": 61, "time_epoch": 38.73523, "eta": 3376.14925, "eta_hours": 0.93782, "loss": 0.07980727, "lr": 0.00035339, "params": 527237, "time_iter": 0.17687, "accuracy": 0.97714, "f1": 0.97709, "auc": 0.99816}
{"epoch": 62, "time_epoch": 38.7226, "eta": 3338.2773, "eta_hours": 0.9273, "loss": 0.08502346, "lr": 0.00034826, "params": 527237, "time_iter": 0.17682, "accuracy": 0.97371, "f1": 0.97368, "auc": 0.99822}
{"epoch": 63, "time_epoch": 38.63896, "eta": 3300.26636, "eta_hours": 0.91674, "loss": 0.08077331, "lr": 0.00034307, "params": 527237, "time_iter": 0.17643, "accuracy": 0.978, "f1": 0.97797, "auc": 0.99802}
{"epoch": 64, "time_epoch": 38.09876, "eta": 3261.52969, "eta_hours": 0.90598, "loss": 0.08676543, "lr": 0.00033784, "params": 527237, "time_iter": 0.17397, "accuracy": 0.97657, "f1": 0.97653, "auc": 0.99796}
{"epoch": 65, "time_epoch": 37.93447, "eta": 3222.60325, "eta_hours": 0.89517, "loss": 0.07499739, "lr": 0.00033257, "params": 527237, "time_iter": 0.17322, "accuracy": 0.97743, "f1": 0.97738, "auc": 0.99843}
{"epoch": 66, "time_epoch": 38.32682, "eta": 3184.19246, "eta_hours": 0.8845, "loss": 0.08326989, "lr": 0.00032725, "params": 527237, "time_iter": 0.17501, "accuracy": 0.97343, "f1": 0.97335, "auc": 0.99826}
{"epoch": 67, "time_epoch": 38.28379, "eta": 3145.73226, "eta_hours": 0.87381, "loss": 0.08220434, "lr": 0.0003219, "params": 527237, "time_iter": 0.17481, "accuracy": 0.97514, "f1": 0.9751, "auc": 0.99825}
{"epoch": 68, "time_epoch": 38.27132, "eta": 3107.26253, "eta_hours": 0.86313, "loss": 0.07315193, "lr": 0.00031651, "params": 527237, "time_iter": 0.17475, "accuracy": 0.97886, "f1": 0.97881, "auc": 0.99862}
{"epoch": 69, "time_epoch": 38.23677, "eta": 3068.75898, "eta_hours": 0.85243, "loss": 0.07213703, "lr": 0.00031109, "params": 527237, "time_iter": 0.1746, "accuracy": 0.97829, "f1": 0.97825, "auc": 0.99837}
{"epoch": 70, "time_epoch": 38.39247, "eta": 3030.43619, "eta_hours": 0.84179, "loss": 0.07277872, "lr": 0.00030563, "params": 527237, "time_iter": 0.17531, "accuracy": 0.97914, "f1": 0.9791, "auc": 0.99862}
{"epoch": 71, "time_epoch": 38.21575, "eta": 2991.92002, "eta_hours": 0.83109, "loss": 0.06562636, "lr": 0.00030015, "params": 527237, "time_iter": 0.1745, "accuracy": 0.98029, "f1": 0.98026, "auc": 0.9987}
{"epoch": 72, "time_epoch": 37.98601, "eta": 2953.16975, "eta_hours": 0.82032, "loss": 0.0758102, "lr": 0.00029464, "params": 527237, "time_iter": 0.17345, "accuracy": 0.97857, "f1": 0.97852, "auc": 0.99829}
{"epoch": 73, "time_epoch": 38.33204, "eta": 2914.79552, "eta_hours": 0.80967, "loss": 0.06786883, "lr": 0.00028911, "params": 527237, "time_iter": 0.17503, "accuracy": 0.97943, "f1": 0.97939, "auc": 0.9987}
{"epoch": 74, "time_epoch": 38.37645, "eta": 2876.46683, "eta_hours": 0.79902, "loss": 0.07031865, "lr": 0.00028356, "params": 527237, "time_iter": 0.17523, "accuracy": 0.97857, "f1": 0.97852, "auc": 0.99851}
{"epoch": 75, "time_epoch": 38.71785, "eta": 2838.46929, "eta_hours": 0.78846, "loss": 0.06665068, "lr": 0.00027799, "params": 527237, "time_iter": 0.17679, "accuracy": 0.98057, "f1": 0.98054, "auc": 0.99881}
{"epoch": 76, "time_epoch": 38.73887, "eta": 2800.47298, "eta_hours": 0.77791, "loss": 0.06998065, "lr": 0.00027241, "params": 527237, "time_iter": 0.17689, "accuracy": 0.97914, "f1": 0.97911, "auc": 0.99868}
{"epoch": 77, "time_epoch": 38.53168, "eta": 2762.26637, "eta_hours": 0.7673, "loss": 0.06519495, "lr": 0.00026682, "params": 527237, "time_iter": 0.17594, "accuracy": 0.97943, "f1": 0.97939, "auc": 0.99869}
{"epoch": 78, "time_epoch": 38.69723, "eta": 2724.20032, "eta_hours": 0.75672, "loss": 0.06549039, "lr": 0.00026122, "params": 527237, "time_iter": 0.1767, "accuracy": 0.98086, "f1": 0.98082, "auc": 0.9989}
{"epoch": 79, "time_epoch": 38.40579, "eta": 2685.86347, "eta_hours": 0.74607, "loss": 0.06113616, "lr": 0.00025561, "params": 527237, "time_iter": 0.17537, "accuracy": 0.98229, "f1": 0.98226, "auc": 0.99882}
{"epoch": 80, "time_epoch": 38.51876, "eta": 2647.62116, "eta_hours": 0.73545, "loss": 0.06795023, "lr": 0.00025, "params": 527237, "time_iter": 0.17588, "accuracy": 0.98057, "f1": 0.98054, "auc": 0.99858}
{"epoch": 81, "time_epoch": 38.7029, "eta": 2609.52481, "eta_hours": 0.72487, "loss": 0.05601833, "lr": 0.00024439, "params": 527237, "time_iter": 0.17673, "accuracy": 0.98371, "f1": 0.98369, "auc": 0.99884}
{"epoch": 82, "time_epoch": 38.60467, "eta": 2571.33454, "eta_hours": 0.71426, "loss": 0.06545241, "lr": 0.00023878, "params": 527237, "time_iter": 0.17628, "accuracy": 0.98, "f1": 0.97997, "auc": 0.99877}
{"epoch": 83, "time_epoch": 38.30942, "eta": 2532.90243, "eta_hours": 0.70358, "loss": 0.0639902, "lr": 0.00023318, "params": 527237, "time_iter": 0.17493, "accuracy": 0.98057, "f1": 0.98052, "auc": 0.99876}
{"epoch": 84, "time_epoch": 38.37845, "eta": 2494.526, "eta_hours": 0.69292, "loss": 0.05710118, "lr": 0.00022759, "params": 527237, "time_iter": 0.17524, "accuracy": 0.98229, "f1": 0.98226, "auc": 0.99903}
{"epoch": 85, "time_epoch": 38.22861, "eta": 2456.038, "eta_hours": 0.68223, "loss": 0.05752189, "lr": 0.00022201, "params": 527237, "time_iter": 0.17456, "accuracy": 0.98429, "f1": 0.98426, "auc": 0.99881}
{"epoch": 86, "time_epoch": 38.17496, "eta": 2417.51712, "eta_hours": 0.67153, "loss": 0.0624563, "lr": 0.00021644, "params": 527237, "time_iter": 0.17431, "accuracy": 0.98057, "f1": 0.98055, "auc": 0.99857}
{"epoch": 87, "time_epoch": 38.31417, "eta": 2379.10219, "eta_hours": 0.66086, "loss": 0.05915665, "lr": 0.00021089, "params": 527237, "time_iter": 0.17495, "accuracy": 0.98114, "f1": 0.98111, "auc": 0.99876}
{"epoch": 88, "time_epoch": 38.4043, "eta": 2340.75129, "eta_hours": 0.65021, "loss": 0.05655947, "lr": 0.00020536, "params": 527237, "time_iter": 0.17536, "accuracy": 0.98371, "f1": 0.98368, "auc": 0.99902}
{"epoch": 89, "time_epoch": 38.21873, "eta": 2302.27549, "eta_hours": 0.63952, "loss": 0.05912633, "lr": 0.00019985, "params": 527237, "time_iter": 0.17451, "accuracy": 0.98314, "f1": 0.98311, "auc": 0.9988}
{"epoch": 90, "time_epoch": 38.13697, "eta": 2263.75233, "eta_hours": 0.62882, "loss": 0.05691167, "lr": 0.00019437, "params": 527237, "time_iter": 0.17414, "accuracy": 0.98314, "f1": 0.98311, "auc": 0.99883}
{"epoch": 91, "time_epoch": 38.3591, "eta": 2225.3776, "eta_hours": 0.61816, "loss": 0.05607225, "lr": 0.00018891, "params": 527237, "time_iter": 0.17516, "accuracy": 0.984, "f1": 0.98397, "auc": 0.99883}
{"epoch": 92, "time_epoch": 38.40085, "eta": 2187.0288, "eta_hours": 0.60751, "loss": 0.05569863, "lr": 0.00018349, "params": 527237, "time_iter": 0.17535, "accuracy": 0.98514, "f1": 0.98512, "auc": 0.99886}
{"epoch": 93, "time_epoch": 38.05578, "eta": 2148.47332, "eta_hours": 0.5968, "loss": 0.05869491, "lr": 0.0001781, "params": 527237, "time_iter": 0.17377, "accuracy": 0.98286, "f1": 0.98283, "auc": 0.99878}
{"epoch": 94, "time_epoch": 38.2731, "eta": 2110.05418, "eta_hours": 0.58613, "loss": 0.05497819, "lr": 0.00017275, "params": 527237, "time_iter": 0.17476, "accuracy": 0.98457, "f1": 0.98456, "auc": 0.99901}
{"epoch": 95, "time_epoch": 38.31968, "eta": 2071.66428, "eta_hours": 0.57546, "loss": 0.04998861, "lr": 0.00016743, "params": 527237, "time_iter": 0.17498, "accuracy": 0.98543, "f1": 0.98541, "auc": 0.99905}
{"epoch": 96, "time_epoch": 38.04364, "eta": 2033.125, "eta_hours": 0.56476, "loss": 0.05163746, "lr": 0.00016216, "params": 527237, "time_iter": 0.17372, "accuracy": 0.98457, "f1": 0.98455, "auc": 0.99898}
{"epoch": 97, "time_epoch": 38.05354, "eta": 1994.60108, "eta_hours": 0.55406, "loss": 0.05202501, "lr": 0.00015693, "params": 527237, "time_iter": 0.17376, "accuracy": 0.98514, "f1": 0.98512, "auc": 0.99892}
{"epoch": 98, "time_epoch": 38.11319, "eta": 1956.1174, "eta_hours": 0.54337, "loss": 0.05678027, "lr": 0.00015174, "params": 527237, "time_iter": 0.17403, "accuracy": 0.98257, "f1": 0.98253, "auc": 0.99892}
{"epoch": 99, "time_epoch": 38.21119, "eta": 1917.69013, "eta_hours": 0.53269, "loss": 0.05137827, "lr": 0.00014661, "params": 527237, "time_iter": 0.17448, "accuracy": 0.98429, "f1": 0.98426, "auc": 0.99888}
{"epoch": 100, "time_epoch": 38.21723, "eta": 1879.27007, "eta_hours": 0.52202, "loss": 0.0495729, "lr": 0.00014153, "params": 527237, "time_iter": 0.17451, "accuracy": 0.98429, "f1": 0.98427, "auc": 0.99904}
{"epoch": 101, "time_epoch": 38.13224, "eta": 1840.81399, "eta_hours": 0.51134, "loss": 0.04865183, "lr": 0.0001365, "params": 527237, "time_iter": 0.17412, "accuracy": 0.986, "f1": 0.98598, "auc": 0.99897}
{"epoch": 102, "time_epoch": 37.95928, "eta": 1802.28528, "eta_hours": 0.50063, "loss": 0.04928085, "lr": 0.00013153, "params": 527237, "time_iter": 0.17333, "accuracy": 0.98657, "f1": 0.98655, "auc": 0.99897}
{"epoch": 103, "time_epoch": 37.94768, "eta": 1763.76238, "eta_hours": 0.48993, "loss": 0.04997712, "lr": 0.00012662, "params": 527237, "time_iter": 0.17328, "accuracy": 0.98457, "f1": 0.98455, "auc": 0.99903}
{"epoch": 104, "time_epoch": 38.42798, "eta": 1725.45629, "eta_hours": 0.47929, "loss": 0.05142794, "lr": 0.00012178, "params": 527237, "time_iter": 0.17547, "accuracy": 0.984, "f1": 0.98397, "auc": 0.99889}
{"epoch": 105, "time_epoch": 38.36203, "eta": 1687.12052, "eta_hours": 0.46864, "loss": 0.04870609, "lr": 0.00011699, "params": 527237, "time_iter": 0.17517, "accuracy": 0.98457, "f1": 0.98455, "auc": 0.99903}
{"epoch": 106, "time_epoch": 38.30905, "eta": 1648.76297, "eta_hours": 0.45799, "loss": 0.04679978, "lr": 0.00011228, "params": 527237, "time_iter": 0.17493, "accuracy": 0.98571, "f1": 0.98569, "auc": 0.99893}
{"epoch": 107, "time_epoch": 38.14514, "eta": 1610.34257, "eta_hours": 0.44732, "loss": 0.05035917, "lr": 0.00010763, "params": 527237, "time_iter": 0.17418, "accuracy": 0.98429, "f1": 0.98426, "auc": 0.99893}
{"epoch": 108, "time_epoch": 38.39564, "eta": 1572.02145, "eta_hours": 0.43667, "loss": 0.04551704, "lr": 0.00010305, "params": 527237, "time_iter": 0.17532, "accuracy": 0.986, "f1": 0.98598, "auc": 0.99902}
{"epoch": 109, "time_epoch": 38.41329, "eta": 1533.70539, "eta_hours": 0.42603, "loss": 0.04554304, "lr": 9.855e-05, "params": 527237, "time_iter": 0.1754, "accuracy": 0.98629, "f1": 0.98627, "auc": 0.99889}
{"epoch": 110, "time_epoch": 38.20445, "eta": 1495.3142, "eta_hours": 0.41537, "loss": 0.04553551, "lr": 9.413e-05, "params": 527237, "time_iter": 0.17445, "accuracy": 0.98543, "f1": 0.98541, "auc": 0.99907}
{"epoch": 111, "time_epoch": 38.15609, "eta": 1456.90994, "eta_hours": 0.4047, "loss": 0.04522222, "lr": 8.978e-05, "params": 527237, "time_iter": 0.17423, "accuracy": 0.986, "f1": 0.98598, "auc": 0.99903}
{"epoch": 112, "time_epoch": 37.98934, "eta": 1418.45548, "eta_hours": 0.39402, "loss": 0.04718316, "lr": 8.552e-05, "params": 527237, "time_iter": 0.17347, "accuracy": 0.98571, "f1": 0.9857, "auc": 0.99909}
{"epoch": 113, "time_epoch": 38.26804, "eta": 1380.09718, "eta_hours": 0.38336, "loss": 0.04738145, "lr": 8.133e-05, "params": 527237, "time_iter": 0.17474, "accuracy": 0.98571, "f1": 0.9857, "auc": 0.999}
{"epoch": 114, "time_epoch": 38.10683, "eta": 1341.69139, "eta_hours": 0.37269, "loss": 0.04337839, "lr": 7.723e-05, "params": 527237, "time_iter": 0.174, "accuracy": 0.98629, "f1": 0.98627, "auc": 0.99905}
{"epoch": 115, "time_epoch": 38.16145, "eta": 1303.30677, "eta_hours": 0.36203, "loss": 0.04368633, "lr": 7.322e-05, "params": 527237, "time_iter": 0.17425, "accuracy": 0.98457, "f1": 0.98455, "auc": 0.99901}
{"epoch": 116, "time_epoch": 38.15851, "eta": 1264.92512, "eta_hours": 0.35137, "loss": 0.04261759, "lr": 6.93e-05, "params": 527237, "time_iter": 0.17424, "accuracy": 0.98714, "f1": 0.98713, "auc": 0.99915}
{"epoch": 117, "time_epoch": 38.24098, "eta": 1226.56963, "eta_hours": 0.34071, "loss": 0.04319059, "lr": 6.547e-05, "params": 527237, "time_iter": 0.17462, "accuracy": 0.98629, "f1": 0.98627, "auc": 0.99909}
{"epoch": 118, "time_epoch": 38.14663, "eta": 1188.19148, "eta_hours": 0.33005, "loss": 0.04408225, "lr": 6.173e-05, "params": 527237, "time_iter": 0.17419, "accuracy": 0.986, "f1": 0.98599, "auc": 0.99907}
{"epoch": 119, "time_epoch": 38.27102, "eta": 1149.84829, "eta_hours": 0.3194, "loss": 0.04348482, "lr": 5.809e-05, "params": 527237, "time_iter": 0.17475, "accuracy": 0.98629, "f1": 0.98627, "auc": 0.99898}
{"epoch": 120, "time_epoch": 38.2333, "eta": 1111.49725, "eta_hours": 0.30875, "loss": 0.04133009, "lr": 5.454e-05, "params": 527237, "time_iter": 0.17458, "accuracy": 0.98686, "f1": 0.98684, "auc": 0.9991}
{"epoch": 121, "time_epoch": 38.06257, "eta": 1073.10896, "eta_hours": 0.29809, "loss": 0.04398612, "lr": 5.109e-05, "params": 527237, "time_iter": 0.1738, "accuracy": 0.98629, "f1": 0.98627, "auc": 0.99901}
{"epoch": 122, "time_epoch": 38.24878, "eta": 1034.76683, "eta_hours": 0.28744, "loss": 0.04172707, "lr": 4.775e-05, "params": 527237, "time_iter": 0.17465, "accuracy": 0.98714, "f1": 0.98713, "auc": 0.99912}
{"epoch": 123, "time_epoch": 38.10578, "eta": 996.39623, "eta_hours": 0.27678, "loss": 0.04185772, "lr": 4.45e-05, "params": 527237, "time_iter": 0.174, "accuracy": 0.98686, "f1": 0.98685, "auc": 0.99922}
{"epoch": 124, "time_epoch": 37.93703, "eta": 957.99612, "eta_hours": 0.26611, "loss": 0.04425401, "lr": 4.136e-05, "params": 527237, "time_iter": 0.17323, "accuracy": 0.98629, "f1": 0.98627, "auc": 0.99911}
{"epoch": 125, "time_epoch": 38.10818, "eta": 919.63596, "eta_hours": 0.25545, "loss": 0.04273997, "lr": 3.832e-05, "params": 527237, "time_iter": 0.17401, "accuracy": 0.98714, "f1": 0.98713, "auc": 0.99902}
{"epoch": 126, "time_epoch": 38.25247, "eta": 881.3059, "eta_hours": 0.24481, "loss": 0.04096269, "lr": 3.539e-05, "params": 527237, "time_iter": 0.17467, "accuracy": 0.98743, "f1": 0.98741, "auc": 0.99916}
{"epoch": 127, "time_epoch": 38.22669, "eta": 842.97261, "eta_hours": 0.23416, "loss": 0.04133831, "lr": 3.256e-05, "params": 527237, "time_iter": 0.17455, "accuracy": 0.98714, "f1": 0.98713, "auc": 0.99914}
{"epoch": 128, "time_epoch": 38.1966, "eta": 804.63609, "eta_hours": 0.22351, "loss": 0.04137066, "lr": 2.985e-05, "params": 527237, "time_iter": 0.17441, "accuracy": 0.98686, "f1": 0.98684, "auc": 0.99908}
{"epoch": 129, "time_epoch": 38.263, "eta": 766.31193, "eta_hours": 0.21286, "loss": 0.04227625, "lr": 2.725e-05, "params": 527237, "time_iter": 0.17472, "accuracy": 0.98714, "f1": 0.98713, "auc": 0.99909}
{"epoch": 130, "time_epoch": 38.14749, "eta": 727.97195, "eta_hours": 0.20221, "loss": 0.04115558, "lr": 2.476e-05, "params": 527237, "time_iter": 0.17419, "accuracy": 0.98714, "f1": 0.98713, "auc": 0.99909}
{"epoch": 131, "time_epoch": 38.21448, "eta": 689.64402, "eta_hours": 0.19157, "loss": 0.04099156, "lr": 2.238e-05, "params": 527237, "time_iter": 0.1745, "accuracy": 0.988, "f1": 0.98799, "auc": 0.99909}
{"epoch": 132, "time_epoch": 38.0619, "eta": 651.2983, "eta_hours": 0.18092, "loss": 0.04113563, "lr": 2.012e-05, "params": 527237, "time_iter": 0.1738, "accuracy": 0.98714, "f1": 0.98713, "auc": 0.99913}
{"epoch": 133, "time_epoch": 38.24348, "eta": 612.97849, "eta_hours": 0.17027, "loss": 0.04046722, "lr": 1.797e-05, "params": 527237, "time_iter": 0.17463, "accuracy": 0.98686, "f1": 0.98684, "auc": 0.99934}
{"epoch": 134, "time_epoch": 38.22667, "eta": 574.65795, "eta_hours": 0.15963, "loss": 0.04154893, "lr": 1.594e-05, "params": 527237, "time_iter": 0.17455, "accuracy": 0.98686, "f1": 0.98684, "auc": 0.99905}
{"epoch": 135, "time_epoch": 37.94887, "eta": 536.31019, "eta_hours": 0.14898, "loss": 0.03959469, "lr": 1.403e-05, "params": 527237, "time_iter": 0.17328, "accuracy": 0.988, "f1": 0.98799, "auc": 0.99926}
{"epoch": 136, "time_epoch": 38.12056, "eta": 497.98455, "eta_hours": 0.13833, "loss": 0.0398572, "lr": 1.224e-05, "params": 527237, "time_iter": 0.17407, "accuracy": 0.98771, "f1": 0.9877, "auc": 0.99921}
{"epoch": 137, "time_epoch": 38.33868, "eta": 459.68084, "eta_hours": 0.12769, "loss": 0.04007228, "lr": 1.056e-05, "params": 527237, "time_iter": 0.17506, "accuracy": 0.98743, "f1": 0.98742, "auc": 0.99927}
{"epoch": 138, "time_epoch": 38.25058, "eta": 421.36966, "eta_hours": 0.11705, "loss": 0.03901256, "lr": 9.01e-06, "params": 527237, "time_iter": 0.17466, "accuracy": 0.988, "f1": 0.98799, "auc": 0.9992}
{"epoch": 139, "time_epoch": 37.95948, "eta": 383.03855, "eta_hours": 0.1064, "loss": 0.03962986, "lr": 7.58e-06, "params": 527237, "time_iter": 0.17333, "accuracy": 0.98743, "f1": 0.98742, "auc": 0.9991}
{"epoch": 140, "time_epoch": 38.27968, "eta": 344.73315, "eta_hours": 0.09576, "loss": 0.04012435, "lr": 6.27e-06, "params": 527237, "time_iter": 0.17479, "accuracy": 0.98714, "f1": 0.98713, "auc": 0.99913}
{"epoch": 141, "time_epoch": 38.5269, "eta": 306.44205, "eta_hours": 0.08512, "loss": 0.03926724, "lr": 5.08e-06, "params": 527237, "time_iter": 0.17592, "accuracy": 0.98771, "f1": 0.9877, "auc": 0.99944}
{"epoch": 142, "time_epoch": 38.32692, "eta": 268.13785, "eta_hours": 0.07448, "loss": 0.03955695, "lr": 4.02e-06, "params": 527237, "time_iter": 0.17501, "accuracy": 0.98714, "f1": 0.98713, "auc": 0.99913}
{"epoch": 143, "time_epoch": 38.06672, "eta": 229.8225, "eta_hours": 0.06384, "loss": 0.04027028, "lr": 3.08e-06, "params": 527237, "time_iter": 0.17382, "accuracy": 0.98714, "f1": 0.98713, "auc": 0.99921}
{"epoch": 144, "time_epoch": 38.1027, "eta": 191.51182, "eta_hours": 0.0532, "loss": 0.03951007, "lr": 2.26e-06, "params": 527237, "time_iter": 0.17398, "accuracy": 0.98714, "f1": 0.98713, "auc": 0.99917}
{"epoch": 145, "time_epoch": 38.58167, "eta": 153.21711, "eta_hours": 0.04256, "loss": 0.04007327, "lr": 1.57e-06, "params": 527237, "time_iter": 0.17617, "accuracy": 0.98657, "f1": 0.98656, "auc": 0.99923}
{"epoch": 146, "time_epoch": 38.35775, "eta": 114.91392, "eta_hours": 0.03192, "loss": 0.03976549, "lr": 1.01e-06, "params": 527237, "time_iter": 0.17515, "accuracy": 0.988, "f1": 0.98799, "auc": 0.99926}
{"epoch": 147, "time_epoch": 38.32912, "eta": 76.60961, "eta_hours": 0.02128, "loss": 0.03865753, "lr": 5.7e-07, "params": 527237, "time_iter": 0.17502, "accuracy": 0.98771, "f1": 0.9877, "auc": 0.99927}
{"epoch": 148, "time_epoch": 38.36109, "eta": 38.30518, "eta_hours": 0.01064, "loss": 0.03953768, "lr": 2.5e-07, "params": 527237, "time_iter": 0.17516, "accuracy": 0.98771, "f1": 0.9877, "auc": 0.99921}
{"epoch": 149, "time_epoch": 38.23727, "eta": 0.0, "eta_hours": 0.0, "loss": 0.03936927, "lr": 6e-08, "params": 527237, "time_iter": 0.1746, "accuracy": 0.98771, "f1": 0.9877, "auc": 0.99932}
