{"epoch": 35, "time_epoch": 92.79563, "time_epoch_std": 20.51098, "eta": 6290.22789, "eta_std": 2009.89957, "eta_hours": 1.74729, "eta_hours_std": 0.5583, "loss": 0.08384, "loss_std": 0.01318, "lr": 8e-05, "lr_std": 2e-05, "params": 558625.0, "params_std": 0.0, "time_iter": 0.09018, "time_iter_std": 0.01993, "accuracy": 0.97473, "accuracy_std": 0.00288, "precision": 0.76757, "precision_std": 0.03389, "recall": 0.46209, "recall_std": 0.07123, "f1": 0.57528, "f1_std": 0.06435, "auc": 0.92921, "auc_std": 0.03064}
