{"epoch": 0, "time_epoch": 29.4445, "eta": 2915.00583, "eta_hours": 0.80972, "loss": 0.20134391, "lr": 0.0, "params": 337201, "time_iter": 0.09407, "accuracy": 0.80013, "precision": 0.18479, "recall": 0.03878, "f1": 0.0641, "auc": 0.51049, "accuracy-SBM": 0.50105}
{"epoch": 1, "time_epoch": 26.13156, "eta": 2723.22732, "eta_hours": 0.75645, "loss": 0.17817288, "lr": 0.0001, "params": 337201, "time_iter": 0.08349, "accuracy": 0.73188, "precision": 0.36685, "recall": 0.7149, "f1": 0.48488, "auc": 0.80368, "accuracy-SBM": 0.72521}
{"epoch": 2, "time_epoch": 25.92364, "eta": 2635.15713, "eta_hours": 0.73199, "loss": 0.14808454, "lr": 0.0002, "params": 337201, "time_iter": 0.08282, "accuracy": 0.8259, "precision": 0.50418, "recall": 0.82565, "f1": 0.62606, "auc": 0.8735, "accuracy-SBM": 0.8258}
{"epoch": 3, "time_epoch": 26.1499, "eta": 2583.59049, "eta_hours": 0.71766, "loss": 0.12972295, "lr": 0.0003, "params": 337201, "time_iter": 0.08355, "accuracy": 0.83919, "precision": 0.52822, "recall": 0.83268, "f1": 0.64639, "auc": 0.89822, "accuracy-SBM": 0.83663}
{"epoch": 4, "time_epoch": 26.11672, "eta": 2541.56016, "eta_hours": 0.70599, "loss": 0.11815568, "lr": 0.0004, "params": 337201, "time_iter": 0.08344, "accuracy": 0.84242, "precision": 0.53431, "recall": 0.83525, "f1": 0.65172, "auc": 0.90945, "accuracy-SBM": 0.8396}
{"epoch": 5, "time_epoch": 26.16805, "eta": 2505.63852, "eta_hours": 0.69601, "loss": 0.11109302, "lr": 0.0005, "params": 337201, "time_iter": 0.0836, "accuracy": 0.8447, "precision": 0.5387, "recall": 0.83659, "f1": 0.65538, "auc": 0.91613, "accuracy-SBM": 0.84152}
{"epoch": 6, "time_epoch": 26.02906, "eta": 2470.65708, "eta_hours": 0.68629, "loss": 0.10632334, "lr": 0.00049986, "params": 337201, "time_iter": 0.08316, "accuracy": 0.8485, "precision": 0.54604, "recall": 0.84034, "f1": 0.66195, "auc": 0.92159, "accuracy-SBM": 0.84529}
{"epoch": 7, "time_epoch": 25.94995, "eta": 2437.00389, "eta_hours": 0.67695, "loss": 0.10375761, "lr": 0.00049945, "params": 337201, "time_iter": 0.08291, "accuracy": 0.84977, "precision": 0.54854, "recall": 0.84142, "f1": 0.66412, "auc": 0.92409, "accuracy-SBM": 0.84649}
{"epoch": 8, "time_epoch": 26.30575, "eta": 2408.66007, "eta_hours": 0.66907, "loss": 0.10167606, "lr": 0.00049877, "params": 337201, "time_iter": 0.08404, "accuracy": 0.85093, "precision": 0.5507, "recall": 0.84449, "f1": 0.66666, "auc": 0.92665, "accuracy-SBM": 0.8484}
{"epoch": 9, "time_epoch": 26.48991, "eta": 2382.38133, "eta_hours": 0.66177, "loss": 0.09998303, "lr": 0.00049782, "params": 337201, "time_iter": 0.08463, "accuracy": 0.85218, "precision": 0.55304, "recall": 0.84763, "f1": 0.66935, "auc": 0.92853, "accuracy-SBM": 0.85039}
{"epoch": 10, "time_epoch": 26.04196, "eta": 2352.43984, "eta_hours": 0.65346, "loss": 0.09893393, "lr": 0.00049659, "params": 337201, "time_iter": 0.0832, "accuracy": 0.85322, "precision": 0.55507, "recall": 0.84883, "f1": 0.67122, "auc": 0.92974, "accuracy-SBM": 0.85149}
{"epoch": 11, "time_epoch": 26.06564, "eta": 2323.32196, "eta_hours": 0.64537, "loss": 0.09821197, "lr": 0.00049509, "params": 337201, "time_iter": 0.08328, "accuracy": 0.85426, "precision": 0.55725, "recall": 0.84869, "f1": 0.67276, "auc": 0.9305, "accuracy-SBM": 0.85207}
{"epoch": 12, "time_epoch": 26.01565, "eta": 2294.33914, "eta_hours": 0.63732, "loss": 0.09733209, "lr": 0.00049333, "params": 337201, "time_iter": 0.08312, "accuracy": 0.85447, "precision": 0.55747, "recall": 0.85144, "f1": 0.67379, "auc": 0.93157, "accuracy-SBM": 0.85328}
{"epoch": 13, "time_epoch": 26.15965, "eta": 2266.66474, "eta_hours": 0.62963, "loss": 0.09699986, "lr": 0.0004913, "params": 337201, "time_iter": 0.08358, "accuracy": 0.8548, "precision": 0.55812, "recall": 0.85192, "f1": 0.67442, "auc": 0.93187, "accuracy-SBM": 0.85367}
{"epoch": 14, "time_epoch": 25.93831, "eta": 2237.93808, "eta_hours": 0.62165, "loss": 0.09684544, "lr": 0.00048901, "params": 337201, "time_iter": 0.08287, "accuracy": 0.85519, "precision": 0.55894, "recall": 0.85165, "f1": 0.67492, "auc": 0.93191, "accuracy-SBM": 0.8538}
{"epoch": 15, "time_epoch": 26.10686, "eta": 2210.4448, "eta_hours": 0.61401, "loss": 0.09649472, "lr": 0.00048645, "params": 337201, "time_iter": 0.08341, "accuracy": 0.85496, "precision": 0.55839, "recall": 0.85272, "f1": 0.67486, "auc": 0.93231, "accuracy-SBM": 0.85408}
{"epoch": 16, "time_epoch": 26.23819, "eta": 2183.75587, "eta_hours": 0.6066, "loss": 0.09594676, "lr": 0.00048364, "params": 337201, "time_iter": 0.08383, "accuracy": 0.8564, "precision": 0.56136, "recall": 0.85307, "f1": 0.67713, "auc": 0.93305, "accuracy-SBM": 0.85509}
{"epoch": 17, "time_epoch": 26.29341, "eta": 2157.36854, "eta_hours": 0.59927, "loss": 0.09567176, "lr": 0.00048057, "params": 337201, "time_iter": 0.084, "accuracy": 0.85646, "precision": 0.56143, "recall": 0.85359, "f1": 0.67735, "auc": 0.93339, "accuracy-SBM": 0.85533}
{"epoch": 18, "time_epoch": 25.99818, "eta": 2129.73249, "eta_hours": 0.59159, "loss": 0.09538385, "lr": 0.00047725, "params": 337201, "time_iter": 0.08306, "accuracy": 0.85622, "precision": 0.56083, "recall": 0.85485, "f1": 0.67731, "auc": 0.93375, "accuracy-SBM": 0.85568}
{"epoch": 19, "time_epoch": 25.87331, "eta": 2101.76077, "eta_hours": 0.58382, "loss": 0.09530902, "lr": 0.00047368, "params": 337201, "time_iter": 0.08266, "accuracy": 0.85648, "precision": 0.56139, "recall": 0.8547, "f1": 0.67767, "auc": 0.93376, "accuracy-SBM": 0.85578}
{"epoch": 20, "time_epoch": 25.81347, "eta": 2073.76377, "eta_hours": 0.57605, "loss": 0.09507619, "lr": 0.00046987, "params": 337201, "time_iter": 0.08247, "accuracy": 0.85636, "precision": 0.56108, "recall": 0.85536, "f1": 0.67765, "auc": 0.9341, "accuracy-SBM": 0.85597}
{"epoch": 21, "time_epoch": 26.24656, "eta": 2047.50079, "eta_hours": 0.56875, "loss": 0.09474735, "lr": 0.00046581, "params": 337201, "time_iter": 0.08385, "accuracy": 0.85677, "precision": 0.56186, "recall": 0.8564, "f1": 0.67855, "auc": 0.93452, "accuracy-SBM": 0.85663}
{"epoch": 22, "time_epoch": 26.19589, "eta": 2021.06961, "eta_hours": 0.56141, "loss": 0.09457475, "lr": 0.00046152, "params": 337201, "time_iter": 0.08369, "accuracy": 0.85636, "precision": 0.56096, "recall": 0.85692, "f1": 0.67805, "auc": 0.9347, "accuracy-SBM": 0.85658}
{"epoch": 23, "time_epoch": 26.16227, "eta": 1994.55154, "eta_hours": 0.55404, "loss": 0.0942103, "lr": 0.000457, "params": 337201, "time_iter": 0.08359, "accuracy": 0.85717, "precision": 0.56258, "recall": 0.85783, "f1": 0.67952, "auc": 0.93524, "accuracy-SBM": 0.85743}
{"epoch": 24, "time_epoch": 26.04449, "eta": 1967.70863, "eta_hours": 0.54659, "loss": 0.09381212, "lr": 0.00045225, "params": 337201, "time_iter": 0.08321, "accuracy": 0.85793, "precision": 0.56415, "recall": 0.85826, "f1": 0.6808, "auc": 0.93578, "accuracy-SBM": 0.85806}
{"epoch": 25, "time_epoch": 26.07603, "eta": 1941.01687, "eta_hours": 0.53917, "loss": 0.09375267, "lr": 0.00044729, "params": 337201, "time_iter": 0.08331, "accuracy": 0.85802, "precision": 0.56428, "recall": 0.85892, "f1": 0.6811, "auc": 0.93587, "accuracy-SBM": 0.85837}
{"epoch": 26, "time_epoch": 26.48106, "eta": 1915.46582, "eta_hours": 0.53207, "loss": 0.09346637, "lr": 0.0004421, "params": 337201, "time_iter": 0.0846, "accuracy": 0.85799, "precision": 0.56415, "recall": 0.85953, "f1": 0.68119, "auc": 0.93618, "accuracy-SBM": 0.85859}
{"epoch": 27, "time_epoch": 26.11943, "eta": 1888.91844, "eta_hours": 0.5247, "loss": 0.09346049, "lr": 0.00043671, "params": 337201, "time_iter": 0.08345, "accuracy": 0.85806, "precision": 0.56431, "recall": 0.85943, "f1": 0.68128, "auc": 0.93622, "accuracy-SBM": 0.8586}
{"epoch": 28, "time_epoch": 25.93273, "eta": 1861.94348, "eta_hours": 0.51721, "loss": 0.09309463, "lr": 0.00043111, "params": 337201, "time_iter": 0.08285, "accuracy": 0.85838, "precision": 0.56489, "recall": 0.8605, "f1": 0.68204, "auc": 0.93671, "accuracy-SBM": 0.85921}
{"epoch": 29, "time_epoch": 26.1708, "eta": 1835.5935, "eta_hours": 0.50989, "loss": 0.09305533, "lr": 0.00042531, "params": 337201, "time_iter": 0.08361, "accuracy": 0.85785, "precision": 0.5637, "recall": 0.86135, "f1": 0.68144, "auc": 0.9367, "accuracy-SBM": 0.85922}
{"epoch": 30, "time_epoch": 26.15531, "eta": 1809.22059, "eta_hours": 0.50256, "loss": 0.09274136, "lr": 0.00041932, "params": 337201, "time_iter": 0.08356, "accuracy": 0.85876, "precision": 0.56557, "recall": 0.86186, "f1": 0.68297, "auc": 0.9372, "accuracy-SBM": 0.85998}
{"epoch": 31, "time_epoch": 26.15134, "eta": 1782.85285, "eta_hours": 0.49524, "loss": 0.09260349, "lr": 0.00041315, "params": 337201, "time_iter": 0.08355, "accuracy": 0.85938, "precision": 0.56696, "recall": 0.86098, "f1": 0.6837, "auc": 0.93736, "accuracy-SBM": 0.86001}
{"epoch": 32, "time_epoch": 26.30018, "eta": 1756.8004, "eta_hours": 0.488, "loss": 0.09231792, "lr": 0.00040679, "params": 337201, "time_iter": 0.08403, "accuracy": 0.85967, "precision": 0.56746, "recall": 0.86219, "f1": 0.68445, "auc": 0.93778, "accuracy-SBM": 0.86066}
{"epoch": 33, "time_epoch": 26.22264, "eta": 1730.58287, "eta_hours": 0.48072, "loss": 0.09222211, "lr": 0.00040027, "params": 337201, "time_iter": 0.08378, "accuracy": 0.86001, "precision": 0.56822, "recall": 0.8618, "f1": 0.68487, "auc": 0.93786, "accuracy-SBM": 0.86071}
{"epoch": 34, "time_epoch": 25.74465, "eta": 1703.47736, "eta_hours": 0.47319, "loss": 0.09187548, "lr": 0.00039358, "params": 337201, "time_iter": 0.08225, "accuracy": 0.85999, "precision": 0.56811, "recall": 0.86261, "f1": 0.68505, "auc": 0.93834, "accuracy-SBM": 0.86102}
{"epoch": 35, "time_epoch": 26.1143, "eta": 1677.10461, "eta_hours": 0.46586, "loss": 0.09182059, "lr": 0.00038674, "params": 337201, "time_iter": 0.08343, "accuracy": 0.86056, "precision": 0.56934, "recall": 0.86243, "f1": 0.68589, "auc": 0.93841, "accuracy-SBM": 0.8613}
{"epoch": 36, "time_epoch": 26.06315, "eta": 1650.65874, "eta_hours": 0.45852, "loss": 0.09167445, "lr": 0.00037974, "params": 337201, "time_iter": 0.08327, "accuracy": 0.86066, "precision": 0.56946, "recall": 0.86327, "f1": 0.68624, "auc": 0.93865, "accuracy-SBM": 0.86168}
{"epoch": 37, "time_epoch": 26.05873, "eta": 1624.22579, "eta_hours": 0.45117, "loss": 0.09141155, "lr": 0.00037261, "params": 337201, "time_iter": 0.08325, "accuracy": 0.86132, "precision": 0.57084, "recall": 0.86364, "f1": 0.68736, "auc": 0.93902, "accuracy-SBM": 0.86223}
{"epoch": 38, "time_epoch": 26.26495, "eta": 1598.13459, "eta_hours": 0.44393, "loss": 0.09146443, "lr": 0.00036534, "params": 337201, "time_iter": 0.08391, "accuracy": 0.86087, "precision": 0.5699, "recall": 0.86348, "f1": 0.68663, "auc": 0.93889, "accuracy-SBM": 0.8619}
{"epoch": 39, "time_epoch": 26.41347, "eta": 1572.25748, "eta_hours": 0.43674, "loss": 0.09115854, "lr": 0.00035794, "params": 337201, "time_iter": 0.08439, "accuracy": 0.86209, "precision": 0.57248, "recall": 0.86365, "f1": 0.68855, "auc": 0.93933, "accuracy-SBM": 0.8627}
{"epoch": 40, "time_epoch": 26.25197, "eta": 1546.1218, "eta_hours": 0.42948, "loss": 0.09114259, "lr": 0.00035042, "params": 337201, "time_iter": 0.08387, "accuracy": 0.8617, "precision": 0.57165, "recall": 0.86362, "f1": 0.68793, "auc": 0.93938, "accuracy-SBM": 0.86245}
{"epoch": 41, "time_epoch": 26.38442, "eta": 1520.16349, "eta_hours": 0.42227, "loss": 0.09100032, "lr": 0.0003428, "params": 337201, "time_iter": 0.0843, "accuracy": 0.86084, "precision": 0.56965, "recall": 0.86544, "f1": 0.68706, "auc": 0.93956, "accuracy-SBM": 0.86265}
{"epoch": 42, "time_epoch": 25.8978, "eta": 1493.54031, "eta_hours": 0.41487, "loss": 0.09107719, "lr": 0.00033507, "params": 337201, "time_iter": 0.08274, "accuracy": 0.86094, "precision": 0.56993, "recall": 0.86476, "f1": 0.68705, "auc": 0.93943, "accuracy-SBM": 0.86244}
{"epoch": 43, "time_epoch": 26.20627, "eta": 1467.3427, "eta_hours": 0.4076, "loss": 0.09089036, "lr": 0.00032725, "params": 337201, "time_iter": 0.08373, "accuracy": 0.86233, "precision": 0.573, "recall": 0.8637, "f1": 0.68894, "auc": 0.93969, "accuracy-SBM": 0.86287}
{"epoch": 44, "time_epoch": 25.94677, "eta": 1440.82753, "eta_hours": 0.40023, "loss": 0.09078909, "lr": 0.00031935, "params": 337201, "time_iter": 0.0829, "accuracy": 0.86137, "precision": 0.57078, "recall": 0.86533, "f1": 0.68785, "auc": 0.93983, "accuracy-SBM": 0.86292}
{"epoch": 45, "time_epoch": 26.02414, "eta": 1414.4279, "eta_hours": 0.3929, "loss": 0.09059464, "lr": 0.00031137, "params": 337201, "time_iter": 0.08314, "accuracy": 0.86161, "precision": 0.57127, "recall": 0.86577, "f1": 0.68834, "auc": 0.94008, "accuracy-SBM": 0.86325}
{"epoch": 46, "time_epoch": 25.91072, "eta": 1387.91635, "eta_hours": 0.38553, "loss": 0.09049733, "lr": 0.00030332, "params": 337201, "time_iter": 0.08278, "accuracy": 0.86178, "precision": 0.57157, "recall": 0.86628, "f1": 0.68872, "auc": 0.94018, "accuracy-SBM": 0.86355}
{"epoch": 47, "time_epoch": 26.11516, "eta": 1361.65132, "eta_hours": 0.37824, "loss": 0.0904551, "lr": 0.00029522, "params": 337201, "time_iter": 0.08344, "accuracy": 0.86185, "precision": 0.57175, "recall": 0.8659, "f1": 0.68874, "auc": 0.94025, "accuracy-SBM": 0.86344}
{"epoch": 48, "time_epoch": 26.35948, "eta": 1335.64669, "eta_hours": 0.37101, "loss": 0.09029321, "lr": 0.00028707, "params": 337201, "time_iter": 0.08422, "accuracy": 0.86248, "precision": 0.57309, "recall": 0.86613, "f1": 0.68978, "auc": 0.94042, "accuracy-SBM": 0.86391}
{"epoch": 49, "time_epoch": 25.93698, "eta": 1309.20537, "eta_hours": 0.36367, "loss": 0.09028396, "lr": 0.00027887, "params": 337201, "time_iter": 0.08287, "accuracy": 0.86267, "precision": 0.57351, "recall": 0.86602, "f1": 0.69004, "auc": 0.94052, "accuracy-SBM": 0.86398}
{"epoch": 50, "time_epoch": 26.15544, "eta": 1282.99372, "eta_hours": 0.35639, "loss": 0.0900826, "lr": 0.00027064, "params": 337201, "time_iter": 0.08356, "accuracy": 0.8628, "precision": 0.57377, "recall": 0.86626, "f1": 0.69031, "auc": 0.94073, "accuracy-SBM": 0.86416}
{"epoch": 51, "time_epoch": 26.54875, "eta": 1257.14728, "eta_hours": 0.34921, "loss": 0.09024628, "lr": 0.0002624, "params": 337201, "time_iter": 0.08482, "accuracy": 0.86274, "precision": 0.57376, "recall": 0.86513, "f1": 0.68994, "auc": 0.94052, "accuracy-SBM": 0.86368}
{"epoch": 52, "time_epoch": 25.87032, "eta": 1230.67271, "eta_hours": 0.34185, "loss": 0.08996082, "lr": 0.00025413, "params": 337201, "time_iter": 0.08265, "accuracy": 0.86307, "precision": 0.57435, "recall": 0.8663, "f1": 0.69074, "auc": 0.94091, "accuracy-SBM": 0.86434}
{"epoch": 53, "time_epoch": 26.23697, "eta": 1204.53286, "eta_hours": 0.33459, "loss": 0.0899212, "lr": 0.00024587, "params": 337201, "time_iter": 0.08382, "accuracy": 0.86276, "precision": 0.57366, "recall": 0.8665, "f1": 0.6903, "auc": 0.94094, "accuracy-SBM": 0.86423}
{"epoch": 54, "time_epoch": 26.12853, "eta": 1178.30076, "eta_hours": 0.32731, "loss": 0.08988675, "lr": 0.0002376, "params": 337201, "time_iter": 0.08348, "accuracy": 0.86309, "precision": 0.57433, "recall": 0.86691, "f1": 0.69092, "auc": 0.94103, "accuracy-SBM": 0.86459}
{"epoch": 55, "time_epoch": 26.03471, "eta": 1151.99863, "eta_hours": 0.32, "loss": 0.0898819, "lr": 0.00022936, "params": 337201, "time_iter": 0.08318, "accuracy": 0.86319, "precision": 0.57456, "recall": 0.86687, "f1": 0.69107, "auc": 0.94105, "accuracy-SBM": 0.86464}
{"epoch": 56, "time_epoch": 26.38658, "eta": 1125.97133, "eta_hours": 0.31277, "loss": 0.08969145, "lr": 0.00022113, "params": 337201, "time_iter": 0.0843, "accuracy": 0.8632, "precision": 0.57454, "recall": 0.86715, "f1": 0.69115, "auc": 0.94128, "accuracy-SBM": 0.86475}
{"epoch": 57, "time_epoch": 26.24621, "eta": 1099.83001, "eta_hours": 0.30551, "loss": 0.08967634, "lr": 0.00021293, "params": 337201, "time_iter": 0.08385, "accuracy": 0.86295, "precision": 0.57392, "recall": 0.86798, "f1": 0.69097, "auc": 0.9413, "accuracy-SBM": 0.86493}
{"epoch": 58, "time_epoch": 26.30195, "eta": 1073.72386, "eta_hours": 0.29826, "loss": 0.08956508, "lr": 0.00020478, "params": 337201, "time_iter": 0.08403, "accuracy": 0.86291, "precision": 0.57382, "recall": 0.86816, "f1": 0.69095, "auc": 0.94146, "accuracy-SBM": 0.86497}
{"epoch": 59, "time_epoch": 26.0428, "eta": 1047.43841, "eta_hours": 0.29096, "loss": 0.0895855, "lr": 0.00019668, "params": 337201, "time_iter": 0.0832, "accuracy": 0.86302, "precision": 0.57402, "recall": 0.86851, "f1": 0.69121, "auc": 0.94142, "accuracy-SBM": 0.86518}
{"epoch": 60, "time_epoch": 25.74491, "eta": 1020.97047, "eta_hours": 0.2836, "loss": 0.08953542, "lr": 0.00018863, "params": 337201, "time_iter": 0.08225, "accuracy": 0.86318, "precision": 0.57443, "recall": 0.86778, "f1": 0.69127, "auc": 0.94143, "accuracy-SBM": 0.86499}
{"epoch": 61, "time_epoch": 26.10987, "eta": 994.74954, "eta_hours": 0.27632, "loss": 0.0894386, "lr": 0.00018065, "params": 337201, "time_iter": 0.08342, "accuracy": 0.86311, "precision": 0.57415, "recall": 0.86927, "f1": 0.69154, "auc": 0.94163, "accuracy-SBM": 0.86553}
{"epoch": 62, "time_epoch": 25.97747, "eta": 968.45437, "eta_hours": 0.26902, "loss": 0.0894837, "lr": 0.00017275, "params": 337201, "time_iter": 0.083, "accuracy": 0.86341, "precision": 0.57489, "recall": 0.86829, "f1": 0.69176, "auc": 0.94154, "accuracy-SBM": 0.86533}
{"epoch": 63, "time_epoch": 26.32665, "eta": 942.36555, "eta_hours": 0.26177, "loss": 0.089264, "lr": 0.00016493, "params": 337201, "time_iter": 0.08411, "accuracy": 0.86328, "precision": 0.57454, "recall": 0.86887, "f1": 0.69169, "auc": 0.94185, "accuracy-SBM": 0.86547}
{"epoch": 64, "time_epoch": 26.10711, "eta": 916.15119, "eta_hours": 0.25449, "loss": 0.08912771, "lr": 0.0001572, "params": 337201, "time_iter": 0.08341, "accuracy": 0.86358, "precision": 0.57521, "recall": 0.86875, "f1": 0.69214, "auc": 0.94201, "accuracy-SBM": 0.86561}
{"epoch": 65, "time_epoch": 25.95654, "eta": 889.86252, "eta_hours": 0.24718, "loss": 0.08917208, "lr": 0.00014958, "params": 337201, "time_iter": 0.08293, "accuracy": 0.86342, "precision": 0.57485, "recall": 0.86869, "f1": 0.69187, "auc": 0.94198, "accuracy-SBM": 0.86549}
{"epoch": 66, "time_epoch": 26.32494, "eta": 863.7652, "eta_hours": 0.23993, "loss": 0.08917596, "lr": 0.00014206, "params": 337201, "time_iter": 0.08411, "accuracy": 0.86339, "precision": 0.5748, "recall": 0.8687, "f1": 0.69183, "auc": 0.94196, "accuracy-SBM": 0.86548}
{"epoch": 67, "time_epoch": 26.56575, "eta": 837.77452, "eta_hours": 0.23272, "loss": 0.08903681, "lr": 0.00013466, "params": 337201, "time_iter": 0.08487, "accuracy": 0.86392, "precision": 0.57593, "recall": 0.86888, "f1": 0.69271, "auc": 0.94214, "accuracy-SBM": 0.86587}
{"epoch": 68, "time_epoch": 26.44631, "eta": 811.71351, "eta_hours": 0.22548, "loss": 0.08903213, "lr": 0.00012739, "params": 337201, "time_iter": 0.08449, "accuracy": 0.86394, "precision": 0.576, "recall": 0.86864, "f1": 0.69268, "auc": 0.94215, "accuracy-SBM": 0.86579}
{"epoch": 69, "time_epoch": 25.98018, "eta": 785.44172, "eta_hours": 0.21818, "loss": 0.08890327, "lr": 0.00012026, "params": 337201, "time_iter": 0.083, "accuracy": 0.86392, "precision": 0.57592, "recall": 0.86889, "f1": 0.6927, "auc": 0.9423, "accuracy-SBM": 0.86587}
{"epoch": 70, "time_epoch": 25.86457, "eta": 759.13093, "eta_hours": 0.21087, "loss": 0.08901198, "lr": 0.00011326, "params": 337201, "time_iter": 0.08263, "accuracy": 0.86343, "precision": 0.5748, "recall": 0.86959, "f1": 0.69211, "auc": 0.94215, "accuracy-SBM": 0.86585}
{"epoch": 71, "time_epoch": 26.1209, "eta": 732.93221, "eta_hours": 0.20359, "loss": 0.08884986, "lr": 0.00010642, "params": 337201, "time_iter": 0.08345, "accuracy": 0.86386, "precision": 0.57575, "recall": 0.86925, "f1": 0.6927, "auc": 0.94237, "accuracy-SBM": 0.86598}
{"epoch": 72, "time_epoch": 25.9694, "eta": 706.67959, "eta_hours": 0.1963, "loss": 0.08885726, "lr": 9.973e-05, "params": 337201, "time_iter": 0.08297, "accuracy": 0.86381, "precision": 0.57558, "recall": 0.86998, "f1": 0.6928, "auc": 0.94235, "accuracy-SBM": 0.86623}
{"epoch": 73, "time_epoch": 26.19526, "eta": 680.51398, "eta_hours": 0.18903, "loss": 0.08871633, "lr": 9.321e-05, "params": 337201, "time_iter": 0.08369, "accuracy": 0.86465, "precision": 0.57751, "recall": 0.86885, "f1": 0.69384, "auc": 0.94253, "accuracy-SBM": 0.8663}
{"epoch": 74, "time_epoch": 26.03265, "eta": 654.29338, "eta_hours": 0.18175, "loss": 0.08866008, "lr": 8.685e-05, "params": 337201, "time_iter": 0.08317, "accuracy": 0.86372, "precision": 0.57535, "recall": 0.87027, "f1": 0.69273, "auc": 0.9426, "accuracy-SBM": 0.86629}
{"epoch": 75, "time_epoch": 26.42026, "eta": 628.20012, "eta_hours": 0.1745, "loss": 0.08858976, "lr": 8.068e-05, "params": 337201, "time_iter": 0.08441, "accuracy": 0.8641, "precision": 0.57616, "recall": 0.87034, "f1": 0.69333, "auc": 0.94273, "accuracy-SBM": 0.86655}
{"epoch": 76, "time_epoch": 26.21977, "eta": 602.03849, "eta_hours": 0.16723, "loss": 0.08857672, "lr": 7.469e-05, "params": 337201, "time_iter": 0.08377, "accuracy": 0.8642, "precision": 0.57639, "recall": 0.87021, "f1": 0.69346, "auc": 0.94274, "accuracy-SBM": 0.86656}
{"epoch": 77, "time_epoch": 25.85689, "eta": 575.77302, "eta_hours": 0.15994, "loss": 0.0885744, "lr": 6.889e-05, "params": 337201, "time_iter": 0.08261, "accuracy": 0.86416, "precision": 0.57634, "recall": 0.86993, "f1": 0.69334, "auc": 0.94273, "accuracy-SBM": 0.86643}
{"epoch": 78, "time_epoch": 26.24715, "eta": 549.62162, "eta_hours": 0.15267, "loss": 0.08845046, "lr": 6.329e-05, "params": 337201, "time_iter": 0.08386, "accuracy": 0.8642, "precision": 0.57631, "recall": 0.87106, "f1": 0.69367, "auc": 0.94293, "accuracy-SBM": 0.8669}
{"epoch": 79, "time_epoch": 26.13166, "eta": 523.43897, "eta_hours": 0.1454, "loss": 0.08845326, "lr": 5.79e-05, "params": 337201, "time_iter": 0.08349, "accuracy": 0.86422, "precision": 0.57637, "recall": 0.8709, "f1": 0.69367, "auc": 0.94287, "accuracy-SBM": 0.86685}
{"epoch": 80, "time_epoch": 26.16972, "eta": 497.2665, "eta_hours": 0.13813, "loss": 0.08836488, "lr": 5.271e-05, "params": 337201, "time_iter": 0.08361, "accuracy": 0.86435, "precision": 0.57662, "recall": 0.87113, "f1": 0.69392, "auc": 0.94297, "accuracy-SBM": 0.86701}
{"epoch": 81, "time_epoch": 26.21409, "eta": 471.10383, "eta_hours": 0.13086, "loss": 0.08836628, "lr": 4.775e-05, "params": 337201, "time_iter": 0.08375, "accuracy": 0.86427, "precision": 0.57651, "recall": 0.87042, "f1": 0.69362, "auc": 0.94298, "accuracy-SBM": 0.86669}
{"epoch": 82, "time_epoch": 26.13338, "eta": 444.9234, "eta_hours": 0.12359, "loss": 0.08834112, "lr": 4.3e-05, "params": 337201, "time_iter": 0.08349, "accuracy": 0.86393, "precision": 0.57574, "recall": 0.87103, "f1": 0.69325, "auc": 0.943, "accuracy-SBM": 0.86672}
{"epoch": 83, "time_epoch": 26.02364, "eta": 418.72318, "eta_hours": 0.11631, "loss": 0.08829483, "lr": 3.848e-05, "params": 337201, "time_iter": 0.08314, "accuracy": 0.86445, "precision": 0.5769, "recall": 0.87047, "f1": 0.69391, "auc": 0.94309, "accuracy-SBM": 0.86681}
{"epoch": 84, "time_epoch": 26.06318, "eta": 392.5341, "eta_hours": 0.10904, "loss": 0.08822962, "lr": 3.419e-05, "params": 337201, "time_iter": 0.08327, "accuracy": 0.8644, "precision": 0.57672, "recall": 0.87118, "f1": 0.69401, "auc": 0.94318, "accuracy-SBM": 0.86706}
{"epoch": 85, "time_epoch": 25.95098, "eta": 366.32968, "eta_hours": 0.10176, "loss": 0.08816528, "lr": 3.013e-05, "params": 337201, "time_iter": 0.08291, "accuracy": 0.86435, "precision": 0.57658, "recall": 0.87162, "f1": 0.69404, "auc": 0.94326, "accuracy-SBM": 0.8672}
{"epoch": 86, "time_epoch": 26.19477, "eta": 340.16751, "eta_hours": 0.09449, "loss": 0.08816226, "lr": 2.632e-05, "params": 337201, "time_iter": 0.08369, "accuracy": 0.86452, "precision": 0.57698, "recall": 0.87117, "f1": 0.69419, "auc": 0.94327, "accuracy-SBM": 0.86713}
{"epoch": 87, "time_epoch": 26.07767, "eta": 313.98863, "eta_hours": 0.08722, "loss": 0.08822421, "lr": 2.275e-05, "params": 337201, "time_iter": 0.08332, "accuracy": 0.86436, "precision": 0.57664, "recall": 0.87114, "f1": 0.69394, "auc": 0.94319, "accuracy-SBM": 0.86702}
{"epoch": 88, "time_epoch": 26.11371, "eta": 287.81649, "eta_hours": 0.07995, "loss": 0.08814786, "lr": 1.943e-05, "params": 337201, "time_iter": 0.08343, "accuracy": 0.86429, "precision": 0.57646, "recall": 0.87157, "f1": 0.69394, "auc": 0.94327, "accuracy-SBM": 0.86715}
{"epoch": 89, "time_epoch": 26.03633, "eta": 261.63704, "eta_hours": 0.07268, "loss": 0.08811509, "lr": 1.636e-05, "params": 337201, "time_iter": 0.08318, "accuracy": 0.86432, "precision": 0.5765, "recall": 0.87174, "f1": 0.69402, "auc": 0.94332, "accuracy-SBM": 0.86723}
{"epoch": 90, "time_epoch": 26.05058, "eta": 235.46215, "eta_hours": 0.06541, "loss": 0.08812325, "lr": 1.355e-05, "params": 337201, "time_iter": 0.08323, "accuracy": 0.865, "precision": 0.57805, "recall": 0.87091, "f1": 0.69488, "auc": 0.94332, "accuracy-SBM": 0.86732}
{"epoch": 91, "time_epoch": 26.06676, "eta": 209.29136, "eta_hours": 0.05814, "loss": 0.08804003, "lr": 1.099e-05, "params": 337201, "time_iter": 0.08328, "accuracy": 0.8645, "precision": 0.57685, "recall": 0.87209, "f1": 0.69439, "auc": 0.94343, "accuracy-SBM": 0.86748}
{"epoch": 92, "time_epoch": 26.16271, "eta": 183.13004, "eta_hours": 0.05087, "loss": 0.08804903, "lr": 8.7e-06, "params": 337201, "time_iter": 0.08359, "accuracy": 0.8647, "precision": 0.57734, "recall": 0.87155, "f1": 0.69457, "auc": 0.9434, "accuracy-SBM": 0.86739}
{"epoch": 93, "time_epoch": 26.30837, "eta": 156.97799, "eta_hours": 0.0436, "loss": 0.08805336, "lr": 6.67e-06, "params": 337201, "time_iter": 0.08405, "accuracy": 0.86439, "precision": 0.5766, "recall": 0.87215, "f1": 0.69423, "auc": 0.94341, "accuracy-SBM": 0.86744}
{"epoch": 94, "time_epoch": 26.20801, "eta": 130.81736, "eta_hours": 0.03634, "loss": 0.08804417, "lr": 4.91e-06, "params": 337201, "time_iter": 0.08373, "accuracy": 0.86438, "precision": 0.57665, "recall": 0.87144, "f1": 0.69404, "auc": 0.94338, "accuracy-SBM": 0.86715}
{"epoch": 95, "time_epoch": 25.93497, "eta": 104.64436, "eta_hours": 0.02907, "loss": 0.08802123, "lr": 3.41e-06, "params": 337201, "time_iter": 0.08286, "accuracy": 0.86466, "precision": 0.57729, "recall": 0.87129, "f1": 0.69445, "auc": 0.94338, "accuracy-SBM": 0.86727}
{"epoch": 96, "time_epoch": 26.05036, "eta": 78.47985, "eta_hours": 0.0218, "loss": 0.08798537, "lr": 2.18e-06, "params": 337201, "time_iter": 0.08323, "accuracy": 0.86448, "precision": 0.57686, "recall": 0.87162, "f1": 0.69425, "auc": 0.94351, "accuracy-SBM": 0.86729}
{"epoch": 97, "time_epoch": 26.22921, "eta": 52.32131, "eta_hours": 0.01453, "loss": 0.08803161, "lr": 1.23e-06, "params": 337201, "time_iter": 0.0838, "accuracy": 0.86475, "precision": 0.57742, "recall": 0.87181, "f1": 0.69471, "auc": 0.94342, "accuracy-SBM": 0.86752}
{"epoch": 98, "time_epoch": 26.38414, "eta": 26.16291, "eta_hours": 0.00727, "loss": 0.08803369, "lr": 5.5e-07, "params": 337201, "time_iter": 0.08429, "accuracy": 0.86433, "precision": 0.57647, "recall": 0.87214, "f1": 0.69413, "auc": 0.94341, "accuracy-SBM": 0.8674}
{"epoch": 99, "time_epoch": 26.05464, "eta": 0.0, "eta_hours": 0.0, "loss": 0.08802656, "lr": 1.4e-07, "params": 337201, "time_iter": 0.08324, "accuracy": 0.86455, "precision": 0.577, "recall": 0.87155, "f1": 0.69433, "auc": 0.94342, "accuracy-SBM": 0.8673}
