{"epoch": 0, "time_epoch": 86.20642, "eta": 8534.43586, "eta_hours": 2.37068, "loss": 1.79910421, "lr": 0.0, "params": 502054, "time_iter": 0.13793, "accuracy": 0.16665, "f1": 0.04818, "accuracy-SBM": 0.16672, "auc": 0.50291}
{"epoch": 1, "time_epoch": 85.01949, "eta": 8390.06968, "eta_hours": 2.33057, "loss": 1.74243206, "lr": 0.0001, "params": 502054, "time_iter": 0.13603, "accuracy": 0.284, "f1": 0.26932, "accuracy-SBM": 0.28406, "auc": 0.62714}
{"epoch": 2, "time_epoch": 85.14193, "eta": 8289.22691, "eta_hours": 2.30256, "loss": 1.55686603, "lr": 0.0002, "params": 502054, "time_iter": 0.13623, "accuracy": 0.45444, "f1": 0.4528, "accuracy-SBM": 0.45446, "auc": 0.76408}
{"epoch": 3, "time_epoch": 85.49979, "eta": 8204.8232, "eta_hours": 2.27912, "loss": 1.2913983, "lr": 0.0003, "params": 502054, "time_iter": 0.1368, "accuracy": 0.57468, "f1": 0.57434, "accuracy-SBM": 0.5747, "auc": 0.84154}
{"epoch": 4, "time_epoch": 85.82659, "eta": 8126.19019, "eta_hours": 2.25728, "loss": 1.06775156, "lr": 0.0004, "params": 502054, "time_iter": 0.13732, "accuracy": 0.64587, "f1": 0.64588, "accuracy-SBM": 0.64588, "auc": 0.89023}
{"epoch": 5, "time_epoch": 85.23591, "eta": 8035.90541, "eta_hours": 2.2322, "loss": 0.94681095, "lr": 0.0005, "params": 502054, "time_iter": 0.13638, "accuracy": 0.67689, "f1": 0.67689, "accuracy-SBM": 0.67689, "auc": 0.91322}
{"epoch": 6, "time_epoch": 86.7926, "eta": 7967.74486, "eta_hours": 2.21326, "loss": 0.88785438, "lr": 0.00049986, "params": 502054, "time_iter": 0.13887, "accuracy": 0.69143, "f1": 0.69143, "accuracy-SBM": 0.69143, "auc": 0.92298}
{"epoch": 7, "time_epoch": 86.94486, "eta": 7896.67727, "eta_hours": 2.19352, "loss": 0.84684646, "lr": 0.00049945, "params": 502054, "time_iter": 0.13911, "accuracy": 0.70356, "f1": 0.70356, "accuracy-SBM": 0.70356, "auc": 0.92938}
{"epoch": 8, "time_epoch": 86.4891, "eta": 7817.47321, "eta_hours": 2.17152, "loss": 0.81918765, "lr": 0.00049877, "params": 502054, "time_iter": 0.13838, "accuracy": 0.7114, "f1": 0.71141, "accuracy-SBM": 0.7114, "auc": 0.93365}
{"epoch": 9, "time_epoch": 85.23572, "eta": 7725.53172, "eta_hours": 2.14598, "loss": 0.79314695, "lr": 0.00049782, "params": 502054, "time_iter": 0.13638, "accuracy": 0.71903, "f1": 0.71903, "accuracy-SBM": 0.71903, "auc": 0.93769}
{"epoch": 10, "time_epoch": 84.96461, "eta": 7632.6159, "eta_hours": 2.12017, "loss": 0.76530271, "lr": 0.00049659, "params": 502054, "time_iter": 0.13594, "accuracy": 0.72897, "f1": 0.72897, "accuracy-SBM": 0.72897, "auc": 0.94182}
{"epoch": 11, "time_epoch": 84.8909, "eta": 7540.48478, "eta_hours": 2.09458, "loss": 0.74821744, "lr": 0.00049509, "params": 502054, "time_iter": 0.13583, "accuracy": 0.73473, "f1": 0.73473, "accuracy-SBM": 0.73473, "auc": 0.94424}
{"epoch": 12, "time_epoch": 84.85765, "eta": 7449.24501, "eta_hours": 2.06923, "loss": 0.73818249, "lr": 0.00049333, "params": 502054, "time_iter": 0.13577, "accuracy": 0.73777, "f1": 0.73777, "accuracy-SBM": 0.73777, "auc": 0.94569}
{"epoch": 13, "time_epoch": 85.39648, "eta": 7362.22693, "eta_hours": 2.04506, "loss": 0.72887565, "lr": 0.0004913, "params": 502054, "time_iter": 0.13663, "accuracy": 0.74058, "f1": 0.74058, "accuracy-SBM": 0.74058, "auc": 0.947}
{"epoch": 14, "time_epoch": 85.492, "eta": 7275.96631, "eta_hours": 2.0211, "loss": 0.71989567, "lr": 0.00048901, "params": 502054, "time_iter": 0.13679, "accuracy": 0.74371, "f1": 0.74371, "accuracy-SBM": 0.74371, "auc": 0.94826}
{"epoch": 15, "time_epoch": 85.08309, "eta": 7187.655, "eta_hours": 1.99657, "loss": 0.71225073, "lr": 0.00048645, "params": 502054, "time_iter": 0.13613, "accuracy": 0.74578, "f1": 0.74578, "accuracy-SBM": 0.74578, "auc": 0.94935}
{"epoch": 16, "time_epoch": 85.82873, "eta": 7103.36395, "eta_hours": 1.97316, "loss": 0.70747014, "lr": 0.00048364, "params": 502054, "time_iter": 0.13733, "accuracy": 0.7474, "f1": 0.7474, "accuracy-SBM": 0.7474, "auc": 0.95001}
{"epoch": 17, "time_epoch": 85.08189, "eta": 7015.49981, "eta_hours": 1.94875, "loss": 0.69938206, "lr": 0.00048057, "params": 502054, "time_iter": 0.13613, "accuracy": 0.74993, "f1": 0.74993, "accuracy-SBM": 0.74993, "auc": 0.95112}
{"epoch": 18, "time_epoch": 85.35633, "eta": 6929.09852, "eta_hours": 1.92475, "loss": 0.69461, "lr": 0.00047725, "params": 502054, "time_iter": 0.13657, "accuracy": 0.75201, "f1": 0.75201, "accuracy-SBM": 0.75201, "auc": 0.95178}
{"epoch": 19, "time_epoch": 84.70952, "eta": 6840.21445, "eta_hours": 1.90006, "loss": 0.69131479, "lr": 0.00047368, "params": 502054, "time_iter": 0.13554, "accuracy": 0.75214, "f1": 0.75214, "accuracy-SBM": 0.75214, "auc": 0.95226}
{"epoch": 20, "time_epoch": 84.91313, "eta": 6752.49393, "eta_hours": 1.87569, "loss": 0.68668585, "lr": 0.00046987, "params": 502054, "time_iter": 0.13586, "accuracy": 0.75436, "f1": 0.75435, "accuracy-SBM": 0.75436, "auc": 0.95286}
{"epoch": 21, "time_epoch": 84.99566, "eta": 6665.32123, "eta_hours": 1.85148, "loss": 0.68326188, "lr": 0.00046581, "params": 502054, "time_iter": 0.13599, "accuracy": 0.75555, "f1": 0.75555, "accuracy-SBM": 0.75555, "auc": 0.95331}
{"epoch": 22, "time_epoch": 85.7223, "eta": 6580.7705, "eta_hours": 1.82799, "loss": 0.67880497, "lr": 0.00046152, "params": 502054, "time_iter": 0.13716, "accuracy": 0.75669, "f1": 0.75668, "accuracy-SBM": 0.75669, "auc": 0.95391}
{"epoch": 23, "time_epoch": 85.718, "eta": 6496.10853, "eta_hours": 1.80447, "loss": 0.67638162, "lr": 0.000457, "params": 502054, "time_iter": 0.13715, "accuracy": 0.75804, "f1": 0.75804, "accuracy-SBM": 0.75804, "auc": 0.95422}
{"epoch": 24, "time_epoch": 85.03361, "eta": 6409.30889, "eta_hours": 1.78036, "loss": 0.67353578, "lr": 0.00045225, "params": 502054, "time_iter": 0.13605, "accuracy": 0.75889, "f1": 0.75889, "accuracy-SBM": 0.75889, "auc": 0.95461}
{"epoch": 25, "time_epoch": 84.3751, "eta": 6320.77091, "eta_hours": 1.75577, "loss": 0.66815757, "lr": 0.00044729, "params": 502054, "time_iter": 0.135, "accuracy": 0.7603, "f1": 0.7603, "accuracy-SBM": 0.7603, "auc": 0.95534}
{"epoch": 26, "time_epoch": 84.96282, "eta": 6234.1303, "eta_hours": 1.7317, "loss": 0.66553778, "lr": 0.0004421, "params": 502054, "time_iter": 0.13594, "accuracy": 0.76131, "f1": 0.76131, "accuracy-SBM": 0.76131, "auc": 0.95567}
{"epoch": 27, "time_epoch": 84.72022, "eta": 6146.98569, "eta_hours": 1.7075, "loss": 0.66220002, "lr": 0.00043671, "params": 502054, "time_iter": 0.13555, "accuracy": 0.76278, "f1": 0.76278, "accuracy-SBM": 0.76278, "auc": 0.95612}
{"epoch": 28, "time_epoch": 85.16373, "eta": 6061.09414, "eta_hours": 1.68364, "loss": 0.65993142, "lr": 0.00043111, "params": 502054, "time_iter": 0.13626, "accuracy": 0.7637, "f1": 0.7637, "accuracy-SBM": 0.7637, "auc": 0.95641}
{"epoch": 29, "time_epoch": 84.50252, "eta": 5973.70827, "eta_hours": 1.65936, "loss": 0.65754012, "lr": 0.00042531, "params": 502054, "time_iter": 0.1352, "accuracy": 0.76453, "f1": 0.76453, "accuracy-SBM": 0.76453, "auc": 0.95671}
{"epoch": 30, "time_epoch": 84.808, "eta": 5887.18836, "eta_hours": 1.63533, "loss": 0.65369405, "lr": 0.00041932, "params": 502054, "time_iter": 0.13569, "accuracy": 0.76507, "f1": 0.76507, "accuracy-SBM": 0.76507, "auc": 0.95724}
{"epoch": 31, "time_epoch": 84.90562, "eta": 5800.98289, "eta_hours": 1.61138, "loss": 0.64749427, "lr": 0.00041315, "params": 502054, "time_iter": 0.13585, "accuracy": 0.7672, "f1": 0.7672, "accuracy-SBM": 0.7672, "auc": 0.95805}
{"epoch": 32, "time_epoch": 85.00004, "eta": 5715.0479, "eta_hours": 1.58751, "loss": 0.64922835, "lr": 0.00040679, "params": 502054, "time_iter": 0.136, "accuracy": 0.76739, "f1": 0.76739, "accuracy-SBM": 0.76739, "auc": 0.95778}
{"epoch": 33, "time_epoch": 85.18117, "eta": 5629.51952, "eta_hours": 1.56376, "loss": 0.64574668, "lr": 0.00040027, "params": 502054, "time_iter": 0.13629, "accuracy": 0.76797, "f1": 0.76797, "accuracy-SBM": 0.76797, "auc": 0.95827}
{"epoch": 34, "time_epoch": 84.54213, "eta": 5542.82419, "eta_hours": 1.53967, "loss": 0.64229717, "lr": 0.00039358, "params": 502054, "time_iter": 0.13527, "accuracy": 0.76947, "f1": 0.76947, "accuracy-SBM": 0.76947, "auc": 0.9587}
{"epoch": 35, "time_epoch": 84.71896, "eta": 5456.56284, "eta_hours": 1.51571, "loss": 0.63999405, "lr": 0.00038674, "params": 502054, "time_iter": 0.13555, "accuracy": 0.77032, "f1": 0.77032, "accuracy-SBM": 0.77032, "auc": 0.959}
{"epoch": 36, "time_epoch": 85.13048, "eta": 5371.08557, "eta_hours": 1.49197, "loss": 0.64000827, "lr": 0.00037974, "params": 502054, "time_iter": 0.13621, "accuracy": 0.77027, "f1": 0.77027, "accuracy-SBM": 0.77027, "auc": 0.95899}
{"epoch": 37, "time_epoch": 84.58185, "eta": 5284.73142, "eta_hours": 1.46798, "loss": 0.63750044, "lr": 0.00037261, "params": 502054, "time_iter": 0.13533, "accuracy": 0.77114, "f1": 0.77113, "accuracy-SBM": 0.77114, "auc": 0.95931}
{"epoch": 38, "time_epoch": 84.64126, "eta": 5198.56107, "eta_hours": 1.44404, "loss": 0.6327704, "lr": 0.00036534, "params": 502054, "time_iter": 0.13543, "accuracy": 0.77275, "f1": 0.77275, "accuracy-SBM": 0.77275, "auc": 0.95992}
{"epoch": 39, "time_epoch": 85.10353, "eta": 5113.16058, "eta_hours": 1.42032, "loss": 0.6302878, "lr": 0.00035794, "params": 502054, "time_iter": 0.13617, "accuracy": 0.77362, "f1": 0.77362, "accuracy-SBM": 0.77362, "auc": 0.96023}
{"epoch": 40, "time_epoch": 84.93428, "eta": 5027.53102, "eta_hours": 1.39654, "loss": 0.62776289, "lr": 0.00035042, "params": 502054, "time_iter": 0.13589, "accuracy": 0.77383, "f1": 0.77383, "accuracy-SBM": 0.77383, "auc": 0.96057}
{"epoch": 41, "time_epoch": 84.78543, "eta": 4941.72902, "eta_hours": 1.3727, "loss": 0.62602175, "lr": 0.0003428, "params": 502054, "time_iter": 0.13566, "accuracy": 0.77481, "f1": 0.77481, "accuracy-SBM": 0.77481, "auc": 0.96079}
{"epoch": 42, "time_epoch": 85.56209, "eta": 4857.00383, "eta_hours": 1.34917, "loss": 0.62267395, "lr": 0.00033507, "params": 502054, "time_iter": 0.1369, "accuracy": 0.77578, "f1": 0.77578, "accuracy-SBM": 0.77578, "auc": 0.96121}
{"epoch": 43, "time_epoch": 84.96405, "eta": 4771.47945, "eta_hours": 1.32541, "loss": 0.62145166, "lr": 0.00032725, "params": 502054, "time_iter": 0.13594, "accuracy": 0.77631, "f1": 0.77631, "accuracy-SBM": 0.77631, "auc": 0.96136}
{"epoch": 44, "time_epoch": 84.7181, "eta": 4685.67937, "eta_hours": 1.30158, "loss": 0.61826194, "lr": 0.00031935, "params": 502054, "time_iter": 0.13555, "accuracy": 0.77762, "f1": 0.77762, "accuracy-SBM": 0.77762, "auc": 0.96175}
{"epoch": 45, "time_epoch": 84.89512, "eta": 4600.13414, "eta_hours": 1.27782, "loss": 0.61592051, "lr": 0.00031137, "params": 502054, "time_iter": 0.13583, "accuracy": 0.77836, "f1": 0.77835, "accuracy-SBM": 0.77836, "auc": 0.96203}
{"epoch": 46, "time_epoch": 84.44806, "eta": 4514.11244, "eta_hours": 1.25392, "loss": 0.61379948, "lr": 0.00030332, "params": 502054, "time_iter": 0.13512, "accuracy": 0.77956, "f1": 0.77956, "accuracy-SBM": 0.77956, "auc": 0.96227}
{"epoch": 47, "time_epoch": 84.99961, "eta": 4428.75382, "eta_hours": 1.23021, "loss": 0.61061439, "lr": 0.00029522, "params": 502054, "time_iter": 0.136, "accuracy": 0.78035, "f1": 0.78035, "accuracy-SBM": 0.78035, "auc": 0.9627}
{"epoch": 48, "time_epoch": 85.09884, "eta": 4343.51313, "eta_hours": 1.20653, "loss": 0.60947149, "lr": 0.00028707, "params": 502054, "time_iter": 0.13616, "accuracy": 0.78059, "f1": 0.78059, "accuracy-SBM": 0.78059, "auc": 0.96282}
{"epoch": 49, "time_epoch": 85.02228, "eta": 4258.20156, "eta_hours": 1.18283, "loss": 0.60718784, "lr": 0.00027887, "params": 502054, "time_iter": 0.13604, "accuracy": 0.78144, "f1": 0.78144, "accuracy-SBM": 0.78144, "auc": 0.96311}
{"epoch": 50, "time_epoch": 84.84587, "eta": 4172.73184, "eta_hours": 1.15909, "loss": 0.60499668, "lr": 0.00027064, "params": 502054, "time_iter": 0.13575, "accuracy": 0.78238, "f1": 0.78238, "accuracy-SBM": 0.78238, "auc": 0.96337}
{"epoch": 51, "time_epoch": 84.88888, "eta": 4087.32583, "eta_hours": 1.13537, "loss": 0.6049814, "lr": 0.0002624, "params": 502054, "time_iter": 0.13582, "accuracy": 0.78245, "f1": 0.78245, "accuracy-SBM": 0.78245, "auc": 0.96336}
{"epoch": 52, "time_epoch": 85.10151, "eta": 4002.12788, "eta_hours": 1.1117, "loss": 0.60134534, "lr": 0.00025413, "params": 502054, "time_iter": 0.13616, "accuracy": 0.78312, "f1": 0.78312, "accuracy-SBM": 0.78312, "auc": 0.96381}
{"epoch": 53, "time_epoch": 84.46729, "eta": 3916.39324, "eta_hours": 1.08789, "loss": 0.59792561, "lr": 0.00024587, "params": 502054, "time_iter": 0.13515, "accuracy": 0.78489, "f1": 0.78489, "accuracy-SBM": 0.78489, "auc": 0.96422}
{"epoch": 54, "time_epoch": 84.44218, "eta": 3830.68415, "eta_hours": 1.06408, "loss": 0.59761961, "lr": 0.0002376, "params": 502054, "time_iter": 0.13511, "accuracy": 0.78478, "f1": 0.78478, "accuracy-SBM": 0.78478, "auc": 0.96427}
{"epoch": 55, "time_epoch": 84.53907, "eta": 3745.09642, "eta_hours": 1.0403, "loss": 0.59621845, "lr": 0.00022936, "params": 502054, "time_iter": 0.13526, "accuracy": 0.78515, "f1": 0.78515, "accuracy-SBM": 0.78515, "auc": 0.96443}
{"epoch": 56, "time_epoch": 84.93145, "eta": 3659.8415, "eta_hours": 1.01662, "loss": 0.59229502, "lr": 0.00022113, "params": 502054, "time_iter": 0.13589, "accuracy": 0.7868, "f1": 0.78679, "accuracy-SBM": 0.7868, "auc": 0.96489}
{"epoch": 57, "time_epoch": 84.39706, "eta": 3574.21077, "eta_hours": 0.99284, "loss": 0.59191945, "lr": 0.00021293, "params": 502054, "time_iter": 0.13504, "accuracy": 0.78674, "f1": 0.78674, "accuracy-SBM": 0.78674, "auc": 0.96493}
{"epoch": 58, "time_epoch": 85.63593, "eta": 3489.48276, "eta_hours": 0.9693, "loss": 0.58775819, "lr": 0.00020478, "params": 502054, "time_iter": 0.13702, "accuracy": 0.78787, "f1": 0.78786, "accuracy-SBM": 0.78787, "auc": 0.96542}
{"epoch": 59, "time_epoch": 83.30583, "eta": 3403.17109, "eta_hours": 0.94533, "loss": 0.58524599, "lr": 0.00019668, "params": 502054, "time_iter": 0.13329, "accuracy": 0.7889, "f1": 0.7889, "accuracy-SBM": 0.7889, "auc": 0.96572}
{"epoch": 60, "time_epoch": 81.88486, "eta": 3316.04948, "eta_hours": 0.92112, "loss": 0.58360822, "lr": 0.00018863, "params": 502054, "time_iter": 0.13102, "accuracy": 0.78926, "f1": 0.78926, "accuracy-SBM": 0.78926, "auc": 0.96593}
{"epoch": 61, "time_epoch": 81.79379, "eta": 3229.04098, "eta_hours": 0.89696, "loss": 0.58346397, "lr": 0.00018065, "params": 502054, "time_iter": 0.13087, "accuracy": 0.78973, "f1": 0.78973, "accuracy-SBM": 0.78973, "auc": 0.96595}
{"epoch": 62, "time_epoch": 81.98055, "eta": 3142.30771, "eta_hours": 0.87286, "loss": 0.58319318, "lr": 0.00017275, "params": 502054, "time_iter": 0.13117, "accuracy": 0.78997, "f1": 0.78997, "accuracy-SBM": 0.78998, "auc": 0.96595}
{"epoch": 63, "time_epoch": 82.13226, "eta": 3055.8083, "eta_hours": 0.84884, "loss": 0.5788751, "lr": 0.00016493, "params": 502054, "time_iter": 0.13141, "accuracy": 0.79126, "f1": 0.79125, "accuracy-SBM": 0.79126, "auc": 0.96648}
{"epoch": 64, "time_epoch": 82.60293, "eta": 2969.6967, "eta_hours": 0.82492, "loss": 0.57598501, "lr": 0.0001572, "params": 502054, "time_iter": 0.13216, "accuracy": 0.79205, "f1": 0.79205, "accuracy-SBM": 0.79205, "auc": 0.96682}
{"epoch": 65, "time_epoch": 82.23853, "eta": 2883.50371, "eta_hours": 0.80097, "loss": 0.57528306, "lr": 0.00014958, "params": 502054, "time_iter": 0.13158, "accuracy": 0.79249, "f1": 0.79249, "accuracy-SBM": 0.79249, "auc": 0.96688}
{"epoch": 66, "time_epoch": 82.50376, "eta": 2797.55939, "eta_hours": 0.7771, "loss": 0.5749634, "lr": 0.00014206, "params": 502054, "time_iter": 0.13201, "accuracy": 0.79228, "f1": 0.79228, "accuracy-SBM": 0.79228, "auc": 0.96693}
{"epoch": 67, "time_epoch": 82.45767, "eta": 2711.69458, "eta_hours": 0.75325, "loss": 0.57225871, "lr": 0.00013466, "params": 502054, "time_iter": 0.13193, "accuracy": 0.79371, "f1": 0.79371, "accuracy-SBM": 0.79371, "auc": 0.96724}
{"epoch": 68, "time_epoch": 82.43849, "eta": 2625.91991, "eta_hours": 0.72942, "loss": 0.57268453, "lr": 0.00012739, "params": 502054, "time_iter": 0.1319, "accuracy": 0.79347, "f1": 0.79347, "accuracy-SBM": 0.79347, "auc": 0.96718}
{"epoch": 69, "time_epoch": 82.45642, "eta": 2540.24824, "eta_hours": 0.70562, "loss": 0.57001707, "lr": 0.00012026, "params": 502054, "time_iter": 0.13193, "accuracy": 0.79413, "f1": 0.79412, "accuracy-SBM": 0.79413, "auc": 0.96751}
{"epoch": 70, "time_epoch": 82.47814, "eta": 2454.67601, "eta_hours": 0.68185, "loss": 0.56932343, "lr": 0.00011326, "params": 502054, "time_iter": 0.13197, "accuracy": 0.79467, "f1": 0.79467, "accuracy-SBM": 0.79467, "auc": 0.96757}
{"epoch": 71, "time_epoch": 82.39229, "eta": 2369.15635, "eta_hours": 0.6581, "loss": 0.56776828, "lr": 0.00010642, "params": 502054, "time_iter": 0.13183, "accuracy": 0.79504, "f1": 0.79504, "accuracy-SBM": 0.79504, "auc": 0.96775}
{"epoch": 72, "time_epoch": 82.06697, "eta": 2283.60204, "eta_hours": 0.63433, "loss": 0.56375868, "lr": 9.973e-05, "params": 502054, "time_iter": 0.13131, "accuracy": 0.79635, "f1": 0.79635, "accuracy-SBM": 0.79635, "auc": 0.96822}
{"epoch": 73, "time_epoch": 82.17945, "eta": 2198.18151, "eta_hours": 0.61061, "loss": 0.56431522, "lr": 9.321e-05, "params": 502054, "time_iter": 0.13149, "accuracy": 0.79645, "f1": 0.79645, "accuracy-SBM": 0.79645, "auc": 0.96814}
{"epoch": 74, "time_epoch": 81.816, "eta": 2112.72625, "eta_hours": 0.58687, "loss": 0.56416478, "lr": 8.685e-05, "params": 502054, "time_iter": 0.13091, "accuracy": 0.79667, "f1": 0.79667, "accuracy-SBM": 0.79667, "auc": 0.96815}
{"epoch": 75, "time_epoch": 82.46171, "eta": 2027.57067, "eta_hours": 0.56321, "loss": 0.56204927, "lr": 8.068e-05, "params": 502054, "time_iter": 0.13194, "accuracy": 0.7968, "f1": 0.7968, "accuracy-SBM": 0.7968, "auc": 0.96841}
{"epoch": 76, "time_epoch": 82.1651, "eta": 1942.39646, "eta_hours": 0.53955, "loss": 0.56082546, "lr": 7.469e-05, "params": 502054, "time_iter": 0.13146, "accuracy": 0.79774, "f1": 0.79773, "accuracy-SBM": 0.79774, "auc": 0.96854}
{"epoch": 77, "time_epoch": 82.53339, "eta": 1857.40329, "eta_hours": 0.51595, "loss": 0.55896631, "lr": 6.889e-05, "params": 502054, "time_iter": 0.13205, "accuracy": 0.79832, "f1": 0.79832, "accuracy-SBM": 0.79832, "auc": 0.96875}
{"epoch": 78, "time_epoch": 82.77321, "eta": 1772.53614, "eta_hours": 0.49237, "loss": 0.55836364, "lr": 6.329e-05, "params": 502054, "time_iter": 0.13244, "accuracy": 0.7985, "f1": 0.7985, "accuracy-SBM": 0.7985, "auc": 0.96883}
{"epoch": 79, "time_epoch": 82.57122, "eta": 1687.67085, "eta_hours": 0.4688, "loss": 0.55763949, "lr": 5.79e-05, "params": 502054, "time_iter": 0.13211, "accuracy": 0.79858, "f1": 0.79858, "accuracy-SBM": 0.79858, "auc": 0.96891}
{"epoch": 80, "time_epoch": 82.32391, "eta": 1602.80418, "eta_hours": 0.44522, "loss": 0.55764738, "lr": 5.271e-05, "params": 502054, "time_iter": 0.13172, "accuracy": 0.79866, "f1": 0.79866, "accuracy-SBM": 0.79866, "auc": 0.9689}
{"epoch": 81, "time_epoch": 81.44037, "eta": 1517.80558, "eta_hours": 0.42161, "loss": 0.55519679, "lr": 4.775e-05, "params": 502054, "time_iter": 0.1303, "accuracy": 0.79921, "f1": 0.79921, "accuracy-SBM": 0.79921, "auc": 0.96917}
{"epoch": 82, "time_epoch": 81.88549, "eta": 1432.9839, "eta_hours": 0.39805, "loss": 0.55340469, "lr": 4.3e-05, "params": 502054, "time_iter": 0.13102, "accuracy": 0.80009, "f1": 0.80009, "accuracy-SBM": 0.80009, "auc": 0.96937}
{"epoch": 83, "time_epoch": 82.11181, "eta": 1348.27523, "eta_hours": 0.37452, "loss": 0.55409683, "lr": 3.848e-05, "params": 502054, "time_iter": 0.13138, "accuracy": 0.8003, "f1": 0.8003, "accuracy-SBM": 0.80031, "auc": 0.96929}
{"epoch": 84, "time_epoch": 82.66312, "eta": 1263.72496, "eta_hours": 0.35103, "loss": 0.55360017, "lr": 3.419e-05, "params": 502054, "time_iter": 0.13226, "accuracy": 0.79997, "f1": 0.79997, "accuracy-SBM": 0.79997, "auc": 0.96935}
{"epoch": 85, "time_epoch": 82.56185, "eta": 1179.20208, "eta_hours": 0.32756, "loss": 0.5518653, "lr": 3.013e-05, "params": 502054, "time_iter": 0.1321, "accuracy": 0.8006, "f1": 0.8006, "accuracy-SBM": 0.8006, "auc": 0.96955}
{"epoch": 86, "time_epoch": 82.0849, "eta": 1094.65302, "eta_hours": 0.30407, "loss": 0.55064882, "lr": 2.632e-05, "params": 502054, "time_iter": 0.13134, "accuracy": 0.80079, "f1": 0.80079, "accuracy-SBM": 0.80079, "auc": 0.96969}
{"epoch": 87, "time_epoch": 81.7434, "eta": 1010.11339, "eta_hours": 0.28059, "loss": 0.55205472, "lr": 2.275e-05, "params": 502054, "time_iter": 0.13079, "accuracy": 0.80071, "f1": 0.80072, "accuracy-SBM": 0.80072, "auc": 0.9695}
{"epoch": 88, "time_epoch": 81.77719, "eta": 925.64078, "eta_hours": 0.25712, "loss": 0.54923019, "lr": 1.943e-05, "params": 502054, "time_iter": 0.13084, "accuracy": 0.80144, "f1": 0.80144, "accuracy-SBM": 0.80144, "auc": 0.96983}
{"epoch": 89, "time_epoch": 81.58322, "eta": 841.20652, "eta_hours": 0.23367, "loss": 0.54967191, "lr": 1.636e-05, "params": 502054, "time_iter": 0.13053, "accuracy": 0.80177, "f1": 0.80177, "accuracy-SBM": 0.80177, "auc": 0.96978}
{"epoch": 90, "time_epoch": 81.6569, "eta": 756.8422, "eta_hours": 0.21023, "loss": 0.54890048, "lr": 1.355e-05, "params": 502054, "time_iter": 0.13065, "accuracy": 0.80143, "f1": 0.80143, "accuracy-SBM": 0.80143, "auc": 0.96988}
{"epoch": 91, "time_epoch": 82.01229, "eta": 672.56764, "eta_hours": 0.18682, "loss": 0.55000475, "lr": 1.099e-05, "params": 502054, "time_iter": 0.13122, "accuracy": 0.80134, "f1": 0.80134, "accuracy-SBM": 0.80134, "auc": 0.96974}
{"epoch": 92, "time_epoch": 81.36953, "eta": 588.29335, "eta_hours": 0.16341, "loss": 0.54846036, "lr": 8.7e-06, "params": 502054, "time_iter": 0.13019, "accuracy": 0.8018, "f1": 0.80179, "accuracy-SBM": 0.8018, "auc": 0.96993}
{"epoch": 93, "time_epoch": 82.43015, "eta": 504.14856, "eta_hours": 0.14004, "loss": 0.54881022, "lr": 6.67e-06, "params": 502054, "time_iter": 0.13189, "accuracy": 0.8017, "f1": 0.80169, "accuracy-SBM": 0.8017, "auc": 0.96988}
{"epoch": 94, "time_epoch": 82.17076, "eta": 420.02623, "eta_hours": 0.11667, "loss": 0.54745508, "lr": 4.91e-06, "params": 502054, "time_iter": 0.13147, "accuracy": 0.80217, "f1": 0.80217, "accuracy-SBM": 0.80217, "auc": 0.97003}
{"epoch": 95, "time_epoch": 82.06496, "eta": 335.94014, "eta_hours": 0.09332, "loss": 0.54742539, "lr": 3.41e-06, "params": 502054, "time_iter": 0.1313, "accuracy": 0.80212, "f1": 0.80212, "accuracy-SBM": 0.80212, "auc": 0.97003}
{"epoch": 96, "time_epoch": 82.14269, "eta": 251.89812, "eta_hours": 0.06997, "loss": 0.54874271, "lr": 2.18e-06, "params": 502054, "time_iter": 0.13143, "accuracy": 0.80165, "f1": 0.80165, "accuracy-SBM": 0.80165, "auc": 0.9699}
{"epoch": 97, "time_epoch": 82.42403, "eta": 167.90061, "eta_hours": 0.04664, "loss": 0.54800914, "lr": 1.23e-06, "params": 502054, "time_iter": 0.13188, "accuracy": 0.80191, "f1": 0.8019, "accuracy-SBM": 0.80191, "auc": 0.96996}
{"epoch": 98, "time_epoch": 82.76159, "eta": 83.9383, "eta_hours": 0.02332, "loss": 0.54597154, "lr": 5.5e-07, "params": 502054, "time_iter": 0.13242, "accuracy": 0.80258, "f1": 0.80258, "accuracy-SBM": 0.80258, "auc": 0.9702}
{"epoch": 99, "time_epoch": 82.40036, "eta": 0.0, "eta_hours": 0.0, "loss": 0.5459523, "lr": 1.4e-07, "params": 502054, "time_iter": 0.13184, "accuracy": 0.8029, "f1": 0.80289, "accuracy-SBM": 0.8029, "auc": 0.97019}
