{"epoch": 0, "time_epoch": 29.67348, "eta": 2937.67422, "eta_hours": 0.81602, "loss": 0.2013819, "lr": 0.0, "params": 337201, "time_iter": 0.0948, "accuracy": 0.72019, "precision": 0.17462, "recall": 0.15703, "f1": 0.16536, "auc": 0.5002, "accuracy-SBM": 0.49896}
{"epoch": 1, "time_epoch": 26.47797, "eta": 2751.42093, "eta_hours": 0.76428, "loss": 0.17272408, "lr": 0.0001, "params": 337201, "time_iter": 0.08459, "accuracy": 0.75712, "precision": 0.40008, "recall": 0.75273, "f1": 0.52247, "auc": 0.8267, "accuracy-SBM": 0.75539}
{"epoch": 2, "time_epoch": 26.28716, "eta": 2665.51509, "eta_hours": 0.74042, "loss": 0.14337127, "lr": 0.0002, "params": 337201, "time_iter": 0.08398, "accuracy": 0.8337, "precision": 0.51808, "recall": 0.82961, "f1": 0.63784, "auc": 0.88264, "accuracy-SBM": 0.83209}
{"epoch": 3, "time_epoch": 26.73039, "eta": 2620.05607, "eta_hours": 0.72779, "loss": 0.1275042, "lr": 0.0003, "params": 337201, "time_iter": 0.0854, "accuracy": 0.84022, "precision": 0.53018, "recall": 0.83309, "f1": 0.64798, "auc": 0.90021, "accuracy-SBM": 0.83742}
{"epoch": 4, "time_epoch": 26.93502, "eta": 2585.97649, "eta_hours": 0.71833, "loss": 0.11771087, "lr": 0.0004, "params": 337201, "time_iter": 0.08605, "accuracy": 0.84306, "precision": 0.53566, "recall": 0.83304, "f1": 0.65204, "auc": 0.90977, "accuracy-SBM": 0.83912}
{"epoch": 5, "time_epoch": 26.33933, "eta": 2544.94594, "eta_hours": 0.70693, "loss": 0.11266731, "lr": 0.0005, "params": 337201, "time_iter": 0.08415, "accuracy": 0.8419, "precision": 0.5333, "recall": 0.83573, "f1": 0.65111, "auc": 0.91377, "accuracy-SBM": 0.83948}
{"epoch": 6, "time_epoch": 26.15872, "eta": 2505.71328, "eta_hours": 0.69603, "loss": 0.10791372, "lr": 0.00049986, "params": 337201, "time_iter": 0.08357, "accuracy": 0.84747, "precision": 0.54424, "recall": 0.83573, "f1": 0.6592, "auc": 0.9193, "accuracy-SBM": 0.84286}
{"epoch": 7, "time_epoch": 26.42397, "eta": 2472.79952, "eta_hours": 0.68689, "loss": 0.10481537, "lr": 0.00049945, "params": 337201, "time_iter": 0.08442, "accuracy": 0.84837, "precision": 0.54579, "recall": 0.84037, "f1": 0.66178, "auc": 0.92288, "accuracy-SBM": 0.84523}
{"epoch": 8, "time_epoch": 26.14676, "eta": 2438.52506, "eta_hours": 0.67737, "loss": 0.10188081, "lr": 0.00049877, "params": 337201, "time_iter": 0.08354, "accuracy": 0.85047, "precision": 0.54959, "recall": 0.84708, "f1": 0.66665, "auc": 0.92651, "accuracy-SBM": 0.84914}
{"epoch": 9, "time_epoch": 27.18777, "eta": 2415.24522, "eta_hours": 0.6709, "loss": 0.10004684, "lr": 0.00049782, "params": 337201, "time_iter": 0.08686, "accuracy": 0.85206, "precision": 0.5527, "recall": 0.84909, "f1": 0.66956, "auc": 0.92864, "accuracy-SBM": 0.85089}
{"epoch": 10, "time_epoch": 26.38204, "eta": 2384.73574, "eta_hours": 0.66243, "loss": 0.09935166, "lr": 0.00049659, "params": 337201, "time_iter": 0.08429, "accuracy": 0.85295, "precision": 0.55464, "recall": 0.84733, "f1": 0.67043, "auc": 0.92903, "accuracy-SBM": 0.85074}
{"epoch": 11, "time_epoch": 26.55067, "eta": 2356.15078, "eta_hours": 0.65449, "loss": 0.09923193, "lr": 0.00049509, "params": 337201, "time_iter": 0.08483, "accuracy": 0.8529, "precision": 0.55457, "recall": 0.84684, "f1": 0.67022, "auc": 0.92899, "accuracy-SBM": 0.85052}
{"epoch": 12, "time_epoch": 26.56065, "eta": 2327.94557, "eta_hours": 0.64665, "loss": 0.09827217, "lr": 0.00049333, "params": 337201, "time_iter": 0.08486, "accuracy": 0.85278, "precision": 0.55406, "recall": 0.8504, "f1": 0.67097, "auc": 0.93011, "accuracy-SBM": 0.85184}
{"epoch": 13, "time_epoch": 26.31073, "eta": 2298.4401, "eta_hours": 0.63846, "loss": 0.09734731, "lr": 0.0004913, "params": 337201, "time_iter": 0.08406, "accuracy": 0.85493, "precision": 0.55847, "recall": 0.85066, "f1": 0.67427, "auc": 0.93137, "accuracy-SBM": 0.85325}
{"epoch": 14, "time_epoch": 26.38896, "eta": 2269.80388, "eta_hours": 0.6305, "loss": 0.0972235, "lr": 0.00048901, "params": 337201, "time_iter": 0.08431, "accuracy": 0.85451, "precision": 0.55757, "recall": 0.8511, "f1": 0.67375, "auc": 0.93143, "accuracy-SBM": 0.85317}
{"epoch": 15, "time_epoch": 26.16678, "eta": 2240.2821, "eta_hours": 0.6223, "loss": 0.09751973, "lr": 0.00048645, "params": 337201, "time_iter": 0.0836, "accuracy": 0.85334, "precision": 0.55521, "recall": 0.85057, "f1": 0.67186, "auc": 0.93082, "accuracy-SBM": 0.85225}
{"epoch": 16, "time_epoch": 26.01452, "eta": 2210.41168, "eta_hours": 0.614, "loss": 0.09691115, "lr": 0.00048364, "params": 337201, "time_iter": 0.08311, "accuracy": 0.85477, "precision": 0.55813, "recall": 0.85107, "f1": 0.67415, "auc": 0.93161, "accuracy-SBM": 0.85332}
{"epoch": 17, "time_epoch": 26.11874, "eta": 2181.44446, "eta_hours": 0.60596, "loss": 0.09638845, "lr": 0.00048057, "params": 337201, "time_iter": 0.08345, "accuracy": 0.85465, "precision": 0.55774, "recall": 0.8527, "f1": 0.67438, "auc": 0.93231, "accuracy-SBM": 0.85388}
{"epoch": 18, "time_epoch": 26.12528, "eta": 2152.80497, "eta_hours": 0.598, "loss": 0.09617451, "lr": 0.00047725, "params": 337201, "time_iter": 0.08347, "accuracy": 0.85529, "precision": 0.55916, "recall": 0.85163, "f1": 0.67508, "auc": 0.93254, "accuracy-SBM": 0.85385}
{"epoch": 19, "time_epoch": 26.43914, "eta": 2125.67232, "eta_hours": 0.59046, "loss": 0.09580207, "lr": 0.00047368, "params": 337201, "time_iter": 0.08447, "accuracy": 0.85534, "precision": 0.55908, "recall": 0.85385, "f1": 0.67571, "auc": 0.93306, "accuracy-SBM": 0.85475}
{"epoch": 20, "time_epoch": 26.31394, "eta": 2098.13473, "eta_hours": 0.58282, "loss": 0.09549752, "lr": 0.00046987, "params": 337201, "time_iter": 0.08407, "accuracy": 0.85587, "precision": 0.56017, "recall": 0.85423, "f1": 0.67663, "auc": 0.93348, "accuracy-SBM": 0.85523}
{"epoch": 21, "time_epoch": 26.33909, "eta": 2070.79757, "eta_hours": 0.57522, "loss": 0.09535951, "lr": 0.00046581, "params": 337201, "time_iter": 0.08415, "accuracy": 0.85557, "precision": 0.55946, "recall": 0.8552, "f1": 0.67641, "auc": 0.93364, "accuracy-SBM": 0.85542}
{"epoch": 22, "time_epoch": 26.24903, "eta": 2043.24568, "eta_hours": 0.56757, "loss": 0.09489216, "lr": 0.00046152, "params": 337201, "time_iter": 0.08386, "accuracy": 0.85609, "precision": 0.56049, "recall": 0.85594, "f1": 0.6774, "auc": 0.93427, "accuracy-SBM": 0.85603}
{"epoch": 23, "time_epoch": 26.43625, "eta": 2016.39522, "eta_hours": 0.56011, "loss": 0.09481962, "lr": 0.000457, "params": 337201, "time_iter": 0.08446, "accuracy": 0.85648, "precision": 0.5614, "recall": 0.85457, "f1": 0.67763, "auc": 0.93432, "accuracy-SBM": 0.85573}
{"epoch": 24, "time_epoch": 25.98063, "eta": 1988.21103, "eta_hours": 0.55228, "loss": 0.09428023, "lr": 0.00045225, "params": 337201, "time_iter": 0.08301, "accuracy": 0.85753, "precision": 0.56342, "recall": 0.85677, "f1": 0.6798, "auc": 0.93508, "accuracy-SBM": 0.85723}
{"epoch": 25, "time_epoch": 26.34463, "eta": 1961.23237, "eta_hours": 0.54479, "loss": 0.09406607, "lr": 0.00044729, "params": 337201, "time_iter": 0.08417, "accuracy": 0.8569, "precision": 0.56197, "recall": 0.85831, "f1": 0.67922, "auc": 0.93543, "accuracy-SBM": 0.85745}
{"epoch": 26, "time_epoch": 26.986, "eta": 1936.03475, "eta_hours": 0.53779, "loss": 0.09370787, "lr": 0.0004421, "params": 337201, "time_iter": 0.08622, "accuracy": 0.8582, "precision": 0.56462, "recall": 0.85927, "f1": 0.68145, "auc": 0.9359, "accuracy-SBM": 0.85862}
{"epoch": 27, "time_epoch": 26.45187, "eta": 1909.33591, "eta_hours": 0.53037, "loss": 0.09353885, "lr": 0.00043671, "params": 337201, "time_iter": 0.08451, "accuracy": 0.85835, "precision": 0.56496, "recall": 0.8589, "f1": 0.68159, "auc": 0.93608, "accuracy-SBM": 0.85857}
{"epoch": 28, "time_epoch": 27.32928, "eta": 1884.80224, "eta_hours": 0.52356, "loss": 0.0933786, "lr": 0.00043111, "params": 337201, "time_iter": 0.08731, "accuracy": 0.85817, "precision": 0.56461, "recall": 0.85869, "f1": 0.68127, "auc": 0.93633, "accuracy-SBM": 0.85838}
{"epoch": 29, "time_epoch": 26.41672, "eta": 1857.95288, "eta_hours": 0.5161, "loss": 0.09290318, "lr": 0.00042531, "params": 337201, "time_iter": 0.0844, "accuracy": 0.85856, "precision": 0.56523, "recall": 0.861, "f1": 0.68245, "auc": 0.93702, "accuracy-SBM": 0.85952}
{"epoch": 30, "time_epoch": 26.62401, "eta": 1831.59282, "eta_hours": 0.50878, "loss": 0.09278875, "lr": 0.00041932, "params": 337201, "time_iter": 0.08506, "accuracy": 0.85899, "precision": 0.56612, "recall": 0.86122, "f1": 0.68316, "auc": 0.93716, "accuracy-SBM": 0.85987}
{"epoch": 31, "time_epoch": 26.5283, "eta": 1805.01289, "eta_hours": 0.50139, "loss": 0.09253488, "lr": 0.00041315, "params": 337201, "time_iter": 0.08475, "accuracy": 0.85911, "precision": 0.56631, "recall": 0.86173, "f1": 0.68347, "auc": 0.9375, "accuracy-SBM": 0.86014}
{"epoch": 32, "time_epoch": 26.64309, "eta": 1778.66914, "eta_hours": 0.49407, "loss": 0.092156, "lr": 0.00040679, "params": 337201, "time_iter": 0.08512, "accuracy": 0.85995, "precision": 0.56804, "recall": 0.86238, "f1": 0.68492, "auc": 0.93799, "accuracy-SBM": 0.8609}
{"epoch": 33, "time_epoch": 26.065, "eta": 1751.18561, "eta_hours": 0.48644, "loss": 0.09217792, "lr": 0.00040027, "params": 337201, "time_iter": 0.08327, "accuracy": 0.85986, "precision": 0.56787, "recall": 0.86212, "f1": 0.68472, "auc": 0.93796, "accuracy-SBM": 0.86075}
{"epoch": 34, "time_epoch": 26.45212, "eta": 1724.50208, "eta_hours": 0.47903, "loss": 0.09183233, "lr": 0.00039358, "params": 337201, "time_iter": 0.08451, "accuracy": 0.8606, "precision": 0.56949, "recall": 0.86177, "f1": 0.68578, "auc": 0.93843, "accuracy-SBM": 0.86106}
{"epoch": 35, "time_epoch": 26.7842, "eta": 1698.42176, "eta_hours": 0.47178, "loss": 0.09194624, "lr": 0.00038674, "params": 337201, "time_iter": 0.08557, "accuracy": 0.86047, "precision": 0.56922, "recall": 0.86161, "f1": 0.68554, "auc": 0.93823, "accuracy-SBM": 0.86092}
{"epoch": 36, "time_epoch": 26.31926, "eta": 1671.51174, "eta_hours": 0.46431, "loss": 0.09148899, "lr": 0.00037974, "params": 337201, "time_iter": 0.08409, "accuracy": 0.86084, "precision": 0.56977, "recall": 0.86423, "f1": 0.68677, "auc": 0.93895, "accuracy-SBM": 0.86217}
{"epoch": 37, "time_epoch": 26.18091, "eta": 1644.40709, "eta_hours": 0.45678, "loss": 0.09131202, "lr": 0.00037261, "params": 337201, "time_iter": 0.08365, "accuracy": 0.86074, "precision": 0.56948, "recall": 0.86491, "f1": 0.68677, "auc": 0.93911, "accuracy-SBM": 0.86238}
{"epoch": 38, "time_epoch": 25.78811, "eta": 1616.73543, "eta_hours": 0.44909, "loss": 0.09123111, "lr": 0.00036534, "params": 337201, "time_iter": 0.08239, "accuracy": 0.86151, "precision": 0.57118, "recall": 0.86445, "f1": 0.68786, "auc": 0.93926, "accuracy-SBM": 0.86267}
{"epoch": 39, "time_epoch": 25.9738, "eta": 1589.43649, "eta_hours": 0.44151, "loss": 0.09128689, "lr": 0.00035794, "params": 337201, "time_iter": 0.08298, "accuracy": 0.86142, "precision": 0.57108, "recall": 0.86333, "f1": 0.68743, "auc": 0.93919, "accuracy-SBM": 0.86217}
{"epoch": 40, "time_epoch": 26.45861, "eta": 1562.89983, "eta_hours": 0.43414, "loss": 0.09107284, "lr": 0.00035042, "params": 337201, "time_iter": 0.08453, "accuracy": 0.86178, "precision": 0.57176, "recall": 0.86426, "f1": 0.68822, "auc": 0.93945, "accuracy-SBM": 0.86275}
{"epoch": 41, "time_epoch": 26.5861, "eta": 1536.54296, "eta_hours": 0.42682, "loss": 0.0908944, "lr": 0.0003428, "params": 337201, "time_iter": 0.08494, "accuracy": 0.86153, "precision": 0.57119, "recall": 0.86478, "f1": 0.68797, "auc": 0.93968, "accuracy-SBM": 0.86281}
{"epoch": 42, "time_epoch": 26.28232, "eta": 1509.77272, "eta_hours": 0.41938, "loss": 0.09094222, "lr": 0.00033507, "params": 337201, "time_iter": 0.08397, "accuracy": 0.86141, "precision": 0.57086, "recall": 0.86546, "f1": 0.68795, "auc": 0.93961, "accuracy-SBM": 0.863}
{"epoch": 43, "time_epoch": 27.27499, "eta": 1484.28807, "eta_hours": 0.4123, "loss": 0.09070827, "lr": 0.00032725, "params": 337201, "time_iter": 0.08714, "accuracy": 0.8624, "precision": 0.57311, "recall": 0.86422, "f1": 0.68919, "auc": 0.93991, "accuracy-SBM": 0.86312}
{"epoch": 44, "time_epoch": 26.3431, "eta": 1457.58487, "eta_hours": 0.40488, "loss": 0.09064383, "lr": 0.00031935, "params": 337201, "time_iter": 0.08416, "accuracy": 0.86227, "precision": 0.57276, "recall": 0.8649, "f1": 0.68915, "auc": 0.94002, "accuracy-SBM": 0.86331}
{"epoch": 45, "time_epoch": 27.02815, "eta": 1431.70152, "eta_hours": 0.39769, "loss": 0.09061721, "lr": 0.00031137, "params": 337201, "time_iter": 0.08635, "accuracy": 0.86129, "precision": 0.57054, "recall": 0.86629, "f1": 0.68798, "auc": 0.94004, "accuracy-SBM": 0.86326}
{"epoch": 46, "time_epoch": 26.80334, "eta": 1405.51595, "eta_hours": 0.39042, "loss": 0.09053984, "lr": 0.00030332, "params": 337201, "time_iter": 0.08563, "accuracy": 0.86191, "precision": 0.57189, "recall": 0.86593, "f1": 0.68885, "auc": 0.94017, "accuracy-SBM": 0.86349}
{"epoch": 47, "time_epoch": 26.07647, "eta": 1378.51719, "eta_hours": 0.38292, "loss": 0.09031371, "lr": 0.00029522, "params": 337201, "time_iter": 0.08331, "accuracy": 0.86252, "precision": 0.57322, "recall": 0.86558, "f1": 0.6897, "auc": 0.94046, "accuracy-SBM": 0.86372}
{"epoch": 48, "time_epoch": 25.79928, "eta": 1351.26757, "eta_hours": 0.37535, "loss": 0.09043147, "lr": 0.00028707, "params": 337201, "time_iter": 0.08243, "accuracy": 0.86241, "precision": 0.57295, "recall": 0.86596, "f1": 0.68962, "auc": 0.94031, "accuracy-SBM": 0.8638}
{"epoch": 49, "time_epoch": 26.17907, "eta": 1324.45575, "eta_hours": 0.3679, "loss": 0.09012149, "lr": 0.00027887, "params": 337201, "time_iter": 0.08364, "accuracy": 0.86254, "precision": 0.57314, "recall": 0.86686, "f1": 0.69004, "auc": 0.94077, "accuracy-SBM": 0.86423}
{"epoch": 50, "time_epoch": 26.80094, "eta": 1298.26624, "eta_hours": 0.36063, "loss": 0.09010182, "lr": 0.00027064, "params": 337201, "time_iter": 0.08563, "accuracy": 0.86323, "precision": 0.57473, "recall": 0.86596, "f1": 0.69091, "auc": 0.94077, "accuracy-SBM": 0.86431}
{"epoch": 51, "time_epoch": 26.3554, "eta": 1271.64194, "eta_hours": 0.35323, "loss": 0.09007717, "lr": 0.0002624, "params": 337201, "time_iter": 0.0842, "accuracy": 0.86348, "precision": 0.57525, "recall": 0.86612, "f1": 0.69133, "auc": 0.9408, "accuracy-SBM": 0.86452}
{"epoch": 52, "time_epoch": 26.36339, "eta": 1245.03486, "eta_hours": 0.34584, "loss": 0.09009007, "lr": 0.00025413, "params": 337201, "time_iter": 0.08423, "accuracy": 0.863, "precision": 0.57417, "recall": 0.86653, "f1": 0.69069, "auc": 0.94074, "accuracy-SBM": 0.86439}
{"epoch": 53, "time_epoch": 27.22472, "eta": 1219.17055, "eta_hours": 0.33866, "loss": 0.08996285, "lr": 0.00024587, "params": 337201, "time_iter": 0.08698, "accuracy": 0.86337, "precision": 0.57503, "recall": 0.86577, "f1": 0.69107, "auc": 0.9409, "accuracy-SBM": 0.86431}
{"epoch": 54, "time_epoch": 26.27146, "eta": 1192.47682, "eta_hours": 0.33124, "loss": 0.08993343, "lr": 0.0002376, "params": 337201, "time_iter": 0.08393, "accuracy": 0.86335, "precision": 0.57497, "recall": 0.86599, "f1": 0.69109, "auc": 0.94094, "accuracy-SBM": 0.86439}
{"epoch": 55, "time_epoch": 26.7716, "eta": 1166.19114, "eta_hours": 0.32394, "loss": 0.08967267, "lr": 0.00022936, "params": 337201, "time_iter": 0.08553, "accuracy": 0.86382, "precision": 0.57593, "recall": 0.86656, "f1": 0.69197, "auc": 0.94133, "accuracy-SBM": 0.86489}
{"epoch": 56, "time_epoch": 26.4995, "eta": 1139.68314, "eta_hours": 0.31658, "loss": 0.08970674, "lr": 0.00022113, "params": 337201, "time_iter": 0.08466, "accuracy": 0.86328, "precision": 0.5747, "recall": 0.86726, "f1": 0.6913, "auc": 0.94125, "accuracy-SBM": 0.86484}
{"epoch": 57, "time_epoch": 26.38264, "eta": 1113.09082, "eta_hours": 0.30919, "loss": 0.08955623, "lr": 0.00021293, "params": 337201, "time_iter": 0.08429, "accuracy": 0.86411, "precision": 0.57651, "recall": 0.86706, "f1": 0.69255, "auc": 0.94148, "accuracy-SBM": 0.86527}
{"epoch": 58, "time_epoch": 25.92478, "eta": 1086.18742, "eta_hours": 0.30172, "loss": 0.08952043, "lr": 0.00020478, "params": 337201, "time_iter": 0.08283, "accuracy": 0.86373, "precision": 0.57568, "recall": 0.86726, "f1": 0.69201, "auc": 0.94152, "accuracy-SBM": 0.86512}
{"epoch": 59, "time_epoch": 26.00689, "eta": 1059.37139, "eta_hours": 0.29427, "loss": 0.0895171, "lr": 0.00019668, "params": 337201, "time_iter": 0.08309, "accuracy": 0.86388, "precision": 0.57601, "recall": 0.86716, "f1": 0.69222, "auc": 0.9415, "accuracy-SBM": 0.86517}
{"epoch": 60, "time_epoch": 26.75596, "eta": 1033.0608, "eta_hours": 0.28696, "loss": 0.08947921, "lr": 0.00018863, "params": 337201, "time_iter": 0.08548, "accuracy": 0.86331, "precision": 0.57474, "recall": 0.86752, "f1": 0.69141, "auc": 0.94156, "accuracy-SBM": 0.86496}
{"epoch": 61, "time_epoch": 25.97952, "eta": 1006.25996, "eta_hours": 0.27952, "loss": 0.08921085, "lr": 0.00018065, "params": 337201, "time_iter": 0.083, "accuracy": 0.86401, "precision": 0.57622, "recall": 0.86793, "f1": 0.69261, "auc": 0.94194, "accuracy-SBM": 0.86555}
{"epoch": 62, "time_epoch": 26.21076, "eta": 979.621, "eta_hours": 0.27212, "loss": 0.08935449, "lr": 0.00017275, "params": 337201, "time_iter": 0.08374, "accuracy": 0.86354, "precision": 0.57512, "recall": 0.86864, "f1": 0.69204, "auc": 0.94173, "accuracy-SBM": 0.86554}
{"epoch": 63, "time_epoch": 25.78291, "eta": 952.75476, "eta_hours": 0.26465, "loss": 0.08923737, "lr": 0.00016493, "params": 337201, "time_iter": 0.08237, "accuracy": 0.86362, "precision": 0.57531, "recall": 0.86854, "f1": 0.69215, "auc": 0.94189, "accuracy-SBM": 0.86555}
{"epoch": 64, "time_epoch": 26.08934, "eta": 926.08684, "eta_hours": 0.25725, "loss": 0.08911839, "lr": 0.0001572, "params": 337201, "time_iter": 0.08335, "accuracy": 0.86411, "precision": 0.57643, "recall": 0.86782, "f1": 0.69273, "auc": 0.94205, "accuracy-SBM": 0.86557}
{"epoch": 65, "time_epoch": 26.36054, "eta": 899.57618, "eta_hours": 0.24988, "loss": 0.08908922, "lr": 0.00014958, "params": 337201, "time_iter": 0.08422, "accuracy": 0.8643, "precision": 0.57682, "recall": 0.86822, "f1": 0.69314, "auc": 0.94207, "accuracy-SBM": 0.86584}
{"epoch": 66, "time_epoch": 26.47433, "eta": 873.12603, "eta_hours": 0.24254, "loss": 0.08907969, "lr": 0.00014206, "params": 337201, "time_iter": 0.08458, "accuracy": 0.86425, "precision": 0.57675, "recall": 0.86777, "f1": 0.69294, "auc": 0.94207, "accuracy-SBM": 0.86563}
{"epoch": 67, "time_epoch": 26.13956, "eta": 846.51764, "eta_hours": 0.23514, "loss": 0.08891297, "lr": 0.00013466, "params": 337201, "time_iter": 0.08351, "accuracy": 0.86445, "precision": 0.57708, "recall": 0.86882, "f1": 0.69352, "auc": 0.94233, "accuracy-SBM": 0.86617}
{"epoch": 68, "time_epoch": 25.7208, "eta": 819.7347, "eta_hours": 0.2277, "loss": 0.08903194, "lr": 0.00012739, "params": 337201, "time_iter": 0.08218, "accuracy": 0.8639, "precision": 0.57596, "recall": 0.86804, "f1": 0.69246, "auc": 0.94211, "accuracy-SBM": 0.86553}
{"epoch": 69, "time_epoch": 25.88339, "eta": 793.05179, "eta_hours": 0.22029, "loss": 0.08890124, "lr": 0.00012026, "params": 337201, "time_iter": 0.08269, "accuracy": 0.86427, "precision": 0.57665, "recall": 0.86906, "f1": 0.69329, "auc": 0.94233, "accuracy-SBM": 0.86615}
{"epoch": 70, "time_epoch": 25.93038, "eta": 766.4106, "eta_hours": 0.21289, "loss": 0.0887589, "lr": 0.00011326, "params": 337201, "time_iter": 0.08284, "accuracy": 0.86398, "precision": 0.57598, "recall": 0.8696, "f1": 0.69297, "auc": 0.94251, "accuracy-SBM": 0.86619}
{"epoch": 71, "time_epoch": 25.89285, "eta": 739.77455, "eta_hours": 0.20549, "loss": 0.08870546, "lr": 0.00010642, "params": 337201, "time_iter": 0.08272, "accuracy": 0.86427, "precision": 0.57663, "recall": 0.86945, "f1": 0.69339, "auc": 0.94253, "accuracy-SBM": 0.86631}
{"epoch": 72, "time_epoch": 26.24783, "eta": 713.29016, "eta_hours": 0.19814, "loss": 0.08867033, "lr": 9.973e-05, "params": 337201, "time_iter": 0.08386, "accuracy": 0.86438, "precision": 0.5768, "recall": 0.8701, "f1": 0.69372, "auc": 0.94264, "accuracy-SBM": 0.86663}
{"epoch": 73, "time_epoch": 26.04078, "eta": 686.73941, "eta_hours": 0.19076, "loss": 0.08856587, "lr": 9.321e-05, "params": 337201, "time_iter": 0.0832, "accuracy": 0.86479, "precision": 0.57768, "recall": 0.87011, "f1": 0.69436, "auc": 0.94278, "accuracy-SBM": 0.86688}
{"epoch": 74, "time_epoch": 26.2663, "eta": 660.27744, "eta_hours": 0.18341, "loss": 0.08854122, "lr": 8.685e-05, "params": 337201, "time_iter": 0.08392, "accuracy": 0.86459, "precision": 0.5773, "recall": 0.86961, "f1": 0.69392, "auc": 0.94275, "accuracy-SBM": 0.86656}
{"epoch": 75, "time_epoch": 26.09984, "eta": 633.76805, "eta_hours": 0.17605, "loss": 0.08845756, "lr": 8.068e-05, "params": 337201, "time_iter": 0.08339, "accuracy": 0.86455, "precision": 0.57724, "recall": 0.86933, "f1": 0.6938, "auc": 0.9429, "accuracy-SBM": 0.86643}
{"epoch": 76, "time_epoch": 26.07542, "eta": 607.262, "eta_hours": 0.16868, "loss": 0.08843986, "lr": 7.469e-05, "params": 337201, "time_iter": 0.08331, "accuracy": 0.86477, "precision": 0.57773, "recall": 0.86923, "f1": 0.69412, "auc": 0.9429, "accuracy-SBM": 0.86652}
{"epoch": 77, "time_epoch": 26.27316, "eta": 580.82277, "eta_hours": 0.16134, "loss": 0.08842906, "lr": 6.889e-05, "params": 337201, "time_iter": 0.08394, "accuracy": 0.86439, "precision": 0.57681, "recall": 0.87017, "f1": 0.69375, "auc": 0.94291, "accuracy-SBM": 0.86666}
{"epoch": 78, "time_epoch": 26.23403, "eta": 554.37734, "eta_hours": 0.15399, "loss": 0.08833642, "lr": 6.329e-05, "params": 337201, "time_iter": 0.08381, "accuracy": 0.86486, "precision": 0.57784, "recall": 0.86999, "f1": 0.69444, "auc": 0.94305, "accuracy-SBM": 0.86687}
{"epoch": 79, "time_epoch": 26.16988, "eta": 527.92116, "eta_hours": 0.14664, "loss": 0.08829069, "lr": 5.79e-05, "params": 337201, "time_iter": 0.08361, "accuracy": 0.86492, "precision": 0.578, "recall": 0.86986, "f1": 0.69451, "auc": 0.9431, "accuracy-SBM": 0.86686}
{"epoch": 80, "time_epoch": 26.65612, "eta": 501.5861, "eta_hours": 0.13933, "loss": 0.08836136, "lr": 5.271e-05, "params": 337201, "time_iter": 0.08516, "accuracy": 0.86457, "precision": 0.57719, "recall": 0.87025, "f1": 0.69405, "auc": 0.94299, "accuracy-SBM": 0.8668}
{"epoch": 81, "time_epoch": 25.96388, "eta": 475.09126, "eta_hours": 0.13197, "loss": 0.08822797, "lr": 4.775e-05, "params": 337201, "time_iter": 0.08295, "accuracy": 0.86459, "precision": 0.57728, "recall": 0.8698, "f1": 0.69398, "auc": 0.94317, "accuracy-SBM": 0.86664}
{"epoch": 82, "time_epoch": 26.14907, "eta": 448.64714, "eta_hours": 0.12462, "loss": 0.08816673, "lr": 4.3e-05, "params": 337201, "time_iter": 0.08354, "accuracy": 0.86475, "precision": 0.57758, "recall": 0.87033, "f1": 0.69436, "auc": 0.94324, "accuracy-SBM": 0.86695}
{"epoch": 83, "time_epoch": 26.16319, "eta": 422.21274, "eta_hours": 0.11728, "loss": 0.08815183, "lr": 3.848e-05, "params": 337201, "time_iter": 0.08359, "accuracy": 0.86462, "precision": 0.57727, "recall": 0.87062, "f1": 0.69423, "auc": 0.94327, "accuracy-SBM": 0.86698}
{"epoch": 84, "time_epoch": 26.09184, "eta": 395.77213, "eta_hours": 0.10994, "loss": 0.08818849, "lr": 3.419e-05, "params": 337201, "time_iter": 0.08336, "accuracy": 0.86498, "precision": 0.57813, "recall": 0.86977, "f1": 0.69458, "auc": 0.9432, "accuracy-SBM": 0.86686}
{"epoch": 85, "time_epoch": 26.39626, "eta": 369.38918, "eta_hours": 0.10261, "loss": 0.08812278, "lr": 3.013e-05, "params": 337201, "time_iter": 0.08433, "accuracy": 0.86512, "precision": 0.57841, "recall": 0.87005, "f1": 0.69487, "auc": 0.94328, "accuracy-SBM": 0.86706}
{"epoch": 86, "time_epoch": 25.9035, "eta": 342.9323, "eta_hours": 0.09526, "loss": 0.08811554, "lr": 2.632e-05, "params": 337201, "time_iter": 0.08276, "accuracy": 0.8647, "precision": 0.57743, "recall": 0.87069, "f1": 0.69437, "auc": 0.94326, "accuracy-SBM": 0.86706}
{"epoch": 87, "time_epoch": 26.44607, "eta": 316.56199, "eta_hours": 0.08793, "loss": 0.08805852, "lr": 2.275e-05, "params": 337201, "time_iter": 0.08449, "accuracy": 0.86485, "precision": 0.57775, "recall": 0.87072, "f1": 0.6946, "auc": 0.94341, "accuracy-SBM": 0.86715}
{"epoch": 88, "time_epoch": 26.05401, "eta": 290.14151, "eta_hours": 0.08059, "loss": 0.08805023, "lr": 1.943e-05, "params": 337201, "time_iter": 0.08324, "accuracy": 0.86469, "precision": 0.57742, "recall": 0.87061, "f1": 0.69433, "auc": 0.94342, "accuracy-SBM": 0.86702}
{"epoch": 89, "time_epoch": 26.43722, "eta": 263.77175, "eta_hours": 0.07327, "loss": 0.08800344, "lr": 1.636e-05, "params": 337201, "time_iter": 0.08446, "accuracy": 0.86485, "precision": 0.57778, "recall": 0.87047, "f1": 0.69455, "auc": 0.94347, "accuracy-SBM": 0.86706}
{"epoch": 90, "time_epoch": 26.14383, "eta": 237.3715, "eta_hours": 0.06594, "loss": 0.08793109, "lr": 1.355e-05, "params": 337201, "time_iter": 0.08353, "accuracy": 0.86468, "precision": 0.5774, "recall": 0.87064, "f1": 0.69433, "auc": 0.94355, "accuracy-SBM": 0.86702}
{"epoch": 91, "time_epoch": 26.57186, "eta": 211.01404, "eta_hours": 0.05862, "loss": 0.0879213, "lr": 1.099e-05, "params": 337201, "time_iter": 0.08489, "accuracy": 0.86501, "precision": 0.57802, "recall": 0.87146, "f1": 0.69504, "auc": 0.94356, "accuracy-SBM": 0.86754}
{"epoch": 92, "time_epoch": 26.33235, "eta": 184.63394, "eta_hours": 0.05129, "loss": 0.08798186, "lr": 8.7e-06, "params": 337201, "time_iter": 0.08413, "accuracy": 0.86491, "precision": 0.57785, "recall": 0.87089, "f1": 0.69473, "auc": 0.94345, "accuracy-SBM": 0.86725}
{"epoch": 93, "time_epoch": 25.79381, "eta": 158.22049, "eta_hours": 0.04395, "loss": 0.08790692, "lr": 6.67e-06, "params": 337201, "time_iter": 0.08241, "accuracy": 0.86504, "precision": 0.57813, "recall": 0.87103, "f1": 0.69498, "auc": 0.94361, "accuracy-SBM": 0.86739}
{"epoch": 94, "time_epoch": 26.23256, "eta": 131.84317, "eta_hours": 0.03662, "loss": 0.08789573, "lr": 4.91e-06, "params": 337201, "time_iter": 0.08381, "accuracy": 0.86512, "precision": 0.5783, "recall": 0.87115, "f1": 0.69514, "auc": 0.94357, "accuracy-SBM": 0.86749}
{"epoch": 95, "time_epoch": 26.19163, "eta": 105.46716, "eta_hours": 0.0293, "loss": 0.08797658, "lr": 3.41e-06, "params": 337201, "time_iter": 0.08368, "accuracy": 0.86481, "precision": 0.57761, "recall": 0.87129, "f1": 0.69469, "auc": 0.94346, "accuracy-SBM": 0.86736}
{"epoch": 96, "time_epoch": 25.80566, "eta": 79.08302, "eta_hours": 0.02197, "loss": 0.08786864, "lr": 2.18e-06, "params": 337201, "time_iter": 0.08245, "accuracy": 0.86484, "precision": 0.57764, "recall": 0.87164, "f1": 0.69482, "auc": 0.94365, "accuracy-SBM": 0.86751}
{"epoch": 97, "time_epoch": 26.02814, "eta": 52.71522, "eta_hours": 0.01464, "loss": 0.08786392, "lr": 1.23e-06, "params": 337201, "time_iter": 0.08316, "accuracy": 0.86468, "precision": 0.57736, "recall": 0.87084, "f1": 0.69436, "auc": 0.94361, "accuracy-SBM": 0.8671}
{"epoch": 98, "time_epoch": 27.33568, "eta": 26.36749, "eta_hours": 0.00732, "loss": 0.08790689, "lr": 5.5e-07, "params": 337201, "time_iter": 0.08733, "accuracy": 0.86504, "precision": 0.5781, "recall": 0.87128, "f1": 0.69504, "auc": 0.94358, "accuracy-SBM": 0.86749}
{"epoch": 99, "time_epoch": 26.19123, "eta": 0.0, "eta_hours": 0.0, "loss": 0.08791237, "lr": 1.4e-07, "params": 337201, "time_iter": 0.08368, "accuracy": 0.86504, "precision": 0.57807, "recall": 0.87168, "f1": 0.69514, "auc": 0.94358, "accuracy-SBM": 0.86765}
