{"epoch": 0, "time_epoch": 38.73889, "eta": 5772.09527, "eta_hours": 1.60336, "loss": 1.61492224, "lr": 0.0, "params": 527237, "time_iter": 0.17689, "accuracy": 0.14914, "f1": 0.09639, "auc": 0.365}
{"epoch": 1, "time_epoch": 38.31122, "eta": 5701.70864, "eta_hours": 1.58381, "loss": 1.54970022, "lr": 5e-05, "params": 527237, "time_iter": 0.17494, "accuracy": 0.48257, "f1": 0.39173, "auc": 0.77937}
{"epoch": 2, "time_epoch": 38.26341, "eta": 5650.36282, "eta_hours": 1.56955, "loss": 1.40763758, "lr": 0.0001, "params": 527237, "time_iter": 0.17472, "accuracy": 0.57771, "f1": 0.55168, "auc": 0.85331}
{"epoch": 3, "time_epoch": 37.92932, "eta": 5593.36404, "eta_hours": 1.55371, "loss": 1.29203995, "lr": 0.00015, "params": 527237, "time_iter": 0.17319, "accuracy": 0.71686, "f1": 0.71253, "auc": 0.90249}
{"epoch": 4, "time_epoch": 38.08977, "eta": 5548.64603, "eta_hours": 1.54129, "loss": 1.17647159, "lr": 0.0002, "params": 527237, "time_iter": 0.17393, "accuracy": 0.78457, "f1": 0.77823, "auc": 0.93756}
{"epoch": 5, "time_epoch": 38.27356, "eta": 5510.54832, "eta_hours": 1.53071, "loss": 1.05866548, "lr": 0.00025, "params": 527237, "time_iter": 0.17477, "accuracy": 0.80743, "f1": 0.80311, "auc": 0.95291}
{"epoch": 6, "time_epoch": 38.03893, "eta": 5467.60733, "eta_hours": 1.51878, "loss": 0.94693958, "lr": 0.0003, "params": 527237, "time_iter": 0.17369, "accuracy": 0.828, "f1": 0.82643, "auc": 0.9588}
{"epoch": 7, "time_epoch": 38.43094, "eta": 5432.84988, "eta_hours": 1.50912, "loss": 0.84418294, "lr": 0.00035, "params": 527237, "time_iter": 0.17548, "accuracy": 0.84486, "f1": 0.84383, "auc": 0.96439}
{"epoch": 8, "time_epoch": 38.3121, "eta": 5395.41437, "eta_hours": 1.49873, "loss": 0.73952898, "lr": 0.0004, "params": 527237, "time_iter": 0.17494, "accuracy": 0.874, "f1": 0.87451, "auc": 0.97022}
{"epoch": 9, "time_epoch": 38.56813, "eta": 5361.38792, "eta_hours": 1.48927, "loss": 0.6482269, "lr": 0.00045, "params": 527237, "time_iter": 0.17611, "accuracy": 0.88371, "f1": 0.8843, "auc": 0.97574}
{"epoch": 10, "time_epoch": 38.41209, "eta": 5324.56395, "eta_hours": 1.47905, "loss": 0.56234432, "lr": 0.0005, "params": 527237, "time_iter": 0.1754, "accuracy": 0.89371, "f1": 0.89418, "auc": 0.97736}
{"epoch": 11, "time_epoch": 38.38904, "eta": 5287.21017, "eta_hours": 1.46867, "loss": 0.49864716, "lr": 0.00049994, "params": 527237, "time_iter": 0.17529, "accuracy": 0.90429, "f1": 0.90458, "auc": 0.97919}
{"epoch": 12, "time_epoch": 38.45056, "eta": 5250.34547, "eta_hours": 1.45843, "loss": 0.44232146, "lr": 0.00049975, "params": 527237, "time_iter": 0.17557, "accuracy": 0.91114, "f1": 0.91125, "auc": 0.98165}
{"epoch": 13, "time_epoch": 38.18985, "eta": 5210.7216, "eta_hours": 1.44742, "loss": 0.39827368, "lr": 0.00049943, "params": 527237, "time_iter": 0.17438, "accuracy": 0.91029, "f1": 0.91048, "auc": 0.98413}
{"epoch": 14, "time_epoch": 38.17737, "eta": 5171.17662, "eta_hours": 1.43644, "loss": 0.35540331, "lr": 0.00049899, "params": 527237, "time_iter": 0.17433, "accuracy": 0.92114, "f1": 0.92137, "auc": 0.9861}
{"epoch": 15, "time_epoch": 38.22255, "eta": 5132.18097, "eta_hours": 1.42561, "loss": 0.32143958, "lr": 0.00049843, "params": 527237, "time_iter": 0.17453, "accuracy": 0.92343, "f1": 0.9234, "auc": 0.98699}
{"epoch": 16, "time_epoch": 38.13563, "eta": 5092.59625, "eta_hours": 1.41461, "loss": 0.30896641, "lr": 0.00049774, "params": 527237, "time_iter": 0.17414, "accuracy": 0.92457, "f1": 0.9246, "auc": 0.98779}
{"epoch": 17, "time_epoch": 38.25368, "eta": 5054.03822, "eta_hours": 1.4039, "loss": 0.28231806, "lr": 0.00049692, "params": 527237, "time_iter": 0.17467, "accuracy": 0.93, "f1": 0.93013, "auc": 0.98962}
{"epoch": 18, "time_epoch": 38.225, "eta": 5015.31451, "eta_hours": 1.39314, "loss": 0.25708654, "lr": 0.00049598, "params": 527237, "time_iter": 0.17454, "accuracy": 0.93429, "f1": 0.93424, "auc": 0.99021}
{"epoch": 19, "time_epoch": 38.03957, "eta": 4975.43539, "eta_hours": 1.38207, "loss": 0.2436367, "lr": 0.00049492, "params": 527237, "time_iter": 0.1737, "accuracy": 0.93743, "f1": 0.93747, "auc": 0.99079}
{"epoch": 20, "time_epoch": 38.01103, "eta": 4935.55617, "eta_hours": 1.37099, "loss": 0.22524439, "lr": 0.00049373, "params": 527237, "time_iter": 0.17357, "accuracy": 0.942, "f1": 0.94211, "auc": 0.99121}
{"epoch": 21, "time_epoch": 38.34132, "eta": 4897.76843, "eta_hours": 1.36049, "loss": 0.22102706, "lr": 0.00049242, "params": 527237, "time_iter": 0.17507, "accuracy": 0.942, "f1": 0.9419, "auc": 0.99187}
{"epoch": 22, "time_epoch": 38.09549, "eta": 4858.57515, "eta_hours": 1.3496, "loss": 0.2049577, "lr": 0.00049099, "params": 527237, "time_iter": 0.17395, "accuracy": 0.94143, "f1": 0.94147, "auc": 0.99252}
{"epoch": 23, "time_epoch": 38.1041, "eta": 4819.51858, "eta_hours": 1.33876, "loss": 0.19779126, "lr": 0.00048944, "params": 527237, "time_iter": 0.17399, "accuracy": 0.94314, "f1": 0.94316, "auc": 0.99112}
{"epoch": 24, "time_epoch": 38.23055, "eta": 4781.17042, "eta_hours": 1.3281, "loss": 0.17826199, "lr": 0.00048776, "params": 527237, "time_iter": 0.17457, "accuracy": 0.94914, "f1": 0.94918, "auc": 0.99323}
{"epoch": 25, "time_epoch": 38.04468, "eta": 4741.94489, "eta_hours": 1.31721, "loss": 0.17927541, "lr": 0.00048597, "params": 527237, "time_iter": 0.17372, "accuracy": 0.948, "f1": 0.94802, "auc": 0.99326}
{"epoch": 26, "time_epoch": 38.33328, "eta": 4704.12156, "eta_hours": 1.3067, "loss": 0.17082967, "lr": 0.00048406, "params": 527237, "time_iter": 0.17504, "accuracy": 0.94886, "f1": 0.94887, "auc": 0.99349}
{"epoch": 27, "time_epoch": 38.53924, "eta": 4667.1592, "eta_hours": 1.29643, "loss": 0.16015689, "lr": 0.00048203, "params": 527237, "time_iter": 0.17598, "accuracy": 0.954, "f1": 0.95389, "auc": 0.99396}
{"epoch": 28, "time_epoch": 38.27362, "eta": 4628.97981, "eta_hours": 1.28583, "loss": 0.16187676, "lr": 0.00047988, "params": 527237, "time_iter": 0.17477, "accuracy": 0.954, "f1": 0.954, "auc": 0.99395}
{"epoch": 29, "time_epoch": 37.91703, "eta": 4589.36777, "eta_hours": 1.27482, "loss": 0.15485547, "lr": 0.00047762, "params": 527237, "time_iter": 0.17314, "accuracy": 0.95429, "f1": 0.95428, "auc": 0.99384}
{"epoch": 30, "time_epoch": 38.25576, "eta": 4551.16539, "eta_hours": 1.26421, "loss": 0.16342163, "lr": 0.00047524, "params": 527237, "time_iter": 0.17468, "accuracy": 0.94914, "f1": 0.94906, "auc": 0.9939}
{"epoch": 31, "time_epoch": 38.1866, "eta": 4512.70462, "eta_hours": 1.25353, "loss": 0.14498998, "lr": 0.00047275, "params": 527237, "time_iter": 0.17437, "accuracy": 0.95543, "f1": 0.95544, "auc": 0.99442}
{"epoch": 32, "time_epoch": 38.04859, "eta": 4473.77117, "eta_hours": 1.24271, "loss": 0.14104135, "lr": 0.00047015, "params": 527237, "time_iter": 0.17374, "accuracy": 0.95514, "f1": 0.95515, "auc": 0.99468}
{"epoch": 33, "time_epoch": 38.30906, "eta": 4435.77844, "eta_hours": 1.23216, "loss": 0.13610094, "lr": 0.00046744, "params": 527237, "time_iter": 0.17493, "accuracy": 0.96343, "f1": 0.96341, "auc": 0.99473}
{"epoch": 34, "time_epoch": 38.32912, "eta": 4397.83353, "eta_hours": 1.22162, "loss": 0.14533616, "lr": 0.00046461, "params": 527237, "time_iter": 0.17502, "accuracy": 0.95857, "f1": 0.95857, "auc": 0.99458}
{"epoch": 35, "time_epoch": 37.99914, "eta": 4358.82234, "eta_hours": 1.21078, "loss": 0.13372921, "lr": 0.00046168, "params": 527237, "time_iter": 0.17351, "accuracy": 0.95743, "f1": 0.95734, "auc": 0.99545}
{"epoch": 36, "time_epoch": 38.31346, "eta": 4320.82581, "eta_hours": 1.20023, "loss": 0.13947178, "lr": 0.00045864, "params": 527237, "time_iter": 0.17495, "accuracy": 0.95914, "f1": 0.95907, "auc": 0.99512}
{"epoch": 37, "time_epoch": 38.49118, "eta": 4283.33641, "eta_hours": 1.18982, "loss": 0.13495145, "lr": 0.0004555, "params": 527237, "time_iter": 0.17576, "accuracy": 0.95771, "f1": 0.95766, "auc": 0.9951}
{"epoch": 38, "time_epoch": 38.26861, "eta": 4245.16215, "eta_hours": 1.17921, "loss": 0.12968398, "lr": 0.00045225, "params": 527237, "time_iter": 0.17474, "accuracy": 0.96057, "f1": 0.96062, "auc": 0.99533}
{"epoch": 39, "time_epoch": 38.25897, "eta": 4206.95666, "eta_hours": 1.1686, "loss": 0.12536088, "lr": 0.00044891, "params": 527237, "time_iter": 0.1747, "accuracy": 0.962, "f1": 0.96189, "auc": 0.99548}
{"epoch": 40, "time_epoch": 38.07338, "eta": 4168.25517, "eta_hours": 1.15785, "loss": 0.11792607, "lr": 0.00044546, "params": 527237, "time_iter": 0.17385, "accuracy": 0.96543, "f1": 0.96543, "auc": 0.99587}
{"epoch": 41, "time_epoch": 38.20967, "eta": 4129.93406, "eta_hours": 1.1472, "loss": 0.12196091, "lr": 0.00044191, "params": 527237, "time_iter": 0.17447, "accuracy": 0.96229, "f1": 0.96223, "auc": 0.99597}
{"epoch": 42, "time_epoch": 38.15095, "eta": 4091.47201, "eta_hours": 1.13652, "loss": 0.11890907, "lr": 0.00043827, "params": 527237, "time_iter": 0.17421, "accuracy": 0.96657, "f1": 0.96654, "auc": 0.99597}
{"epoch": 43, "time_epoch": 38.04026, "eta": 4052.75745, "eta_hours": 1.12577, "loss": 0.13376391, "lr": 0.00043453, "params": 527237, "time_iter": 0.1737, "accuracy": 0.96286, "f1": 0.9628, "auc": 0.99564}
{"epoch": 44, "time_epoch": 38.27132, "eta": 4014.61199, "eta_hours": 1.11517, "loss": 0.11427184, "lr": 0.0004307, "params": 527237, "time_iter": 0.17475, "accuracy": 0.96343, "f1": 0.96335, "auc": 0.99642}
{"epoch": 45, "time_epoch": 38.37975, "eta": 3976.70621, "eta_hours": 1.10464, "loss": 0.11306203, "lr": 0.00042678, "params": 527237, "time_iter": 0.17525, "accuracy": 0.96571, "f1": 0.96569, "auc": 0.99624}
{"epoch": 46, "time_epoch": 38.2092, "eta": 3938.40649, "eta_hours": 1.094, "loss": 0.10573738, "lr": 0.00042277, "params": 527237, "time_iter": 0.17447, "accuracy": 0.96771, "f1": 0.96763, "auc": 0.99644}
{"epoch": 47, "time_epoch": 38.14952, "eta": 3899.98373, "eta_hours": 1.08333, "loss": 0.09718113, "lr": 0.00041867, "params": 527237, "time_iter": 0.1742, "accuracy": 0.96914, "f1": 0.9691, "auc": 0.99715}
{"epoch": 48, "time_epoch": 38.02995, "eta": 3861.32566, "eta_hours": 1.07259, "loss": 0.10587061, "lr": 0.00041448, "params": 527237, "time_iter": 0.17365, "accuracy": 0.96657, "f1": 0.96651, "auc": 0.99697}
{"epoch": 49, "time_epoch": 38.24304, "eta": 3823.1189, "eta_hours": 1.06198, "loss": 0.10894938, "lr": 0.00041022, "params": 527237, "time_iter": 0.17463, "accuracy": 0.96857, "f1": 0.96852, "auc": 0.9966}
{"epoch": 50, "time_epoch": 38.20657, "eta": 3784.83993, "eta_hours": 1.05134, "loss": 0.09279509, "lr": 0.00040587, "params": 527237, "time_iter": 0.17446, "accuracy": 0.97057, "f1": 0.97052, "auc": 0.99719}
{"epoch": 51, "time_epoch": 38.27198, "eta": 3746.68701, "eta_hours": 1.04075, "loss": 0.10014436, "lr": 0.00040145, "params": 527237, "time_iter": 0.17476, "accuracy": 0.97143, "f1": 0.97135, "auc": 0.99684}
{"epoch": 52, "time_epoch": 38.33094, "eta": 3708.63751, "eta_hours": 1.03018, "loss": 0.09244242, "lr": 0.00039695, "params": 527237, "time_iter": 0.17503, "accuracy": 0.97343, "f1": 0.97339, "auc": 0.99765}
{"epoch": 53, "time_epoch": 38.13728, "eta": 3670.23328, "eta_hours": 1.01951, "loss": 0.09715408, "lr": 0.00039237, "params": 527237, "time_iter": 0.17414, "accuracy": 0.97057, "f1": 0.97047, "auc": 0.99728}
{"epoch": 54, "time_epoch": 38.39481, "eta": 3632.2836, "eta_hours": 1.00897, "loss": 0.09655172, "lr": 0.00038772, "params": 527237, "time_iter": 0.17532, "accuracy": 0.97143, "f1": 0.97135, "auc": 0.99752}
{"epoch": 55, "time_epoch": 38.34123, "eta": 3594.22808, "eta_hours": 0.9984, "loss": 0.09557584, "lr": 0.00038301, "params": 527237, "time_iter": 0.17507, "accuracy": 0.97057, "f1": 0.97052, "auc": 0.9976}
{"epoch": 56, "time_epoch": 38.16399, "eta": 3555.87336, "eta_hours": 0.98774, "loss": 0.0865814, "lr": 0.00037822, "params": 527237, "time_iter": 0.17426, "accuracy": 0.97343, "f1": 0.97336, "auc": 0.9982}
{"epoch": 57, "time_epoch": 38.16783, "eta": 3517.5313, "eta_hours": 0.97709, "loss": 0.08296983, "lr": 0.00037338, "params": 527237, "time_iter": 0.17428, "accuracy": 0.976, "f1": 0.97593, "auc": 0.99808}
{"epoch": 58, "time_epoch": 38.03974, "eta": 3478.9976, "eta_hours": 0.96639, "loss": 0.07426003, "lr": 0.00036847, "params": 527237, "time_iter": 0.1737, "accuracy": 0.97914, "f1": 0.97911, "auc": 0.99852}
{"epoch": 59, "time_epoch": 37.67078, "eta": 3439.92691, "eta_hours": 0.95554, "loss": 0.07761174, "lr": 0.0003635, "params": 527237, "time_iter": 0.17201, "accuracy": 0.97714, "f1": 0.97709, "auc": 0.9983}
{"epoch": 60, "time_epoch": 38.17868, "eta": 3401.64316, "eta_hours": 0.9449, "loss": 0.07738267, "lr": 0.00035847, "params": 527237, "time_iter": 0.17433, "accuracy": 0.97629, "f1": 0.97625, "auc": 0.99818}
{"epoch": 61, "time_epoch": 38.26688, "eta": 3363.48799, "eta_hours": 0.9343, "loss": 0.09150997, "lr": 0.00035339, "params": 527237, "time_iter": 0.17473, "accuracy": 0.97343, "f1": 0.9734, "auc": 0.99743}
{"epoch": 62, "time_epoch": 37.89794, "eta": 3324.81978, "eta_hours": 0.92356, "loss": 0.07839464, "lr": 0.00034826, "params": 527237, "time_iter": 0.17305, "accuracy": 0.97629, "f1": 0.97624, "auc": 0.99832}
{"epoch": 63, "time_epoch": 38.1576, "eta": 3286.52456, "eta_hours": 0.91292, "loss": 0.08183343, "lr": 0.00034307, "params": 527237, "time_iter": 0.17424, "accuracy": 0.97657, "f1": 0.9765, "auc": 0.99791}
{"epoch": 64, "time_epoch": 38.41194, "eta": 3248.56617, "eta_hours": 0.90238, "loss": 0.07919067, "lr": 0.00033784, "params": 527237, "time_iter": 0.1754, "accuracy": 0.97543, "f1": 0.97539, "auc": 0.99802}
{"epoch": 65, "time_epoch": 37.92007, "eta": 3209.96801, "eta_hours": 0.89166, "loss": 0.08281286, "lr": 0.00033257, "params": 527237, "time_iter": 0.17315, "accuracy": 0.97486, "f1": 0.97479, "auc": 0.99828}
{"epoch": 66, "time_epoch": 38.10073, "eta": 3171.6139, "eta_hours": 0.881, "loss": 0.084456, "lr": 0.00032725, "params": 527237, "time_iter": 0.17398, "accuracy": 0.97286, "f1": 0.9728, "auc": 0.99824}
{"epoch": 67, "time_epoch": 38.06171, "eta": 3133.22019, "eta_hours": 0.87034, "loss": 0.07200678, "lr": 0.0003219, "params": 527237, "time_iter": 0.1738, "accuracy": 0.97886, "f1": 0.97883, "auc": 0.99849}
{"epoch": 68, "time_epoch": 38.18306, "eta": 3094.97856, "eta_hours": 0.85972, "loss": 0.07168394, "lr": 0.00031651, "params": 527237, "time_iter": 0.17435, "accuracy": 0.976, "f1": 0.97593, "auc": 0.99877}
{"epoch": 69, "time_epoch": 38.36533, "eta": 3056.94691, "eta_hours": 0.84915, "loss": 0.07455825, "lr": 0.00031109, "params": 527237, "time_iter": 0.17518, "accuracy": 0.97857, "f1": 0.97853, "auc": 0.99855}
{"epoch": 70, "time_epoch": 38.29744, "eta": 3018.83032, "eta_hours": 0.83856, "loss": 0.06787538, "lr": 0.00030563, "params": 527237, "time_iter": 0.17487, "accuracy": 0.98086, "f1": 0.98081, "auc": 0.99828}
{"epoch": 71, "time_epoch": 38.2501, "eta": 2980.65742, "eta_hours": 0.82796, "loss": 0.07638831, "lr": 0.00030015, "params": 527237, "time_iter": 0.17466, "accuracy": 0.97771, "f1": 0.97767, "auc": 0.99821}
{"epoch": 72, "time_epoch": 38.12737, "eta": 2942.35296, "eta_hours": 0.81732, "loss": 0.07067906, "lr": 0.00029464, "params": 527237, "time_iter": 0.1741, "accuracy": 0.97857, "f1": 0.97854, "auc": 0.99841}
{"epoch": 73, "time_epoch": 38.26409, "eta": 2904.1937, "eta_hours": 0.80672, "loss": 0.06914236, "lr": 0.00028911, "params": 527237, "time_iter": 0.17472, "accuracy": 0.98029, "f1": 0.98025, "auc": 0.99854}
{"epoch": 74, "time_epoch": 38.19668, "eta": 2865.96423, "eta_hours": 0.7961, "loss": 0.06611861, "lr": 0.00028356, "params": 527237, "time_iter": 0.17441, "accuracy": 0.98057, "f1": 0.98054, "auc": 0.99862}
{"epoch": 75, "time_epoch": 38.3815, "eta": 2827.91558, "eta_hours": 0.78553, "loss": 0.06754266, "lr": 0.00027799, "params": 527237, "time_iter": 0.17526, "accuracy": 0.98086, "f1": 0.98082, "auc": 0.9985}
{"epoch": 76, "time_epoch": 38.00529, "eta": 2789.50162, "eta_hours": 0.77486, "loss": 0.06885316, "lr": 0.00027241, "params": 527237, "time_iter": 0.17354, "accuracy": 0.98114, "f1": 0.9811, "auc": 0.99861}
{"epoch": 77, "time_epoch": 38.10236, "eta": 2751.18774, "eta_hours": 0.76422, "loss": 0.06488883, "lr": 0.00026682, "params": 527237, "time_iter": 0.17398, "accuracy": 0.98057, "f1": 0.98054, "auc": 0.99862}
{"epoch": 78, "time_epoch": 38.22605, "eta": 2712.99038, "eta_hours": 0.75361, "loss": 0.05976828, "lr": 0.00026122, "params": 527237, "time_iter": 0.17455, "accuracy": 0.98171, "f1": 0.98168, "auc": 0.9988}
{"epoch": 79, "time_epoch": 38.12717, "eta": 2674.70578, "eta_hours": 0.74297, "loss": 0.06168927, "lr": 0.00025561, "params": 527237, "time_iter": 0.1741, "accuracy": 0.98171, "f1": 0.98168, "auc": 0.99873}
{"epoch": 80, "time_epoch": 38.26365, "eta": 2636.54133, "eta_hours": 0.73237, "loss": 0.06241879, "lr": 0.00025, "params": 527237, "time_iter": 0.17472, "accuracy": 0.98029, "f1": 0.98024, "auc": 0.9988}
{"epoch": 81, "time_epoch": 38.5174, "eta": 2598.58488, "eta_hours": 0.72183, "loss": 0.05771071, "lr": 0.00024439, "params": 527237, "time_iter": 0.17588, "accuracy": 0.984, "f1": 0.98398, "auc": 0.99878}
{"epoch": 82, "time_epoch": 38.33541, "eta": 2560.46801, "eta_hours": 0.71124, "loss": 0.05750866, "lr": 0.00023878, "params": 527237, "time_iter": 0.17505, "accuracy": 0.982, "f1": 0.98196, "auc": 0.99889}
{"epoch": 83, "time_epoch": 38.51767, "eta": 2522.48914, "eta_hours": 0.70069, "loss": 0.05499665, "lr": 0.00023318, "params": 527237, "time_iter": 0.17588, "accuracy": 0.98514, "f1": 0.98513, "auc": 0.99891}
{"epoch": 84, "time_epoch": 38.13832, "eta": 2484.20751, "eta_hours": 0.69006, "loss": 0.05875721, "lr": 0.00022759, "params": 527237, "time_iter": 0.17415, "accuracy": 0.98257, "f1": 0.98255, "auc": 0.99886}
{"epoch": 85, "time_epoch": 38.48218, "eta": 2446.1851, "eta_hours": 0.6795, "loss": 0.05963312, "lr": 0.00022201, "params": 527237, "time_iter": 0.17572, "accuracy": 0.98371, "f1": 0.98369, "auc": 0.99881}
{"epoch": 86, "time_epoch": 38.14045, "eta": 2407.90466, "eta_hours": 0.66886, "loss": 0.05862582, "lr": 0.00021644, "params": 527237, "time_iter": 0.17416, "accuracy": 0.98257, "f1": 0.98255, "auc": 0.99863}
{"epoch": 87, "time_epoch": 38.49753, "eta": 2369.87899, "eta_hours": 0.6583, "loss": 0.05506186, "lr": 0.00021089, "params": 527237, "time_iter": 0.17579, "accuracy": 0.98086, "f1": 0.98083, "auc": 0.99892}
{"epoch": 88, "time_epoch": 38.17827, "eta": 2331.62389, "eta_hours": 0.64767, "loss": 0.05242841, "lr": 0.00020536, "params": 527237, "time_iter": 0.17433, "accuracy": 0.98229, "f1": 0.98226, "auc": 0.99894}
{"epoch": 89, "time_epoch": 38.01897, "eta": 2293.2643, "eta_hours": 0.63702, "loss": 0.0541431, "lr": 0.00019985, "params": 527237, "time_iter": 0.1736, "accuracy": 0.98429, "f1": 0.98426, "auc": 0.99896}
{"epoch": 90, "time_epoch": 38.25082, "eta": 2255.06252, "eta_hours": 0.62641, "loss": 0.05195155, "lr": 0.00019437, "params": 527237, "time_iter": 0.17466, "accuracy": 0.984, "f1": 0.98397, "auc": 0.99888}
{"epoch": 91, "time_epoch": 38.32111, "eta": 2216.90398, "eta_hours": 0.61581, "loss": 0.05226255, "lr": 0.00018891, "params": 527237, "time_iter": 0.17498, "accuracy": 0.98371, "f1": 0.98369, "auc": 0.99889}
{"epoch": 92, "time_epoch": 38.37476, "eta": 2178.77483, "eta_hours": 0.60522, "loss": 0.04885482, "lr": 0.00018349, "params": 527237, "time_iter": 0.17523, "accuracy": 0.986, "f1": 0.98598, "auc": 0.99901}
{"epoch": 93, "time_epoch": 38.22219, "eta": 2140.54956, "eta_hours": 0.5946, "loss": 0.0527219, "lr": 0.0001781, "params": 527237, "time_iter": 0.17453, "accuracy": 0.98486, "f1": 0.98483, "auc": 0.99904}
{"epoch": 94, "time_epoch": 37.97678, "eta": 2102.18228, "eta_hours": 0.58394, "loss": 0.05358343, "lr": 0.00017275, "params": 527237, "time_iter": 0.17341, "accuracy": 0.98371, "f1": 0.98369, "auc": 0.99901}
{"epoch": 95, "time_epoch": 38.26207, "eta": 2063.9836, "eta_hours": 0.57333, "loss": 0.04740789, "lr": 0.00016743, "params": 527237, "time_iter": 0.17471, "accuracy": 0.98486, "f1": 0.98484, "auc": 0.99904}
{"epoch": 96, "time_epoch": 38.241, "eta": 2025.77211, "eta_hours": 0.56271, "loss": 0.04919786, "lr": 0.00016216, "params": 527237, "time_iter": 0.17462, "accuracy": 0.98514, "f1": 0.98513, "auc": 0.99899}
{"epoch": 97, "time_epoch": 38.26605, "eta": 1987.57331, "eta_hours": 0.5521, "loss": 0.04810982, "lr": 0.00015693, "params": 527237, "time_iter": 0.17473, "accuracy": 0.98486, "f1": 0.98485, "auc": 0.99887}
{"epoch": 98, "time_epoch": 38.06836, "eta": 1949.27131, "eta_hours": 0.54146, "loss": 0.04890142, "lr": 0.00015174, "params": 527237, "time_iter": 0.17383, "accuracy": 0.98457, "f1": 0.98455, "auc": 0.99893}
{"epoch": 99, "time_epoch": 38.01193, "eta": 1910.94576, "eta_hours": 0.53082, "loss": 0.04763095, "lr": 0.00014661, "params": 527237, "time_iter": 0.17357, "accuracy": 0.98457, "f1": 0.98455, "auc": 0.99898}
{"epoch": 100, "time_epoch": 38.09322, "eta": 1872.66586, "eta_hours": 0.52018, "loss": 0.04804766, "lr": 0.00014153, "params": 527237, "time_iter": 0.17394, "accuracy": 0.98429, "f1": 0.98426, "auc": 0.99897}
{"epoch": 101, "time_epoch": 38.25947, "eta": 1834.46787, "eta_hours": 0.50957, "loss": 0.04878535, "lr": 0.0001365, "params": 527237, "time_iter": 0.1747, "accuracy": 0.98429, "f1": 0.98426, "auc": 0.99899}
{"epoch": 102, "time_epoch": 38.11367, "eta": 1796.20214, "eta_hours": 0.49895, "loss": 0.04431669, "lr": 0.00013153, "params": 527237, "time_iter": 0.17404, "accuracy": 0.986, "f1": 0.98599, "auc": 0.99902}
{"epoch": 103, "time_epoch": 38.37076, "eta": 1758.05306, "eta_hours": 0.48835, "loss": 0.0496263, "lr": 0.00012662, "params": 527237, "time_iter": 0.17521, "accuracy": 0.98457, "f1": 0.98455, "auc": 0.99893}
{"epoch": 104, "time_epoch": 37.95736, "eta": 1719.72258, "eta_hours": 0.4777, "loss": 0.04566727, "lr": 0.00012178, "params": 527237, "time_iter": 0.17332, "accuracy": 0.98686, "f1": 0.98685, "auc": 0.99913}
{"epoch": 105, "time_epoch": 38.44021, "eta": 1681.59956, "eta_hours": 0.46711, "loss": 0.04691249, "lr": 0.00011699, "params": 527237, "time_iter": 0.17553, "accuracy": 0.98657, "f1": 0.98656, "auc": 0.99893}
{"epoch": 106, "time_epoch": 38.13019, "eta": 1643.34603, "eta_hours": 0.45649, "loss": 0.04527195, "lr": 0.00011228, "params": 527237, "time_iter": 0.17411, "accuracy": 0.98514, "f1": 0.98512, "auc": 0.99899}
{"epoch": 107, "time_epoch": 37.80855, "eta": 1604.96971, "eta_hours": 0.44582, "loss": 0.04465405, "lr": 0.00010763, "params": 527237, "time_iter": 0.17264, "accuracy": 0.98657, "f1": 0.98656, "auc": 0.99899}
{"epoch": 108, "time_epoch": 38.13431, "eta": 1566.72633, "eta_hours": 0.4352, "loss": 0.04427619, "lr": 0.00010305, "params": 527237, "time_iter": 0.17413, "accuracy": 0.98543, "f1": 0.98542, "auc": 0.99903}
{"epoch": 109, "time_epoch": 38.34296, "eta": 1528.56081, "eta_hours": 0.4246, "loss": 0.04304398, "lr": 9.855e-05, "params": 527237, "time_iter": 0.17508, "accuracy": 0.98686, "f1": 0.98685, "auc": 0.99897}
{"epoch": 110, "time_epoch": 38.17068, "eta": 1490.33156, "eta_hours": 0.41398, "loss": 0.04297166, "lr": 9.413e-05, "params": 527237, "time_iter": 0.1743, "accuracy": 0.986, "f1": 0.98598, "auc": 0.99909}
{"epoch": 111, "time_epoch": 37.99559, "eta": 1452.04395, "eta_hours": 0.40335, "loss": 0.04176343, "lr": 8.978e-05, "params": 527237, "time_iter": 0.1735, "accuracy": 0.98686, "f1": 0.98684, "auc": 0.99906}
{"epoch": 112, "time_epoch": 38.09349, "eta": 1413.79357, "eta_hours": 0.39272, "loss": 0.04162926, "lr": 8.552e-05, "params": 527237, "time_iter": 0.17394, "accuracy": 0.98686, "f1": 0.98684, "auc": 0.99912}
{"epoch": 113, "time_epoch": 38.20712, "eta": 1375.58182, "eta_hours": 0.38211, "loss": 0.03980053, "lr": 8.133e-05, "params": 527237, "time_iter": 0.17446, "accuracy": 0.986, "f1": 0.98598, "auc": 0.99914}
{"epoch": 114, "time_epoch": 38.10896, "eta": 1337.34028, "eta_hours": 0.37148, "loss": 0.04364245, "lr": 7.723e-05, "params": 527237, "time_iter": 0.17401, "accuracy": 0.98714, "f1": 0.98713, "auc": 0.99905}
{"epoch": 115, "time_epoch": 38.10995, "eta": 1299.10131, "eta_hours": 0.36086, "loss": 0.04191505, "lr": 7.322e-05, "params": 527237, "time_iter": 0.17402, "accuracy": 0.98686, "f1": 0.98684, "auc": 0.99901}
{"epoch": 116, "time_epoch": 38.36853, "eta": 1260.93749, "eta_hours": 0.35026, "loss": 0.04169713, "lr": 6.93e-05, "params": 527237, "time_iter": 0.1752, "accuracy": 0.98686, "f1": 0.98684, "auc": 0.99906}
{"epoch": 117, "time_epoch": 38.24852, "eta": 1222.73764, "eta_hours": 0.33965, "loss": 0.04181193, "lr": 6.547e-05, "params": 527237, "time_iter": 0.17465, "accuracy": 0.98686, "f1": 0.98684, "auc": 0.99915}
{"epoch": 118, "time_epoch": 38.26272, "eta": 1184.54068, "eta_hours": 0.32904, "loss": 0.04239579, "lr": 6.173e-05, "params": 527237, "time_iter": 0.17472, "accuracy": 0.98657, "f1": 0.98655, "auc": 0.99906}
{"epoch": 119, "time_epoch": 38.41573, "eta": 1146.38088, "eta_hours": 0.31844, "loss": 0.04186097, "lr": 5.809e-05, "params": 527237, "time_iter": 0.17541, "accuracy": 0.98771, "f1": 0.9877, "auc": 0.99901}
{"epoch": 120, "time_epoch": 38.37213, "eta": 1108.20639, "eta_hours": 0.30784, "loss": 0.04210896, "lr": 5.454e-05, "params": 527237, "time_iter": 0.17522, "accuracy": 0.98657, "f1": 0.98655, "auc": 0.99894}
{"epoch": 121, "time_epoch": 38.14494, "eta": 1069.97653, "eta_hours": 0.29722, "loss": 0.04104949, "lr": 5.109e-05, "params": 527237, "time_iter": 0.17418, "accuracy": 0.98686, "f1": 0.98684, "auc": 0.99907}
{"epoch": 122, "time_epoch": 37.95779, "eta": 1031.70696, "eta_hours": 0.28659, "loss": 0.04041109, "lr": 4.775e-05, "params": 527237, "time_iter": 0.17332, "accuracy": 0.98743, "f1": 0.98741, "auc": 0.99912}
{"epoch": 123, "time_epoch": 38.35186, "eta": 993.52505, "eta_hours": 0.27598, "loss": 0.04047397, "lr": 4.45e-05, "params": 527237, "time_iter": 0.17512, "accuracy": 0.98714, "f1": 0.98712, "auc": 0.99911}
{"epoch": 124, "time_epoch": 38.12978, "eta": 955.296, "eta_hours": 0.26536, "loss": 0.03884704, "lr": 4.136e-05, "params": 527237, "time_iter": 0.17411, "accuracy": 0.988, "f1": 0.98799, "auc": 0.99912}
{"epoch": 125, "time_epoch": 38.26441, "eta": 917.09418, "eta_hours": 0.25475, "loss": 0.03882814, "lr": 3.832e-05, "params": 527237, "time_iter": 0.17472, "accuracy": 0.98743, "f1": 0.98741, "auc": 0.99908}
{"epoch": 126, "time_epoch": 38.15387, "eta": 878.87134, "eta_hours": 0.24413, "loss": 0.0403871, "lr": 3.539e-05, "params": 527237, "time_iter": 0.17422, "accuracy": 0.98686, "f1": 0.98683, "auc": 0.9991}
{"epoch": 127, "time_epoch": 38.38982, "eta": 840.69014, "eta_hours": 0.23353, "loss": 0.04003298, "lr": 3.256e-05, "params": 527237, "time_iter": 0.1753, "accuracy": 0.98743, "f1": 0.98741, "auc": 0.99915}
{"epoch": 128, "time_epoch": 38.42788, "eta": 802.5119, "eta_hours": 0.22292, "loss": 0.0394333, "lr": 2.985e-05, "params": 527237, "time_iter": 0.17547, "accuracy": 0.98743, "f1": 0.98741, "auc": 0.999}
{"epoch": 129, "time_epoch": 37.83177, "eta": 764.23812, "eta_hours": 0.21229, "loss": 0.039774, "lr": 2.725e-05, "params": 527237, "time_iter": 0.17275, "accuracy": 0.98743, "f1": 0.98741, "auc": 0.99917}
{"epoch": 130, "time_epoch": 38.26962, "eta": 726.03458, "eta_hours": 0.20168, "loss": 0.03839392, "lr": 2.476e-05, "params": 527237, "time_iter": 0.17475, "accuracy": 0.988, "f1": 0.98799, "auc": 0.99917}
{"epoch": 131, "time_epoch": 37.97043, "eta": 687.78925, "eta_hours": 0.19105, "loss": 0.03870182, "lr": 2.238e-05, "params": 527237, "time_iter": 0.17338, "accuracy": 0.98771, "f1": 0.9877, "auc": 0.99919}
{"epoch": 132, "time_epoch": 37.94969, "eta": 649.54539, "eta_hours": 0.18043, "loss": 0.03909829, "lr": 2.012e-05, "params": 527237, "time_iter": 0.17329, "accuracy": 0.988, "f1": 0.98799, "auc": 0.99912}
{"epoch": 133, "time_epoch": 38.31476, "eta": 611.34952, "eta_hours": 0.16982, "loss": 0.03877796, "lr": 1.797e-05, "params": 527237, "time_iter": 0.17495, "accuracy": 0.98714, "f1": 0.98712, "auc": 0.99914}
{"epoch": 134, "time_epoch": 38.44346, "eta": 573.16619, "eta_hours": 0.15921, "loss": 0.03944403, "lr": 1.594e-05, "params": 527237, "time_iter": 0.17554, "accuracy": 0.98771, "f1": 0.9877, "auc": 0.99924}
{"epoch": 135, "time_epoch": 38.28428, "eta": 534.96265, "eta_hours": 0.1486, "loss": 0.03816713, "lr": 1.403e-05, "params": 527237, "time_iter": 0.17481, "accuracy": 0.98743, "f1": 0.98741, "auc": 0.99918}
{"epoch": 136, "time_epoch": 37.9564, "eta": 496.72681, "eta_hours": 0.13798, "loss": 0.03844231, "lr": 1.224e-05, "params": 527237, "time_iter": 0.17332, "accuracy": 0.988, "f1": 0.98799, "auc": 0.99921}
{"epoch": 137, "time_epoch": 38.56164, "eta": 458.54765, "eta_hours": 0.12737, "loss": 0.03821619, "lr": 1.056e-05, "params": 527237, "time_iter": 0.17608, "accuracy": 0.98771, "f1": 0.9877, "auc": 0.99913}
{"epoch": 138, "time_epoch": 38.02503, "eta": 420.32053, "eta_hours": 0.11676, "loss": 0.0381812, "lr": 9.01e-06, "params": 527237, "time_iter": 0.17363, "accuracy": 0.98771, "f1": 0.9877, "auc": 0.99925}
{"epoch": 139, "time_epoch": 38.31546, "eta": 382.11704, "eta_hours": 0.10614, "loss": 0.03765428, "lr": 7.58e-06, "params": 527237, "time_iter": 0.17496, "accuracy": 0.98857, "f1": 0.98856, "auc": 0.99913}
{"epoch": 140, "time_epoch": 38.29217, "eta": 343.91047, "eta_hours": 0.09553, "loss": 0.03817622, "lr": 6.27e-06, "params": 527237, "time_iter": 0.17485, "accuracy": 0.98771, "f1": 0.9877, "auc": 0.99916}
{"epoch": 141, "time_epoch": 38.14661, "eta": 305.6945, "eta_hours": 0.08492, "loss": 0.0381842, "lr": 5.08e-06, "params": 527237, "time_iter": 0.17419, "accuracy": 0.98743, "f1": 0.98741, "auc": 0.99925}
{"epoch": 142, "time_epoch": 37.89403, "eta": 267.46713, "eta_hours": 0.0743, "loss": 0.03790411, "lr": 4.02e-06, "params": 527237, "time_iter": 0.17303, "accuracy": 0.98771, "f1": 0.9877, "auc": 0.99927}
{"epoch": 143, "time_epoch": 37.70938, "eta": 229.2367, "eta_hours": 0.06368, "loss": 0.03808789, "lr": 3.08e-06, "params": 527237, "time_iter": 0.17219, "accuracy": 0.988, "f1": 0.98799, "auc": 0.99916}
{"epoch": 144, "time_epoch": 38.23202, "eta": 191.03147, "eta_hours": 0.05306, "loss": 0.03819365, "lr": 2.26e-06, "params": 527237, "time_iter": 0.17458, "accuracy": 0.98771, "f1": 0.9877, "auc": 0.99917}
{"epoch": 145, "time_epoch": 38.14847, "eta": 152.82359, "eta_hours": 0.04245, "loss": 0.03713808, "lr": 1.57e-06, "params": 527237, "time_iter": 0.17419, "accuracy": 0.98886, "f1": 0.98885, "auc": 0.99931}
{"epoch": 146, "time_epoch": 37.80588, "eta": 114.60953, "eta_hours": 0.03184, "loss": 0.03805747, "lr": 1.01e-06, "params": 527237, "time_iter": 0.17263, "accuracy": 0.98771, "f1": 0.9877, "auc": 0.99907}
{"epoch": 147, "time_epoch": 37.63813, "eta": 76.39872, "eta_hours": 0.02122, "loss": 0.03743727, "lr": 5.7e-07, "params": 527237, "time_iter": 0.17186, "accuracy": 0.98829, "f1": 0.98828, "auc": 0.99907}
{"epoch": 148, "time_epoch": 38.07534, "eta": 38.19853, "eta_hours": 0.01061, "loss": 0.03898914, "lr": 2.5e-07, "params": 527237, "time_iter": 0.17386, "accuracy": 0.98743, "f1": 0.98741, "auc": 0.9991}
{"epoch": 149, "time_epoch": 38.12438, "eta": 0.0, "eta_hours": 0.0, "loss": 0.03780776, "lr": 6e-08, "params": 527237, "time_iter": 0.17408, "accuracy": 0.988, "f1": 0.98799, "auc": 0.99922}
