{"epoch": 0, "time_epoch": 87.41851, "eta": 8654.4326, "eta_hours": 2.40401, "loss": 0.60758873, "lr": 0.0, "params": 558625, "time_iter": 0.08495, "accuracy": 0.95915, "precision": 0.00877, "recall": 0.00081, "f1": 0.00149, "auc": 0.49657}
{"epoch": 1, "time_epoch": 83.7173, "eta": 8385.65493, "eta_hours": 2.32935, "loss": 0.35222356, "lr": 2e-05, "params": 558625, "time_iter": 0.08136, "accuracy": 0.96252, "precision": 0.0, "recall": 0.0, "f1": 0.0, "auc": 0.56051}
{"epoch": 2, "time_epoch": 82.71, "eta": 8207.68127, "eta_hours": 2.27991, "loss": 0.15670574, "lr": 4e-05, "params": 558625, "time_iter": 0.08038, "accuracy": 0.96255, "precision": 0.0, "recall": 0.0, "f1": 0.0, "auc": 0.6758}
{"epoch": 3, "time_epoch": 82.37606, "eta": 8069.32502, "eta_hours": 2.24148, "loss": 0.13958781, "lr": 6e-05, "params": 558625, "time_iter": 0.08005, "accuracy": 0.96255, "precision": 0.0, "recall": 0.0, "f1": 0.0, "auc": 0.74499}
{"epoch": 4, "time_epoch": 81.86535, "eta": 7943.65734, "eta_hours": 2.20657, "loss": 0.13450059, "lr": 8e-05, "params": 558625, "time_iter": 0.07956, "accuracy": 0.96255, "precision": 0.0, "recall": 0.0, "f1": 0.0, "auc": 0.76771}
{"epoch": 5, "time_epoch": 83.59058, "eta": 7859.61907, "eta_hours": 2.18323, "loss": 0.13102593, "lr": 0.0001, "params": 558625, "time_iter": 0.08123, "accuracy": 0.96255, "precision": 0.0, "recall": 0.0, "f1": 0.0, "auc": 0.7817}
{"epoch": 6, "time_epoch": 82.9858, "eta": 7767.67371, "eta_hours": 2.15769, "loss": 0.12511867, "lr": 9.997e-05, "params": 558625, "time_iter": 0.08065, "accuracy": 0.96365, "precision": 0.64516, "recall": 0.06494, "f1": 0.11799, "auc": 0.79987}
{"epoch": 7, "time_epoch": 81.92287, "eta": 7665.74454, "eta_hours": 2.12937, "loss": 0.12189472, "lr": 9.989e-05, "params": 558625, "time_iter": 0.07961, "accuracy": 0.96602, "precision": 0.68153, "recall": 0.1737, "f1": 0.27684, "auc": 0.81182}
{"epoch": 8, "time_epoch": 81.72477, "eta": 7566.25817, "eta_hours": 2.10174, "loss": 0.11969145, "lr": 9.975e-05, "params": 558625, "time_iter": 0.07942, "accuracy": 0.96675, "precision": 0.68254, "recall": 0.20942, "f1": 0.3205, "auc": 0.81964}
{"epoch": 9, "time_epoch": 80.97423, "eta": 7463.56931, "eta_hours": 2.07321, "loss": 0.11555718, "lr": 9.956e-05, "params": 558625, "time_iter": 0.07869, "accuracy": 0.96821, "precision": 0.70043, "recall": 0.2638, "f1": 0.38325, "auc": 0.82952}
{"epoch": 10, "time_epoch": 81.59008, "eta": 7369.81133, "eta_hours": 2.04717, "loss": 0.11314053, "lr": 9.932e-05, "params": 558625, "time_iter": 0.07929, "accuracy": 0.96781, "precision": 0.66928, "recall": 0.2776, "f1": 0.39243, "auc": 0.84467}
{"epoch": 11, "time_epoch": 81.19569, "eta": 7275.18917, "eta_hours": 2.02089, "loss": 0.11126494, "lr": 9.902e-05, "params": 558625, "time_iter": 0.07891, "accuracy": 0.9683, "precision": 0.67932, "recall": 0.29058, "f1": 0.40705, "auc": 0.84573}
{"epoch": 12, "time_epoch": 80.47516, "eta": 7177.81057, "eta_hours": 1.99384, "loss": 0.11017796, "lr": 9.867e-05, "params": 558625, "time_iter": 0.07821, "accuracy": 0.96912, "precision": 0.70225, "recall": 0.30438, "f1": 0.42469, "auc": 0.85063}
{"epoch": 13, "time_epoch": 81.07153, "eta": 7086.51016, "eta_hours": 1.96848, "loss": 0.10729678, "lr": 9.826e-05, "params": 558625, "time_iter": 0.07879, "accuracy": 0.969, "precision": 0.67785, "recall": 0.32792, "f1": 0.44201, "auc": 0.8595}
{"epoch": 14, "time_epoch": 81.78739, "eta": 7000.63013, "eta_hours": 1.94462, "loss": 0.1079558, "lr": 9.78e-05, "params": 558625, "time_iter": 0.07948, "accuracy": 0.96879, "precision": 0.68206, "recall": 0.31169, "f1": 0.42786, "auc": 0.85696}
{"epoch": 15, "time_epoch": 80.59699, "eta": 6909.01214, "eta_hours": 1.91917, "loss": 0.10468933, "lr": 9.729e-05, "params": 558625, "time_iter": 0.07833, "accuracy": 0.96973, "precision": 0.70068, "recall": 0.33442, "f1": 0.45275, "auc": 0.86485}
{"epoch": 16, "time_epoch": 81.46868, "eta": 6822.9466, "eta_hours": 1.89526, "loss": 0.10237193, "lr": 9.673e-05, "params": 558625, "time_iter": 0.07917, "accuracy": 0.97076, "precision": 0.71916, "recall": 0.35958, "f1": 0.47944, "auc": 0.87932}
{"epoch": 17, "time_epoch": 80.97337, "eta": 6735.13541, "eta_hours": 1.87087, "loss": 0.10143797, "lr": 9.611e-05, "params": 558625, "time_iter": 0.07869, "accuracy": 0.97103, "precision": 0.72906, "recall": 0.36039, "f1": 0.48235, "auc": 0.87955}
{"epoch": 18, "time_epoch": 80.76715, "eta": 6647.16486, "eta_hours": 1.84643, "loss": 0.1000605, "lr": 9.545e-05, "params": 558625, "time_iter": 0.07849, "accuracy": 0.971, "precision": 0.71787, "recall": 0.37175, "f1": 0.48984, "auc": 0.88289}
{"epoch": 19, "time_epoch": 80.81339, "eta": 6560.09961, "eta_hours": 1.82225, "loss": 0.098787, "lr": 9.474e-05, "params": 558625, "time_iter": 0.07854, "accuracy": 0.97204, "precision": 0.75243, "recall": 0.37744, "f1": 0.5027, "auc": 0.88876}
{"epoch": 20, "time_epoch": 80.62769, "eta": 6472.93116, "eta_hours": 1.79804, "loss": 0.09633565, "lr": 9.397e-05, "params": 558625, "time_iter": 0.07836, "accuracy": 0.97228, "precision": 0.7346, "recall": 0.40666, "f1": 0.52351, "auc": 0.89482}
{"epoch": 21, "time_epoch": 80.67193, "eta": 6386.51419, "eta_hours": 1.77403, "loss": 0.09466459, "lr": 9.316e-05, "params": 558625, "time_iter": 0.0784, "accuracy": 0.97277, "precision": 0.75301, "recall": 0.40584, "f1": 0.52743, "auc": 0.90262}
{"epoch": 22, "time_epoch": 81.01868, "eta": 6301.75765, "eta_hours": 1.75049, "loss": 0.0942888, "lr": 9.23e-05, "params": 558625, "time_iter": 0.07874, "accuracy": 0.97225, "precision": 0.73842, "recall": 0.40097, "f1": 0.51973, "auc": 0.90219}
{"epoch": 23, "time_epoch": 86.48593, "eta": 6234.62558, "eta_hours": 1.73184, "loss": 0.09309816, "lr": 9.14e-05, "params": 558625, "time_iter": 0.08405, "accuracy": 0.97252, "precision": 0.74189, "recall": 0.40828, "f1": 0.5267, "auc": 0.90755}
{"epoch": 24, "time_epoch": 96.46977, "eta": 6195.89668, "eta_hours": 1.72108, "loss": 0.09231724, "lr": 9.045e-05, "params": 558625, "time_iter": 0.09375, "accuracy": 0.97265, "precision": 0.74128, "recall": 0.41396, "f1": 0.53125, "auc": 0.9108}
{"epoch": 25, "time_epoch": 96.44843, "eta": 6152.66547, "eta_hours": 1.70907, "loss": 0.09018127, "lr": 8.946e-05, "params": 558625, "time_iter": 0.09373, "accuracy": 0.97325, "precision": 0.76113, "recall": 0.4164, "f1": 0.5383, "auc": 0.91789}
{"epoch": 26, "time_epoch": 97.19959, "eta": 6107.52314, "eta_hours": 1.69653, "loss": 0.08861334, "lr": 8.842e-05, "params": 558625, "time_iter": 0.09446, "accuracy": 0.97328, "precision": 0.74824, "recall": 0.43182, "f1": 0.54761, "auc": 0.92299}
{"epoch": 27, "time_epoch": 96.60755, "eta": 6057.14005, "eta_hours": 1.68254, "loss": 0.08712648, "lr": 8.734e-05, "params": 558625, "time_iter": 0.09388, "accuracy": 0.9745, "precision": 0.79111, "recall": 0.43344, "f1": 0.56004, "auc": 0.92641}
{"epoch": 28, "time_epoch": 96.00977, "eta": 6002.10553, "eta_hours": 1.66725, "loss": 0.08670238, "lr": 8.622e-05, "params": 558625, "time_iter": 0.0933, "accuracy": 0.97423, "precision": 0.7623, "recall": 0.45292, "f1": 0.56823, "auc": 0.92529}
{"epoch": 29, "time_epoch": 95.93833, "eta": 5944.17263, "eta_hours": 1.65116, "loss": 0.08553827, "lr": 8.506e-05, "params": 558625, "time_iter": 0.09323, "accuracy": 0.97389, "precision": 0.75653, "recall": 0.44643, "f1": 0.56151, "auc": 0.9303}
{"epoch": 30, "time_epoch": 96.46084, "eta": 5884.95079, "eta_hours": 1.63471, "loss": 0.08543447, "lr": 8.386e-05, "params": 558625, "time_iter": 0.09374, "accuracy": 0.97423, "precision": 0.76158, "recall": 0.45373, "f1": 0.56867, "auc": 0.92921}
{"epoch": 31, "time_epoch": 97.1392, "eta": 5824.84302, "eta_hours": 1.61801, "loss": 0.0830754, "lr": 8.263e-05, "params": 558625, "time_iter": 0.0944, "accuracy": 0.97489, "precision": 0.78835, "recall": 0.45049, "f1": 0.57335, "auc": 0.93453}
{"epoch": 32, "time_epoch": 96.78599, "eta": 5761.7738, "eta_hours": 1.60049, "loss": 0.08174614, "lr": 8.136e-05, "params": 558625, "time_iter": 0.09406, "accuracy": 0.97553, "precision": 0.78353, "recall": 0.4789, "f1": 0.59446, "auc": 0.9408}
{"epoch": 33, "time_epoch": 97.53565, "eta": 5698.17646, "eta_hours": 1.58283, "loss": 0.08000714, "lr": 8.005e-05, "params": 558625, "time_iter": 0.09479, "accuracy": 0.97556, "precision": 0.7861, "recall": 0.47727, "f1": 0.59394, "auc": 0.94265}
{"epoch": 34, "time_epoch": 99.12981, "eta": 5635.60037, "eta_hours": 1.56544, "loss": 0.07812946, "lr": 7.872e-05, "params": 558625, "time_iter": 0.09634, "accuracy": 0.97565, "precision": 0.78318, "recall": 0.48377, "f1": 0.59809, "auc": 0.94766}
{"epoch": 35, "time_epoch": 97.57494, "eta": 5568.22931, "eta_hours": 1.54673, "loss": 0.07738368, "lr": 7.735e-05, "params": 558625, "time_iter": 0.09483, "accuracy": 0.97511, "precision": 0.7604, "recall": 0.48945, "f1": 0.59556, "auc": 0.95087}
{"epoch": 36, "time_epoch": 98.79859, "eta": 5501.30912, "eta_hours": 1.52814, "loss": 0.0769695, "lr": 7.595e-05, "params": 558625, "time_iter": 0.09601, "accuracy": 0.97575, "precision": 0.78255, "recall": 0.48782, "f1": 0.601, "auc": 0.95113}
{"epoch": 37, "time_epoch": 106.72443, "eta": 5445.64274, "eta_hours": 1.51268, "loss": 0.07524669, "lr": 7.452e-05, "params": 558625, "time_iter": 0.10372, "accuracy": 0.97584, "precision": 0.77554, "recall": 0.49919, "f1": 0.60741, "auc": 0.95575}
{"epoch": 38, "time_epoch": 96.78769, "eta": 5371.81592, "eta_hours": 1.49217, "loss": 0.07597437, "lr": 7.307e-05, "params": 558625, "time_iter": 0.09406, "accuracy": 0.97608, "precision": 0.77435, "recall": 0.50974, "f1": 0.61478, "auc": 0.95259}
{"epoch": 39, "time_epoch": 80.49208, "eta": 5272.39766, "eta_hours": 1.46455, "loss": 0.07383231, "lr": 7.159e-05, "params": 558625, "time_iter": 0.07822, "accuracy": 0.97675, "precision": 0.79151, "recall": 0.51461, "f1": 0.62371, "auc": 0.95509}
{"epoch": 40, "time_epoch": 81.43437, "eta": 5175.25859, "eta_hours": 1.43757, "loss": 0.07214028, "lr": 7.008e-05, "params": 558625, "time_iter": 0.07914, "accuracy": 0.9772, "precision": 0.80662, "recall": 0.51461, "f1": 0.62834, "auc": 0.95854}
{"epoch": 41, "time_epoch": 81.21292, "eta": 5078.56156, "eta_hours": 1.41071, "loss": 0.06963448, "lr": 6.856e-05, "params": 558625, "time_iter": 0.07892, "accuracy": 0.97702, "precision": 0.79238, "recall": 0.52354, "f1": 0.6305, "auc": 0.96456}
{"epoch": 42, "time_epoch": 81.22271, "eta": 4982.5977, "eta_hours": 1.38405, "loss": 0.07062675, "lr": 6.701e-05, "params": 558625, "time_iter": 0.07893, "accuracy": 0.9772, "precision": 0.79607, "recall": 0.52597, "f1": 0.63343, "auc": 0.96273}
{"epoch": 43, "time_epoch": 77.70888, "eta": 4882.83175, "eta_hours": 1.35634, "loss": 0.06952711, "lr": 6.545e-05, "params": 558625, "time_iter": 0.07552, "accuracy": 0.97748, "precision": 0.79614, "recall": 0.53571, "f1": 0.64047, "auc": 0.96426}
{"epoch": 44, "time_epoch": 80.70187, "eta": 4787.7042, "eta_hours": 1.32992, "loss": 0.06868648, "lr": 6.387e-05, "params": 558625, "time_iter": 0.07843, "accuracy": 0.97766, "precision": 0.79832, "recall": 0.53977, "f1": 0.64407, "auc": 0.96633}
{"epoch": 45, "time_epoch": 80.24323, "eta": 4692.66545, "eta_hours": 1.30352, "loss": 0.06982973, "lr": 6.227e-05, "params": 558625, "time_iter": 0.07798, "accuracy": 0.97787, "precision": 0.80435, "recall": 0.54058, "f1": 0.6466, "auc": 0.96297}
{"epoch": 46, "time_epoch": 80.79005, "eta": 4598.87293, "eta_hours": 1.27746, "loss": 0.06777696, "lr": 6.066e-05, "params": 558625, "time_iter": 0.07851, "accuracy": 0.97812, "precision": 0.80769, "recall": 0.54545, "f1": 0.65116, "auc": 0.96603}
{"epoch": 47, "time_epoch": 81.12343, "eta": 4505.98334, "eta_hours": 1.25166, "loss": 0.06745948, "lr": 5.904e-05, "params": 558625, "time_iter": 0.07884, "accuracy": 0.97854, "precision": 0.8051, "recall": 0.56331, "f1": 0.66285, "auc": 0.96762}
{"epoch": 48, "time_epoch": 80.4608, "eta": 4412.88433, "eta_hours": 1.2258, "loss": 0.06443704, "lr": 5.741e-05, "params": 558625, "time_iter": 0.07819, "accuracy": 0.9793, "precision": 0.82072, "recall": 0.57224, "f1": 0.67432, "auc": 0.97077}
{"epoch": 49, "time_epoch": 83.12305, "eta": 4322.95309, "eta_hours": 1.20082, "loss": 0.06425254, "lr": 5.577e-05, "params": 558625, "time_iter": 0.08078, "accuracy": 0.97815, "precision": 0.8, "recall": 0.55519, "f1": 0.65549, "auc": 0.97273}
{"epoch": 50, "time_epoch": 81.44353, "eta": 4231.67518, "eta_hours": 1.17547, "loss": 0.06250587, "lr": 5.413e-05, "params": 558625, "time_iter": 0.07915, "accuracy": 0.97958, "precision": 0.82407, "recall": 0.57792, "f1": 0.67939, "auc": 0.97305}
{"epoch": 51, "time_epoch": 80.71029, "eta": 4140.09869, "eta_hours": 1.15003, "loss": 0.06168493, "lr": 5.248e-05, "params": 558625, "time_iter": 0.07844, "accuracy": 0.97921, "precision": 0.81494, "recall": 0.57549, "f1": 0.6746, "auc": 0.97434}
{"epoch": 52, "time_epoch": 80.00851, "eta": 4048.3099, "eta_hours": 1.12453, "loss": 0.06399058, "lr": 5.083e-05, "params": 558625, "time_iter": 0.07775, "accuracy": 0.97918, "precision": 0.81044, "recall": 0.57955, "f1": 0.67582, "auc": 0.97226}
{"epoch": 53, "time_epoch": 80.25228, "eta": 3957.16507, "eta_hours": 1.09921, "loss": 0.06086604, "lr": 4.917e-05, "params": 558625, "time_iter": 0.07799, "accuracy": 0.97979, "precision": 0.82775, "recall": 0.58117, "f1": 0.68288, "auc": 0.97464}
{"epoch": 54, "time_epoch": 79.98215, "eta": 3866.19533, "eta_hours": 1.07394, "loss": 0.06043171, "lr": 4.752e-05, "params": 558625, "time_iter": 0.07773, "accuracy": 0.9797, "precision": 0.82639, "recall": 0.57955, "f1": 0.6813, "auc": 0.9763}
{"epoch": 55, "time_epoch": 80.12338, "eta": 3775.72896, "eta_hours": 1.04881, "loss": 0.05902357, "lr": 4.587e-05, "params": 558625, "time_iter": 0.07787, "accuracy": 0.98073, "precision": 0.8352, "recall": 0.60471, "f1": 0.70151, "auc": 0.97759}
{"epoch": 56, "time_epoch": 80.0527, "eta": 3685.57219, "eta_hours": 1.02377, "loss": 0.0565124, "lr": 4.423e-05, "params": 558625, "time_iter": 0.0778, "accuracy": 0.98119, "precision": 0.84169, "recall": 0.61282, "f1": 0.70925, "auc": 0.97915}
{"epoch": 57, "time_epoch": 79.2382, "eta": 3595.17402, "eta_hours": 0.99866, "loss": 0.05943194, "lr": 4.259e-05, "params": 558625, "time_iter": 0.07701, "accuracy": 0.98088, "precision": 0.84457, "recall": 0.59984, "f1": 0.70147, "auc": 0.97677}
{"epoch": 58, "time_epoch": 79.58996, "eta": 3505.3986, "eta_hours": 0.97372, "loss": 0.05746705, "lr": 4.096e-05, "params": 558625, "time_iter": 0.07735, "accuracy": 0.98064, "precision": 0.83092, "recall": 0.60633, "f1": 0.70108, "auc": 0.97859}
{"epoch": 59, "time_epoch": 80.60286, "eta": 3416.63796, "eta_hours": 0.94907, "loss": 0.05784479, "lr": 3.934e-05, "params": 558625, "time_iter": 0.07833, "accuracy": 0.98055, "precision": 0.82174, "recall": 0.61364, "f1": 0.7026, "auc": 0.9786}
{"epoch": 60, "time_epoch": 81.44164, "eta": 3328.68106, "eta_hours": 0.92463, "loss": 0.05507403, "lr": 3.773e-05, "params": 558625, "time_iter": 0.07915, "accuracy": 0.98119, "precision": 0.83351, "recall": 0.62175, "f1": 0.71223, "auc": 0.98108}
{"epoch": 61, "time_epoch": 81.47166, "eta": 3240.95273, "eta_hours": 0.90026, "loss": 0.05555782, "lr": 3.613e-05, "params": 558625, "time_iter": 0.07918, "accuracy": 0.98046, "precision": 0.81769, "recall": 0.61526, "f1": 0.70218, "auc": 0.98103}
{"epoch": 62, "time_epoch": 81.63586, "eta": 3153.51945, "eta_hours": 0.87598, "loss": 0.05339499, "lr": 3.455e-05, "params": 558625, "time_iter": 0.07934, "accuracy": 0.98158, "precision": 0.83656, "recall": 0.63149, "f1": 0.7197, "auc": 0.98348}
{"epoch": 63, "time_epoch": 81.30457, "eta": 3066.081, "eta_hours": 0.85169, "loss": 0.053187, "lr": 3.299e-05, "params": 558625, "time_iter": 0.07901, "accuracy": 0.98185, "precision": 0.83813, "recall": 0.6388, "f1": 0.72501, "auc": 0.98358}
{"epoch": 64, "time_epoch": 81.85471, "eta": 2979.12751, "eta_hours": 0.82754, "loss": 0.05317645, "lr": 3.144e-05, "params": 558625, "time_iter": 0.07955, "accuracy": 0.98219, "precision": 0.84, "recall": 0.64773, "f1": 0.73144, "auc": 0.9827}
{"epoch": 65, "time_epoch": 81.79245, "eta": 2892.29646, "eta_hours": 0.80342, "loss": 0.05222211, "lr": 2.992e-05, "params": 558625, "time_iter": 0.07949, "accuracy": 0.98231, "precision": 0.83644, "recall": 0.65584, "f1": 0.73521, "auc": 0.98391}
{"epoch": 66, "time_epoch": 82.3343, "eta": 2805.88269, "eta_hours": 0.77941, "loss": 0.05131828, "lr": 2.841e-05, "params": 558625, "time_iter": 0.08001, "accuracy": 0.98277, "precision": 0.84033, "recall": 0.6664, "f1": 0.74332, "auc": 0.98557}
{"epoch": 67, "time_epoch": 81.56482, "eta": 2719.2268, "eta_hours": 0.75534, "loss": 0.0509156, "lr": 2.693e-05, "params": 558625, "time_iter": 0.07927, "accuracy": 0.9824, "precision": 0.84188, "recall": 0.6526, "f1": 0.73525, "auc": 0.98441}
{"epoch": 68, "time_epoch": 80.57293, "eta": 2632.27284, "eta_hours": 0.73119, "loss": 0.05141408, "lr": 2.548e-05, "params": 558625, "time_iter": 0.0783, "accuracy": 0.98283, "precision": 0.84921, "recall": 0.65828, "f1": 0.74166, "auc": 0.98521}
{"epoch": 69, "time_epoch": 82.52486, "eta": 2546.33774, "eta_hours": 0.70732, "loss": 0.04850056, "lr": 2.405e-05, "params": 558625, "time_iter": 0.0802, "accuracy": 0.98258, "precision": 0.84216, "recall": 0.65828, "f1": 0.73895, "auc": 0.98677}
{"epoch": 70, "time_epoch": 79.89895, "eta": 2459.42615, "eta_hours": 0.68317, "loss": 0.04833366, "lr": 2.265e-05, "params": 558625, "time_iter": 0.07765, "accuracy": 0.98331, "precision": 0.84811, "recall": 0.67532, "f1": 0.75192, "auc": 0.98815}
{"epoch": 71, "time_epoch": 82.14454, "eta": 2373.58264, "eta_hours": 0.65933, "loss": 0.04721519, "lr": 2.128e-05, "params": 558625, "time_iter": 0.07983, "accuracy": 0.98362, "precision": 0.85685, "recall": 0.67532, "f1": 0.75533, "auc": 0.98811}
{"epoch": 72, "time_epoch": 80.37473, "eta": 2287.18589, "eta_hours": 0.63533, "loss": 0.04887133, "lr": 1.995e-05, "params": 558625, "time_iter": 0.07811, "accuracy": 0.98374, "precision": 0.85598, "recall": 0.68019, "f1": 0.75803, "auc": 0.98657}
{"epoch": 73, "time_epoch": 80.90808, "eta": 2201.13928, "eta_hours": 0.61143, "loss": 0.04705713, "lr": 1.864e-05, "params": 558625, "time_iter": 0.07863, "accuracy": 0.98353, "precision": 0.84778, "recall": 0.68263, "f1": 0.75629, "auc": 0.9873}
{"epoch": 74, "time_epoch": 81.46676, "eta": 2115.41593, "eta_hours": 0.58762, "loss": 0.04597561, "lr": 1.737e-05, "params": 558625, "time_iter": 0.07917, "accuracy": 0.98337, "precision": 0.84701, "recall": 0.67857, "f1": 0.75349, "auc": 0.98843}
{"epoch": 75, "time_epoch": 81.15996, "eta": 2029.70771, "eta_hours": 0.56381, "loss": 0.04806694, "lr": 1.614e-05, "params": 558625, "time_iter": 0.07887, "accuracy": 0.98298, "precision": 0.83735, "recall": 0.67695, "f1": 0.74865, "auc": 0.98777}
{"epoch": 76, "time_epoch": 81.52448, "eta": 1944.22651, "eta_hours": 0.54006, "loss": 0.04579315, "lr": 1.494e-05, "params": 558625, "time_iter": 0.07923, "accuracy": 0.98407, "precision": 0.86196, "recall": 0.68425, "f1": 0.7629, "auc": 0.98896}
{"epoch": 77, "time_epoch": 80.18749, "eta": 1858.46967, "eta_hours": 0.51624, "loss": 0.04693522, "lr": 1.378e-05, "params": 558625, "time_iter": 0.07793, "accuracy": 0.9835, "precision": 0.84904, "recall": 0.68019, "f1": 0.7553, "auc": 0.988}
{"epoch": 78, "time_epoch": 81.53033, "eta": 1773.21078, "eta_hours": 0.49256, "loss": 0.04437703, "lr": 1.266e-05, "params": 558625, "time_iter": 0.07923, "accuracy": 0.98441, "precision": 0.86058, "recall": 0.69643, "f1": 0.76985, "auc": 0.98922}
{"epoch": 79, "time_epoch": 79.77911, "eta": 1687.60729, "eta_hours": 0.46878, "loss": 0.04537057, "lr": 1.158e-05, "params": 558625, "time_iter": 0.07753, "accuracy": 0.98435, "precision": 0.86176, "recall": 0.69318, "f1": 0.76833, "auc": 0.98906}
{"epoch": 80, "time_epoch": 98.02268, "eta": 1606.42698, "eta_hours": 0.44623, "loss": 0.04515462, "lr": 1.054e-05, "params": 558625, "time_iter": 0.09526, "accuracy": 0.98401, "precision": 0.85371, "recall": 0.69156, "f1": 0.76413, "auc": 0.98997}
{"epoch": 81, "time_epoch": 97.57161, "eta": 1524.73686, "eta_hours": 0.42354, "loss": 0.04348923, "lr": 9.55e-06, "params": 558625, "time_iter": 0.09482, "accuracy": 0.98547, "precision": 0.8755, "recall": 0.71347, "f1": 0.78623, "auc": 0.98985}
{"epoch": 82, "time_epoch": 98.11921, "eta": 1442.77621, "eta_hours": 0.40077, "loss": 0.04573862, "lr": 8.6e-06, "params": 558625, "time_iter": 0.09535, "accuracy": 0.98444, "precision": 0.8681, "recall": 0.68912, "f1": 0.76833, "auc": 0.9892}
{"epoch": 83, "time_epoch": 97.69833, "eta": 1360.35067, "eta_hours": 0.37788, "loss": 0.0460186, "lr": 7.7e-06, "params": 558625, "time_iter": 0.09494, "accuracy": 0.98395, "precision": 0.85628, "recall": 0.68669, "f1": 0.76216, "auc": 0.98836}
{"epoch": 84, "time_epoch": 96.59913, "eta": 1277.37179, "eta_hours": 0.35483, "loss": 0.04442968, "lr": 6.84e-06, "params": 558625, "time_iter": 0.09388, "accuracy": 0.98486, "precision": 0.86554, "recall": 0.70536, "f1": 0.77728, "auc": 0.98934}
{"epoch": 85, "time_epoch": 97.31109, "eta": 1194.19206, "eta_hours": 0.33172, "loss": 0.0437144, "lr": 6.03e-06, "params": 558625, "time_iter": 0.09457, "accuracy": 0.98426, "precision": 0.85277, "recall": 0.70049, "f1": 0.76916, "auc": 0.99099}
{"epoch": 86, "time_epoch": 98.35567, "eta": 1110.84356, "eta_hours": 0.30857, "loss": 0.04340278, "lr": 5.26e-06, "params": 558625, "time_iter": 0.09558, "accuracy": 0.98559, "precision": 0.87674, "recall": 0.71591, "f1": 0.7882, "auc": 0.99003}
{"epoch": 87, "time_epoch": 97.901, "eta": 1027.09198, "eta_hours": 0.2853, "loss": 0.03981745, "lr": 4.55e-06, "params": 558625, "time_iter": 0.09514, "accuracy": 0.98581, "precision": 0.87537, "recall": 0.72403, "f1": 0.79254, "auc": 0.99229}
{"epoch": 88, "time_epoch": 97.54997, "eta": 942.97906, "eta_hours": 0.26194, "loss": 0.04235883, "lr": 3.89e-06, "params": 558625, "time_iter": 0.0948, "accuracy": 0.98538, "precision": 0.86778, "recall": 0.71916, "f1": 0.78651, "auc": 0.9904}
{"epoch": 89, "time_epoch": 97.58808, "eta": 858.57177, "eta_hours": 0.23849, "loss": 0.04295605, "lr": 3.27e-06, "params": 558625, "time_iter": 0.09484, "accuracy": 0.98489, "precision": 0.86278, "recall": 0.70942, "f1": 0.77862, "auc": 0.99043}
{"epoch": 90, "time_epoch": 97.29947, "eta": 773.84625, "eta_hours": 0.21496, "loss": 0.0407689, "lr": 2.71e-06, "params": 558625, "time_iter": 0.09456, "accuracy": 0.98584, "precision": 0.88224, "recall": 0.71753, "f1": 0.79141, "auc": 0.99088}
{"epoch": 91, "time_epoch": 97.7115, "eta": 688.88321, "eta_hours": 0.19136, "loss": 0.04302263, "lr": 2.2e-06, "params": 558625, "time_iter": 0.09496, "accuracy": 0.9852, "precision": 0.87362, "recall": 0.70698, "f1": 0.78152, "auc": 0.98945}
{"epoch": 92, "time_epoch": 98.13472, "eta": 603.67786, "eta_hours": 0.16769, "loss": 0.04136931, "lr": 1.74e-06, "params": 558625, "time_iter": 0.09537, "accuracy": 0.98544, "precision": 0.86804, "recall": 0.72078, "f1": 0.78758, "auc": 0.99082}
{"epoch": 93, "time_epoch": 105.09279, "eta": 518.64156, "eta_hours": 0.14407, "loss": 0.04159982, "lr": 1.33e-06, "params": 558625, "time_iter": 0.10213, "accuracy": 0.98541, "precision": 0.86935, "recall": 0.71834, "f1": 0.78667, "auc": 0.99106}
{"epoch": 94, "time_epoch": 98.82433, "eta": 432.85309, "eta_hours": 0.12024, "loss": 0.04236401, "lr": 9.8e-07, "params": 558625, "time_iter": 0.09604, "accuracy": 0.98535, "precision": 0.87651, "recall": 0.7086, "f1": 0.78366, "auc": 0.99017}
{"epoch": 95, "time_epoch": 82.66301, "eta": 346.11966, "eta_hours": 0.09614, "loss": 0.04195156, "lr": 6.8e-07, "params": 558625, "time_iter": 0.08033, "accuracy": 0.98495, "precision": 0.85467, "recall": 0.72078, "f1": 0.78203, "auc": 0.99071}
{"epoch": 96, "time_epoch": 79.58546, "eta": 259.37497, "eta_hours": 0.07205, "loss": 0.04071292, "lr": 4.4e-07, "params": 558625, "time_iter": 0.07734, "accuracy": 0.98556, "precision": 0.8622, "recall": 0.73133, "f1": 0.79139, "auc": 0.99196}
{"epoch": 97, "time_epoch": 79.31351, "eta": 172.77083, "eta_hours": 0.04799, "loss": 0.04081594, "lr": 2.5e-07, "params": 558625, "time_iter": 0.07708, "accuracy": 0.98596, "precision": 0.87745, "recall": 0.72646, "f1": 0.79485, "auc": 0.99071}
{"epoch": 98, "time_epoch": 79.22951, "eta": 86.31313, "eta_hours": 0.02398, "loss": 0.04079349, "lr": 1.1e-07, "params": 558625, "time_iter": 0.077, "accuracy": 0.98529, "precision": 0.87702, "recall": 0.70617, "f1": 0.78237, "auc": 0.99183}
{"epoch": 99, "time_epoch": 79.38721, "eta": 0.0, "eta_hours": 0.0, "loss": 0.04008914, "lr": 3e-08, "params": 558625, "time_iter": 0.07715, "accuracy": 0.98584, "precision": 0.87771, "recall": 0.7224, "f1": 0.79252, "auc": 0.9916}
