{"epoch": 0, "time_epoch": 85.19031, "eta": 8433.84078, "eta_hours": 2.34273, "loss": 1.8045995, "lr": 0.0, "params": 502054, "time_iter": 0.1363, "accuracy": 0.16678, "f1": 0.04765, "accuracy-SBM": 0.16667, "auc": 0.50033}
{"epoch": 1, "time_epoch": 84.05059, "eta": 8292.80404, "eta_hours": 2.30356, "loss": 1.75532847, "lr": 0.0001, "params": 502054, "time_iter": 0.13448, "accuracy": 0.2515, "f1": 0.22115, "accuracy-SBM": 0.25135, "auc": 0.60725}
{"epoch": 2, "time_epoch": 83.99688, "eta": 8188.02158, "eta_hours": 2.27445, "loss": 1.58576821, "lr": 0.0002, "params": 502054, "time_iter": 0.1344, "accuracy": 0.4243, "f1": 0.41853, "accuracy-SBM": 0.4242, "auc": 0.74435}
{"epoch": 3, "time_epoch": 83.08413, "eta": 8071.72585, "eta_hours": 2.24215, "loss": 1.3326351, "lr": 0.0003, "params": 502054, "time_iter": 0.13293, "accuracy": 0.54997, "f1": 0.54868, "accuracy-SBM": 0.54995, "auc": 0.82814}
{"epoch": 4, "time_epoch": 84.29876, "eta": 7991.7928, "eta_hours": 2.21994, "loss": 1.11207679, "lr": 0.0004, "params": 502054, "time_iter": 0.13488, "accuracy": 0.62585, "f1": 0.62577, "accuracy-SBM": 0.62585, "auc": 0.87983}
{"epoch": 5, "time_epoch": 83.20263, "eta": 7893.23181, "eta_hours": 2.19256, "loss": 0.96468287, "lr": 0.0005, "params": 502054, "time_iter": 0.13312, "accuracy": 0.6703, "f1": 0.67029, "accuracy-SBM": 0.6703, "auc": 0.90956}
{"epoch": 6, "time_epoch": 83.2015, "eta": 7799.04383, "eta_hours": 2.1664, "loss": 0.89676781, "lr": 0.00049986, "params": 502054, "time_iter": 0.13312, "accuracy": 0.68914, "f1": 0.68914, "accuracy-SBM": 0.68914, "auc": 0.92111}
{"epoch": 7, "time_epoch": 83.8232, "eta": 7714.75202, "eta_hours": 2.14299, "loss": 0.85716401, "lr": 0.00049945, "params": 502054, "time_iter": 0.13412, "accuracy": 0.69963, "f1": 0.69963, "accuracy-SBM": 0.69963, "auc": 0.92757}
{"epoch": 8, "time_epoch": 83.70474, "eta": 7629.36659, "eta_hours": 2.11927, "loss": 0.82730169, "lr": 0.00049877, "params": 502054, "time_iter": 0.13393, "accuracy": 0.70893, "f1": 0.70893, "accuracy-SBM": 0.70893, "auc": 0.93216}
{"epoch": 9, "time_epoch": 83.56475, "eta": 7543.05739, "eta_hours": 2.09529, "loss": 0.79182006, "lr": 0.00049782, "params": 502054, "time_iter": 0.1337, "accuracy": 0.71945, "f1": 0.71945, "accuracy-SBM": 0.71945, "auc": 0.93785}
{"epoch": 10, "time_epoch": 81.67473, "eta": 7441.95522, "eta_hours": 2.06721, "loss": 0.77549977, "lr": 0.00049659, "params": 502054, "time_iter": 0.13068, "accuracy": 0.72439, "f1": 0.72439, "accuracy-SBM": 0.72439, "auc": 0.94026}
{"epoch": 11, "time_epoch": 84.20055, "eta": 7362.61361, "eta_hours": 2.04517, "loss": 0.76352993, "lr": 0.00049509, "params": 502054, "time_iter": 0.13472, "accuracy": 0.72879, "f1": 0.72879, "accuracy-SBM": 0.72879, "auc": 0.94195}
{"epoch": 12, "time_epoch": 82.89614, "eta": 7273.79496, "eta_hours": 2.0205, "loss": 0.74702012, "lr": 0.00049333, "params": 502054, "time_iter": 0.13263, "accuracy": 0.73476, "f1": 0.73476, "accuracy-SBM": 0.73476, "auc": 0.94438}
{"epoch": 13, "time_epoch": 83.65617, "eta": 7190.49113, "eta_hours": 1.99736, "loss": 0.73275704, "lr": 0.0004913, "params": 502054, "time_iter": 0.13385, "accuracy": 0.73999, "f1": 0.74, "accuracy-SBM": 0.73999, "auc": 0.94643}
{"epoch": 14, "time_epoch": 85.46951, "eta": 7117.41595, "eta_hours": 1.97706, "loss": 0.72442462, "lr": 0.00048901, "params": 502054, "time_iter": 0.13675, "accuracy": 0.74328, "f1": 0.74328, "accuracy-SBM": 0.74328, "auc": 0.94756}
{"epoch": 15, "time_epoch": 83.81142, "eta": 7034.08651, "eta_hours": 1.95391, "loss": 0.71797975, "lr": 0.00048645, "params": 502054, "time_iter": 0.1341, "accuracy": 0.74489, "f1": 0.74489, "accuracy-SBM": 0.74489, "auc": 0.94847}
{"epoch": 16, "time_epoch": 83.29995, "eta": 6948.20318, "eta_hours": 1.93006, "loss": 0.7129852, "lr": 0.00048364, "params": 502054, "time_iter": 0.13328, "accuracy": 0.74654, "f1": 0.74654, "accuracy-SBM": 0.74654, "auc": 0.94917}
{"epoch": 17, "time_epoch": 84.29113, "eta": 6867.12225, "eta_hours": 1.90753, "loss": 0.70697287, "lr": 0.00048057, "params": 502054, "time_iter": 0.13487, "accuracy": 0.74811, "f1": 0.74811, "accuracy-SBM": 0.74811, "auc": 0.95003}
{"epoch": 18, "time_epoch": 83.97535, "eta": 6784.35721, "eta_hours": 1.88454, "loss": 0.70104006, "lr": 0.00047725, "params": 502054, "time_iter": 0.13436, "accuracy": 0.75063, "f1": 0.75063, "accuracy-SBM": 0.75063, "auc": 0.95082}
{"epoch": 19, "time_epoch": 84.66506, "eta": 6704.22995, "eta_hours": 1.86229, "loss": 0.69344918, "lr": 0.00047368, "params": 502054, "time_iter": 0.13546, "accuracy": 0.75303, "f1": 0.75303, "accuracy-SBM": 0.75303, "auc": 0.95184}
{"epoch": 20, "time_epoch": 83.8219, "eta": 6620.49866, "eta_hours": 1.83903, "loss": 0.69034692, "lr": 0.00046987, "params": 502054, "time_iter": 0.13412, "accuracy": 0.75329, "f1": 0.75329, "accuracy-SBM": 0.75329, "auc": 0.95231}
{"epoch": 21, "time_epoch": 83.55116, "eta": 6535.79923, "eta_hours": 1.8155, "loss": 0.68650861, "lr": 0.00046581, "params": 502054, "time_iter": 0.13368, "accuracy": 0.7548, "f1": 0.7548, "accuracy-SBM": 0.7548, "auc": 0.95285}
{"epoch": 22, "time_epoch": 83.46847, "eta": 6450.9228, "eta_hours": 1.79192, "loss": 0.67769297, "lr": 0.00046152, "params": 502054, "time_iter": 0.13355, "accuracy": 0.75828, "f1": 0.75829, "accuracy-SBM": 0.75828, "auc": 0.95403}
{"epoch": 23, "time_epoch": 83.85825, "eta": 6367.39801, "eta_hours": 1.76872, "loss": 0.67335984, "lr": 0.000457, "params": 502054, "time_iter": 0.13417, "accuracy": 0.75937, "f1": 0.75937, "accuracy-SBM": 0.75937, "auc": 0.95461}
{"epoch": 24, "time_epoch": 83.62609, "eta": 6283.15006, "eta_hours": 1.74532, "loss": 0.67258195, "lr": 0.00045225, "params": 502054, "time_iter": 0.1338, "accuracy": 0.76057, "f1": 0.76057, "accuracy-SBM": 0.76057, "auc": 0.9547}
{"epoch": 25, "time_epoch": 83.65935, "eta": 6199.04462, "eta_hours": 1.72196, "loss": 0.66760516, "lr": 0.00044729, "params": 502054, "time_iter": 0.13385, "accuracy": 0.76148, "f1": 0.76148, "accuracy-SBM": 0.76148, "auc": 0.95538}
{"epoch": 26, "time_epoch": 83.39511, "eta": 6114.2578, "eta_hours": 1.6984, "loss": 0.6640148, "lr": 0.0004421, "params": 502054, "time_iter": 0.13343, "accuracy": 0.7624, "f1": 0.7624, "accuracy-SBM": 0.7624, "auc": 0.95587}
{"epoch": 27, "time_epoch": 83.78786, "eta": 6030.5803, "eta_hours": 1.67516, "loss": 0.66054358, "lr": 0.00043671, "params": 502054, "time_iter": 0.13406, "accuracy": 0.76359, "f1": 0.76359, "accuracy-SBM": 0.76359, "auc": 0.95631}
{"epoch": 28, "time_epoch": 84.07585, "eta": 5947.60027, "eta_hours": 1.65211, "loss": 0.65931291, "lr": 0.00043111, "params": 502054, "time_iter": 0.13452, "accuracy": 0.7644, "f1": 0.7644, "accuracy-SBM": 0.7644, "auc": 0.95648}
{"epoch": 29, "time_epoch": 83.54133, "eta": 5863.29998, "eta_hours": 1.62869, "loss": 0.6558011, "lr": 0.00042531, "params": 502054, "time_iter": 0.13367, "accuracy": 0.76523, "f1": 0.76523, "accuracy-SBM": 0.76523, "auc": 0.95697}
{"epoch": 30, "time_epoch": 84.08749, "eta": 5780.26432, "eta_hours": 1.60563, "loss": 0.65273802, "lr": 0.00041932, "params": 502054, "time_iter": 0.13454, "accuracy": 0.76693, "f1": 0.76693, "accuracy-SBM": 0.76693, "auc": 0.95732}
{"epoch": 31, "time_epoch": 83.5117, "eta": 5695.93935, "eta_hours": 1.58221, "loss": 0.6501223, "lr": 0.00041315, "params": 502054, "time_iter": 0.13362, "accuracy": 0.76721, "f1": 0.76721, "accuracy-SBM": 0.76721, "auc": 0.95767}
{"epoch": 32, "time_epoch": 84.01191, "eta": 5612.67924, "eta_hours": 1.55908, "loss": 0.64992222, "lr": 0.00040679, "params": 502054, "time_iter": 0.13442, "accuracy": 0.76765, "f1": 0.76765, "accuracy-SBM": 0.76765, "auc": 0.95768}
{"epoch": 33, "time_epoch": 83.32859, "eta": 5528.04848, "eta_hours": 1.53557, "loss": 0.64646445, "lr": 0.00040027, "params": 502054, "time_iter": 0.13333, "accuracy": 0.76824, "f1": 0.76824, "accuracy-SBM": 0.76824, "auc": 0.95817}
{"epoch": 34, "time_epoch": 83.85898, "eta": 5444.47713, "eta_hours": 1.51235, "loss": 0.64301297, "lr": 0.00039358, "params": 502054, "time_iter": 0.13417, "accuracy": 0.7696, "f1": 0.7696, "accuracy-SBM": 0.7696, "auc": 0.95861}
{"epoch": 35, "time_epoch": 83.5443, "eta": 5360.33037, "eta_hours": 1.48898, "loss": 0.6396281, "lr": 0.00038674, "params": 502054, "time_iter": 0.13367, "accuracy": 0.77091, "f1": 0.77092, "accuracy-SBM": 0.77091, "auc": 0.95904}
{"epoch": 36, "time_epoch": 83.38916, "eta": 5275.95201, "eta_hours": 1.46554, "loss": 0.63786126, "lr": 0.00037974, "params": 502054, "time_iter": 0.13342, "accuracy": 0.77156, "f1": 0.77156, "accuracy-SBM": 0.77156, "auc": 0.95927}
{"epoch": 37, "time_epoch": 83.3513, "eta": 5191.56394, "eta_hours": 1.4421, "loss": 0.63387016, "lr": 0.00037261, "params": 502054, "time_iter": 0.13336, "accuracy": 0.77314, "f1": 0.77314, "accuracy-SBM": 0.77314, "auc": 0.95977}
{"epoch": 38, "time_epoch": 84.79788, "eta": 5109.49165, "eta_hours": 1.4193, "loss": 0.63267978, "lr": 0.00036534, "params": 502054, "time_iter": 0.13568, "accuracy": 0.77356, "f1": 0.77356, "accuracy-SBM": 0.77356, "auc": 0.9599}
{"epoch": 39, "time_epoch": 84.786, "eta": 5027.26526, "eta_hours": 1.39646, "loss": 0.62707344, "lr": 0.00035794, "params": 502054, "time_iter": 0.13566, "accuracy": 0.77539, "f1": 0.77539, "accuracy-SBM": 0.77539, "auc": 0.96063}
{"epoch": 40, "time_epoch": 83.25358, "eta": 4942.70881, "eta_hours": 1.37297, "loss": 0.62742505, "lr": 0.00035042, "params": 502054, "time_iter": 0.13321, "accuracy": 0.77522, "f1": 0.77522, "accuracy-SBM": 0.77522, "auc": 0.96057}
{"epoch": 41, "time_epoch": 83.79403, "eta": 4858.96075, "eta_hours": 1.34971, "loss": 0.62327292, "lr": 0.0003428, "params": 502054, "time_iter": 0.13407, "accuracy": 0.77641, "f1": 0.77641, "accuracy-SBM": 0.77641, "auc": 0.96109}
{"epoch": 42, "time_epoch": 83.60328, "eta": 4774.95768, "eta_hours": 1.32638, "loss": 0.6219388, "lr": 0.00033507, "params": 502054, "time_iter": 0.13377, "accuracy": 0.77675, "f1": 0.77675, "accuracy-SBM": 0.77675, "auc": 0.96128}
{"epoch": 43, "time_epoch": 83.53858, "eta": 4690.89045, "eta_hours": 1.30303, "loss": 0.6201832, "lr": 0.00032725, "params": 502054, "time_iter": 0.13366, "accuracy": 0.77767, "f1": 0.77767, "accuracy-SBM": 0.77767, "auc": 0.9615}
{"epoch": 44, "time_epoch": 83.81169, "eta": 4607.18051, "eta_hours": 1.27977, "loss": 0.61713267, "lr": 0.00031935, "params": 502054, "time_iter": 0.1341, "accuracy": 0.77837, "f1": 0.77837, "accuracy-SBM": 0.77837, "auc": 0.96187}
{"epoch": 45, "time_epoch": 82.92727, "eta": 4522.42792, "eta_hours": 1.25623, "loss": 0.61444468, "lr": 0.00031137, "params": 502054, "time_iter": 0.13268, "accuracy": 0.77938, "f1": 0.77938, "accuracy-SBM": 0.77938, "auc": 0.9622}
{"epoch": 46, "time_epoch": 83.62341, "eta": 4438.53801, "eta_hours": 1.23293, "loss": 0.61192254, "lr": 0.00030332, "params": 502054, "time_iter": 0.1338, "accuracy": 0.78009, "f1": 0.78009, "accuracy-SBM": 0.78009, "auc": 0.96252}
{"epoch": 47, "time_epoch": 83.37232, "eta": 4354.38719, "eta_hours": 1.20955, "loss": 0.61070273, "lr": 0.00029522, "params": 502054, "time_iter": 0.1334, "accuracy": 0.78058, "f1": 0.78058, "accuracy-SBM": 0.78058, "auc": 0.96266}
{"epoch": 48, "time_epoch": 84.4125, "eta": 4271.35078, "eta_hours": 1.18649, "loss": 0.60764061, "lr": 0.00028707, "params": 502054, "time_iter": 0.13506, "accuracy": 0.78195, "f1": 0.78195, "accuracy-SBM": 0.78194, "auc": 0.96303}
{"epoch": 49, "time_epoch": 83.1285, "eta": 4186.97533, "eta_hours": 1.16305, "loss": 0.6060455, "lr": 0.00027887, "params": 502054, "time_iter": 0.13301, "accuracy": 0.78244, "f1": 0.78244, "accuracy-SBM": 0.78244, "auc": 0.96323}
{"epoch": 50, "time_epoch": 82.99568, "eta": 4102.52116, "eta_hours": 1.13959, "loss": 0.60440684, "lr": 0.00027064, "params": 502054, "time_iter": 0.13279, "accuracy": 0.78303, "f1": 0.78303, "accuracy-SBM": 0.78303, "auc": 0.96342}
{"epoch": 51, "time_epoch": 83.38645, "eta": 4018.48381, "eta_hours": 1.11625, "loss": 0.60218971, "lr": 0.0002624, "params": 502054, "time_iter": 0.13342, "accuracy": 0.78398, "f1": 0.78398, "accuracy-SBM": 0.78398, "auc": 0.9637}
{"epoch": 52, "time_epoch": 84.00951, "eta": 3935.02354, "eta_hours": 1.09306, "loss": 0.59972488, "lr": 0.00025413, "params": 502054, "time_iter": 0.13442, "accuracy": 0.78433, "f1": 0.78433, "accuracy-SBM": 0.78433, "auc": 0.964}
{"epoch": 53, "time_epoch": 83.26406, "eta": 3850.90791, "eta_hours": 1.0697, "loss": 0.59475408, "lr": 0.00024587, "params": 502054, "time_iter": 0.13322, "accuracy": 0.78635, "f1": 0.78635, "accuracy-SBM": 0.78635, "auc": 0.96458}
{"epoch": 54, "time_epoch": 83.09021, "eta": 3766.68101, "eta_hours": 1.0463, "loss": 0.59304711, "lr": 0.0002376, "params": 502054, "time_iter": 0.13294, "accuracy": 0.78717, "f1": 0.78717, "accuracy-SBM": 0.78717, "auc": 0.96477}
{"epoch": 55, "time_epoch": 82.83648, "eta": 3682.29535, "eta_hours": 1.02286, "loss": 0.5910121, "lr": 0.00022936, "params": 502054, "time_iter": 0.13254, "accuracy": 0.78762, "f1": 0.78762, "accuracy-SBM": 0.78762, "auc": 0.96501}
{"epoch": 56, "time_epoch": 82.59542, "eta": 3597.78219, "eta_hours": 0.99938, "loss": 0.58834006, "lr": 0.00022113, "params": 502054, "time_iter": 0.13215, "accuracy": 0.7889, "f1": 0.7889, "accuracy-SBM": 0.7889, "auc": 0.96534}
{"epoch": 57, "time_epoch": 83.21257, "eta": 3513.78207, "eta_hours": 0.97605, "loss": 0.58816671, "lr": 0.00021293, "params": 502054, "time_iter": 0.13314, "accuracy": 0.78854, "f1": 0.78854, "accuracy-SBM": 0.78854, "auc": 0.96537}
{"epoch": 58, "time_epoch": 83.5881, "eta": 3430.0696, "eta_hours": 0.9528, "loss": 0.5862691, "lr": 0.00020478, "params": 502054, "time_iter": 0.13374, "accuracy": 0.78965, "f1": 0.78964, "accuracy-SBM": 0.78965, "auc": 0.96559}
{"epoch": 59, "time_epoch": 84.12099, "eta": 3346.71654, "eta_hours": 0.92964, "loss": 0.58446731, "lr": 0.00019668, "params": 502054, "time_iter": 0.13459, "accuracy": 0.78933, "f1": 0.78933, "accuracy-SBM": 0.78933, "auc": 0.96581}
{"epoch": 60, "time_epoch": 82.97154, "eta": 3262.6034, "eta_hours": 0.90628, "loss": 0.58430357, "lr": 0.00018863, "params": 502054, "time_iter": 0.13275, "accuracy": 0.78991, "f1": 0.78991, "accuracy-SBM": 0.78991, "auc": 0.96582}
{"epoch": 61, "time_epoch": 83.16889, "eta": 3178.64805, "eta_hours": 0.88296, "loss": 0.57992012, "lr": 0.00018065, "params": 502054, "time_iter": 0.13307, "accuracy": 0.79169, "f1": 0.79169, "accuracy-SBM": 0.79169, "auc": 0.96634}
{"epoch": 62, "time_epoch": 83.58521, "eta": 3094.96217, "eta_hours": 0.85971, "loss": 0.57834724, "lr": 0.00017275, "params": 502054, "time_iter": 0.13374, "accuracy": 0.79218, "f1": 0.79218, "accuracy-SBM": 0.79218, "auc": 0.9665}
{"epoch": 63, "time_epoch": 83.0814, "eta": 3010.99604, "eta_hours": 0.83639, "loss": 0.57487078, "lr": 0.00016493, "params": 502054, "time_iter": 0.13293, "accuracy": 0.79339, "f1": 0.79339, "accuracy-SBM": 0.7934, "auc": 0.96692}
{"epoch": 64, "time_epoch": 83.97103, "eta": 2927.53616, "eta_hours": 0.8132, "loss": 0.57351483, "lr": 0.0001572, "params": 502054, "time_iter": 0.13435, "accuracy": 0.79375, "f1": 0.79375, "accuracy-SBM": 0.79375, "auc": 0.96707}
{"epoch": 65, "time_epoch": 83.46523, "eta": 2843.80023, "eta_hours": 0.78994, "loss": 0.5708174, "lr": 0.00014958, "params": 502054, "time_iter": 0.13354, "accuracy": 0.79451, "f1": 0.79452, "accuracy-SBM": 0.79451, "auc": 0.9674}
{"epoch": 66, "time_epoch": 84.09621, "eta": 2760.38317, "eta_hours": 0.76677, "loss": 0.57076441, "lr": 0.00014206, "params": 502054, "time_iter": 0.13455, "accuracy": 0.79486, "f1": 0.79486, "accuracy-SBM": 0.79486, "auc": 0.96738}
{"epoch": 67, "time_epoch": 83.40165, "eta": 2676.61928, "eta_hours": 0.74351, "loss": 0.56645438, "lr": 0.00013466, "params": 502054, "time_iter": 0.13344, "accuracy": 0.79614, "f1": 0.79614, "accuracy-SBM": 0.79615, "auc": 0.96788}
{"epoch": 68, "time_epoch": 82.80314, "eta": 2592.59699, "eta_hours": 0.72017, "loss": 0.56615489, "lr": 0.00012739, "params": 502054, "time_iter": 0.13249, "accuracy": 0.79629, "f1": 0.79629, "accuracy-SBM": 0.79629, "auc": 0.96792}
{"epoch": 69, "time_epoch": 83.56508, "eta": 2508.93608, "eta_hours": 0.69693, "loss": 0.56690491, "lr": 0.00012026, "params": 502054, "time_iter": 0.1337, "accuracy": 0.7962, "f1": 0.7962, "accuracy-SBM": 0.7962, "auc": 0.96781}
{"epoch": 70, "time_epoch": 82.84401, "eta": 2424.98335, "eta_hours": 0.67361, "loss": 0.56427222, "lr": 0.00011326, "params": 502054, "time_iter": 0.13255, "accuracy": 0.7971, "f1": 0.7971, "accuracy-SBM": 0.7971, "auc": 0.96813}
{"epoch": 71, "time_epoch": 84.01899, "eta": 2341.51835, "eta_hours": 0.65042, "loss": 0.56153233, "lr": 0.00010642, "params": 502054, "time_iter": 0.13443, "accuracy": 0.79809, "f1": 0.79809, "accuracy-SBM": 0.79809, "auc": 0.96844}
{"epoch": 72, "time_epoch": 83.1707, "eta": 2257.72443, "eta_hours": 0.62715, "loss": 0.56324481, "lr": 9.973e-05, "params": 502054, "time_iter": 0.13307, "accuracy": 0.79764, "f1": 0.79764, "accuracy-SBM": 0.79764, "auc": 0.96824}
{"epoch": 73, "time_epoch": 83.30851, "eta": 2173.99576, "eta_hours": 0.60389, "loss": 0.55986874, "lr": 9.321e-05, "params": 502054, "time_iter": 0.13329, "accuracy": 0.79838, "f1": 0.79838, "accuracy-SBM": 0.79838, "auc": 0.96863}
{"epoch": 74, "time_epoch": 83.97073, "eta": 2090.49904, "eta_hours": 0.58069, "loss": 0.55810244, "lr": 8.685e-05, "params": 502054, "time_iter": 0.13435, "accuracy": 0.79847, "f1": 0.79847, "accuracy-SBM": 0.79847, "auc": 0.96884}
{"epoch": 75, "time_epoch": 83.68607, "eta": 2006.89996, "eta_hours": 0.55747, "loss": 0.55571595, "lr": 8.068e-05, "params": 502054, "time_iter": 0.1339, "accuracy": 0.79967, "f1": 0.79967, "accuracy-SBM": 0.79967, "auc": 0.96911}
{"epoch": 76, "time_epoch": 83.13078, "eta": 1923.13275, "eta_hours": 0.5342, "loss": 0.55751789, "lr": 7.469e-05, "params": 502054, "time_iter": 0.13301, "accuracy": 0.79959, "f1": 0.79959, "accuracy-SBM": 0.79959, "auc": 0.96889}
{"epoch": 77, "time_epoch": 83.45268, "eta": 1839.47265, "eta_hours": 0.51096, "loss": 0.5544014, "lr": 6.889e-05, "params": 502054, "time_iter": 0.13352, "accuracy": 0.80036, "f1": 0.80036, "accuracy-SBM": 0.80036, "auc": 0.96924}
{"epoch": 78, "time_epoch": 83.25811, "eta": 1755.76608, "eta_hours": 0.48771, "loss": 0.55454246, "lr": 6.329e-05, "params": 502054, "time_iter": 0.13321, "accuracy": 0.80006, "f1": 0.80006, "accuracy-SBM": 0.80006, "auc": 0.96922}
{"epoch": 79, "time_epoch": 83.21274, "eta": 1672.05938, "eta_hours": 0.46446, "loss": 0.55269644, "lr": 5.79e-05, "params": 502054, "time_iter": 0.13314, "accuracy": 0.80119, "f1": 0.80119, "accuracy-SBM": 0.80119, "auc": 0.96944}
{"epoch": 80, "time_epoch": 82.863, "eta": 1588.28284, "eta_hours": 0.44119, "loss": 0.55380526, "lr": 5.271e-05, "params": 502054, "time_iter": 0.13258, "accuracy": 0.8005, "f1": 0.8005, "accuracy-SBM": 0.8005, "auc": 0.96931}
{"epoch": 81, "time_epoch": 83.9795, "eta": 1504.77366, "eta_hours": 0.41799, "loss": 0.55101977, "lr": 4.775e-05, "params": 502054, "time_iter": 0.13437, "accuracy": 0.80162, "f1": 0.80162, "accuracy-SBM": 0.80162, "auc": 0.96962}
{"epoch": 82, "time_epoch": 83.1567, "eta": 1421.08463, "eta_hours": 0.39475, "loss": 0.54904138, "lr": 4.3e-05, "params": 502054, "time_iter": 0.13305, "accuracy": 0.802, "f1": 0.802, "accuracy-SBM": 0.802, "auc": 0.96985}
{"epoch": 83, "time_epoch": 83.24851, "eta": 1337.42576, "eta_hours": 0.37151, "loss": 0.54959836, "lr": 3.848e-05, "params": 502054, "time_iter": 0.1332, "accuracy": 0.80227, "f1": 0.80227, "accuracy-SBM": 0.80227, "auc": 0.96976}
{"epoch": 84, "time_epoch": 83.74538, "eta": 1253.86422, "eta_hours": 0.3483, "loss": 0.54671345, "lr": 3.419e-05, "params": 502054, "time_iter": 0.13399, "accuracy": 0.80303, "f1": 0.80303, "accuracy-SBM": 0.80303, "auc": 0.97009}
{"epoch": 85, "time_epoch": 83.51202, "eta": 1170.26043, "eta_hours": 0.32507, "loss": 0.54638391, "lr": 3.013e-05, "params": 502054, "time_iter": 0.13362, "accuracy": 0.80301, "f1": 0.803, "accuracy-SBM": 0.80301, "auc": 0.97013}
{"epoch": 86, "time_epoch": 82.88318, "eta": 1086.56478, "eta_hours": 0.30182, "loss": 0.54566639, "lr": 2.632e-05, "params": 502054, "time_iter": 0.13261, "accuracy": 0.80372, "f1": 0.80372, "accuracy-SBM": 0.80372, "auc": 0.9702}
{"epoch": 87, "time_epoch": 83.41762, "eta": 1002.96047, "eta_hours": 0.2786, "loss": 0.54524582, "lr": 2.275e-05, "params": 502054, "time_iter": 0.13347, "accuracy": 0.80347, "f1": 0.80347, "accuracy-SBM": 0.80347, "auc": 0.97026}
{"epoch": 88, "time_epoch": 83.39996, "eta": 919.35817, "eta_hours": 0.25538, "loss": 0.54483288, "lr": 1.943e-05, "params": 502054, "time_iter": 0.13344, "accuracy": 0.80358, "f1": 0.80358, "accuracy-SBM": 0.80358, "auc": 0.97031}
{"epoch": 89, "time_epoch": 83.6746, "eta": 835.79089, "eta_hours": 0.23216, "loss": 0.5443398, "lr": 1.636e-05, "params": 502054, "time_iter": 0.13388, "accuracy": 0.8035, "f1": 0.80349, "accuracy-SBM": 0.8035, "auc": 0.97034}
{"epoch": 90, "time_epoch": 83.15751, "eta": 752.1701, "eta_hours": 0.20894, "loss": 0.54600502, "lr": 1.355e-05, "params": 502054, "time_iter": 0.13305, "accuracy": 0.80354, "f1": 0.80354, "accuracy-SBM": 0.80354, "auc": 0.97016}
{"epoch": 91, "time_epoch": 83.64083, "eta": 668.60142, "eta_hours": 0.18572, "loss": 0.5436303, "lr": 1.099e-05, "params": 502054, "time_iter": 0.13383, "accuracy": 0.80414, "f1": 0.80414, "accuracy-SBM": 0.80414, "auc": 0.97043}
{"epoch": 92, "time_epoch": 83.84448, "eta": 585.04651, "eta_hours": 0.16251, "loss": 0.54384501, "lr": 8.7e-06, "params": 502054, "time_iter": 0.13415, "accuracy": 0.80385, "f1": 0.80385, "accuracy-SBM": 0.80385, "auc": 0.97041}
{"epoch": 93, "time_epoch": 84.2329, "eta": 501.51024, "eta_hours": 0.13931, "loss": 0.5440268, "lr": 6.67e-06, "params": 502054, "time_iter": 0.13477, "accuracy": 0.80365, "f1": 0.80365, "accuracy-SBM": 0.80365, "auc": 0.9704}
{"epoch": 94, "time_epoch": 83.4143, "eta": 417.91621, "eta_hours": 0.11609, "loss": 0.54241542, "lr": 4.91e-06, "params": 502054, "time_iter": 0.13346, "accuracy": 0.80436, "f1": 0.80436, "accuracy-SBM": 0.80436, "auc": 0.97058}
{"epoch": 95, "time_epoch": 83.26807, "eta": 334.31984, "eta_hours": 0.09287, "loss": 0.54235206, "lr": 3.41e-06, "params": 502054, "time_iter": 0.13323, "accuracy": 0.80423, "f1": 0.80423, "accuracy-SBM": 0.80423, "auc": 0.97058}
{"epoch": 96, "time_epoch": 84.48843, "eta": 250.76797, "eta_hours": 0.06966, "loss": 0.54253566, "lr": 2.18e-06, "params": 502054, "time_iter": 0.13518, "accuracy": 0.80474, "f1": 0.80474, "accuracy-SBM": 0.80474, "auc": 0.97055}
{"epoch": 97, "time_epoch": 84.79644, "eta": 167.20328, "eta_hours": 0.04645, "loss": 0.54188533, "lr": 1.23e-06, "params": 502054, "time_iter": 0.13567, "accuracy": 0.80446, "f1": 0.80446, "accuracy-SBM": 0.80446, "auc": 0.97062}
{"epoch": 98, "time_epoch": 83.89967, "eta": 83.60465, "eta_hours": 0.02322, "loss": 0.54421219, "lr": 5.5e-07, "params": 502054, "time_iter": 0.13424, "accuracy": 0.80383, "f1": 0.80383, "accuracy-SBM": 0.80383, "auc": 0.97036}
{"epoch": 99, "time_epoch": 84.19785, "eta": 0.0, "eta_hours": 0.0, "loss": 0.54309272, "lr": 1.4e-07, "params": 502054, "time_iter": 0.13472, "accuracy": 0.80422, "f1": 0.80422, "accuracy-SBM": 0.80422, "auc": 0.97049}
