{"epoch": 0, "time_epoch": 75.54038, "eta": 7478.49781, "eta_hours": 2.07736, "loss": 2.30639402, "lr": 0.0, "params": 115394, "time_iter": 0.02197, "accuracy": 0.0984, "f1": 0.0275, "auc": 0.53084}
{"epoch": 1, "time_epoch": 69.78762, "eta": 7121.07191, "eta_hours": 1.97808, "loss": 1.67799853, "lr": 0.0002, "params": 115394, "time_iter": 0.0203, "accuracy": 0.60513, "f1": 0.58586, "auc": 0.9038}
{"epoch": 2, "time_epoch": 73.41737, "eta": 7072.76703, "eta_hours": 1.96466, "loss": 0.73011769, "lr": 0.0004, "params": 115394, "time_iter": 0.02135, "accuracy": 0.87567, "f1": 0.87403, "auc": 0.97896}
{"epoch": 3, "time_epoch": 75.90149, "eta": 7071.52475, "eta_hours": 1.96431, "loss": 0.35127194, "lr": 0.0006, "params": 115394, "time_iter": 0.02208, "accuracy": 0.90967, "f1": 0.90871, "auc": 0.98975}
{"epoch": 4, "time_epoch": 75.57372, "eta": 7034.19113, "eta_hours": 1.95394, "loss": 0.26130329, "lr": 0.0008, "params": 115394, "time_iter": 0.02198, "accuracy": 0.9258, "f1": 0.92511, "auc": 0.9944}
{"epoch": 5, "time_epoch": 71.07226, "eta": 6913.58792, "eta_hours": 1.92044, "loss": 0.22690345, "lr": 0.001, "params": 115394, "time_iter": 0.02067, "accuracy": 0.93331, "f1": 0.93273, "auc": 0.99595}
{"epoch": 6, "time_epoch": 73.04568, "eta": 6833.35474, "eta_hours": 1.89815, "loss": 0.1901328, "lr": 0.00099973, "params": 115394, "time_iter": 0.02125, "accuracy": 0.94325, "f1": 0.94278, "auc": 0.99705}
{"epoch": 7, "time_epoch": 69.45626, "eta": 6713.6401, "eta_hours": 1.8649, "loss": 0.16902256, "lr": 0.00099891, "params": 115394, "time_iter": 0.0202, "accuracy": 0.95047, "f1": 0.95007, "auc": 0.99768}
{"epoch": 8, "time_epoch": 74.06908, "eta": 6651.73473, "eta_hours": 1.8477, "loss": 0.15083836, "lr": 0.00099754, "params": 115394, "time_iter": 0.02154, "accuracy": 0.95555, "f1": 0.95518, "auc": 0.99814}
{"epoch": 9, "time_epoch": 75.47279, "eta": 6600.02997, "eta_hours": 1.83334, "loss": 0.14005778, "lr": 0.00099563, "params": 115394, "time_iter": 0.02195, "accuracy": 0.958, "f1": 0.95769, "auc": 0.99833}
{"epoch": 10, "time_epoch": 76.16777, "eta": 6549.62679, "eta_hours": 1.81934, "loss": 0.1294467, "lr": 0.00099318, "params": 115394, "time_iter": 0.02215, "accuracy": 0.96115, "f1": 0.96078, "auc": 0.99862}
{"epoch": 11, "time_epoch": 75.6897, "eta": 6491.42367, "eta_hours": 1.80317, "loss": 0.12518325, "lr": 0.00099019, "params": 115394, "time_iter": 0.02202, "accuracy": 0.96227, "f1": 0.96198, "auc": 0.99868}
{"epoch": 12, "time_epoch": 75.69466, "eta": 6430.5635, "eta_hours": 1.78627, "loss": 0.11170271, "lr": 0.00098666, "params": 115394, "time_iter": 0.02202, "accuracy": 0.96547, "f1": 0.96522, "auc": 0.999}
{"epoch": 13, "time_epoch": 75.16258, "eta": 6364.31559, "eta_hours": 1.76787, "loss": 0.1084379, "lr": 0.0009826, "params": 115394, "time_iter": 0.02186, "accuracy": 0.96693, "f1": 0.96667, "auc": 0.99907}
{"epoch": 14, "time_epoch": 75.25486, "eta": 6297.40202, "eta_hours": 1.74928, "loss": 0.10226138, "lr": 0.00097802, "params": 115394, "time_iter": 0.02189, "accuracy": 0.96889, "f1": 0.96864, "auc": 0.99915}
{"epoch": 15, "time_epoch": 75.68401, "eta": 6231.69883, "eta_hours": 1.73103, "loss": 0.09541235, "lr": 0.00097291, "params": 115394, "time_iter": 0.02201, "accuracy": 0.97122, "f1": 0.971, "auc": 0.99922}
{"epoch": 16, "time_epoch": 75.56822, "eta": 6164.25609, "eta_hours": 1.71229, "loss": 0.09305137, "lr": 0.00096728, "params": 115394, "time_iter": 0.02198, "accuracy": 0.97244, "f1": 0.97221, "auc": 0.99924}
{"epoch": 17, "time_epoch": 71.7386, "eta": 6078.46446, "eta_hours": 1.68846, "loss": 0.08847413, "lr": 0.00096114, "params": 115394, "time_iter": 0.02087, "accuracy": 0.97282, "f1": 0.97263, "auc": 0.99929}
{"epoch": 18, "time_epoch": 74.79881, "eta": 6007.19826, "eta_hours": 1.66867, "loss": 0.08561572, "lr": 0.0009545, "params": 115394, "time_iter": 0.02176, "accuracy": 0.97376, "f1": 0.97359, "auc": 0.99936}
{"epoch": 19, "time_epoch": 69.68204, "eta": 5915.11173, "eta_hours": 1.64309, "loss": 0.0804293, "lr": 0.00094736, "params": 115394, "time_iter": 0.02027, "accuracy": 0.97591, "f1": 0.97575, "auc": 0.99946}
{"epoch": 20, "time_epoch": 69.43946, "eta": 5824.24639, "eta_hours": 1.61785, "loss": 0.07770614, "lr": 0.00093974, "params": 115394, "time_iter": 0.0202, "accuracy": 0.97647, "f1": 0.9763, "auc": 0.99949}
{"epoch": 21, "time_epoch": 69.25577, "eta": 5734.67757, "eta_hours": 1.59297, "loss": 0.07433392, "lr": 0.00093163, "params": 115394, "time_iter": 0.02014, "accuracy": 0.97715, "f1": 0.97696, "auc": 0.99954}
{"epoch": 22, "time_epoch": 69.1321, "eta": 5646.4611, "eta_hours": 1.56846, "loss": 0.07051909, "lr": 0.00092305, "params": 115394, "time_iter": 0.02011, "accuracy": 0.97896, "f1": 0.97882, "auc": 0.99954}
{"epoch": 23, "time_epoch": 70.23963, "eta": 5563.34217, "eta_hours": 1.54537, "loss": 0.06884144, "lr": 0.000914, "params": 115394, "time_iter": 0.02043, "accuracy": 0.97876, "f1": 0.9786, "auc": 0.99958}
{"epoch": 24, "time_epoch": 72.43656, "eta": 5487.84438, "eta_hours": 1.5244, "loss": 0.06703759, "lr": 0.00090451, "params": 115394, "time_iter": 0.02107, "accuracy": 0.97893, "f1": 0.97877, "auc": 0.99963}
{"epoch": 25, "time_epoch": 69.47217, "eta": 5404.14493, "eta_hours": 1.50115, "loss": 0.06150668, "lr": 0.00089457, "params": 115394, "time_iter": 0.02021, "accuracy": 0.98082, "f1": 0.98066, "auc": 0.99964}
{"epoch": 26, "time_epoch": 69.40937, "eta": 5321.32958, "eta_hours": 1.47815, "loss": 0.06014941, "lr": 0.0008842, "params": 115394, "time_iter": 0.02019, "accuracy": 0.98131, "f1": 0.98115, "auc": 0.99969}
{"epoch": 27, "time_epoch": 69.22599, "eta": 5239.00025, "eta_hours": 1.45528, "loss": 0.05927677, "lr": 0.00087341, "params": 115394, "time_iter": 0.02014, "accuracy": 0.98138, "f1": 0.98122, "auc": 0.99972}
{"epoch": 28, "time_epoch": 69.35563, "eta": 5157.89199, "eta_hours": 1.43275, "loss": 0.05451927, "lr": 0.00086221, "params": 115394, "time_iter": 0.02017, "accuracy": 0.98289, "f1": 0.98277, "auc": 0.99976}
{"epoch": 29, "time_epoch": 69.37388, "eta": 5077.60981, "eta_hours": 1.41045, "loss": 0.05573108, "lr": 0.00085062, "params": 115394, "time_iter": 0.02018, "accuracy": 0.98282, "f1": 0.98267, "auc": 0.99974}
{"epoch": 30, "time_epoch": 69.17503, "eta": 4997.5888, "eta_hours": 1.38822, "loss": 0.05005946, "lr": 0.00083864, "params": 115394, "time_iter": 0.02012, "accuracy": 0.98436, "f1": 0.98426, "auc": 0.99979}
{"epoch": 31, "time_epoch": 69.31257, "eta": 4918.53793, "eta_hours": 1.36626, "loss": 0.04981318, "lr": 0.00082629, "params": 115394, "time_iter": 0.02016, "accuracy": 0.98471, "f1": 0.9846, "auc": 0.99977}
{"epoch": 32, "time_epoch": 69.25481, "eta": 4839.95999, "eta_hours": 1.34443, "loss": 0.0502851, "lr": 0.00081359, "params": 115394, "time_iter": 0.02014, "accuracy": 0.98433, "f1": 0.98419, "auc": 0.9998}
{"epoch": 33, "time_epoch": 71.91177, "eta": 4767.08811, "eta_hours": 1.32419, "loss": 0.04523314, "lr": 0.00080054, "params": 115394, "time_iter": 0.02092, "accuracy": 0.98585, "f1": 0.98577, "auc": 0.9998}
{"epoch": 34, "time_epoch": 69.31504, "eta": 4689.44859, "eta_hours": 1.30262, "loss": 0.04235088, "lr": 0.00078716, "params": 115394, "time_iter": 0.02016, "accuracy": 0.98662, "f1": 0.98654, "auc": 0.99985}
{"epoch": 35, "time_epoch": 69.06826, "eta": 4611.83283, "eta_hours": 1.28106, "loss": 0.04387373, "lr": 0.00077347, "params": 115394, "time_iter": 0.02009, "accuracy": 0.98687, "f1": 0.9868, "auc": 0.99984}
{"epoch": 36, "time_epoch": 69.21466, "eta": 4534.92836, "eta_hours": 1.2597, "loss": 0.04268312, "lr": 0.00075948, "params": 115394, "time_iter": 0.02013, "accuracy": 0.98676, "f1": 0.98669, "auc": 0.99984}
{"epoch": 37, "time_epoch": 70.37689, "eta": 4460.32489, "eta_hours": 1.23898, "loss": 0.0403509, "lr": 0.00074521, "params": 115394, "time_iter": 0.02047, "accuracy": 0.98773, "f1": 0.98766, "auc": 0.99986}
{"epoch": 38, "time_epoch": 73.19286, "eta": 4390.34263, "eta_hours": 1.21954, "loss": 0.03620115, "lr": 0.00073067, "params": 115394, "time_iter": 0.02129, "accuracy": 0.98889, "f1": 0.98881, "auc": 0.99988}
{"epoch": 39, "time_epoch": 69.25738, "eta": 4314.29662, "eta_hours": 1.19842, "loss": 0.03647495, "lr": 0.00071588, "params": 115394, "time_iter": 0.02014, "accuracy": 0.98911, "f1": 0.98902, "auc": 0.99989}
{"epoch": 40, "time_epoch": 69.04387, "eta": 4238.27452, "eta_hours": 1.1773, "loss": 0.03409301, "lr": 0.00070085, "params": 115394, "time_iter": 0.02008, "accuracy": 0.9894, "f1": 0.98934, "auc": 0.9999}
{"epoch": 41, "time_epoch": 69.3873, "eta": 4163.05897, "eta_hours": 1.15641, "loss": 0.03369348, "lr": 0.0006856, "params": 115394, "time_iter": 0.02018, "accuracy": 0.98938, "f1": 0.9893, "auc": 0.99989}
{"epoch": 42, "time_epoch": 69.23294, "eta": 4087.90989, "eta_hours": 1.13553, "loss": 0.03113391, "lr": 0.00067015, "params": 115394, "time_iter": 0.02014, "accuracy": 0.99064, "f1": 0.99057, "auc": 0.99992}
{"epoch": 43, "time_epoch": 69.08299, "eta": 4012.83888, "eta_hours": 1.11468, "loss": 0.03163295, "lr": 0.00065451, "params": 115394, "time_iter": 0.02009, "accuracy": 0.99015, "f1": 0.99006, "auc": 0.99992}
{"epoch": 44, "time_epoch": 69.06178, "eta": 3938.00809, "eta_hours": 1.09389, "loss": 0.0298951, "lr": 0.0006387, "params": 115394, "time_iter": 0.02009, "accuracy": 0.99115, "f1": 0.99109, "auc": 0.99993}
{"epoch": 45, "time_epoch": 75.16367, "eta": 3870.59121, "eta_hours": 1.07516, "loss": 0.02895041, "lr": 0.00062274, "params": 115394, "time_iter": 0.02186, "accuracy": 0.99095, "f1": 0.99087, "auc": 0.99993}
{"epoch": 46, "time_epoch": 75.72364, "eta": 3803.47614, "eta_hours": 1.05652, "loss": 0.02757733, "lr": 0.00060665, "params": 115394, "time_iter": 0.02203, "accuracy": 0.99147, "f1": 0.99141, "auc": 0.99993}
{"epoch": 47, "time_epoch": 75.28634, "eta": 3735.52862, "eta_hours": 1.03765, "loss": 0.02754726, "lr": 0.00059044, "params": 115394, "time_iter": 0.0219, "accuracy": 0.99191, "f1": 0.99186, "auc": 0.99993}
{"epoch": 48, "time_epoch": 73.86807, "eta": 3665.80541, "eta_hours": 1.01828, "loss": 0.02310166, "lr": 0.00057413, "params": 115394, "time_iter": 0.02149, "accuracy": 0.99291, "f1": 0.99285, "auc": 0.99996}
{"epoch": 49, "time_epoch": 69.78267, "eta": 3591.83101, "eta_hours": 0.99773, "loss": 0.02212165, "lr": 0.00055774, "params": 115394, "time_iter": 0.0203, "accuracy": 0.99315, "f1": 0.99307, "auc": 0.99995}
{"epoch": 50, "time_epoch": 69.84321, "eta": 3518.07915, "eta_hours": 0.97724, "loss": 0.02129539, "lr": 0.00054129, "params": 115394, "time_iter": 0.02032, "accuracy": 0.99344, "f1": 0.99339, "auc": 0.99996}
{"epoch": 51, "time_epoch": 69.88262, "eta": 3444.51401, "eta_hours": 0.95681, "loss": 0.02010105, "lr": 0.00052479, "params": 115394, "time_iter": 0.02033, "accuracy": 0.99413, "f1": 0.9941, "auc": 0.99996}
{"epoch": 52, "time_epoch": 69.63254, "eta": 3370.86606, "eta_hours": 0.93635, "loss": 0.02046526, "lr": 0.00050827, "params": 115394, "time_iter": 0.02025, "accuracy": 0.99375, "f1": 0.99369, "auc": 0.99996}
{"epoch": 53, "time_epoch": 69.57473, "eta": 3297.31758, "eta_hours": 0.91592, "loss": 0.02035056, "lr": 0.00049173, "params": 115394, "time_iter": 0.02024, "accuracy": 0.99385, "f1": 0.9938, "auc": 0.99997}
{"epoch": 54, "time_epoch": 69.58016, "eta": 3223.91804, "eta_hours": 0.89553, "loss": 0.01657696, "lr": 0.00047521, "params": 115394, "time_iter": 0.02024, "accuracy": 0.99462, "f1": 0.9946, "auc": 0.99998}
{"epoch": 55, "time_epoch": 69.5142, "eta": 3150.60309, "eta_hours": 0.87517, "loss": 0.01745515, "lr": 0.00045871, "params": 115394, "time_iter": 0.02022, "accuracy": 0.99444, "f1": 0.99439, "auc": 0.99997}
{"epoch": 56, "time_epoch": 69.53698, "eta": 3077.43868, "eta_hours": 0.85484, "loss": 0.01491323, "lr": 0.00044226, "params": 115394, "time_iter": 0.02023, "accuracy": 0.99562, "f1": 0.99558, "auc": 0.99998}
{"epoch": 57, "time_epoch": 69.50938, "eta": 3004.37936, "eta_hours": 0.83455, "loss": 0.01505287, "lr": 0.00042587, "params": 115394, "time_iter": 0.02022, "accuracy": 0.99569, "f1": 0.99566, "auc": 0.99998}
{"epoch": 58, "time_epoch": 69.51945, "eta": 2931.44738, "eta_hours": 0.81429, "loss": 0.0142405, "lr": 0.00040956, "params": 115394, "time_iter": 0.02022, "accuracy": 0.99578, "f1": 0.99575, "auc": 0.99997}
{"epoch": 59, "time_epoch": 69.64908, "eta": 2858.71557, "eta_hours": 0.79409, "loss": 0.01277568, "lr": 0.00039335, "params": 115394, "time_iter": 0.02026, "accuracy": 0.99622, "f1": 0.99619, "auc": 0.99998}
{"epoch": 60, "time_epoch": 69.67161, "eta": 2786.09925, "eta_hours": 0.77392, "loss": 0.01134215, "lr": 0.00037726, "params": 115394, "time_iter": 0.02027, "accuracy": 0.99624, "f1": 0.99619, "auc": 0.99999}
{"epoch": 61, "time_epoch": 69.82257, "eta": 2713.67043, "eta_hours": 0.7538, "loss": 0.01214643, "lr": 0.0003613, "params": 115394, "time_iter": 0.02031, "accuracy": 0.99653, "f1": 0.9965, "auc": 0.99998}
{"epoch": 62, "time_epoch": 69.78675, "eta": 2641.30332, "eta_hours": 0.7337, "loss": 0.01023207, "lr": 0.00034549, "params": 115394, "time_iter": 0.0203, "accuracy": 0.99707, "f1": 0.99705, "auc": 0.99999}
{"epoch": 63, "time_epoch": 69.563, "eta": 2568.89098, "eta_hours": 0.71358, "loss": 0.00901141, "lr": 0.00032985, "params": 115394, "time_iter": 0.02023, "accuracy": 0.99718, "f1": 0.99716, "auc": 0.99999}
{"epoch": 64, "time_epoch": 69.60578, "eta": 2496.58935, "eta_hours": 0.6935, "loss": 0.00925621, "lr": 0.0003144, "params": 115394, "time_iter": 0.02025, "accuracy": 0.99709, "f1": 0.99708, "auc": 0.99999}
{"epoch": 65, "time_epoch": 69.57184, "eta": 2424.35193, "eta_hours": 0.67343, "loss": 0.00855595, "lr": 0.00029915, "params": 115394, "time_iter": 0.02024, "accuracy": 0.99756, "f1": 0.99754, "auc": 0.99999}
{"epoch": 66, "time_epoch": 69.5828, "eta": 2352.19947, "eta_hours": 0.65339, "loss": 0.00684623, "lr": 0.00028412, "params": 115394, "time_iter": 0.02024, "accuracy": 0.99798, "f1": 0.99796, "auc": 1.0}
{"epoch": 67, "time_epoch": 69.55855, "eta": 2280.11118, "eta_hours": 0.63336, "loss": 0.00773127, "lr": 0.00026933, "params": 115394, "time_iter": 0.02023, "accuracy": 0.99778, "f1": 0.99776, "auc": 0.99999}
{"epoch": 68, "time_epoch": 72.98114, "eta": 2209.63391, "eta_hours": 0.61379, "loss": 0.00719627, "lr": 0.00025479, "params": 115394, "time_iter": 0.02123, "accuracy": 0.99807, "f1": 0.99806, "auc": 0.99999}
{"epoch": 69, "time_epoch": 71.64864, "eta": 2138.51402, "eta_hours": 0.59403, "loss": 0.00615081, "lr": 0.00024052, "params": 115394, "time_iter": 0.02084, "accuracy": 0.99816, "f1": 0.99815, "auc": 1.0}
{"epoch": 70, "time_epoch": 75.18738, "eta": 2068.82464, "eta_hours": 0.57467, "loss": 0.00526628, "lr": 0.00022653, "params": 115394, "time_iter": 0.02187, "accuracy": 0.99844, "f1": 0.99842, "auc": 1.0}
{"epoch": 71, "time_epoch": 69.99754, "eta": 1996.96426, "eta_hours": 0.55471, "loss": 0.00501972, "lr": 0.00021284, "params": 115394, "time_iter": 0.02036, "accuracy": 0.99842, "f1": 0.9984, "auc": 1.0}
{"epoch": 72, "time_epoch": 69.37825, "eta": 1924.92587, "eta_hours": 0.5347, "loss": 0.00577555, "lr": 0.00019946, "params": 115394, "time_iter": 0.02018, "accuracy": 0.99829, "f1": 0.99827, "auc": 1.0}
{"epoch": 73, "time_epoch": 69.36604, "eta": 1852.95509, "eta_hours": 0.51471, "loss": 0.0053756, "lr": 0.00018641, "params": 115394, "time_iter": 0.02018, "accuracy": 0.99858, "f1": 0.99857, "auc": 1.0}
{"epoch": 74, "time_epoch": 69.3194, "eta": 1781.03822, "eta_hours": 0.49473, "loss": 0.00435953, "lr": 0.00017371, "params": 115394, "time_iter": 0.02016, "accuracy": 0.99851, "f1": 0.9985, "auc": 1.0}
{"epoch": 75, "time_epoch": 69.3838, "eta": 1709.21004, "eta_hours": 0.47478, "loss": 0.0036897, "lr": 0.00016136, "params": 115394, "time_iter": 0.02018, "accuracy": 0.99893, "f1": 0.99892, "auc": 1.0}
{"epoch": 76, "time_epoch": 73.81905, "eta": 1638.77017, "eta_hours": 0.45521, "loss": 0.00453515, "lr": 0.00014938, "params": 115394, "time_iter": 0.02147, "accuracy": 0.99862, "f1": 0.99862, "auc": 0.99999}
{"epoch": 77, "time_epoch": 69.11623, "eta": 1566.91721, "eta_hours": 0.43525, "loss": 0.00272178, "lr": 0.00013779, "params": 115394, "time_iter": 0.0201, "accuracy": 0.99924, "f1": 0.99922, "auc": 1.0}
{"epoch": 78, "time_epoch": 69.24985, "eta": 1495.16906, "eta_hours": 0.41532, "loss": 0.00279982, "lr": 0.00012659, "params": 115394, "time_iter": 0.02014, "accuracy": 0.99891, "f1": 0.9989, "auc": 1.0}
{"epoch": 79, "time_epoch": 69.05382, "eta": 1423.43435, "eta_hours": 0.3954, "loss": 0.00260594, "lr": 0.0001158, "params": 115394, "time_iter": 0.02009, "accuracy": 0.99925, "f1": 0.99925, "auc": 1.0}
{"epoch": 80, "time_epoch": 69.14316, "eta": 1351.7868, "eta_hours": 0.3755, "loss": 0.00224374, "lr": 0.00010543, "params": 115394, "time_iter": 0.02011, "accuracy": 0.99924, "f1": 0.99923, "auc": 1.0}
{"epoch": 81, "time_epoch": 69.09225, "eta": 1280.18916, "eta_hours": 0.35561, "loss": 0.00235363, "lr": 9.549e-05, "params": 115394, "time_iter": 0.0201, "accuracy": 0.99933, "f1": 0.99932, "auc": 1.0}
{"epoch": 82, "time_epoch": 72.02725, "eta": 1209.25303, "eta_hours": 0.3359, "loss": 0.00119601, "lr": 8.6e-05, "params": 115394, "time_iter": 0.02095, "accuracy": 0.99951, "f1": 0.9995, "auc": 1.0}
{"epoch": 83, "time_epoch": 72.33943, "eta": 1138.35038, "eta_hours": 0.31621, "loss": 0.00216942, "lr": 7.695e-05, "params": 115394, "time_iter": 0.02104, "accuracy": 0.99935, "f1": 0.99934, "auc": 1.0}
{"epoch": 84, "time_epoch": 69.13958, "eta": 1066.84925, "eta_hours": 0.29635, "loss": 0.00107485, "lr": 6.837e-05, "params": 115394, "time_iter": 0.02011, "accuracy": 0.99964, "f1": 0.99963, "auc": 1.0}
{"epoch": 85, "time_epoch": 69.0451, "eta": 995.38766, "eta_hours": 0.2765, "loss": 0.00116612, "lr": 6.026e-05, "params": 115394, "time_iter": 0.02008, "accuracy": 0.99955, "f1": 0.99954, "auc": 1.0}
{"epoch": 86, "time_epoch": 68.9999, "eta": 923.97486, "eta_hours": 0.25666, "loss": 0.00159143, "lr": 5.264e-05, "params": 115394, "time_iter": 0.02007, "accuracy": 0.99953, "f1": 0.99952, "auc": 1.0}
{"epoch": 87, "time_epoch": 68.97029, "eta": 852.61287, "eta_hours": 0.23684, "loss": 0.00178756, "lr": 4.55e-05, "params": 115394, "time_iter": 0.02006, "accuracy": 0.99953, "f1": 0.99952, "auc": 1.0}
{"epoch": 88, "time_epoch": 69.64568, "eta": 781.3881, "eta_hours": 0.21705, "loss": 0.00149444, "lr": 3.886e-05, "params": 115394, "time_iter": 0.02026, "accuracy": 0.99956, "f1": 0.99956, "auc": 1.0}
{"epoch": 89, "time_epoch": 69.1128, "eta": 710.13921, "eta_hours": 0.19726, "loss": 0.00122144, "lr": 3.272e-05, "params": 115394, "time_iter": 0.0201, "accuracy": 0.99962, "f1": 0.99962, "auc": 1.0}
{"epoch": 90, "time_epoch": 68.97618, "eta": 638.92375, "eta_hours": 0.17748, "loss": 0.00159247, "lr": 2.709e-05, "params": 115394, "time_iter": 0.02006, "accuracy": 0.99964, "f1": 0.99963, "auc": 1.0}
{"epoch": 91, "time_epoch": 68.95691, "eta": 567.7553, "eta_hours": 0.15771, "loss": 0.00067376, "lr": 2.198e-05, "params": 115394, "time_iter": 0.02006, "accuracy": 0.99985, "f1": 0.99985, "auc": 1.0}
{"epoch": 92, "time_epoch": 69.26036, "eta": 496.65725, "eta_hours": 0.13796, "loss": 0.00096643, "lr": 1.74e-05, "params": 115394, "time_iter": 0.02015, "accuracy": 0.99976, "f1": 0.99976, "auc": 1.0}
{"epoch": 93, "time_epoch": 69.51662, "eta": 425.61466, "eta_hours": 0.11823, "loss": 0.0012326, "lr": 1.334e-05, "params": 115394, "time_iter": 0.02022, "accuracy": 0.99958, "f1": 0.99958, "auc": 1.0}
{"epoch": 94, "time_epoch": 69.65746, "eta": 354.6116, "eta_hours": 0.0985, "loss": 0.00085025, "lr": 9.81e-06, "params": 115394, "time_iter": 0.02026, "accuracy": 0.99973, "f1": 0.99973, "auc": 1.0}
{"epoch": 95, "time_epoch": 73.32667, "eta": 283.78946, "eta_hours": 0.07883, "loss": 0.00059969, "lr": 6.82e-06, "params": 115394, "time_iter": 0.02133, "accuracy": 0.99984, "f1": 0.99984, "auc": 1.0}
{"epoch": 96, "time_epoch": 71.00057, "eta": 212.84374, "eta_hours": 0.05912, "loss": 0.00098787, "lr": 4.37e-06, "params": 115394, "time_iter": 0.02065, "accuracy": 0.99976, "f1": 0.99976, "auc": 1.0}
{"epoch": 97, "time_epoch": 73.35328, "eta": 141.94492, "eta_hours": 0.03943, "loss": 0.00121543, "lr": 2.46e-06, "params": 115394, "time_iter": 0.02134, "accuracy": 0.99958, "f1": 0.99958, "auc": 1.0}
{"epoch": 98, "time_epoch": 70.71978, "eta": 70.96991, "eta_hours": 0.01971, "loss": 0.00075497, "lr": 1.09e-06, "params": 115394, "time_iter": 0.02057, "accuracy": 0.99975, "f1": 0.99974, "auc": 1.0}
{"epoch": 99, "time_epoch": 73.10697, "eta": 0.0, "eta_hours": 0.0, "loss": 0.00091812, "lr": 2.7e-07, "params": 115394, "time_iter": 0.02126, "accuracy": 0.99967, "f1": 0.99967, "auc": 1.0}
