{"epoch": 97, "time_epoch": 26.76073, "time_epoch_std": 1.55317, "eta": 124.92681, "eta_std": 71.41224, "eta_hours": 0.0347, "eta_hours_std": 0.01984, "loss": 0.08812, "loss_std": 0.00027, "lr": 1e-05, "lr_std": 0.0, "params": 337201.0, "params_std": 0.0, "time_iter": 0.0855, "time_iter_std": 0.00496, "accuracy": 0.86454, "accuracy_std": 0.00015, "precision": 0.57701, "precision_std": 0.00031, "recall": 0.87125, "recall_std": 0.00095, "f1": 0.69424, "f1_std": 0.00038, "auc": 0.94331, "auc_std": 0.00034, "accuracy-SBM": 0.86717, "accuracy-SBM_std": 0.00041}
