{"epoch": 0, "time_epoch": 29.65111, "time_epoch_std": 0.56612, "eta": 2935.46013, "eta_std": 56.04615, "eta_hours": 0.8154, "eta_hours_std": 0.01557, "loss": 0.2017, "loss_std": 0.00042, "lr": 0.0, "lr_std": 0.0, "params": 337201.0, "params_std": 0.0, "time_iter": 0.09473, "time_iter_std": 0.00181, "accuracy": 0.40988, "accuracy_std": 0.22697, "precision": 0.17539, "precision_std": 0.00467, "recall": 0.6331, "recall_std": 0.35406, "f1": 0.24534, "f1_std": 0.07404, "auc": 0.49904, "auc_std": 0.00874, "accuracy-SBM": 0.49757, "accuracy-SBM_std": 0.00417}
{"epoch": 1, "time_epoch": 26.62917, "time_epoch_std": 0.84931, "eta": 2757.7339, "eta_std": 66.84443, "eta_hours": 0.76604, "eta_hours_std": 0.01857, "loss": 0.17764, "loss_std": 0.00388, "lr": 0.0001, "lr_std": 0.0, "params": 337201.0, "params_std": 0.0, "time_iter": 0.08508, "time_iter_std": 0.00271, "accuracy": 0.7021, "accuracy_std": 0.03649, "precision": 0.34592, "precision_std": 0.0316, "recall": 0.75197, "recall_std": 0.03996, "f1": 0.47282, "f1_std": 0.03165, "auc": 0.80144, "auc_std": 0.02459, "accuracy-SBM": 0.72169, "accuracy-SBM_std": 0.02627}
{"epoch": 2, "time_epoch": 26.51516, "time_epoch_std": 0.56146, "eta": 2677.05285, "eta_std": 61.25537, "eta_hours": 0.74363, "eta_hours_std": 0.01701, "loss": 0.14709, "loss_std": 0.00199, "lr": 0.0002, "lr_std": 0.0, "params": 337201.0, "params_std": 0.0, "time_iter": 0.08471, "time_iter_std": 0.0018, "accuracy": 0.82883, "accuracy_std": 0.00408, "precision": 0.50946, "precision_std": 0.00731, "recall": 0.82163, "recall_std": 0.00564, "f1": 0.62892, "f1_std": 0.0067, "auc": 0.87559, "auc_std": 0.00437, "accuracy-SBM": 0.826, "accuracy-SBM_std": 0.00422}
{"epoch": 3, "time_epoch": 26.53693, "time_epoch_std": 0.56728, "eta": 2623.97719, "eta_std": 58.40921, "eta_hours": 0.72888, "eta_hours_std": 0.01623, "loss": 0.13066, "loss_std": 0.00226, "lr": 0.0003, "lr_std": 0.0, "params": 337201.0, "params_std": 0.0, "time_iter": 0.08478, "time_iter_std": 0.00181, "accuracy": 0.83756, "accuracy_std": 0.0038, "precision": 0.52534, "precision_std": 0.00697, "recall": 0.82868, "recall_std": 0.00504, "f1": 0.64302, "f1_std": 0.00647, "auc": 0.89662, "auc_std": 0.00359, "accuracy-SBM": 0.83407, "accuracy-SBM_std": 0.00403}
{"epoch": 4, "time_epoch": 26.6695, "time_epoch_std": 0.6804, "eta": 2584.0357, "eta_std": 58.78475, "eta_hours": 0.71779, "eta_hours_std": 0.01633, "loss": 0.12005, "loss_std": 0.0018, "lr": 0.0004, "lr_std": 0.0, "params": 337201.0, "params_std": 0.0, "time_iter": 0.08521, "time_iter_std": 0.00217, "accuracy": 0.84108, "accuracy_std": 0.00299, "precision": 0.532, "precision_std": 0.00561, "recall": 0.83008, "recall_std": 0.00375, "f1": 0.64841, "f1_std": 0.00489, "auc": 0.90689, "auc_std": 0.00254, "accuracy-SBM": 0.83676, "accuracy-SBM_std": 0.0029}
{"epoch": 5, "time_epoch": 26.54707, "time_epoch_std": 0.4369, "eta": 2546.60019, "eta_std": 54.84273, "eta_hours": 0.70739, "eta_hours_std": 0.01523, "loss": 0.11272, "loss_std": 0.00106, "lr": 0.0005, "lr_std": 0.0, "params": 337201.0, "params_std": 0.0, "time_iter": 0.08481, "time_iter_std": 0.00139, "accuracy": 0.84367, "accuracy_std": 0.00238, "precision": 0.53685, "precision_std": 0.00468, "recall": 0.8342, "recall_std": 0.00309, "f1": 0.65326, "f1_std": 0.00349, "auc": 0.9141, "auc_std": 0.00166, "accuracy-SBM": 0.83995, "accuracy-SBM_std": 0.00182}
{"epoch": 6, "time_epoch": 26.40655, "time_epoch_std": 0.61956, "eta": 2510.40878, "eta_std": 54.37893, "eta_hours": 0.69734, "eta_hours_std": 0.0151, "loss": 0.10737, "loss_std": 0.00114, "lr": 0.0005, "lr_std": 0.0, "params": 337201.0, "params_std": 0.0, "time_iter": 0.08436, "time_iter_std": 0.00198, "accuracy": 0.84703, "accuracy_std": 0.0021, "precision": 0.54318, "precision_std": 0.00407, "recall": 0.8394, "recall_std": 0.00311, "f1": 0.65955, "f1_std": 0.00356, "auc": 0.92031, "auc_std": 0.00174, "accuracy-SBM": 0.84403, "accuracy-SBM_std": 0.00217}
{"epoch": 7, "time_epoch": 26.56399, "time_epoch_std": 0.82287, "eta": 2478.47417, "eta_std": 56.35698, "eta_hours": 0.68847, "eta_hours_std": 0.01566, "loss": 0.10431, "loss_std": 0.00093, "lr": 0.0005, "lr_std": 0.0, "params": 337201.0, "params_std": 0.0, "time_iter": 0.08487, "time_iter_std": 0.00263, "accuracy": 0.84848, "accuracy_std": 0.00182, "precision": 0.54589, "precision_std": 0.00361, "recall": 0.84285, "recall_std": 0.00286, "f1": 0.66261, "f1_std": 0.00286, "auc": 0.9236, "auc_std": 0.00138, "accuracy-SBM": 0.84627, "accuracy-SBM_std": 0.00166}
{"epoch": 8, "time_epoch": 26.5451, "time_epoch_std": 0.69606, "eta": 2447.54195, "eta_std": 56.40106, "eta_hours": 0.67987, "eta_hours_std": 0.01567, "loss": 0.10201, "loss_std": 0.00054, "lr": 0.0005, "lr_std": 0.0, "params": 337201.0, "params_std": 0.0, "time_iter": 0.08481, "time_iter_std": 0.00222, "accuracy": 0.85023, "accuracy_std": 0.00094, "precision": 0.5492, "precision_std": 0.00184, "recall": 0.84579, "recall_std": 0.00187, "f1": 0.66596, "f1_std": 0.0017, "auc": 0.92625, "auc_std": 0.00091, "accuracy-SBM": 0.84849, "accuracy-SBM_std": 0.00114}
{"epoch": 9, "time_epoch": 26.56671, "time_epoch_std": 0.62882, "eta": 2417.6817, "eta_std": 55.25632, "eta_hours": 0.67158, "eta_hours_std": 0.01535, "loss": 0.10031, "loss_std": 0.00057, "lr": 0.0005, "lr_std": 0.0, "params": 337201.0, "params_std": 0.0, "time_iter": 0.08488, "time_iter_std": 0.00201, "accuracy": 0.85127, "accuracy_std": 0.00087, "precision": 0.55113, "precision_std": 0.00175, "recall": 0.84838, "recall_std": 0.0021, "f1": 0.66819, "f1_std": 0.00149, "auc": 0.92816, "auc_std": 0.00085, "accuracy-SBM": 0.85013, "accuracy-SBM_std": 0.00105}
{"epoch": 10, "time_epoch": 26.39678, "time_epoch_std": 0.53673, "eta": 2387.0454, "eta_std": 53.70137, "eta_hours": 0.66307, "eta_hours_std": 0.01492, "loss": 0.09934, "loss_std": 0.00036, "lr": 0.0005, "lr_std": 0.0, "params": 337201.0, "params_std": 0.0, "time_iter": 0.08434, "time_iter_std": 0.00171, "accuracy": 0.85229, "accuracy_std": 0.00097, "precision": 0.55316, "precision_std": 0.00198, "recall": 0.84893, "recall_std": 0.00116, "f1": 0.66985, "f1_std": 0.00151, "auc": 0.92916, "auc_std": 0.00061, "accuracy-SBM": 0.85096, "accuracy-SBM_std": 0.00077}
{"epoch": 11, "time_epoch": 26.34081, "time_epoch_std": 0.49594, "eta": 2356.70519, "eta_std": 52.03497, "eta_hours": 0.65464, "eta_hours_std": 0.01446, "loss": 0.09863, "loss_std": 0.00042, "lr": 0.0005, "lr_std": 0.0, "params": 337201.0, "params_std": 0.0, "time_iter": 0.08416, "time_iter_std": 0.00158, "accuracy": 0.85292, "accuracy_std": 0.00066, "precision": 0.5544, "precision_std": 0.00134, "recall": 0.84975, "recall_std": 0.00158, "f1": 0.67101, "f1_std": 0.00109, "auc": 0.92989, "auc_std": 0.00068, "accuracy-SBM": 0.85168, "accuracy-SBM_std": 0.00075}
{"epoch": 12, "time_epoch": 26.42536, "time_epoch_std": 0.59038, "eta": 2327.54616, "eta_std": 51.11221, "eta_hours": 0.64654, "eta_hours_std": 0.0142, "loss": 0.09776, "loss_std": 0.00032, "lr": 0.00049, "lr_std": 0.0, "params": 337201.0, "params_std": 0.0, "time_iter": 0.08443, "time_iter_std": 0.00189, "accuracy": 0.85356, "accuracy_std": 0.0005, "precision": 0.5556, "precision_std": 0.00101, "recall": 0.85134, "recall_std": 0.00109, "f1": 0.67239, "f1_std": 0.00091, "auc": 0.93093, "auc_std": 0.00053, "accuracy-SBM": 0.85269, "accuracy-SBM_std": 0.00062}
{"epoch": 13, "time_epoch": 26.52348, "time_epoch_std": 0.61643, "eta": 2299.38036, "eta_std": 50.59174, "eta_hours": 0.63872, "eta_hours_std": 0.01405, "loss": 0.0972, "loss_std": 0.00038, "lr": 0.00049, "lr_std": 0.0, "params": 337201.0, "params_std": 0.0, "time_iter": 0.08474, "time_iter_std": 0.00197, "accuracy": 0.85412, "accuracy_std": 0.0007, "precision": 0.55669, "precision_std": 0.00142, "recall": 0.85213, "recall_std": 0.00134, "f1": 0.67343, "f1_std": 0.00113, "auc": 0.93159, "auc_std": 0.0006, "accuracy-SBM": 0.85334, "accuracy-SBM_std": 0.00071}
{"epoch": 14, "time_epoch": 26.534, "time_epoch_std": 0.91915, "eta": 2271.49318, "eta_std": 51.73223, "eta_hours": 0.63097, "eta_hours_std": 0.01437, "loss": 0.09679, "loss_std": 0.00044, "lr": 0.00049, "lr_std": 0.0, "params": 337201.0, "params_std": 0.0, "time_iter": 0.08477, "time_iter_std": 0.00294, "accuracy": 0.85456, "accuracy_std": 0.00057, "precision": 0.55756, "precision_std": 0.00115, "recall": 0.8525, "recall_std": 0.00181, "f1": 0.67419, "f1_std": 0.00107, "auc": 0.93201, "auc_std": 0.00068, "accuracy-SBM": 0.85375, "accuracy-SBM_std": 0.00086}
{"epoch": 15, "time_epoch": 26.47791, "time_epoch_std": 0.66939, "eta": 2243.48063, "eta_std": 51.38415, "eta_hours": 0.62319, "eta_hours_std": 0.01427, "loss": 0.09643, "loss_std": 0.00072, "lr": 0.00049, "lr_std": 0.0, "params": 337201.0, "params_std": 0.0, "time_iter": 0.08459, "time_iter_std": 0.00214, "accuracy": 0.85471, "accuracy_std": 0.00096, "precision": 0.55783, "precision_std": 0.00185, "recall": 0.85332, "recall_std": 0.00208, "f1": 0.67464, "f1_std": 0.00194, "auc": 0.93243, "auc_std": 0.00109, "accuracy-SBM": 0.85416, "accuracy-SBM_std": 0.00136}
{"epoch": 16, "time_epoch": 26.48041, "time_epoch_std": 0.56887, "eta": 2215.66086, "eta_std": 50.27428, "eta_hours": 0.61546, "eta_hours_std": 0.01396, "loss": 0.09594, "loss_std": 0.00081, "lr": 0.00048, "lr_std": 0.0, "params": 337201.0, "params_std": 0.0, "time_iter": 0.0846, "time_iter_std": 0.00182, "accuracy": 0.85542, "accuracy_std": 0.00108, "precision": 0.55924, "precision_std": 0.0021, "recall": 0.85421, "recall_std": 0.00266, "f1": 0.67594, "f1_std": 0.00216, "auc": 0.93304, "auc_std": 0.00121, "accuracy-SBM": 0.85495, "accuracy-SBM_std": 0.00157}
{"epoch": 17, "time_epoch": 26.53991, "time_epoch_std": 0.63735, "eta": 2188.26092, "eta_std": 49.55273, "eta_hours": 0.60785, "eta_hours_std": 0.01376, "loss": 0.09544, "loss_std": 0.00094, "lr": 0.00048, "lr_std": 0.0, "params": 337201.0, "params_std": 0.0, "time_iter": 0.08479, "time_iter_std": 0.00204, "accuracy": 0.85615, "accuracy_std": 0.00138, "precision": 0.56071, "precision_std": 0.00271, "recall": 0.85471, "recall_std": 0.00223, "f1": 0.67717, "f1_std": 0.0026, "auc": 0.93369, "auc_std": 0.00137, "accuracy-SBM": 0.85558, "accuracy-SBM_std": 0.00165}
{"epoch": 18, "time_epoch": 26.38487, "time_epoch_std": 0.55825, "eta": 2160.2906, "eta_std": 48.70595, "eta_hours": 0.60008, "eta_hours_std": 0.01353, "loss": 0.09505, "loss_std": 0.00099, "lr": 0.00048, "lr_std": 0.0, "params": 337201.0, "params_std": 0.0, "time_iter": 0.0843, "time_iter_std": 0.00178, "accuracy": 0.85651, "accuracy_std": 0.00105, "precision": 0.56137, "precision_std": 0.00197, "recall": 0.85578, "recall_std": 0.00335, "f1": 0.678, "f1_std": 0.00237, "auc": 0.93418, "auc_std": 0.00143, "accuracy-SBM": 0.85622, "accuracy-SBM_std": 0.00189}
{"epoch": 19, "time_epoch": 26.44268, "time_epoch_std": 0.71004, "eta": 2132.71003, "eta_std": 48.34615, "eta_hours": 0.59242, "eta_hours_std": 0.01343, "loss": 0.09477, "loss_std": 0.00086, "lr": 0.00047, "lr_std": 0.0, "params": 337201.0, "params_std": 0.0, "time_iter": 0.08448, "time_iter_std": 0.00227, "accuracy": 0.85683, "accuracy_std": 0.00119, "precision": 0.56199, "precision_std": 0.00234, "recall": 0.85635, "recall_std": 0.00235, "f1": 0.67862, "f1_std": 0.00234, "auc": 0.93455, "auc_std": 0.00124, "accuracy-SBM": 0.85664, "accuracy-SBM_std": 0.00158}
{"epoch": 20, "time_epoch": 26.43994, "time_epoch_std": 0.70346, "eta": 2105.22754, "eta_std": 47.99079, "eta_hours": 0.58479, "eta_hours_std": 0.01333, "loss": 0.09445, "loss_std": 0.00105, "lr": 0.00047, "lr_std": 0.0, "params": 337201.0, "params_std": 0.0, "time_iter": 0.08447, "time_iter_std": 0.00225, "accuracy": 0.85704, "accuracy_std": 0.00153, "precision": 0.56237, "precision_std": 0.003, "recall": 0.85732, "recall_std": 0.00278, "f1": 0.6792, "f1_std": 0.00295, "auc": 0.93499, "auc_std": 0.0015, "accuracy-SBM": 0.85715, "accuracy-SBM_std": 0.00194}
{"epoch": 21, "time_epoch": 26.50774, "time_epoch_std": 0.90197, "eta": 2078.08023, "eta_std": 48.35611, "eta_hours": 0.57724, "eta_hours_std": 0.01343, "loss": 0.09405, "loss_std": 0.00108, "lr": 0.00047, "lr_std": 0.0, "params": 337201.0, "params_std": 0.0, "time_iter": 0.08469, "time_iter_std": 0.00288, "accuracy": 0.85756, "accuracy_std": 0.00149, "precision": 0.56338, "precision_std": 0.00291, "recall": 0.85809, "recall_std": 0.00291, "f1": 0.68018, "f1_std": 0.00295, "auc": 0.9355, "auc_std": 0.00155, "accuracy-SBM": 0.85777, "accuracy-SBM_std": 0.00199}
{"epoch": 22, "time_epoch": 26.43489, "time_epoch_std": 0.6369, "eta": 2050.74463, "eta_std": 47.56013, "eta_hours": 0.56965, "eta_hours_std": 0.01321, "loss": 0.09384, "loss_std": 0.00103, "lr": 0.00046, "lr_std": 0.0, "params": 337201.0, "params_std": 0.0, "time_iter": 0.08446, "time_iter_std": 0.00204, "accuracy": 0.85782, "accuracy_std": 0.00161, "precision": 0.56389, "precision_std": 0.00317, "recall": 0.85856, "recall_std": 0.00247, "f1": 0.6807, "f1_std": 0.00305, "auc": 0.93578, "auc_std": 0.00147, "accuracy-SBM": 0.85811, "accuracy-SBM_std": 0.00192}
{"epoch": 23, "time_epoch": 26.37433, "time_epoch_std": 0.52083, "eta": 2023.29232, "eta_std": 46.56278, "eta_hours": 0.56203, "eta_hours_std": 0.01293, "loss": 0.0936, "loss_std": 0.00101, "lr": 0.00046, "lr_std": 0.0, "params": 337201.0, "params_std": 0.0, "time_iter": 0.08426, "time_iter_std": 0.00166, "accuracy": 0.85833, "accuracy_std": 0.00149, "precision": 0.56495, "precision_std": 0.00292, "recall": 0.85862, "recall_std": 0.00277, "f1": 0.6815, "f1_std": 0.00295, "auc": 0.93608, "auc_std": 0.00144, "accuracy-SBM": 0.85845, "accuracy-SBM_std": 0.00196}
{"epoch": 24, "time_epoch": 26.37857, "time_epoch_std": 0.67619, "eta": 1995.93897, "eta_std": 46.0759, "eta_hours": 0.55443, "eta_hours_std": 0.0128, "loss": 0.09333, "loss_std": 0.00106, "lr": 0.00045, "lr_std": 0.0, "params": 337201.0, "params_std": 0.0, "time_iter": 0.08428, "time_iter_std": 0.00216, "accuracy": 0.85843, "accuracy_std": 0.00164, "precision": 0.56508, "precision_std": 0.00325, "recall": 0.85963, "recall_std": 0.00242, "f1": 0.6819, "f1_std": 0.00308, "auc": 0.93644, "auc_std": 0.00151, "accuracy-SBM": 0.8589, "accuracy-SBM_std": 0.00191}
{"epoch": 25, "time_epoch": 26.52861, "time_epoch_std": 0.71921, "eta": 1969.08762, "eta_std": 45.7271, "eta_hours": 0.54697, "eta_hours_std": 0.0127, "loss": 0.09307, "loss_std": 0.00096, "lr": 0.00045, "lr_std": 0.0, "params": 337201.0, "params_std": 0.0, "time_iter": 0.08476, "time_iter_std": 0.0023, "accuracy": 0.85893, "accuracy_std": 0.00146, "precision": 0.56608, "precision_std": 0.00288, "recall": 0.86016, "recall_std": 0.00255, "f1": 0.6828, "f1_std": 0.00282, "auc": 0.93681, "auc_std": 0.00135, "accuracy-SBM": 0.85941, "accuracy-SBM_std": 0.00183}
{"epoch": 26, "time_epoch": 26.63535, "time_epoch_std": 0.60284, "eta": 1942.54878, "eta_std": 44.91903, "eta_hours": 0.5396, "eta_hours_std": 0.01248, "loss": 0.09284, "loss_std": 0.0009, "lr": 0.00044, "lr_std": 0.0, "params": 337201.0, "params_std": 0.0, "time_iter": 0.0851, "time_iter_std": 0.00193, "accuracy": 0.85916, "accuracy_std": 0.00137, "precision": 0.56651, "precision_std": 0.00272, "recall": 0.86082, "recall_std": 0.00211, "f1": 0.68332, "f1_std": 0.00258, "auc": 0.93711, "auc_std": 0.00126, "accuracy-SBM": 0.85981, "accuracy-SBM_std": 0.00161}
{"epoch": 27, "time_epoch": 26.45336, "time_epoch_std": 0.64081, "eta": 1915.53506, "eta_std": 44.29127, "eta_hours": 0.53209, "eta_hours_std": 0.0123, "loss": 0.09272, "loss_std": 0.00099, "lr": 0.00044, "lr_std": 0.0, "params": 337201.0, "params_std": 0.0, "time_iter": 0.08452, "time_iter_std": 0.00205, "accuracy": 0.85941, "accuracy_std": 0.0015, "precision": 0.56705, "precision_std": 0.00296, "recall": 0.86084, "recall_std": 0.00238, "f1": 0.68372, "f1_std": 0.00288, "auc": 0.93724, "auc_std": 0.00139, "accuracy-SBM": 0.85997, "accuracy-SBM_std": 0.00182}
{"epoch": 28, "time_epoch": 26.63222, "time_epoch_std": 0.88524, "eta": 1888.99789, "eta_std": 44.09119, "eta_hours": 0.52472, "eta_hours_std": 0.01225, "loss": 0.09252, "loss_std": 0.00091, "lr": 0.00043, "lr_std": 0.0, "params": 337201.0, "params_std": 0.0, "time_iter": 0.08509, "time_iter_std": 0.00283, "accuracy": 0.85961, "accuracy_std": 0.00155, "precision": 0.56741, "precision_std": 0.00313, "recall": 0.86146, "recall_std": 0.00196, "f1": 0.68418, "f1_std": 0.00282, "auc": 0.93752, "auc_std": 0.00126, "accuracy-SBM": 0.86034, "accuracy-SBM_std": 0.00166}
{"epoch": 29, "time_epoch": 26.49412, "time_epoch_std": 0.67266, "eta": 1862.13216, "eta_std": 43.53529, "eta_hours": 0.51726, "eta_hours_std": 0.01209, "loss": 0.09228, "loss_std": 0.00077, "lr": 0.00043, "lr_std": 0.0, "params": 337201.0, "params_std": 0.0, "time_iter": 0.08464, "time_iter_std": 0.00215, "accuracy": 0.85963, "accuracy_std": 0.00124, "precision": 0.56738, "precision_std": 0.0025, "recall": 0.86237, "recall_std": 0.00199, "f1": 0.68444, "f1_std": 0.00229, "auc": 0.93784, "auc_std": 0.00108, "accuracy-SBM": 0.86071, "accuracy-SBM_std": 0.00142}
{"epoch": 30, "time_epoch": 26.39867, "time_epoch_std": 0.6389, "eta": 1835.07793, "eta_std": 42.86215, "eta_hours": 0.50974, "eta_hours_std": 0.0119, "loss": 0.09214, "loss_std": 0.00065, "lr": 0.00042, "lr_std": 0.0, "params": 337201.0, "params_std": 0.0, "time_iter": 0.08434, "time_iter_std": 0.00204, "accuracy": 0.86014, "accuracy_std": 0.00098, "precision": 0.56846, "precision_std": 0.00197, "recall": 0.86231, "recall_std": 0.00176, "f1": 0.68521, "f1_std": 0.00185, "auc": 0.93804, "auc_std": 0.00088, "accuracy-SBM": 0.861, "accuracy-SBM_std": 0.00119}
{"epoch": 31, "time_epoch": 26.51539, "time_epoch_std": 0.63378, "eta": 1808.31272, "eta_std": 42.19075, "eta_hours": 0.50231, "eta_hours_std": 0.01172, "loss": 0.09203, "loss_std": 0.00067, "lr": 0.00041, "lr_std": 0.0, "params": 337201.0, "params_std": 0.0, "time_iter": 0.08472, "time_iter_std": 0.00202, "accuracy": 0.86013, "accuracy_std": 0.0011, "precision": 0.56841, "precision_std": 0.00219, "recall": 0.86266, "recall_std": 0.00186, "f1": 0.68528, "f1_std": 0.00214, "auc": 0.93818, "auc_std": 0.00093, "accuracy-SBM": 0.86113, "accuracy-SBM_std": 0.00137}
{"epoch": 32, "time_epoch": 26.55781, "time_epoch_std": 0.64913, "eta": 1781.64878, "eta_std": 41.49661, "eta_hours": 0.4949, "eta_hours_std": 0.01153, "loss": 0.09179, "loss_std": 0.0006, "lr": 0.00041, "lr_std": 0.0, "params": 337201.0, "params_std": 0.0, "time_iter": 0.08485, "time_iter_std": 0.00207, "accuracy": 0.86043, "accuracy_std": 0.00075, "precision": 0.56897, "precision_std": 0.00147, "recall": 0.86332, "recall_std": 0.00136, "f1": 0.6859, "f1_std": 0.00148, "auc": 0.9385, "auc_std": 0.00082, "accuracy-SBM": 0.86156, "accuracy-SBM_std": 0.00097}
{"epoch": 33, "time_epoch": 26.35612, "time_epoch_std": 0.60064, "eta": 1754.59956, "eta_std": 40.7941, "eta_hours": 0.48739, "eta_hours_std": 0.01133, "loss": 0.09175, "loss_std": 0.00056, "lr": 0.0004, "lr_std": 0.0, "params": 337201.0, "params_std": 0.0, "time_iter": 0.0842, "time_iter_std": 0.00192, "accuracy": 0.86033, "accuracy_std": 0.00089, "precision": 0.56878, "precision_std": 0.0018, "recall": 0.86328, "recall_std": 0.00135, "f1": 0.68575, "f1_std": 0.00168, "auc": 0.93855, "auc_std": 0.00078, "accuracy-SBM": 0.8615, "accuracy-SBM_std": 0.00104}
{"epoch": 34, "time_epoch": 26.41745, "time_epoch_std": 0.75633, "eta": 1727.70384, "eta_std": 40.36748, "eta_hours": 0.47992, "eta_hours_std": 0.01121, "loss": 0.09157, "loss_std": 0.00049, "lr": 0.00039, "lr_std": 0.0, "params": 337201.0, "params_std": 0.0, "time_iter": 0.0844, "time_iter_std": 0.00242, "accuracy": 0.86056, "accuracy_std": 0.00076, "precision": 0.56923, "precision_std": 0.00155, "recall": 0.86355, "recall_std": 0.00131, "f1": 0.68616, "f1_std": 0.00138, "auc": 0.93878, "auc_std": 0.00066, "accuracy-SBM": 0.86173, "accuracy-SBM_std": 0.00086}
{"epoch": 35, "time_epoch": 26.7318, "time_epoch_std": 1.05006, "eta": 1701.39354, "eta_std": 40.30496, "eta_hours": 0.47261, "eta_hours_std": 0.0112, "loss": 0.0915, "loss_std": 0.00053, "lr": 0.00039, "lr_std": 0.0, "params": 337201.0, "params_std": 0.0, "time_iter": 0.0854, "time_iter_std": 0.00335, "accuracy": 0.8609, "accuracy_std": 0.0009, "precision": 0.56996, "precision_std": 0.00185, "recall": 0.86363, "recall_std": 0.00132, "f1": 0.68672, "f1_std": 0.00161, "auc": 0.93887, "auc_std": 0.00074, "accuracy-SBM": 0.86198, "accuracy-SBM_std": 0.00095}
{"epoch": 36, "time_epoch": 26.33007, "time_epoch_std": 0.58064, "eta": 1674.37644, "eta_std": 39.55773, "eta_hours": 0.4651, "eta_hours_std": 0.01099, "loss": 0.09134, "loss_std": 0.00048, "lr": 0.00038, "lr_std": 0.0, "params": 337201.0, "params_std": 0.0, "time_iter": 0.08412, "time_iter_std": 0.00185, "accuracy": 0.86091, "accuracy_std": 0.00062, "precision": 0.56991, "precision_std": 0.00124, "recall": 0.86433, "recall_std": 0.00138, "f1": 0.6869, "f1_std": 0.00121, "auc": 0.93909, "auc_std": 0.00066, "accuracy-SBM": 0.86225, "accuracy-SBM_std": 0.00084}
{"epoch": 37, "time_epoch": 26.43279, "time_epoch_std": 0.61621, "eta": 1647.56309, "eta_std": 38.85048, "eta_hours": 0.45765, "eta_hours_std": 0.01079, "loss": 0.09116, "loss_std": 0.00048, "lr": 0.00037, "lr_std": 0.0, "params": 337201.0, "params_std": 0.0, "time_iter": 0.08445, "time_iter_std": 0.00197, "accuracy": 0.86135, "accuracy_std": 0.00067, "precision": 0.57083, "precision_std": 0.00136, "recall": 0.86448, "recall_std": 0.00124, "f1": 0.68762, "f1_std": 0.00126, "auc": 0.93934, "auc_std": 0.00065, "accuracy-SBM": 0.86258, "accuracy-SBM_std": 0.00081}
{"epoch": 38, "time_epoch": 26.32416, "time_epoch_std": 0.66742, "eta": 1620.59933, "eta_std": 38.21676, "eta_hours": 0.45017, "eta_hours_std": 0.01062, "loss": 0.09112, "loss_std": 0.0004, "lr": 0.00037, "lr_std": 0.0, "params": 337201.0, "params_std": 0.0, "time_iter": 0.0841, "time_iter_std": 0.00213, "accuracy": 0.86138, "accuracy_std": 0.00064, "precision": 0.57088, "precision_std": 0.0013, "recall": 0.86455, "recall_std": 0.00104, "f1": 0.68767, "f1_std": 0.00118, "auc": 0.93938, "auc_std": 0.00053, "accuracy-SBM": 0.86262, "accuracy-SBM_std": 0.00073}
{"epoch": 39, "time_epoch": 26.44589, "time_epoch_std": 0.69093, "eta": 1593.85016, "eta_std": 37.59644, "eta_hours": 0.44274, "eta_hours_std": 0.01044, "loss": 0.09105, "loss_std": 0.0004, "lr": 0.00036, "lr_std": 0.0, "params": 337201.0, "params_std": 0.0, "time_iter": 0.08449, "time_iter_std": 0.00221, "accuracy": 0.86151, "accuracy_std": 0.00077, "precision": 0.57114, "precision_std": 0.00162, "recall": 0.86482, "recall_std": 0.00105, "f1": 0.68795, "f1_std": 0.00132, "auc": 0.93949, "auc_std": 0.00053, "accuracy-SBM": 0.86281, "accuracy-SBM_std": 0.00073}
{"epoch": 40, "time_epoch": 26.48061, "time_epoch_std": 0.69264, "eta": 1567.16575, "eta_std": 37.04628, "eta_hours": 0.43532, "eta_hours_std": 0.01029, "loss": 0.09098, "loss_std": 0.00034, "lr": 0.00035, "lr_std": 0.0, "params": 337201.0, "params_std": 0.0, "time_iter": 0.0846, "time_iter_std": 0.00221, "accuracy": 0.86164, "accuracy_std": 0.00053, "precision": 0.57144, "precision_std": 0.00112, "recall": 0.86466, "recall_std": 0.00087, "f1": 0.68811, "f1_std": 0.00094, "auc": 0.93957, "auc_std": 0.00045, "accuracy-SBM": 0.86283, "accuracy-SBM_std": 0.00055}
{"epoch": 41, "time_epoch": 26.51761, "time_epoch_std": 0.5196, "eta": 1540.54213, "eta_std": 36.24167, "eta_hours": 0.42793, "eta_hours_std": 0.01007, "loss": 0.09079, "loss_std": 0.00035, "lr": 0.00034, "lr_std": 0.0, "params": 337201.0, "params_std": 0.0, "time_iter": 0.08472, "time_iter_std": 0.00166, "accuracy": 0.86184, "accuracy_std": 0.00057, "precision": 0.57181, "precision_std": 0.00117, "recall": 0.86528, "recall_std": 0.00092, "f1": 0.68858, "f1_std": 0.00104, "auc": 0.93983, "auc_std": 0.00046, "accuracy-SBM": 0.86319, "accuracy-SBM_std": 0.00064}
{"epoch": 42, "time_epoch": 26.64647, "time_epoch_std": 1.0605, "eta": 1514.09426, "eta_std": 36.15653, "eta_hours": 0.42058, "eta_hours_std": 0.01004, "loss": 0.09078, "loss_std": 0.00038, "lr": 0.00034, "lr_std": 0.0, "params": 337201.0, "params_std": 0.0, "time_iter": 0.08513, "time_iter_std": 0.00339, "accuracy": 0.86159, "accuracy_std": 0.00079, "precision": 0.57124, "precision_std": 0.00165, "recall": 0.86566, "recall_std": 0.00113, "f1": 0.68828, "f1_std": 0.00135, "auc": 0.93985, "auc_std": 0.00052, "accuracy-SBM": 0.86319, "accuracy-SBM_std": 0.00076}
{"epoch": 43, "time_epoch": 26.59323, "time_epoch_std": 0.70559, "eta": 1487.56961, "eta_std": 35.52143, "eta_hours": 0.41321, "eta_hours_std": 0.00987, "loss": 0.0907, "loss_std": 0.0003, "lr": 0.00033, "lr_std": 0.0, "params": 337201.0, "params_std": 0.0, "time_iter": 0.08496, "time_iter_std": 0.00225, "accuracy": 0.86201, "accuracy_std": 0.00036, "precision": 0.57216, "precision_std": 0.00085, "recall": 0.86519, "recall_std": 0.0015, "f1": 0.68881, "f1_std": 0.00048, "auc": 0.93994, "auc_std": 0.00041, "accuracy-SBM": 0.86326, "accuracy-SBM_std": 0.00051}
{"epoch": 44, "time_epoch": 26.40495, "time_epoch_std": 0.74609, "eta": 1460.81179, "eta_std": 34.97117, "eta_hours": 0.40578, "eta_hours_std": 0.00971, "loss": 0.09058, "loss_std": 0.00034, "lr": 0.00032, "lr_std": 0.0, "params": 337201.0, "params_std": 0.0, "time_iter": 0.08436, "time_iter_std": 0.00238, "accuracy": 0.86196, "accuracy_std": 0.00037, "precision": 0.57202, "precision_std": 0.00081, "recall": 0.86572, "recall_std": 0.00147, "f1": 0.68887, "f1_std": 0.00068, "auc": 0.9401, "auc_std": 0.00047, "accuracy-SBM": 0.86344, "accuracy-SBM_std": 0.00062}
{"epoch": 45, "time_epoch": 26.52673, "time_epoch_std": 0.74035, "eta": 1434.21227, "eta_std": 34.40148, "eta_hours": 0.39839, "eta_hours_std": 0.00956, "loss": 0.09053, "loss_std": 0.0003, "lr": 0.00031, "lr_std": 0.0, "params": 337201.0, "params_std": 0.0, "time_iter": 0.08475, "time_iter_std": 0.00237, "accuracy": 0.86194, "accuracy_std": 0.00057, "precision": 0.57195, "precision_std": 0.00119, "recall": 0.86594, "recall_std": 0.00081, "f1": 0.68889, "f1_std": 0.00098, "auc": 0.94018, "auc_std": 0.00041, "accuracy-SBM": 0.86351, "accuracy-SBM_std": 0.00055}
{"epoch": 46, "time_epoch": 26.51021, "time_epoch_std": 0.65846, "eta": 1407.59723, "eta_std": 33.75463, "eta_hours": 0.391, "eta_hours_std": 0.00938, "loss": 0.09044, "loss_std": 0.00026, "lr": 0.0003, "lr_std": 0.0, "params": 337201.0, "params_std": 0.0, "time_iter": 0.0847, "time_iter_std": 0.0021, "accuracy": 0.86226, "accuracy_std": 0.00038, "precision": 0.57264, "precision_std": 0.00078, "recall": 0.86602, "recall_std": 0.00084, "f1": 0.68942, "f1_std": 0.00071, "auc": 0.94028, "auc_std": 0.00035, "accuracy-SBM": 0.86374, "accuracy-SBM_std": 0.00048}
{"epoch": 47, "time_epoch": 26.34122, "time_epoch_std": 0.77875, "eta": 1380.80347, "eta_std": 33.23371, "eta_hours": 0.38356, "eta_hours_std": 0.00923, "loss": 0.09034, "loss_std": 0.00026, "lr": 0.0003, "lr_std": 0.0, "params": 337201.0, "params_std": 0.0, "time_iter": 0.08416, "time_iter_std": 0.00249, "accuracy": 0.86225, "accuracy_std": 0.00043, "precision": 0.57258, "precision_std": 0.00089, "recall": 0.86629, "recall_std": 0.00093, "f1": 0.68946, "f1_std": 0.00081, "auc": 0.94043, "auc_std": 0.00034, "accuracy-SBM": 0.86384, "accuracy-SBM_std": 0.00054}
{"epoch": 48, "time_epoch": 26.4037, "time_epoch_std": 0.77864, "eta": 1354.09321, "eta_std": 32.6828, "eta_hours": 0.37614, "eta_hours_std": 0.00908, "loss": 0.09028, "loss_std": 0.00032, "lr": 0.00029, "lr_std": 0.0, "params": 337201.0, "params_std": 0.0, "time_iter": 0.08436, "time_iter_std": 0.00249, "accuracy": 0.86238, "accuracy_std": 0.00058, "precision": 0.57284, "precision_std": 0.0012, "recall": 0.86659, "recall_std": 0.00108, "f1": 0.68974, "f1_std": 0.00104, "auc": 0.9405, "auc_std": 0.00044, "accuracy-SBM": 0.86404, "accuracy-SBM_std": 0.00065}
{"epoch": 49, "time_epoch": 26.50011, "time_epoch_std": 0.94917, "eta": 1327.49163, "eta_std": 32.32451, "eta_hours": 0.36875, "eta_hours_std": 0.00898, "loss": 0.09017, "loss_std": 0.00021, "lr": 0.00028, "lr_std": 0.0, "params": 337201.0, "params_std": 0.0, "time_iter": 0.08466, "time_iter_std": 0.00303, "accuracy": 0.86248, "accuracy_std": 0.00048, "precision": 0.57303, "precision_std": 0.00103, "recall": 0.86676, "recall_std": 0.00054, "f1": 0.68993, "f1_std": 0.00075, "auc": 0.94065, "auc_std": 0.00027, "accuracy-SBM": 0.86416, "accuracy-SBM_std": 0.00035}
{"epoch": 50, "time_epoch": 26.56136, "time_epoch_std": 1.03354, "eta": 1300.95287, "eta_std": 32.02333, "eta_hours": 0.36138, "eta_hours_std": 0.00889, "loss": 0.0901, "loss_std": 0.00024, "lr": 0.00027, "lr_std": 0.0, "params": 337201.0, "params_std": 0.0, "time_iter": 0.08486, "time_iter_std": 0.0033, "accuracy": 0.86248, "accuracy_std": 0.00056, "precision": 0.57303, "precision_std": 0.0012, "recall": 0.86683, "recall_std": 0.00091, "f1": 0.68995, "f1_std": 0.00087, "auc": 0.94074, "auc_std": 0.00032, "accuracy-SBM": 0.86419, "accuracy-SBM_std": 0.00047}
{"epoch": 51, "time_epoch": 26.63758, "time_epoch_std": 0.68726, "eta": 1274.4836, "eta_std": 31.38562, "eta_hours": 0.35402, "eta_hours_std": 0.00872, "loss": 0.09009, "loss_std": 0.00025, "lr": 0.00026, "lr_std": 0.0, "params": 337201.0, "params_std": 0.0, "time_iter": 0.0851, "time_iter_std": 0.0022, "accuracy": 0.8626, "accuracy_std": 0.00048, "precision": 0.57327, "precision_std": 0.00108, "recall": 0.86685, "recall_std": 0.00121, "f1": 0.69014, "f1_std": 0.00071, "auc": 0.94076, "auc_std": 0.00033, "accuracy-SBM": 0.86427, "accuracy-SBM_std": 0.00047}
{"epoch": 52, "time_epoch": 26.36441, "time_epoch_std": 0.53902, "eta": 1247.76573, "eta_std": 30.60557, "eta_hours": 0.3466, "eta_hours_std": 0.0085, "loss": 0.09, "loss_std": 0.00021, "lr": 0.00025, "lr_std": 0.0, "params": 337201.0, "params_std": 0.0, "time_iter": 0.08423, "time_iter_std": 0.00172, "accuracy": 0.86269, "accuracy_std": 0.00041, "precision": 0.57345, "precision_std": 0.00091, "recall": 0.8671, "recall_std": 0.00087, "f1": 0.69034, "f1_std": 0.00064, "auc": 0.94088, "auc_std": 0.00028, "accuracy-SBM": 0.86442, "accuracy-SBM_std": 0.00039}
{"epoch": 53, "time_epoch": 26.64301, "time_epoch_std": 0.73263, "eta": 1221.29828, "eta_std": 29.9894, "eta_hours": 0.33925, "eta_hours_std": 0.00833, "loss": 0.08992, "loss_std": 0.00022, "lr": 0.00025, "lr_std": 0.0, "params": 337201.0, "params_std": 0.0, "time_iter": 0.08512, "time_iter_std": 0.00234, "accuracy": 0.86281, "accuracy_std": 0.0006, "precision": 0.57368, "precision_std": 0.00132, "recall": 0.86727, "recall_std": 0.00095, "f1": 0.69057, "f1_std": 0.00089, "auc": 0.94097, "auc_std": 0.00029, "accuracy-SBM": 0.86456, "accuracy-SBM_std": 0.00043}
{"epoch": 54, "time_epoch": 26.64994, "time_epoch_std": 0.89176, "eta": 1194.83012, "eta_std": 29.51836, "eta_hours": 0.3319, "eta_hours_std": 0.0082, "loss": 0.0899, "loss_std": 0.00024, "lr": 0.00024, "lr_std": 0.0, "params": 337201.0, "params_std": 0.0, "time_iter": 0.08514, "time_iter_std": 0.00285, "accuracy": 0.86294, "accuracy_std": 0.00043, "precision": 0.57398, "precision_std": 0.00092, "recall": 0.8672, "recall_std": 0.00089, "f1": 0.69076, "f1_std": 0.00071, "auc": 0.94102, "auc_std": 0.00033, "accuracy-SBM": 0.86462, "accuracy-SBM_std": 0.00044}
{"epoch": 55, "time_epoch": 26.44758, "time_epoch_std": 0.689, "eta": 1168.19646, "eta_std": 28.87116, "eta_hours": 0.3245, "eta_hours_std": 0.00802, "loss": 0.08979, "loss_std": 0.00025, "lr": 0.00023, "lr_std": 0.0, "params": 337201.0, "params_std": 0.0, "time_iter": 0.0845, "time_iter_std": 0.0022, "accuracy": 0.86298, "accuracy_std": 0.00048, "precision": 0.57401, "precision_std": 0.00105, "recall": 0.86764, "recall_std": 0.00101, "f1": 0.69092, "f1_std": 0.00075, "auc": 0.94117, "auc_std": 0.00034, "accuracy-SBM": 0.86481, "accuracy-SBM_std": 0.00046}
{"epoch": 56, "time_epoch": 26.64866, "time_epoch_std": 0.91542, "eta": 1141.72104, "eta_std": 28.39338, "eta_hours": 0.31714, "eta_hours_std": 0.00789, "loss": 0.08974, "loss_std": 0.00024, "lr": 0.00022, "lr_std": 0.0, "params": 337201.0, "params_std": 0.0, "time_iter": 0.08514, "time_iter_std": 0.00292, "accuracy": 0.86304, "accuracy_std": 0.00038, "precision": 0.57416, "precision_std": 0.00082, "recall": 0.86763, "recall_std": 0.00067, "f1": 0.69103, "f1_std": 0.00064, "auc": 0.94122, "auc_std": 0.0003, "accuracy-SBM": 0.86485, "accuracy-SBM_std": 0.00037}
{"epoch": 57, "time_epoch": 26.54621, "time_epoch_std": 0.77748, "eta": 1115.16544, "eta_std": 27.80601, "eta_hours": 0.30977, "eta_hours_std": 0.00772, "loss": 0.08967, "loss_std": 0.0002, "lr": 0.00021, "lr_std": 0.0, "params": 337201.0, "params_std": 0.0, "time_iter": 0.08481, "time_iter_std": 0.00248, "accuracy": 0.86303, "accuracy_std": 0.00052, "precision": 0.57409, "precision_std": 0.00116, "recall": 0.86805, "recall_std": 0.0008, "f1": 0.69112, "f1_std": 0.00075, "auc": 0.94132, "auc_std": 0.00025, "accuracy-SBM": 0.86501, "accuracy-SBM_std": 0.00034}
{"epoch": 58, "time_epoch": 26.39587, "time_epoch_std": 0.50894, "eta": 1088.50569, "eta_std": 27.01777, "eta_hours": 0.30236, "eta_hours_std": 0.0075, "loss": 0.08959, "loss_std": 0.0002, "lr": 0.0002, "lr_std": 0.0, "params": 337201.0, "params_std": 0.0, "time_iter": 0.08433, "time_iter_std": 0.00163, "accuracy": 0.86289, "accuracy_std": 0.00041, "precision": 0.57374, "precision_std": 0.00091, "recall": 0.86845, "recall_std": 0.00075, "f1": 0.69098, "f1_std": 0.00062, "auc": 0.94141, "auc_std": 0.00027, "accuracy-SBM": 0.86507, "accuracy-SBM_std": 0.00033}
{"epoch": 59, "time_epoch": 26.37476, "time_epoch_std": 0.57524, "eta": 1061.84067, "eta_std": 26.28556, "eta_hours": 0.29496, "eta_hours_std": 0.0073, "loss": 0.0896, "loss_std": 0.00024, "lr": 0.0002, "lr_std": 0.0, "params": 337201.0, "params_std": 0.0, "time_iter": 0.08426, "time_iter_std": 0.00184, "accuracy": 0.86311, "accuracy_std": 0.00035, "precision": 0.57426, "precision_std": 0.00077, "recall": 0.86799, "recall_std": 0.00079, "f1": 0.69121, "f1_std": 0.00053, "auc": 0.94139, "auc_std": 0.00031, "accuracy-SBM": 0.86502, "accuracy-SBM_std": 0.00033}
{"epoch": 60, "time_epoch": 26.53622, "time_epoch_std": 0.60996, "eta": 1035.28839, "eta_std": 25.54632, "eta_hours": 0.28758, "eta_hours_std": 0.0071, "loss": 0.08952, "loss_std": 0.00017, "lr": 0.00019, "lr_std": 0.0, "params": 337201.0, "params_std": 0.0, "time_iter": 0.08478, "time_iter_std": 0.00195, "accuracy": 0.8631, "accuracy_std": 0.0004, "precision": 0.5742, "precision_std": 0.00089, "recall": 0.86842, "recall_std": 0.0007, "f1": 0.69131, "f1_std": 0.00063, "auc": 0.9415, "auc_std": 0.00022, "accuracy-SBM": 0.86519, "accuracy-SBM_std": 0.00034}
{"epoch": 61, "time_epoch": 26.58371, "time_epoch_std": 0.95712, "eta": 1008.76574, "eta_std": 25.04431, "eta_hours": 0.28021, "eta_hours_std": 0.00696, "loss": 0.08944, "loss_std": 0.0002, "lr": 0.00018, "lr_std": 0.0, "params": 337201.0, "params_std": 0.0, "time_iter": 0.08493, "time_iter_std": 0.00306, "accuracy": 0.86319, "accuracy_std": 0.00041, "precision": 0.5744, "precision_std": 0.00092, "recall": 0.86845, "recall_std": 0.00086, "f1": 0.69146, "f1_std": 0.00058, "auc": 0.94164, "auc_std": 0.00027, "accuracy-SBM": 0.86526, "accuracy-SBM_std": 0.00032}
{"epoch": 62, "time_epoch": 26.86883, "time_epoch_std": 1.93398, "eta": 982.40859, "eta_std": 25.05043, "eta_hours": 0.27289, "eta_hours_std": 0.00696, "loss": 0.08937, "loss_std": 0.0002, "lr": 0.00017, "lr_std": 0.0, "params": 337201.0, "params_std": 0.0, "time_iter": 0.08584, "time_iter_std": 0.00618, "accuracy": 0.86338, "accuracy_std": 0.00037, "precision": 0.57481, "precision_std": 0.00078, "recall": 0.86837, "recall_std": 0.00076, "f1": 0.69173, "f1_std": 0.00066, "auc": 0.9417, "auc_std": 0.00025, "accuracy-SBM": 0.86534, "accuracy-SBM_std": 0.00043}
{"epoch": 63, "time_epoch": 26.53172, "time_epoch_std": 0.80299, "eta": 955.84584, "eta_std": 24.4235, "eta_hours": 0.26551, "eta_hours_std": 0.00678, "loss": 0.08933, "loss_std": 0.0002, "lr": 0.00016, "lr_std": 0.0, "params": 337201.0, "params_std": 0.0, "time_iter": 0.08476, "time_iter_std": 0.00257, "accuracy": 0.86345, "accuracy_std": 0.00028, "precision": 0.57493, "precision_std": 0.0006, "recall": 0.86855, "recall_std": 0.0007, "f1": 0.69188, "f1_std": 0.00049, "auc": 0.94175, "auc_std": 0.00026, "accuracy-SBM": 0.86545, "accuracy-SBM_std": 0.00034}
{"epoch": 64, "time_epoch": 27.02357, "time_epoch_std": 2.11757, "eta": 929.54888, "eta_std": 24.44945, "eta_hours": 0.25821, "eta_hours_std": 0.00679, "loss": 0.08923, "loss_std": 0.00019, "lr": 0.00016, "lr_std": 0.0, "params": 337201.0, "params_std": 0.0, "time_iter": 0.08634, "time_iter_std": 0.00676, "accuracy": 0.8635, "accuracy_std": 0.00037, "precision": 0.57503, "precision_std": 0.00084, "recall": 0.8688, "recall_std": 0.00084, "f1": 0.69203, "f1_std": 0.00053, "auc": 0.94188, "auc_std": 0.00024, "accuracy-SBM": 0.86558, "accuracy-SBM_std": 0.00032}
{"epoch": 65, "time_epoch": 26.64348, "time_epoch_std": 1.17128, "eta": 903.0341, "eta_std": 23.98023, "eta_hours": 0.25084, "eta_hours_std": 0.00666, "loss": 0.08922, "loss_std": 0.00019, "lr": 0.00015, "lr_std": 0.0, "params": 337201.0, "params_std": 0.0, "time_iter": 0.08512, "time_iter_std": 0.00374, "accuracy": 0.86364, "accuracy_std": 0.00042, "precision": 0.57532, "precision_std": 0.00092, "recall": 0.86883, "recall_std": 0.00057, "f1": 0.69224, "f1_std": 0.00066, "auc": 0.9419, "auc_std": 0.00025, "accuracy-SBM": 0.86568, "accuracy-SBM_std": 0.00032}
{"epoch": 66, "time_epoch": 26.50075, "time_epoch_std": 0.49127, "eta": 876.44517, "eta_std": 23.15895, "eta_hours": 0.24346, "eta_hours_std": 0.00643, "loss": 0.08916, "loss_std": 0.00018, "lr": 0.00014, "lr_std": 0.0, "params": 337201.0, "params_std": 0.0, "time_iter": 0.08467, "time_iter_std": 0.00157, "accuracy": 0.86364, "accuracy_std": 0.00032, "precision": 0.57532, "precision_std": 0.00073, "recall": 0.86889, "recall_std": 0.00088, "f1": 0.69227, "f1_std": 0.00046, "auc": 0.94196, "auc_std": 0.00022, "accuracy-SBM": 0.8657, "accuracy-SBM_std": 0.00032}
{"epoch": 67, "time_epoch": 26.93628, "time_epoch_std": 1.75628, "eta": 850.06379, "eta_std": 22.88883, "eta_hours": 0.23613, "eta_hours_std": 0.00636, "loss": 0.08909, "loss_std": 0.00021, "lr": 0.00013, "lr_std": 0.0, "params": 337201.0, "params_std": 0.0, "time_iter": 0.08606, "time_iter_std": 0.00561, "accuracy": 0.86372, "accuracy_std": 0.00033, "precision": 0.57548, "precision_std": 0.00071, "recall": 0.86906, "recall_std": 0.00048, "f1": 0.69244, "f1_std": 0.00052, "auc": 0.94206, "auc_std": 0.00028, "accuracy-SBM": 0.86582, "accuracy-SBM_std": 0.00027}
{"epoch": 68, "time_epoch": 27.07373, "time_epoch_std": 2.13633, "eta": 823.72808, "eta_std": 22.73107, "eta_hours": 0.22881, "eta_hours_std": 0.00631, "loss": 0.08905, "loss_std": 0.00021, "lr": 0.00013, "lr_std": 0.0, "params": 337201.0, "params_std": 0.0, "time_iter": 0.0865, "time_iter_std": 0.00682, "accuracy": 0.86369, "accuracy_std": 0.0004, "precision": 0.57541, "precision_std": 0.00089, "recall": 0.86902, "recall_std": 0.00078, "f1": 0.69237, "f1_std": 0.00061, "auc": 0.94212, "auc_std": 0.00027, "accuracy-SBM": 0.86578, "accuracy-SBM_std": 0.00034}
{"epoch": 69, "time_epoch": 27.11631, "time_epoch_std": 2.59342, "eta": 797.38954, "eta_std": 22.71832, "eta_hours": 0.2215, "eta_hours_std": 0.00631, "loss": 0.08898, "loss_std": 0.00021, "lr": 0.00012, "lr_std": 0.0, "params": 337201.0, "params_std": 0.0, "time_iter": 0.08663, "time_iter_std": 0.00829, "accuracy": 0.8638, "accuracy_std": 0.00027, "precision": 0.57564, "precision_std": 0.00058, "recall": 0.86922, "recall_std": 0.00077, "f1": 0.6926, "f1_std": 0.00049, "auc": 0.9422, "auc_std": 0.00027, "accuracy-SBM": 0.86593, "accuracy-SBM_std": 0.00036}
{"epoch": 70, "time_epoch": 26.52169, "time_epoch_std": 0.97866, "eta": 770.78622, "eta_std": 22.0426, "eta_hours": 0.21411, "eta_hours_std": 0.00612, "loss": 0.08895, "loss_std": 0.00022, "lr": 0.00011, "lr_std": 0.0, "params": 337201.0, "params_std": 0.0, "time_iter": 0.08473, "time_iter_std": 0.00313, "accuracy": 0.8637, "accuracy_std": 0.0003, "precision": 0.57538, "precision_std": 0.00063, "recall": 0.86957, "recall_std": 0.00051, "f1": 0.69253, "f1_std": 0.00051, "auc": 0.94224, "auc_std": 0.00028, "accuracy-SBM": 0.86601, "accuracy-SBM_std": 0.0003}
{"epoch": 71, "time_epoch": 26.59721, "time_epoch_std": 1.00436, "eta": 744.21453, "eta_std": 21.3665, "eta_hours": 0.20672, "eta_hours_std": 0.00593, "loss": 0.08886, "loss_std": 0.0002, "lr": 0.00011, "lr_std": 0.0, "params": 337201.0, "params_std": 0.0, "time_iter": 0.08498, "time_iter_std": 0.00321, "accuracy": 0.86387, "accuracy_std": 0.00032, "precision": 0.57572, "precision_std": 0.00071, "recall": 0.86979, "recall_std": 0.00059, "f1": 0.69284, "f1_std": 0.00046, "auc": 0.94237, "auc_std": 0.00025, "accuracy-SBM": 0.8662, "accuracy-SBM_std": 0.00024}
{"epoch": 72, "time_epoch": 26.55066, "time_epoch_std": 1.17238, "eta": 717.62492, "eta_std": 20.74325, "eta_hours": 0.19934, "eta_hours_std": 0.00576, "loss": 0.08884, "loss_std": 0.0002, "lr": 0.0001, "lr_std": 0.0, "params": 337201.0, "params_std": 0.0, "time_iter": 0.08483, "time_iter_std": 0.00374, "accuracy": 0.8639, "accuracy_std": 0.00043, "precision": 0.57578, "precision_std": 0.00094, "recall": 0.86982, "recall_std": 0.00087, "f1": 0.69289, "f1_std": 0.00067, "auc": 0.94239, "auc_std": 0.00026, "accuracy-SBM": 0.86622, "accuracy-SBM_std": 0.00039}
{"epoch": 73, "time_epoch": 26.92951, "time_epoch_std": 1.74974, "eta": 691.16948, "eta_std": 20.29291, "eta_hours": 0.19199, "eta_hours_std": 0.00564, "loss": 0.08878, "loss_std": 0.00023, "lr": 9e-05, "lr_std": 0.0, "params": 337201.0, "params_std": 0.0, "time_iter": 0.08604, "time_iter_std": 0.00559, "accuracy": 0.86409, "accuracy_std": 0.00045, "precision": 0.57622, "precision_std": 0.00097, "recall": 0.86972, "recall_std": 0.0007, "f1": 0.69318, "f1_std": 0.00073, "auc": 0.94246, "auc_std": 0.00031, "accuracy-SBM": 0.86631, "accuracy-SBM_std": 0.00039}
{"epoch": 74, "time_epoch": 26.60858, "time_epoch_std": 1.02983, "eta": 664.59442, "eta_std": 19.59211, "eta_hours": 0.18461, "eta_hours_std": 0.00544, "loss": 0.08871, "loss_std": 0.00024, "lr": 9e-05, "lr_std": 0.0, "params": 337201.0, "params_std": 0.0, "time_iter": 0.08501, "time_iter_std": 0.00329, "accuracy": 0.86398, "accuracy_std": 0.00038, "precision": 0.57594, "precision_std": 0.00082, "recall": 0.86996, "recall_std": 0.00053, "f1": 0.69305, "f1_std": 0.00063, "auc": 0.94255, "auc_std": 0.0003, "accuracy-SBM": 0.86632, "accuracy-SBM_std": 0.00034}
{"epoch": 75, "time_epoch": 26.66321, "time_epoch_std": 1.25519, "eta": 638.03572, "eta_std": 18.94528, "eta_hours": 0.17723, "eta_hours_std": 0.00526, "loss": 0.08868, "loss_std": 0.00022, "lr": 8e-05, "lr_std": 0.0, "params": 337201.0, "params_std": 0.0, "time_iter": 0.08519, "time_iter_std": 0.00401, "accuracy": 0.86404, "accuracy_std": 0.00028, "precision": 0.57605, "precision_std": 0.00063, "recall": 0.87008, "recall_std": 0.00065, "f1": 0.69317, "f1_std": 0.00039, "auc": 0.94259, "auc_std": 0.00029, "accuracy-SBM": 0.86641, "accuracy-SBM_std": 0.00024}
{"epoch": 76, "time_epoch": 26.72328, "time_epoch_std": 1.41975, "eta": 611.49226, "eta_std": 18.33716, "eta_hours": 0.16986, "eta_hours_std": 0.00509, "loss": 0.08862, "loss_std": 0.00021, "lr": 7e-05, "lr_std": 0.0, "params": 337201.0, "params_std": 0.0, "time_iter": 0.08538, "time_iter_std": 0.00454, "accuracy": 0.86412, "accuracy_std": 0.00037, "precision": 0.57623, "precision_std": 0.00086, "recall": 0.87012, "recall_std": 0.00091, "f1": 0.69332, "f1_std": 0.0005, "auc": 0.94267, "auc_std": 0.00027, "accuracy-SBM": 0.86648, "accuracy-SBM_std": 0.0003}
{"epoch": 77, "time_epoch": 26.58737, "time_epoch_std": 1.42505, "eta": 584.90585, "eta_std": 17.70699, "eta_hours": 0.16247, "eta_hours_std": 0.00492, "loss": 0.0886, "loss_std": 0.00023, "lr": 7e-05, "lr_std": 0.0, "params": 337201.0, "params_std": 0.0, "time_iter": 0.08494, "time_iter_std": 0.00455, "accuracy": 0.86422, "accuracy_std": 0.00024, "precision": 0.57646, "precision_std": 0.00055, "recall": 0.86998, "recall_std": 0.00078, "f1": 0.69344, "f1_std": 0.00039, "auc": 0.9427, "auc_std": 0.00029, "accuracy-SBM": 0.86648, "accuracy-SBM_std": 0.00031}
{"epoch": 78, "time_epoch": 26.56044, "time_epoch_std": 0.89564, "eta": 558.31226, "eta_std": 16.92357, "eta_hours": 0.15509, "eta_hours_std": 0.0047, "loss": 0.08854, "loss_std": 0.00024, "lr": 6e-05, "lr_std": 0.0, "params": 337201.0, "params_std": 0.0, "time_iter": 0.08486, "time_iter_std": 0.00286, "accuracy": 0.86415, "accuracy_std": 0.00038, "precision": 0.57624, "precision_std": 0.00081, "recall": 0.87062, "recall_std": 0.00083, "f1": 0.69348, "f1_std": 0.00065, "auc": 0.94277, "auc_std": 0.00031, "accuracy-SBM": 0.86669, "accuracy-SBM_std": 0.00042}
{"epoch": 79, "time_epoch": 26.72659, "time_epoch_std": 1.28224, "eta": 531.76103, "eta_std": 16.23129, "eta_hours": 0.14771, "eta_hours_std": 0.00451, "loss": 0.08852, "loss_std": 0.00024, "lr": 6e-05, "lr_std": 0.0, "params": 337201.0, "params_std": 0.0, "time_iter": 0.08539, "time_iter_std": 0.00409, "accuracy": 0.86427, "accuracy_std": 0.00027, "precision": 0.57652, "precision_std": 0.0006, "recall": 0.8705, "recall_std": 0.00076, "f1": 0.69365, "f1_std": 0.00047, "auc": 0.9428, "auc_std": 0.0003, "accuracy-SBM": 0.86672, "accuracy-SBM_std": 0.00034}
{"epoch": 80, "time_epoch": 26.93342, "time_epoch_std": 1.83633, "eta": 505.254, "eta_std": 15.6471, "eta_hours": 0.14035, "eta_hours_std": 0.00435, "loss": 0.08846, "loss_std": 0.00024, "lr": 5e-05, "lr_std": 0.0, "params": 337201.0, "params_std": 0.0, "time_iter": 0.08605, "time_iter_std": 0.00587, "accuracy": 0.86435, "accuracy_std": 0.00027, "precision": 0.57669, "precision_std": 0.00059, "recall": 0.87046, "recall_std": 0.00083, "f1": 0.69376, "f1_std": 0.00049, "auc": 0.94287, "auc_std": 0.00032, "accuracy-SBM": 0.86675, "accuracy-SBM_std": 0.00038}
{"epoch": 81, "time_epoch": 26.59709, "time_epoch_std": 1.12021, "eta": 478.66273, "eta_std": 14.88353, "eta_hours": 0.13296, "eta_hours_std": 0.00413, "loss": 0.08843, "loss_std": 0.00024, "lr": 5e-05, "lr_std": 0.0, "params": 337201.0, "params_std": 0.0, "time_iter": 0.08498, "time_iter_std": 0.00358, "accuracy": 0.86422, "accuracy_std": 0.00026, "precision": 0.57639, "precision_std": 0.00056, "recall": 0.87059, "recall_std": 0.00074, "f1": 0.69358, "f1_std": 0.00045, "auc": 0.94292, "auc_std": 0.0003, "accuracy-SBM": 0.86672, "accuracy-SBM_std": 0.00034}
{"epoch": 82, "time_epoch": 26.67342, "time_epoch_std": 1.43538, "eta": 452.08695, "eta_std": 14.17455, "eta_hours": 0.12558, "eta_hours_std": 0.00394, "loss": 0.0884, "loss_std": 0.00025, "lr": 4e-05, "lr_std": 0.0, "params": 337201.0, "params_std": 0.0, "time_iter": 0.08522, "time_iter_std": 0.00459, "accuracy": 0.86431, "accuracy_std": 0.0004, "precision": 0.5766, "precision_std": 0.0009, "recall": 0.87066, "recall_std": 0.001, "f1": 0.69375, "f1_std": 0.00057, "auc": 0.94294, "auc_std": 0.00032, "accuracy-SBM": 0.86681, "accuracy-SBM_std": 0.00037}
{"epoch": 83, "time_epoch": 26.76638, "time_epoch_std": 1.61696, "eta": 425.52656, "eta_std": 13.48274, "eta_hours": 0.1182, "eta_hours_std": 0.00374, "loss": 0.08836, "loss_std": 0.00025, "lr": 4e-05, "lr_std": 0.0, "params": 337201.0, "params_std": 0.0, "time_iter": 0.08552, "time_iter_std": 0.00517, "accuracy": 0.86431, "accuracy_std": 0.0003, "precision": 0.57658, "precision_std": 0.0007, "recall": 0.87077, "recall_std": 0.00092, "f1": 0.69378, "f1_std": 0.00043, "auc": 0.943, "auc_std": 0.00032, "accuracy-SBM": 0.86685, "accuracy-SBM_std": 0.00033}
{"epoch": 84, "time_epoch": 26.65971, "time_epoch_std": 1.1706, "eta": 398.9425, "eta_std": 12.69616, "eta_hours": 0.11082, "eta_hours_std": 0.00353, "loss": 0.08832, "loss_std": 0.00025, "lr": 3e-05, "lr_std": 0.0, "params": 337201.0, "params_std": 0.0, "time_iter": 0.08518, "time_iter_std": 0.00374, "accuracy": 0.86435, "accuracy_std": 0.00034, "precision": 0.57664, "precision_std": 0.00078, "recall": 0.87088, "recall_std": 0.00098, "f1": 0.69386, "f1_std": 0.00048, "auc": 0.94305, "auc_std": 0.00031, "accuracy-SBM": 0.86691, "accuracy-SBM_std": 0.00035}
{"epoch": 85, "time_epoch": 26.64831, "time_epoch_std": 1.3427, "eta": 372.35482, "eta_std": 11.92722, "eta_hours": 0.10343, "eta_hours_std": 0.00331, "loss": 0.08831, "loss_std": 0.00024, "lr": 3e-05, "lr_std": 0.0, "params": 337201.0, "params_std": 0.0, "time_iter": 0.08514, "time_iter_std": 0.00429, "accuracy": 0.86442, "accuracy_std": 0.00032, "precision": 0.57682, "precision_std": 0.00068, "recall": 0.87083, "recall_std": 0.00084, "f1": 0.69396, "f1_std": 0.00058, "auc": 0.94306, "auc_std": 0.0003, "accuracy-SBM": 0.86694, "accuracy-SBM_std": 0.00042}
{"epoch": 86, "time_epoch": 26.53315, "time_epoch_std": 0.96, "eta": 345.74854, "eta_std": 11.08927, "eta_hours": 0.09604, "eta_hours_std": 0.00308, "loss": 0.08828, "loss_std": 0.00026, "lr": 3e-05, "lr_std": 0.0, "params": 337201.0, "params_std": 0.0, "time_iter": 0.08477, "time_iter_std": 0.00307, "accuracy": 0.86445, "accuracy_std": 0.00026, "precision": 0.57686, "precision_std": 0.00061, "recall": 0.87097, "recall_std": 0.00095, "f1": 0.69404, "f1_std": 0.00039, "auc": 0.94311, "auc_std": 0.00033, "accuracy-SBM": 0.86701, "accuracy-SBM_std": 0.00035}
{"epoch": 87, "time_epoch": 26.54097, "time_epoch_std": 1.09149, "eta": 319.14499, "eta_std": 10.2661, "eta_hours": 0.08865, "eta_hours_std": 0.00285, "loss": 0.08826, "loss_std": 0.00022, "lr": 2e-05, "lr_std": 0.0, "params": 337201.0, "params_std": 0.0, "time_iter": 0.0848, "time_iter_std": 0.00349, "accuracy": 0.86448, "accuracy_std": 0.00023, "precision": 0.57693, "precision_std": 0.00052, "recall": 0.87093, "recall_std": 0.00073, "f1": 0.69408, "f1_std": 0.0004, "auc": 0.94314, "auc_std": 0.00027, "accuracy-SBM": 0.86701, "accuracy-SBM_std": 0.00031}
{"epoch": 88, "time_epoch": 26.57463, "time_epoch_std": 1.20214, "eta": 292.547, "eta_std": 9.44954, "eta_hours": 0.08126, "eta_hours_std": 0.00262, "loss": 0.08823, "loss_std": 0.00023, "lr": 2e-05, "lr_std": 0.0, "params": 337201.0, "params_std": 0.0, "time_iter": 0.0849, "time_iter_std": 0.00384, "accuracy": 0.8644, "accuracy_std": 0.0002, "precision": 0.57673, "precision_std": 0.00051, "recall": 0.8711, "recall_std": 0.00096, "f1": 0.69399, "f1_std": 0.00024, "auc": 0.94317, "auc_std": 0.00028, "accuracy-SBM": 0.86703, "accuracy-SBM_std": 0.00031}
{"epoch": 89, "time_epoch": 26.59436, "time_epoch_std": 1.08993, "eta": 265.95173, "eta_std": 8.61507, "eta_hours": 0.07388, "eta_hours_std": 0.00239, "loss": 0.08819, "loss_std": 0.00025, "lr": 2e-05, "lr_std": 0.0, "params": 337201.0, "params_std": 0.0, "time_iter": 0.08497, "time_iter_std": 0.00348, "accuracy": 0.86457, "accuracy_std": 0.00023, "precision": 0.57711, "precision_std": 0.00053, "recall": 0.87106, "recall_std": 0.00076, "f1": 0.69425, "f1_std": 0.00034, "auc": 0.94323, "auc_std": 0.00029, "accuracy-SBM": 0.86712, "accuracy-SBM_std": 0.00028}
{"epoch": 90, "time_epoch": 26.70835, "time_epoch_std": 1.21717, "eta": 239.36775, "eta_std": 7.78683, "eta_hours": 0.06649, "eta_hours_std": 0.00216, "loss": 0.08816, "loss_std": 0.00024, "lr": 1e-05, "lr_std": 0.0, "params": 337201.0, "params_std": 0.0, "time_iter": 0.08533, "time_iter_std": 0.00389, "accuracy": 0.86464, "accuracy_std": 0.00023, "precision": 0.57726, "precision_std": 0.00053, "recall": 0.8711, "recall_std": 0.00079, "f1": 0.69437, "f1_std": 0.0003, "auc": 0.94327, "auc_std": 0.0003, "accuracy-SBM": 0.86718, "accuracy-SBM_std": 0.00027}
{"epoch": 91, "time_epoch": 26.56569, "time_epoch_std": 0.86214, "eta": 212.76866, "eta_std": 6.9208, "eta_hours": 0.0591, "eta_hours_std": 0.00192, "loss": 0.08815, "loss_std": 0.00024, "lr": 1e-05, "lr_std": 0.0, "params": 337201.0, "params_std": 0.0, "time_iter": 0.08487, "time_iter_std": 0.00275, "accuracy": 0.86445, "accuracy_std": 0.0003, "precision": 0.57681, "precision_std": 0.00068, "recall": 0.87137, "recall_std": 0.00091, "f1": 0.69413, "f1_std": 0.00049, "auc": 0.94328, "auc_std": 0.0003, "accuracy-SBM": 0.86716, "accuracy-SBM_std": 0.00037}
{"epoch": 92, "time_epoch": 26.52738, "time_epoch_std": 1.15517, "eta": 186.16741, "eta_std": 6.07577, "eta_hours": 0.05171, "eta_hours_std": 0.00169, "loss": 0.08813, "loss_std": 0.00024, "lr": 1e-05, "lr_std": 0.0, "params": 337201.0, "params_std": 0.0, "time_iter": 0.08475, "time_iter_std": 0.00369, "accuracy": 0.86455, "accuracy_std": 0.00026, "precision": 0.57705, "precision_std": 0.00058, "recall": 0.87126, "recall_std": 0.00078, "f1": 0.69427, "f1_std": 0.00045, "auc": 0.9433, "auc_std": 0.00031, "accuracy-SBM": 0.86719, "accuracy-SBM_std": 0.00034}
{"epoch": 93, "time_epoch": 26.73091, "time_epoch_std": 1.36697, "eta": 159.58072, "eta_std": 5.23663, "eta_hours": 0.04433, "eta_hours_std": 0.00145, "loss": 0.08813, "loss_std": 0.00025, "lr": 1e-05, "lr_std": 0.0, "params": 337201.0, "params_std": 0.0, "time_iter": 0.0854, "time_iter_std": 0.00437, "accuracy": 0.86461, "accuracy_std": 0.00023, "precision": 0.57717, "precision_std": 0.00055, "recall": 0.8714, "recall_std": 0.00098, "f1": 0.6944, "f1_std": 0.00031, "auc": 0.94331, "auc_std": 0.00032, "accuracy-SBM": 0.86728, "accuracy-SBM_std": 0.00034}
{"epoch": 94, "time_epoch": 26.64877, "time_epoch_std": 1.25137, "eta": 132.98667, "eta_std": 4.38296, "eta_hours": 0.03694, "eta_hours_std": 0.00122, "loss": 0.08812, "loss_std": 0.00027, "lr": 0.0, "lr_std": 0.0, "params": 337201.0, "params_std": 0.0, "time_iter": 0.08514, "time_iter_std": 0.004, "accuracy": 0.86461, "accuracy_std": 0.00024, "precision": 0.57719, "precision_std": 0.00055, "recall": 0.87115, "recall_std": 0.00092, "f1": 0.69434, "f1_std": 0.00042, "auc": 0.9433, "auc_std": 0.00035, "accuracy-SBM": 0.86718, "accuracy-SBM_std": 0.00038}
{"epoch": 95, "time_epoch": 26.59549, "time_epoch_std": 1.4899, "eta": 106.38926, "eta_std": 3.53094, "eta_hours": 0.02955, "eta_hours_std": 0.00098, "loss": 0.08812, "loss_std": 0.00024, "lr": 0.0, "lr_std": 0.0, "params": 337201.0, "params_std": 0.0, "time_iter": 0.08497, "time_iter_std": 0.00476, "accuracy": 0.86463, "accuracy_std": 0.00013, "precision": 0.57721, "precision_std": 0.00029, "recall": 0.87132, "recall_std": 0.00076, "f1": 0.6944, "f1_std": 0.00025, "auc": 0.94331, "auc_std": 0.00031, "accuracy-SBM": 0.86726, "accuracy-SBM_std": 0.0003}
{"epoch": 96, "time_epoch": 26.65818, "time_epoch_std": 1.60976, "eta": 79.79383, "eta_std": 2.66957, "eta_hours": 0.02217, "eta_hours_std": 0.00074, "loss": 0.08809, "loss_std": 0.00025, "lr": 0.0, "lr_std": 0.0, "params": 337201.0, "params_std": 0.0, "time_iter": 0.08517, "time_iter_std": 0.00514, "accuracy": 0.86453, "accuracy_std": 0.00021, "precision": 0.57699, "precision_std": 0.00049, "recall": 0.87136, "recall_std": 0.00077, "f1": 0.69426, "f1_std": 0.00034, "auc": 0.94335, "auc_std": 0.00032, "accuracy-SBM": 0.86721, "accuracy-SBM_std": 0.0003}
{"epoch": 97, "time_epoch": 26.73918, "time_epoch_std": 1.08634, "eta": 53.19877, "eta_std": 1.78316, "eta_hours": 0.01478, "eta_hours_std": 0.0005, "loss": 0.08811, "loss_std": 0.00024, "lr": 0.0, "lr_std": 0.0, "params": 337201.0, "params_std": 0.0, "time_iter": 0.08543, "time_iter_std": 0.00347, "accuracy": 0.86454, "accuracy_std": 0.00016, "precision": 0.57702, "precision_std": 0.00034, "recall": 0.87126, "recall_std": 0.00077, "f1": 0.69425, "f1_std": 0.00035, "auc": 0.94332, "auc_std": 0.00029, "accuracy-SBM": 0.86718, "accuracy-SBM_std": 0.00034}
{"epoch": 98, "time_epoch": 26.7331, "time_epoch_std": 1.22794, "eta": 26.60073, "eta_std": 0.89437, "eta_hours": 0.00739, "eta_hours_std": 0.00025, "loss": 0.08809, "loss_std": 0.00026, "lr": 0.0, "lr_std": 0.0, "params": 337201.0, "params_std": 0.0, "time_iter": 0.08541, "time_iter_std": 0.00392, "accuracy": 0.86459, "accuracy_std": 0.00024, "precision": 0.57711, "precision_std": 0.00051, "recall": 0.87147, "recall_std": 0.00077, "f1": 0.69438, "f1_std": 0.00046, "auc": 0.94336, "auc_std": 0.00034, "accuracy-SBM": 0.8673, "accuracy-SBM_std": 0.00036}
{"epoch": 99, "time_epoch": 26.49523, "time_epoch_std": 1.1219, "eta": 0.0, "eta_std": 0.0, "eta_hours": 0.0, "eta_hours_std": 0.0, "loss": 0.08808, "loss_std": 0.00025, "lr": 0.0, "lr_std": 0.0, "params": 337201.0, "params_std": 0.0, "time_iter": 0.08465, "time_iter_std": 0.00358, "accuracy": 0.86464, "accuracy_std": 0.00018, "precision": 0.57722, "precision_std": 0.00039, "recall": 0.87137, "recall_std": 0.00073, "f1": 0.69443, "f1_std": 0.00038, "auc": 0.94337, "auc_std": 0.0003, "accuracy-SBM": 0.86728, "accuracy-SBM_std": 0.00034}
