{"epoch": 0, "time_epoch": 76.78391, "time_epoch_std": 1.78904, "eta": 7601.60754, "eta_std": 177.11473, "eta_hours": 2.11156, "eta_hours_std": 0.0492, "loss": 2.30832, "loss_std": 0.002, "lr": 0.0, "lr_std": 0.0, "params": 115394.0, "params_std": 0.0, "time_iter": 0.02233, "time_iter_std": 0.00052, "accuracy": 0.0982, "accuracy_std": 0.00897, "f1": 0.03167, "f1_std": 0.00868, "auc": 0.50377, "auc_std": 0.02819}
{"epoch": 1, "time_epoch": 70.75485, "time_epoch_std": 1.42558, "eta": 7229.39945, "eta_std": 155.03054, "eta_hours": 2.00816, "eta_hours_std": 0.04306, "loss": 1.63853, "loss_std": 0.03867, "lr": 0.0002, "lr_std": 0.0, "params": 115394.0, "params_std": 0.0, "time_iter": 0.02058, "time_iter_std": 0.00041, "accuracy": 0.64937, "accuracy_std": 0.03144, "f1": 0.63355, "f1_std": 0.03532, "auc": 0.91663, "auc_std": 0.00958}
{"epoch": 2, "time_epoch": 71.14074, "time_epoch_std": 2.06288, "eta": 7070.63735, "eta_std": 160.45382, "eta_hours": 1.96407, "eta_hours_std": 0.04457, "loss": 0.69763, "loss_std": 0.0282, "lr": 0.0004, "lr_std": 0.0, "params": 115394.0, "params_std": 0.0, "time_iter": 0.02069, "time_iter_std": 0.0006, "accuracy": 0.8788, "accuracy_std": 0.00569, "f1": 0.8772, "f1_std": 0.00597, "auc": 0.98001, "auc_std": 0.00072}
{"epoch": 3, "time_epoch": 71.36056, "time_epoch_std": 2.66157, "eta": 6960.96166, "eta_std": 174.04434, "eta_hours": 1.9336, "eta_hours_std": 0.04835, "loss": 0.3441, "loss_std": 0.00732, "lr": 0.0006, "lr_std": 0.0, "params": 115394.0, "params_std": 0.0, "time_iter": 0.02076, "time_iter_std": 0.00077, "accuracy": 0.91069, "accuracy_std": 0.00235, "f1": 0.90976, "f1_std": 0.00238, "auc": 0.99038, "auc_std": 0.00032}
{"epoch": 4, "time_epoch": 71.10383, "time_epoch_std": 2.23667, "eta": 6861.73411, "eta_std": 175.84784, "eta_hours": 1.90604, "eta_hours_std": 0.04885, "loss": 0.26323, "loss_std": 0.00674, "lr": 0.0008, "lr_std": 0.0, "params": 115394.0, "params_std": 0.0, "time_iter": 0.02068, "time_iter_std": 0.00065, "accuracy": 0.9246, "accuracy_std": 0.00207, "f1": 0.92391, "f1_std": 0.00208, "auc": 0.9944, "auc_std": 0.00024}
{"epoch": 5, "time_epoch": 71.01631, "time_epoch_std": 1.85023, "eta": 6770.51002, "eta_std": 172.40121, "eta_hours": 1.8807, "eta_hours_std": 0.04789, "loss": 0.22693, "loss_std": 0.00547, "lr": 0.001, "lr_std": 0.0, "params": 115394.0, "params_std": 0.0, "time_iter": 0.02065, "time_iter_std": 0.00054, "accuracy": 0.9335, "accuracy_std": 0.00141, "f1": 0.93291, "f1_std": 0.00143, "auc": 0.99589, "auc_std": 0.00018}
{"epoch": 6, "time_epoch": 70.42409, "time_epoch_std": 1.28216, "eta": 6677.19154, "eta_std": 157.58251, "eta_hours": 1.85478, "eta_hours_std": 0.04377, "loss": 0.19074, "loss_std": 0.0029, "lr": 0.001, "lr_std": 0.0, "params": 115394.0, "params_std": 0.0, "time_iter": 0.02048, "time_iter_std": 0.00037, "accuracy": 0.94377, "accuracy_std": 0.00094, "f1": 0.94333, "f1_std": 0.00096, "auc": 0.99705, "auc_std": 0.0001}
{"epoch": 7, "time_epoch": 70.29501, "time_epoch_std": 1.09213, "eta": 6588.11217, "eta_std": 145.07204, "eta_hours": 1.83003, "eta_hours_std": 0.0403, "loss": 0.16859, "loss_std": 0.00211, "lr": 0.001, "lr_std": 0.0, "params": 115394.0, "params_std": 0.0, "time_iter": 0.02045, "time_iter_std": 0.00032, "accuracy": 0.95024, "accuracy_std": 0.00069, "f1": 0.94984, "f1_std": 0.00069, "auc": 0.99768, "auc_std": 6e-05}
{"epoch": 8, "time_epoch": 71.01974, "time_epoch_std": 1.82915, "eta": 6510.53496, "eta_std": 145.21477, "eta_hours": 1.80848, "eta_hours_std": 0.04034, "loss": 0.15136, "loss_std": 0.00174, "lr": 0.001, "lr_std": 0.0, "params": 115394.0, "params_std": 0.0, "time_iter": 0.02066, "time_iter_std": 0.00053, "accuracy": 0.95474, "accuracy_std": 0.0007, "f1": 0.95438, "f1_std": 0.00071, "auc": 0.99812, "auc_std": 8e-05}
{"epoch": 9, "time_epoch": 71.22829, "time_epoch_std": 2.04423, "eta": 6436.14615, "eta_std": 145.83847, "eta_hours": 1.78782, "eta_hours_std": 0.04051, "loss": 0.13879, "loss_std": 0.00205, "lr": 0.001, "lr_std": 0.0, "params": 115394.0, "params_std": 0.0, "time_iter": 0.02072, "time_iter_std": 0.00059, "accuracy": 0.95848, "accuracy_std": 0.00055, "f1": 0.95816, "f1_std": 0.00055, "auc": 0.99842, "auc_std": 6e-05}
{"epoch": 10, "time_epoch": 71.31512, "time_epoch_std": 2.30185, "eta": 6363.03455, "eta_std": 147.99914, "eta_hours": 1.76751, "eta_hours_std": 0.04111, "loss": 0.12856, "loss_std": 0.00178, "lr": 0.00099, "lr_std": 0.0, "params": 115394.0, "params_std": 0.0, "time_iter": 0.02074, "time_iter_std": 0.00067, "accuracy": 0.96137, "accuracy_std": 0.00046, "f1": 0.96107, "f1_std": 0.00047, "auc": 0.99862, "auc_std": 5e-05}
{"epoch": 11, "time_epoch": 71.40266, "time_epoch_std": 2.26905, "eta": 6290.86429, "eta_std": 149.7056, "eta_hours": 1.74746, "eta_hours_std": 0.04158, "loss": 0.12097, "loss_std": 0.00197, "lr": 0.00099, "lr_std": 0.0, "params": 115394.0, "params_std": 0.0, "time_iter": 0.02077, "time_iter_std": 0.00066, "accuracy": 0.96372, "accuracy_std": 0.0008, "f1": 0.96345, "f1_std": 0.00081, "auc": 0.99878, "auc_std": 6e-05}
{"epoch": 12, "time_epoch": 71.42791, "time_epoch_std": 2.52823, "eta": 6218.98112, "eta_std": 152.89827, "eta_hours": 1.7275, "eta_hours_std": 0.04247, "loss": 0.11249, "loss_std": 0.00189, "lr": 0.00099, "lr_std": 0.0, "params": 115394.0, "params_std": 0.0, "time_iter": 0.02078, "time_iter_std": 0.00074, "accuracy": 0.96598, "accuracy_std": 0.00069, "f1": 0.96572, "f1_std": 0.00069, "auc": 0.99895, "auc_std": 4e-05}
{"epoch": 13, "time_epoch": 70.8123, "time_epoch_std": 1.79274, "eta": 6143.38135, "eta_std": 149.21898, "eta_hours": 1.70649, "eta_hours_std": 0.04145, "loss": 0.10711, "loss_std": 0.00169, "lr": 0.00098, "lr_std": 0.0, "params": 115394.0, "params_std": 0.0, "time_iter": 0.0206, "time_iter_std": 0.00052, "accuracy": 0.96767, "accuracy_std": 0.00043, "f1": 0.96742, "f1_std": 0.00043, "auc": 0.99904, "auc_std": 3e-05}
{"epoch": 14, "time_epoch": 70.57309, "time_epoch_std": 1.82734, "eta": 6067.06439, "eta_std": 145.28142, "eta_hours": 1.68529, "eta_hours_std": 0.04036, "loss": 0.10104, "loss_std": 0.00265, "lr": 0.00098, "lr_std": 0.0, "params": 115394.0, "params_std": 0.0, "time_iter": 0.02053, "time_iter_std": 0.00053, "accuracy": 0.96902, "accuracy_std": 0.00052, "f1": 0.9688, "f1_std": 0.00054, "auc": 0.99916, "auc_std": 7e-05}
{"epoch": 15, "time_epoch": 70.77136, "time_epoch_std": 1.94689, "eta": 5992.50632, "eta_std": 142.05253, "eta_hours": 1.66458, "eta_hours_std": 0.03946, "loss": 0.0965, "loss_std": 0.00184, "lr": 0.00097, "lr_std": 0.0, "params": 115394.0, "params_std": 0.0, "time_iter": 0.02058, "time_iter_std": 0.00057, "accuracy": 0.9709, "accuracy_std": 0.00062, "f1": 0.97069, "f1_std": 0.00063, "auc": 0.99922, "auc_std": 3e-05}
{"epoch": 16, "time_epoch": 71.03277, "time_epoch_std": 1.96776, "eta": 5919.67008, "eta_std": 140.80841, "eta_hours": 1.64435, "eta_hours_std": 0.03911, "loss": 0.09195, "loss_std": 0.00225, "lr": 0.00097, "lr_std": 0.0, "params": 115394.0, "params_std": 0.0, "time_iter": 0.02066, "time_iter_std": 0.00057, "accuracy": 0.97201, "accuracy_std": 0.00066, "f1": 0.9718, "f1_std": 0.00067, "auc": 0.99928, "auc_std": 5e-05}
{"epoch": 17, "time_epoch": 70.35277, "time_epoch_std": 1.13425, "eta": 5843.93645, "eta_std": 135.70898, "eta_hours": 1.62332, "eta_hours_std": 0.0377, "loss": 0.08775, "loss_std": 0.00146, "lr": 0.00096, "lr_std": 0.0, "params": 115394.0, "params_std": 0.0, "time_iter": 0.02046, "time_iter_std": 0.00033, "accuracy": 0.97343, "accuracy_std": 0.00059, "f1": 0.97323, "f1_std": 0.00059, "auc": 0.99935, "auc_std": 4e-05}
{"epoch": 18, "time_epoch": 70.7422, "time_epoch_std": 1.70692, "eta": 5770.42941, "eta_std": 133.46286, "eta_hours": 1.6029, "eta_hours_std": 0.03707, "loss": 0.0837, "loss_std": 0.00232, "lr": 0.00095, "lr_std": 0.0, "params": 115394.0, "params_std": 0.0, "time_iter": 0.02058, "time_iter_std": 0.0005, "accuracy": 0.97448, "accuracy_std": 0.00082, "f1": 0.97428, "f1_std": 0.00082, "auc": 0.99941, "auc_std": 4e-05}
{"epoch": 19, "time_epoch": 70.07226, "time_epoch_std": 0.99705, "eta": 5694.51911, "eta_std": 126.55955, "eta_hours": 1.58181, "eta_hours_std": 0.03516, "loss": 0.08067, "loss_std": 0.00174, "lr": 0.00095, "lr_std": 0.0, "params": 115394.0, "params_std": 0.0, "time_iter": 0.02038, "time_iter_std": 0.00029, "accuracy": 0.97566, "accuracy_std": 0.00063, "f1": 0.97547, "f1_std": 0.00064, "auc": 0.99944, "auc_std": 4e-05}
{"epoch": 20, "time_epoch": 69.94546, "time_epoch_std": 1.08397, "eta": 5618.68779, "eta_std": 120.48334, "eta_hours": 1.56075, "eta_hours_std": 0.03347, "loss": 0.0768, "loss_std": 0.0022, "lr": 0.00094, "lr_std": 0.0, "params": 115394.0, "params_std": 0.0, "time_iter": 0.02034, "time_iter_std": 0.00031, "accuracy": 0.97685, "accuracy_std": 0.00063, "f1": 0.97668, "f1_std": 0.00063, "auc": 0.99949, "auc_std": 4e-05}
{"epoch": 21, "time_epoch": 70.02192, "time_epoch_std": 1.02715, "eta": 5543.66263, "eta_std": 114.78629, "eta_hours": 1.53991, "eta_hours_std": 0.03188, "loss": 0.07436, "loss_std": 0.00142, "lr": 0.00093, "lr_std": 0.0, "params": 115394.0, "params_std": 0.0, "time_iter": 0.02037, "time_iter_std": 0.0003, "accuracy": 0.97727, "accuracy_std": 0.00063, "f1": 0.9771, "f1_std": 0.00063, "auc": 0.99953, "auc_std": 3e-05}
{"epoch": 22, "time_epoch": 70.03763, "time_epoch_std": 1.08598, "eta": 5469.12513, "eta_std": 109.79641, "eta_hours": 1.5192, "eta_hours_std": 0.0305, "loss": 0.07124, "loss_std": 0.00136, "lr": 0.00092, "lr_std": 0.0, "params": 115394.0, "params_std": 0.0, "time_iter": 0.02037, "time_iter_std": 0.00032, "accuracy": 0.97845, "accuracy_std": 0.00029, "f1": 0.9783, "f1_std": 0.0003, "auc": 0.99957, "auc_std": 3e-05}
{"epoch": 23, "time_epoch": 70.72401, "time_epoch_std": 2.03962, "eta": 5397.13617, "eta_std": 108.88133, "eta_hours": 1.4992, "eta_hours_std": 0.03025, "loss": 0.0685, "loss_std": 0.00192, "lr": 0.00091, "lr_std": 0.0, "params": 115394.0, "params_std": 0.0, "time_iter": 0.02057, "time_iter_std": 0.00059, "accuracy": 0.97906, "accuracy_std": 0.00068, "f1": 0.9789, "f1_std": 0.00069, "auc": 0.99961, "auc_std": 3e-05}
{"epoch": 24, "time_epoch": 70.68146, "time_epoch_std": 1.6496, "eta": 5325.12074, "eta_std": 107.83004, "eta_hours": 1.4792, "eta_hours_std": 0.02995, "loss": 0.06657, "loss_std": 0.00118, "lr": 0.0009, "lr_std": 0.0, "params": 115394.0, "params_std": 0.0, "time_iter": 0.02056, "time_iter_std": 0.00048, "accuracy": 0.97951, "accuracy_std": 0.00053, "f1": 0.97936, "f1_std": 0.00054, "auc": 0.99964, "auc_std": 3e-05}
{"epoch": 25, "time_epoch": 70.33537, "time_epoch_std": 1.55005, "eta": 5252.22291, "eta_std": 105.19566, "eta_hours": 1.45895, "eta_hours_std": 0.02922, "loss": 0.06248, "loss_std": 0.00181, "lr": 0.00089, "lr_std": 0.0, "params": 115394.0, "params_std": 0.0, "time_iter": 0.02046, "time_iter_std": 0.00045, "accuracy": 0.98086, "accuracy_std": 0.00064, "f1": 0.98071, "f1_std": 0.00066, "auc": 0.99966, "auc_std": 3e-05}
{"epoch": 26, "time_epoch": 70.27029, "time_epoch_std": 1.4656, "eta": 5179.33892, "eta_std": 101.95945, "eta_hours": 1.43871, "eta_hours_std": 0.02832, "loss": 0.06087, "loss_std": 0.00133, "lr": 0.00088, "lr_std": 0.0, "params": 115394.0, "params_std": 0.0, "time_iter": 0.02044, "time_iter_std": 0.00043, "accuracy": 0.98133, "accuracy_std": 0.00041, "f1": 0.9812, "f1_std": 0.00042, "auc": 0.99969, "auc_std": 2e-05}
{"epoch": 27, "time_epoch": 70.10187, "time_epoch_std": 1.31265, "eta": 5106.20856, "eta_std": 98.93007, "eta_hours": 1.41839, "eta_hours_std": 0.02748, "loss": 0.0583, "loss_std": 0.00197, "lr": 0.00087, "lr_std": 0.0, "params": 115394.0, "params_std": 0.0, "time_iter": 0.02039, "time_iter_std": 0.00038, "accuracy": 0.98204, "accuracy_std": 0.0005, "f1": 0.98191, "f1_std": 0.0005, "auc": 0.99971, "auc_std": 2e-05}
{"epoch": 28, "time_epoch": 70.00389, "time_epoch_std": 0.90994, "eta": 5033.04717, "eta_std": 95.43673, "eta_hours": 1.39807, "eta_hours_std": 0.02651, "loss": 0.05541, "loss_std": 0.00135, "lr": 0.00086, "lr_std": 0.0, "params": 115394.0, "params_std": 0.0, "time_iter": 0.02036, "time_iter_std": 0.00026, "accuracy": 0.98312, "accuracy_std": 0.00035, "f1": 0.98299, "f1_std": 0.00035, "auc": 0.99974, "auc_std": 2e-05}
{"epoch": 29, "time_epoch": 69.71923, "time_epoch_std": 0.78771, "eta": 4959.43208, "eta_std": 92.21972, "eta_hours": 1.37762, "eta_hours_std": 0.02562, "loss": 0.05463, "loss_std": 0.00177, "lr": 0.00085, "lr_std": 0.0, "params": 115394.0, "params_std": 0.0, "time_iter": 0.02028, "time_iter_std": 0.00023, "accuracy": 0.98328, "accuracy_std": 0.0008, "f1": 0.98315, "f1_std": 0.00081, "auc": 0.99975, "auc_std": 1e-05}
{"epoch": 30, "time_epoch": 69.68572, "time_epoch_std": 0.81577, "eta": 4885.99374, "eta_std": 89.0751, "eta_hours": 1.35722, "eta_hours_std": 0.02474, "loss": 0.05118, "loss_std": 0.00183, "lr": 0.00084, "lr_std": 0.0, "params": 115394.0, "params_std": 0.0, "time_iter": 0.02027, "time_iter_std": 0.00024, "accuracy": 0.98433, "accuracy_std": 0.0006, "f1": 0.98422, "f1_std": 0.00061, "auc": 0.99978, "auc_std": 1e-05}
{"epoch": 31, "time_epoch": 69.78767, "time_epoch_std": 1.07221, "eta": 4813.00658, "eta_std": 86.43623, "eta_hours": 1.33694, "eta_hours_std": 0.02401, "loss": 0.05007, "loss_std": 0.00247, "lr": 0.00083, "lr_std": 0.0, "params": 115394.0, "params_std": 0.0, "time_iter": 0.0203, "time_iter_std": 0.00031, "accuracy": 0.98455, "accuracy_std": 0.00082, "f1": 0.98444, "f1_std": 0.00083, "auc": 0.99979, "auc_std": 2e-05}
{"epoch": 32, "time_epoch": 70.20546, "time_epoch_std": 1.10825, "eta": 4741.06158, "eta_std": 83.91188, "eta_hours": 1.31696, "eta_hours_std": 0.02331, "loss": 0.04812, "loss_std": 0.00195, "lr": 0.00081, "lr_std": 0.0, "params": 115394.0, "params_std": 0.0, "time_iter": 0.02042, "time_iter_std": 0.00032, "accuracy": 0.98503, "accuracy_std": 0.00058, "f1": 0.98492, "f1_std": 0.00059, "auc": 0.99981, "auc_std": 2e-05}
{"epoch": 33, "time_epoch": 70.26578, "time_epoch_std": 1.49909, "eta": 4669.336, "eta_std": 82.65128, "eta_hours": 1.29704, "eta_hours_std": 0.02296, "loss": 0.046, "loss_std": 0.00119, "lr": 0.0008, "lr_std": 0.0, "params": 115394.0, "params_std": 0.0, "time_iter": 0.02044, "time_iter_std": 0.00044, "accuracy": 0.98585, "accuracy_std": 0.0004, "f1": 0.98574, "f1_std": 0.00041, "auc": 0.99982, "auc_std": 1e-05}
{"epoch": 34, "time_epoch": 70.20013, "time_epoch_std": 1.58787, "eta": 4597.57191, "eta_std": 80.73014, "eta_hours": 1.2771, "eta_hours_std": 0.02242, "loss": 0.04451, "loss_std": 0.00149, "lr": 0.00079, "lr_std": 0.0, "params": 115394.0, "params_std": 0.0, "time_iter": 0.02042, "time_iter_std": 0.00046, "accuracy": 0.98629, "accuracy_std": 0.00039, "f1": 0.98619, "f1_std": 0.0004, "auc": 0.99984, "auc_std": 1e-05}
{"epoch": 35, "time_epoch": 70.31995, "time_epoch_std": 1.65354, "eta": 4526.10773, "eta_std": 79.25929, "eta_hours": 1.25725, "eta_hours_std": 0.02202, "loss": 0.04216, "loss_std": 0.00149, "lr": 0.00077, "lr_std": 0.0, "params": 115394.0, "params_std": 0.0, "time_iter": 0.02045, "time_iter_std": 0.00048, "accuracy": 0.98703, "accuracy_std": 0.00037, "f1": 0.98694, "f1_std": 0.00036, "auc": 0.99985, "auc_std": 1e-05}
{"epoch": 36, "time_epoch": 70.29886, "time_epoch_std": 1.56182, "eta": 4454.66949, "eta_std": 77.92114, "eta_hours": 1.23741, "eta_hours_std": 0.02164, "loss": 0.04172, "loss_std": 0.00081, "lr": 0.00076, "lr_std": 0.0, "params": 115394.0, "params_std": 0.0, "time_iter": 0.02045, "time_iter_std": 0.00046, "accuracy": 0.98712, "accuracy_std": 0.00034, "f1": 0.98702, "f1_std": 0.00034, "auc": 0.99986, "auc_std": 1e-05}
{"epoch": 37, "time_epoch": 70.27504, "time_epoch_std": 1.55023, "eta": 4383.25235, "eta_std": 76.31807, "eta_hours": 1.21757, "eta_hours_std": 0.0212, "loss": 0.03872, "loss_std": 0.00129, "lr": 0.00075, "lr_std": 0.0, "params": 115394.0, "params_std": 0.0, "time_iter": 0.02044, "time_iter_std": 0.00045, "accuracy": 0.98819, "accuracy_std": 0.00047, "f1": 0.98811, "f1_std": 0.00047, "auc": 0.99987, "auc_std": 1e-05}
{"epoch": 38, "time_epoch": 70.47255, "time_epoch_std": 1.73143, "eta": 4312.2027, "eta_std": 75.08613, "eta_hours": 1.19783, "eta_hours_std": 0.02086, "loss": 0.03783, "loss_std": 0.00206, "lr": 0.00073, "lr_std": 0.0, "params": 115394.0, "params_std": 0.0, "time_iter": 0.0205, "time_iter_std": 0.0005, "accuracy": 0.98829, "accuracy_std": 0.00067, "f1": 0.98821, "f1_std": 0.00067, "auc": 0.99988, "auc_std": 1e-05}
{"epoch": 39, "time_epoch": 70.04074, "time_epoch_std": 1.54541, "eta": 4240.53419, "eta_std": 73.59894, "eta_hours": 1.17793, "eta_hours_std": 0.02044, "loss": 0.03568, "loss_std": 0.00102, "lr": 0.00072, "lr_std": 0.0, "params": 115394.0, "params_std": 0.0, "time_iter": 0.02037, "time_iter_std": 0.00045, "accuracy": 0.98897, "accuracy_std": 0.00036, "f1": 0.98889, "f1_std": 0.00036, "auc": 0.99989, "auc_std": 1e-05}
{"epoch": 40, "time_epoch": 69.84809, "time_epoch_std": 1.61265, "eta": 4168.66785, "eta_std": 72.15405, "eta_hours": 1.15796, "eta_hours_std": 0.02004, "loss": 0.03437, "loss_std": 0.00121, "lr": 0.0007, "lr_std": 0.0, "params": 115394.0, "params_std": 0.0, "time_iter": 0.02032, "time_iter_std": 0.00047, "accuracy": 0.98942, "accuracy_std": 0.00049, "f1": 0.98935, "f1_std": 0.0005, "auc": 0.9999, "auc_std": 1e-05}
{"epoch": 41, "time_epoch": 70.0344, "time_epoch_std": 1.59791, "eta": 4097.15491, "eta_std": 70.8046, "eta_hours": 1.1381, "eta_hours_std": 0.01967, "loss": 0.03217, "loss_std": 0.00175, "lr": 0.00069, "lr_std": 0.0, "params": 115394.0, "params_std": 0.0, "time_iter": 0.02037, "time_iter_std": 0.00047, "accuracy": 0.98994, "accuracy_std": 0.00051, "f1": 0.98987, "f1_std": 0.00052, "auc": 0.99991, "auc_std": 2e-05}
{"epoch": 42, "time_epoch": 70.05972, "time_epoch_std": 1.44784, "eta": 4025.74431, "eta_std": 69.10887, "eta_hours": 1.11826, "eta_hours_std": 0.0192, "loss": 0.03114, "loss_std": 0.0017, "lr": 0.00067, "lr_std": 0.0, "params": 115394.0, "params_std": 0.0, "time_iter": 0.02038, "time_iter_std": 0.00042, "accuracy": 0.99044, "accuracy_std": 0.00046, "f1": 0.99038, "f1_std": 0.00048, "auc": 0.99992, "auc_std": 1e-05}
{"epoch": 43, "time_epoch": 70.2322, "time_epoch_std": 1.74531, "eta": 3954.61463, "eta_std": 68.22037, "eta_hours": 1.0985, "eta_hours_std": 0.01895, "loss": 0.02992, "loss_std": 0.00097, "lr": 0.00065, "lr_std": 0.0, "params": 115394.0, "params_std": 0.0, "time_iter": 0.02043, "time_iter_std": 0.00051, "accuracy": 0.99076, "accuracy_std": 0.00031, "f1": 0.99069, "f1_std": 0.00031, "auc": 0.99992, "auc_std": 1e-05}
{"epoch": 44, "time_epoch": 70.13582, "time_epoch_std": 1.70559, "eta": 3883.40703, "eta_std": 66.36364, "eta_hours": 1.07872, "eta_hours_std": 0.01843, "loss": 0.02831, "loss_std": 0.00113, "lr": 0.00064, "lr_std": 0.0, "params": 115394.0, "params_std": 0.0, "time_iter": 0.0204, "time_iter_std": 0.0005, "accuracy": 0.99103, "accuracy_std": 0.00026, "f1": 0.99097, "f1_std": 0.00026, "auc": 0.99993, "auc_std": 1e-05}
{"epoch": 45, "time_epoch": 70.54491, "time_epoch_std": 2.21872, "eta": 3812.72627, "eta_std": 65.35747, "eta_hours": 1.05909, "eta_hours_std": 0.01815, "loss": 0.02733, "loss_std": 0.00129, "lr": 0.00062, "lr_std": 0.0, "params": 115394.0, "params_std": 0.0, "time_iter": 0.02052, "time_iter_std": 0.00064, "accuracy": 0.99157, "accuracy_std": 0.00042, "f1": 0.9915, "f1_std": 0.00042, "auc": 0.99993, "auc_std": 1e-05}
{"epoch": 46, "time_epoch": 70.67639, "time_epoch_std": 2.31122, "eta": 3742.19956, "eta_std": 64.25673, "eta_hours": 1.0395, "eta_hours_std": 0.01785, "loss": 0.02576, "loss_std": 0.00121, "lr": 0.00061, "lr_std": 0.0, "params": 115394.0, "params_std": 0.0, "time_iter": 0.02056, "time_iter_std": 0.00067, "accuracy": 0.99197, "accuracy_std": 0.00038, "f1": 0.99191, "f1_std": 0.00038, "auc": 0.99994, "auc_std": 1e-05}
{"epoch": 47, "time_epoch": 70.86782, "time_epoch_std": 2.1961, "eta": 3671.874, "eta_std": 63.21125, "eta_hours": 1.01996, "eta_hours_std": 0.01756, "loss": 0.02538, "loss_std": 0.00158, "lr": 0.00059, "lr_std": 0.0, "params": 115394.0, "params_std": 0.0, "time_iter": 0.02062, "time_iter_std": 0.00064, "accuracy": 0.99219, "accuracy_std": 0.00034, "f1": 0.99213, "f1_std": 0.00033, "auc": 0.99995, "auc_std": 1e-05}
{"epoch": 48, "time_epoch": 70.38534, "time_epoch_std": 1.90708, "eta": 3601.02412, "eta_std": 61.99548, "eta_hours": 1.00028, "eta_hours_std": 0.01722, "loss": 0.02365, "loss_std": 0.00098, "lr": 0.00057, "lr_std": 0.0, "params": 115394.0, "params_std": 0.0, "time_iter": 0.02047, "time_iter_std": 0.00056, "accuracy": 0.9927, "accuracy_std": 0.00028, "f1": 0.99265, "f1_std": 0.00029, "auc": 0.99995, "auc_std": 1e-05}
{"epoch": 49, "time_epoch": 69.65119, "time_epoch_std": 1.42158, "eta": 3529.45868, "eta_std": 60.62811, "eta_hours": 0.98041, "eta_hours_std": 0.01684, "loss": 0.0223, "loss_std": 0.00107, "lr": 0.00056, "lr_std": 0.0, "params": 115394.0, "params_std": 0.0, "time_iter": 0.02026, "time_iter_std": 0.00041, "accuracy": 0.99326, "accuracy_std": 0.00027, "f1": 0.99321, "f1_std": 0.00028, "auc": 0.99995, "auc_std": 1e-05}
{"epoch": 50, "time_epoch": 69.92665, "time_epoch_std": 1.59918, "eta": 3458.23296, "eta_std": 59.05088, "eta_hours": 0.96062, "eta_hours_std": 0.0164, "loss": 0.0211, "loss_std": 0.00105, "lr": 0.00054, "lr_std": 0.0, "params": 115394.0, "params_std": 0.0, "time_iter": 0.02034, "time_iter_std": 0.00047, "accuracy": 0.99343, "accuracy_std": 0.00022, "f1": 0.99338, "f1_std": 0.00022, "auc": 0.99996, "auc_std": 1e-05}
{"epoch": 51, "time_epoch": 70.33407, "time_epoch_std": 1.90152, "eta": 3387.4333, "eta_std": 57.38147, "eta_hours": 0.94095, "eta_hours_std": 0.01594, "loss": 0.02004, "loss_std": 0.00141, "lr": 0.00052, "lr_std": 0.0, "params": 115394.0, "params_std": 0.0, "time_iter": 0.02046, "time_iter_std": 0.00055, "accuracy": 0.99393, "accuracy_std": 0.00039, "f1": 0.99389, "f1_std": 0.00039, "auc": 0.99996, "auc_std": 1e-05}
{"epoch": 52, "time_epoch": 70.15993, "time_epoch_std": 1.81716, "eta": 3316.49677, "eta_std": 55.83009, "eta_hours": 0.92125, "eta_hours_std": 0.01551, "loss": 0.01879, "loss_std": 0.00093, "lr": 0.00051, "lr_std": 0.0, "params": 115394.0, "params_std": 0.0, "time_iter": 0.02041, "time_iter_std": 0.00053, "accuracy": 0.99431, "accuracy_std": 0.00034, "f1": 0.99427, "f1_std": 0.00035, "auc": 0.99997, "auc_std": 1e-05}
{"epoch": 53, "time_epoch": 70.37869, "time_epoch_std": 1.94602, "eta": 3245.77535, "eta_std": 54.41826, "eta_hours": 0.9016, "eta_hours_std": 0.01512, "loss": 0.01793, "loss_std": 0.00146, "lr": 0.00049, "lr_std": 0.0, "params": 115394.0, "params_std": 0.0, "time_iter": 0.02047, "time_iter_std": 0.00057, "accuracy": 0.99451, "accuracy_std": 0.00043, "f1": 0.99447, "f1_std": 0.00043, "auc": 0.99997, "auc_std": 1e-05}
{"epoch": 54, "time_epoch": 70.00434, "time_epoch_std": 1.95644, "eta": 3174.76012, "eta_std": 52.86832, "eta_hours": 0.88188, "eta_hours_std": 0.01469, "loss": 0.01679, "loss_std": 0.00082, "lr": 0.00048, "lr_std": 0.0, "params": 115394.0, "params_std": 0.0, "time_iter": 0.02036, "time_iter_std": 0.00057, "accuracy": 0.99475, "accuracy_std": 0.00015, "f1": 0.99471, "f1_std": 0.00015, "auc": 0.99998, "auc_std": 0.0}
{"epoch": 55, "time_epoch": 69.891, "time_epoch_std": 1.93206, "eta": 3103.69193, "eta_std": 51.372, "eta_hours": 0.86214, "eta_hours_std": 0.01427, "loss": 0.01571, "loss_std": 0.00118, "lr": 0.00046, "lr_std": 0.0, "params": 115394.0, "params_std": 0.0, "time_iter": 0.02033, "time_iter_std": 0.00056, "accuracy": 0.99506, "accuracy_std": 0.00039, "f1": 0.99501, "f1_std": 0.00039, "auc": 0.99998, "auc_std": 0.0}
{"epoch": 56, "time_epoch": 69.77925, "time_epoch_std": 1.7757, "eta": 3032.58075, "eta_std": 49.9499, "eta_hours": 0.84238, "eta_hours_std": 0.01387, "loss": 0.01505, "loss_std": 0.00116, "lr": 0.00044, "lr_std": 0.0, "params": 115394.0, "params_std": 0.0, "time_iter": 0.0203, "time_iter_std": 0.00052, "accuracy": 0.99548, "accuracy_std": 0.00037, "f1": 0.99544, "f1_std": 0.00038, "auc": 0.99998, "auc_std": 0.0}
{"epoch": 57, "time_epoch": 69.89013, "time_epoch_std": 1.79611, "eta": 2961.59578, "eta_std": 48.71159, "eta_hours": 0.82266, "eta_hours_std": 0.01353, "loss": 0.01339, "loss_std": 0.00109, "lr": 0.00043, "lr_std": 0.0, "params": 115394.0, "params_std": 0.0, "time_iter": 0.02033, "time_iter_std": 0.00052, "accuracy": 0.99588, "accuracy_std": 0.00029, "f1": 0.99585, "f1_std": 0.00029, "auc": 0.99998, "auc_std": 0.0}
{"epoch": 58, "time_epoch": 70.01482, "time_epoch_std": 1.79514, "eta": 2890.73458, "eta_std": 47.51206, "eta_hours": 0.80298, "eta_hours_std": 0.0132, "loss": 0.0132, "loss_std": 0.00131, "lr": 0.00041, "lr_std": 0.0, "params": 115394.0, "params_std": 0.0, "time_iter": 0.02036, "time_iter_std": 0.00052, "accuracy": 0.99594, "accuracy_std": 0.00032, "f1": 0.99591, "f1_std": 0.00033, "auc": 0.99998, "auc_std": 1e-05}
{"epoch": 59, "time_epoch": 70.03404, "time_epoch_std": 1.74836, "eta": 2819.9144, "eta_std": 46.32753, "eta_hours": 0.78331, "eta_hours_std": 0.01287, "loss": 0.01214, "loss_std": 0.00097, "lr": 0.00039, "lr_std": 0.0, "params": 115394.0, "params_std": 0.0, "time_iter": 0.02037, "time_iter_std": 0.00051, "accuracy": 0.99628, "accuracy_std": 0.0003, "f1": 0.99625, "f1_std": 0.0003, "auc": 0.99999, "auc_std": 0.0}
{"epoch": 60, "time_epoch": 69.95894, "time_epoch_std": 1.72606, "eta": 2749.07199, "eta_std": 45.21707, "eta_hours": 0.76363, "eta_hours_std": 0.01256, "loss": 0.01205, "loss_std": 0.00076, "lr": 0.00038, "lr_std": 0.0, "params": 115394.0, "params_std": 0.0, "time_iter": 0.02035, "time_iter_std": 0.0005, "accuracy": 0.99633, "accuracy_std": 0.00022, "f1": 0.99629, "f1_std": 0.00021, "auc": 0.99998, "auc_std": 1e-05}
{"epoch": 61, "time_epoch": 69.31497, "time_epoch_std": 1.50975, "eta": 2677.86338, "eta_std": 44.09, "eta_hours": 0.74385, "eta_hours_std": 0.01225, "loss": 0.01121, "loss_std": 0.00091, "lr": 0.00036, "lr_std": 0.0, "params": 115394.0, "params_std": 0.0, "time_iter": 0.02016, "time_iter_std": 0.00044, "accuracy": 0.99666, "accuracy_std": 0.00025, "f1": 0.99664, "f1_std": 0.00025, "auc": 0.99999, "auc_std": 0.0}
{"epoch": 62, "time_epoch": 69.8117, "time_epoch_std": 1.68995, "eta": 2607.00662, "eta_std": 42.84334, "eta_hours": 0.72417, "eta_hours_std": 0.0119, "loss": 0.01015, "loss_std": 0.00062, "lr": 0.00035, "lr_std": 0.0, "params": 115394.0, "params_std": 0.0, "time_iter": 0.02031, "time_iter_std": 0.00049, "accuracy": 0.99698, "accuracy_std": 0.00013, "f1": 0.99696, "f1_std": 0.00014, "auc": 0.99999, "auc_std": 0.0}
{"epoch": 63, "time_epoch": 69.76688, "time_epoch_std": 1.69319, "eta": 2536.15731, "eta_std": 41.62151, "eta_hours": 0.70449, "eta_hours_std": 0.01156, "loss": 0.00988, "loss_std": 0.00065, "lr": 0.00033, "lr_std": 0.0, "params": 115394.0, "params_std": 0.0, "time_iter": 0.02029, "time_iter_std": 0.00049, "accuracy": 0.99696, "accuracy_std": 0.00019, "f1": 0.99694, "f1_std": 0.0002, "auc": 0.99999, "auc_std": 0.0}
{"epoch": 64, "time_epoch": 70.06677, "time_epoch_std": 1.75624, "eta": 2465.50278, "eta_std": 40.50361, "eta_hours": 0.68486, "eta_hours_std": 0.01125, "loss": 0.00901, "loss_std": 0.00093, "lr": 0.00031, "lr_std": 0.0, "params": 115394.0, "params_std": 0.0, "time_iter": 0.02038, "time_iter_std": 0.00051, "accuracy": 0.99729, "accuracy_std": 0.00026, "f1": 0.99727, "f1_std": 0.00027, "auc": 0.99999, "auc_std": 0.0}
{"epoch": 65, "time_epoch": 70.09553, "time_epoch_std": 1.82003, "eta": 2394.88087, "eta_std": 39.42548, "eta_hours": 0.66524, "eta_hours_std": 0.01095, "loss": 0.00841, "loss_std": 0.00093, "lr": 0.0003, "lr_std": 0.0, "params": 115394.0, "params_std": 0.0, "time_iter": 0.02039, "time_iter_std": 0.00053, "accuracy": 0.99746, "accuracy_std": 0.00028, "f1": 0.99745, "f1_std": 0.00028, "auc": 0.99999, "auc_std": 0.0}
{"epoch": 66, "time_epoch": 70.10096, "time_epoch_std": 1.72145, "eta": 2324.27735, "eta_std": 38.29375, "eta_hours": 0.64563, "eta_hours_std": 0.01064, "loss": 0.00772, "loss_std": 0.00096, "lr": 0.00028, "lr_std": 0.0, "params": 115394.0, "params_std": 0.0, "time_iter": 0.02039, "time_iter_std": 0.0005, "accuracy": 0.99768, "accuracy_std": 0.00027, "f1": 0.99767, "f1_std": 0.00027, "auc": 0.99999, "auc_std": 0.0}
{"epoch": 67, "time_epoch": 70.29268, "time_epoch_std": 2.08018, "eta": 2253.77884, "eta_std": 37.23643, "eta_hours": 0.62605, "eta_hours_std": 0.01034, "loss": 0.00715, "loss_std": 0.00058, "lr": 0.00027, "lr_std": 0.0, "params": 115394.0, "params_std": 0.0, "time_iter": 0.02045, "time_iter_std": 0.00061, "accuracy": 0.99789, "accuracy_std": 0.00015, "f1": 0.99788, "f1_std": 0.00015, "auc": 0.99999, "auc_std": 0.0}
{"epoch": 68, "time_epoch": 70.39362, "time_epoch_std": 2.14847, "eta": 2183.33164, "eta_std": 36.24756, "eta_hours": 0.60648, "eta_hours_std": 0.01007, "loss": 0.00627, "loss_std": 0.00064, "lr": 0.00025, "lr_std": 0.0, "params": 115394.0, "params_std": 0.0, "time_iter": 0.02048, "time_iter_std": 0.00062, "accuracy": 0.99809, "accuracy_std": 0.00023, "f1": 0.99808, "f1_std": 0.00022, "auc": 1.0, "auc_std": 0.0}
{"epoch": 69, "time_epoch": 69.84614, "time_epoch_std": 1.69476, "eta": 2112.65134, "eta_std": 35.0402, "eta_hours": 0.58685, "eta_hours_std": 0.00973, "loss": 0.00591, "loss_std": 0.00037, "lr": 0.00024, "lr_std": 0.0, "params": 115394.0, "params_std": 0.0, "time_iter": 0.02032, "time_iter_std": 0.00049, "accuracy": 0.99819, "accuracy_std": 0.00014, "f1": 0.99817, "f1_std": 0.00015, "auc": 1.0, "auc_std": 0.0}
{"epoch": 70, "time_epoch": 70.16516, "time_epoch_std": 2.33731, "eta": 2042.12484, "eta_std": 34.00732, "eta_hours": 0.56726, "eta_hours_std": 0.00945, "loss": 0.00563, "loss_std": 0.00066, "lr": 0.00023, "lr_std": 0.0, "params": 115394.0, "params_std": 0.0, "time_iter": 0.02041, "time_iter_std": 0.00068, "accuracy": 0.99834, "accuracy_std": 0.00026, "f1": 0.99832, "f1_std": 0.00026, "auc": 1.0, "auc_std": 0.0}
{"epoch": 71, "time_epoch": 69.65732, "time_epoch_std": 1.58752, "eta": 1971.41088, "eta_std": 32.80339, "eta_hours": 0.54761, "eta_hours_std": 0.00911, "loss": 0.00525, "loss_std": 0.00053, "lr": 0.00021, "lr_std": 0.0, "params": 115394.0, "params_std": 0.0, "time_iter": 0.02026, "time_iter_std": 0.00046, "accuracy": 0.99843, "accuracy_std": 0.00014, "f1": 0.99841, "f1_std": 0.00014, "auc": 1.0, "auc_std": 0.0}
{"epoch": 72, "time_epoch": 69.76996, "time_epoch_std": 1.58237, "eta": 1900.76754, "eta_std": 31.62818, "eta_hours": 0.52799, "eta_hours_std": 0.00878, "loss": 0.0046, "loss_std": 0.00085, "lr": 0.0002, "lr_std": 0.0, "params": 115394.0, "params_std": 0.0, "time_iter": 0.0203, "time_iter_std": 0.00046, "accuracy": 0.99861, "accuracy_std": 0.00025, "f1": 0.99859, "f1_std": 0.00025, "auc": 1.0, "auc_std": 0.0}
{"epoch": 73, "time_epoch": 69.9928, "time_epoch_std": 1.72854, "eta": 1830.22609, "eta_std": 30.50861, "eta_hours": 0.5084, "eta_hours_std": 0.00847, "loss": 0.00444, "loss_std": 0.00087, "lr": 0.00019, "lr_std": 0.0, "params": 115394.0, "params_std": 0.0, "time_iter": 0.02036, "time_iter_std": 0.0005, "accuracy": 0.99863, "accuracy_std": 0.00024, "f1": 0.99862, "f1_std": 0.00025, "auc": 1.0, "auc_std": 0.0}
{"epoch": 74, "time_epoch": 69.77401, "time_epoch_std": 1.66714, "eta": 1759.62635, "eta_std": 29.3482, "eta_hours": 0.48878, "eta_hours_std": 0.00815, "loss": 0.00434, "loss_std": 0.00051, "lr": 0.00017, "lr_std": 0.0, "params": 115394.0, "params_std": 0.0, "time_iter": 0.02029, "time_iter_std": 0.00049, "accuracy": 0.99863, "accuracy_std": 0.00019, "f1": 0.99862, "f1_std": 0.00019, "auc": 1.0, "auc_std": 0.0}
{"epoch": 75, "time_epoch": 69.74958, "time_epoch_std": 1.69537, "eta": 1689.04062, "eta_std": 28.14738, "eta_hours": 0.46918, "eta_hours_std": 0.00782, "loss": 0.00371, "loss_std": 0.00048, "lr": 0.00016, "lr_std": 0.0, "params": 115394.0, "params_std": 0.0, "time_iter": 0.02029, "time_iter_std": 0.00049, "accuracy": 0.99888, "accuracy_std": 0.00016, "f1": 0.99886, "f1_std": 0.00016, "auc": 1.0, "auc_std": 0.0}
{"epoch": 76, "time_epoch": 69.96842, "time_epoch_std": 2.13611, "eta": 1618.54197, "eta_std": 27.08166, "eta_hours": 0.4496, "eta_hours_std": 0.00752, "loss": 0.0037, "loss_std": 0.00044, "lr": 0.00015, "lr_std": 0.0, "params": 115394.0, "params_std": 0.0, "time_iter": 0.02035, "time_iter_std": 0.00062, "accuracy": 0.99893, "accuracy_std": 0.00014, "f1": 0.99892, "f1_std": 0.00014, "auc": 1.0, "auc_std": 0.0}
{"epoch": 77, "time_epoch": 69.49861, "time_epoch_std": 1.71647, "eta": 1547.92441, "eta_std": 25.90562, "eta_hours": 0.42998, "eta_hours_std": 0.0072, "loss": 0.00306, "loss_std": 0.00051, "lr": 0.00014, "lr_std": 0.0, "params": 115394.0, "params_std": 0.0, "time_iter": 0.02022, "time_iter_std": 0.0005, "accuracy": 0.99909, "accuracy_std": 0.00018, "f1": 0.99908, "f1_std": 0.00018, "auc": 1.0, "auc_std": 0.0}
{"epoch": 78, "time_epoch": 69.58978, "time_epoch_std": 1.67626, "eta": 1477.35942, "eta_std": 24.74735, "eta_hours": 0.41038, "eta_hours_std": 0.00687, "loss": 0.00283, "loss_std": 0.00039, "lr": 0.00013, "lr_std": 0.0, "params": 115394.0, "params_std": 0.0, "time_iter": 0.02024, "time_iter_std": 0.00049, "accuracy": 0.99909, "accuracy_std": 0.00017, "f1": 0.99908, "f1_std": 0.00017, "auc": 1.0, "auc_std": 0.0}
{"epoch": 79, "time_epoch": 69.38207, "time_epoch_std": 1.45813, "eta": 1406.76688, "eta_std": 23.56017, "eta_hours": 0.39077, "eta_hours_std": 0.00654, "loss": 0.00274, "loss_std": 0.0006, "lr": 0.00012, "lr_std": 0.0, "params": 115394.0, "params_std": 0.0, "time_iter": 0.02018, "time_iter_std": 0.00043, "accuracy": 0.99918, "accuracy_std": 0.00016, "f1": 0.99917, "f1_std": 0.00016, "auc": 1.0, "auc_std": 0.0}
{"epoch": 80, "time_epoch": 69.72122, "time_epoch_std": 1.70998, "eta": 1336.28377, "eta_std": 22.43159, "eta_hours": 0.37119, "eta_hours_std": 0.00623, "loss": 0.00245, "loss_std": 0.00021, "lr": 0.00011, "lr_std": 0.0, "params": 115394.0, "params_std": 0.0, "time_iter": 0.02028, "time_iter_std": 0.0005, "accuracy": 0.99925, "accuracy_std": 6e-05, "f1": 0.99925, "f1_std": 6e-05, "auc": 1.0, "auc_std": 0.0}
{"epoch": 81, "time_epoch": 69.23052, "time_epoch_std": 1.48144, "eta": 1265.71154, "eta_std": 21.25021, "eta_hours": 0.35159, "eta_hours_std": 0.0059, "loss": 0.00229, "loss_std": 0.00029, "lr": 0.0001, "lr_std": 0.0, "params": 115394.0, "params_std": 0.0, "time_iter": 0.02014, "time_iter_std": 0.00043, "accuracy": 0.9993, "accuracy_std": 0.0001, "f1": 0.99929, "f1_std": 0.0001, "auc": 1.0, "auc_std": 0.0}
{"epoch": 82, "time_epoch": 69.68084, "time_epoch_std": 1.72381, "eta": 1195.26387, "eta_std": 20.09763, "eta_hours": 0.33202, "eta_hours_std": 0.00558, "loss": 0.00191, "loss_std": 0.00042, "lr": 9e-05, "lr_std": 0.0, "params": 115394.0, "params_std": 0.0, "time_iter": 0.02027, "time_iter_std": 0.0005, "accuracy": 0.99944, "accuracy_std": 0.00011, "f1": 0.99943, "f1_std": 0.00011, "auc": 1.0, "auc_std": 0.0}
{"epoch": 83, "time_epoch": 69.71296, "time_epoch_std": 1.72285, "eta": 1124.84058, "eta_std": 18.96042, "eta_hours": 0.31246, "eta_hours_std": 0.00527, "loss": 0.00183, "loss_std": 0.00043, "lr": 8e-05, "lr_std": 0.0, "params": 115394.0, "params_std": 0.0, "time_iter": 0.02028, "time_iter_std": 0.0005, "accuracy": 0.99944, "accuracy_std": 0.00011, "f1": 0.99944, "f1_std": 0.00011, "auc": 1.0, "auc_std": 0.0}
{"epoch": 84, "time_epoch": 69.75946, "time_epoch_std": 1.85463, "eta": 1054.4422, "eta_std": 17.82354, "eta_hours": 0.2929, "eta_hours_std": 0.00495, "loss": 0.00183, "loss_std": 0.00039, "lr": 7e-05, "lr_std": 0.0, "params": 115394.0, "params_std": 0.0, "time_iter": 0.02029, "time_iter_std": 0.00054, "accuracy": 0.99943, "accuracy_std": 0.00012, "f1": 0.99942, "f1_std": 0.00011, "auc": 1.0, "auc_std": 0.0}
{"epoch": 85, "time_epoch": 69.23877, "time_epoch_std": 1.50311, "eta": 983.97393, "eta_std": 16.65567, "eta_hours": 0.27333, "eta_hours_std": 0.00463, "loss": 0.00166, "loss_std": 0.00027, "lr": 6e-05, "lr_std": 0.0, "params": 115394.0, "params_std": 0.0, "time_iter": 0.02014, "time_iter_std": 0.00044, "accuracy": 0.99948, "accuracy_std": 8e-05, "f1": 0.99947, "f1_std": 8e-05, "auc": 1.0, "auc_std": 0.0}
{"epoch": 86, "time_epoch": 69.0906, "time_epoch_std": 1.3534, "eta": 913.51177, "eta_std": 15.46653, "eta_hours": 0.25375, "eta_hours_std": 0.0043, "loss": 0.00159, "loss_std": 0.00022, "lr": 5e-05, "lr_std": 0.0, "params": 115394.0, "params_std": 0.0, "time_iter": 0.0201, "time_iter_std": 0.00039, "accuracy": 0.99952, "accuracy_std": 8e-05, "f1": 0.99951, "f1_std": 8e-05, "auc": 1.0, "auc_std": 0.0}
{"epoch": 87, "time_epoch": 68.87108, "time_epoch_std": 1.35516, "eta": 843.05086, "eta_std": 14.25088, "eta_hours": 0.23418, "eta_hours_std": 0.00396, "loss": 0.00156, "loss_std": 0.00028, "lr": 5e-05, "lr_std": 0.0, "params": 115394.0, "params_std": 0.0, "time_iter": 0.02003, "time_iter_std": 0.00039, "accuracy": 0.99954, "accuracy_std": 9e-05, "f1": 0.99953, "f1_std": 9e-05, "auc": 1.0, "auc_std": 0.0}
{"epoch": 88, "time_epoch": 69.44884, "time_epoch_std": 1.37683, "eta": 772.69708, "eta_std": 13.04239, "eta_hours": 0.21464, "eta_hours_std": 0.00362, "loss": 0.00123, "loss_std": 0.0003, "lr": 4e-05, "lr_std": 0.0, "params": 115394.0, "params_std": 0.0, "time_iter": 0.0202, "time_iter_std": 0.0004, "accuracy": 0.9996, "accuracy_std": 9e-05, "f1": 0.9996, "f1_std": 9e-05, "auc": 1.0, "auc_std": 0.0}
{"epoch": 89, "time_epoch": 69.51663, "time_epoch_std": 1.29728, "eta": 702.37094, "eta_std": 11.81564, "eta_hours": 0.1951, "eta_hours_std": 0.00328, "loss": 0.00112, "loss_std": 0.00024, "lr": 3e-05, "lr_std": 0.0, "params": 115394.0, "params_std": 0.0, "time_iter": 0.02022, "time_iter_std": 0.00038, "accuracy": 0.99966, "accuracy_std": 7e-05, "f1": 0.99966, "f1_std": 7e-05, "auc": 1.0, "auc_std": 0.0}
{"epoch": 90, "time_epoch": 69.45667, "time_epoch_std": 1.29149, "eta": 632.05666, "eta_std": 10.61354, "eta_hours": 0.17557, "eta_hours_std": 0.00295, "loss": 0.00124, "loss_std": 0.00033, "lr": 3e-05, "lr_std": 0.0, "params": 115394.0, "params_std": 0.0, "time_iter": 0.0202, "time_iter_std": 0.00038, "accuracy": 0.99964, "accuracy_std": 9e-05, "f1": 0.99963, "f1_std": 9e-05, "auc": 1.0, "auc_std": 0.0}
{"epoch": 91, "time_epoch": 69.4503, "time_epoch_std": 1.0648, "eta": 561.76047, "eta_std": 9.40744, "eta_hours": 0.15605, "eta_hours_std": 0.00261, "loss": 0.00102, "loss_std": 0.00016, "lr": 2e-05, "lr_std": 0.0, "params": 115394.0, "params_std": 0.0, "time_iter": 0.0202, "time_iter_std": 0.00031, "accuracy": 0.99969, "accuracy_std": 6e-05, "f1": 0.99969, "f1_std": 6e-05, "auc": 1.0, "auc_std": 0.0}
{"epoch": 92, "time_epoch": 69.25323, "time_epoch_std": 1.09954, "eta": 491.46764, "eta_std": 8.21823, "eta_hours": 0.13652, "eta_hours_std": 0.00228, "loss": 0.00116, "loss_std": 0.00024, "lr": 2e-05, "lr_std": 0.0, "params": 115394.0, "params_std": 0.0, "time_iter": 0.02014, "time_iter_std": 0.00032, "accuracy": 0.99969, "accuracy_std": 6e-05, "f1": 0.99969, "f1_std": 6e-05, "auc": 1.0, "auc_std": 0.0}
{"epoch": 93, "time_epoch": 69.4389, "time_epoch_std": 1.46146, "eta": 421.20878, "eta_std": 7.04983, "eta_hours": 0.117, "eta_hours_std": 0.00196, "loss": 0.00101, "loss_std": 0.00027, "lr": 1e-05, "lr_std": 0.0, "params": 115394.0, "params_std": 0.0, "time_iter": 0.0202, "time_iter_std": 0.00042, "accuracy": 0.9997, "accuracy_std": 7e-05, "f1": 0.99969, "f1_std": 7e-05, "auc": 1.0, "auc_std": 1e-05}
{"epoch": 94, "time_epoch": 69.12731, "time_epoch_std": 1.56294, "eta": 350.95078, "eta_std": 5.87618, "eta_hours": 0.09748, "eta_hours_std": 0.00163, "loss": 0.0009, "loss_std": 0.00017, "lr": 1e-05, "lr_std": 0.0, "params": 115394.0, "params_std": 0.0, "time_iter": 0.02011, "time_iter_std": 0.00045, "accuracy": 0.99971, "accuracy_std": 6e-05, "f1": 0.99971, "f1_std": 6e-05, "auc": 1.0, "auc_std": 0.0}
{"epoch": 95, "time_epoch": 69.38255, "time_epoch_std": 1.85142, "eta": 280.72698, "eta_std": 4.70672, "eta_hours": 0.07798, "eta_hours_std": 0.00131, "loss": 0.00098, "loss_std": 0.00027, "lr": 1e-05, "lr_std": 0.0, "params": 115394.0, "params_std": 0.0, "time_iter": 0.02018, "time_iter_std": 0.00054, "accuracy": 0.99968, "accuracy_std": 9e-05, "f1": 0.99967, "f1_std": 9e-05, "auc": 1.0, "auc_std": 0.0}
{"epoch": 96, "time_epoch": 69.43828, "time_epoch_std": 1.39053, "eta": 210.52224, "eta_std": 3.53106, "eta_hours": 0.05848, "eta_hours_std": 0.00098, "loss": 0.00087, "loss_std": 0.00022, "lr": 0.0, "lr_std": 0.0, "params": 115394.0, "params_std": 0.0, "time_iter": 0.0202, "time_iter_std": 0.0004, "accuracy": 0.99973, "accuracy_std": 8e-05, "f1": 0.99973, "f1_std": 8e-05, "auc": 1.0, "auc_std": 0.0}
{"epoch": 97, "time_epoch": 69.81786, "time_epoch_std": 2.01826, "eta": 140.34089, "eta_std": 2.36169, "eta_hours": 0.03898, "eta_hours_std": 0.00066, "loss": 0.00095, "loss_std": 0.00023, "lr": 0.0, "lr_std": 0.0, "params": 115394.0, "params_std": 0.0, "time_iter": 0.02031, "time_iter_std": 0.00059, "accuracy": 0.99971, "accuracy_std": 8e-05, "f1": 0.99971, "f1_std": 8e-05, "auc": 1.0, "auc_std": 0.0}
{"epoch": 98, "time_epoch": 69.45885, "time_epoch_std": 1.59772, "eta": 70.16326, "eta_std": 1.18225, "eta_hours": 0.01949, "eta_hours_std": 0.00033, "loss": 0.00089, "loss_std": 0.00027, "lr": 0.0, "lr_std": 0.0, "params": 115394.0, "params_std": 0.0, "time_iter": 0.0202, "time_iter_std": 0.00047, "accuracy": 0.9997, "accuracy_std": 0.0001, "f1": 0.9997, "f1_std": 0.0001, "auc": 1.0, "auc_std": 0.0}
{"epoch": 99, "time_epoch": 69.66721, "time_epoch_std": 1.91678, "eta": 0.0, "eta_std": 0.0, "eta_hours": 0.0, "eta_hours_std": 0.0, "loss": 0.00095, "loss_std": 0.00025, "lr": 0.0, "lr_std": 0.0, "params": 115394.0, "params_std": 0.0, "time_iter": 0.02026, "time_iter_std": 0.00056, "accuracy": 0.99971, "accuracy_std": 7e-05, "f1": 0.9997, "f1_std": 7e-05, "auc": 1.0, "auc_std": 0.0}
