{"epoch": 0, "time_epoch": 29.73753, "eta": 2944.01575, "eta_hours": 0.81778, "loss": 0.20189048, "lr": 0.0, "params": 337201, "time_iter": 0.09501, "accuracy": 0.17652, "precision": 0.17652, "recall": 1.0, "f1": 0.30007, "auc": 0.51248, "accuracy-SBM": 0.5}
{"epoch": 1, "time_epoch": 26.81463, "eta": 2771.05591, "eta_hours": 0.76974, "loss": 0.17171875, "lr": 0.0001, "params": 337201, "time_iter": 0.08567, "accuracy": 0.73183, "precision": 0.37705, "recall": 0.79621, "f1": 0.51176, "auc": 0.83304, "accuracy-SBM": 0.75712}
{"epoch": 2, "time_epoch": 26.75232, "eta": 2693.51154, "eta_hours": 0.7482, "loss": 0.14592556, "lr": 0.0002, "params": 337201, "time_iter": 0.08547, "accuracy": 0.83388, "precision": 0.51856, "recall": 0.82273, "f1": 0.63616, "auc": 0.88095, "accuracy-SBM": 0.8295}
{"epoch": 3, "time_epoch": 26.79132, "eta": 2642.29928, "eta_hours": 0.73397, "loss": 0.13245439, "lr": 0.0003, "params": 337201, "time_iter": 0.0856, "accuracy": 0.83769, "precision": 0.52572, "recall": 0.82245, "f1": 0.64143, "auc": 0.89429, "accuracy-SBM": 0.8317}
{"epoch": 4, "time_epoch": 27.09883, "eta": 2606.69805, "eta_hours": 0.72408, "loss": 0.12247557, "lr": 0.0004, "params": 337201, "time_iter": 0.08658, "accuracy": 0.8402, "precision": 0.53053, "recall": 0.82268, "f1": 0.64507, "auc": 0.90352, "accuracy-SBM": 0.83332}
{"epoch": 5, "time_epoch": 27.06653, "eta": 2573.42483, "eta_hours": 0.71484, "loss": 0.11412409, "lr": 0.0005, "params": 337201, "time_iter": 0.08647, "accuracy": 0.84703, "precision": 0.54385, "recall": 0.82733, "f1": 0.65629, "auc": 0.91211, "accuracy-SBM": 0.83929}
{"epoch": 6, "time_epoch": 26.78394, "eta": 2538.17061, "eta_hours": 0.70505, "loss": 0.10818366, "lr": 0.00049986, "params": 337201, "time_iter": 0.08557, "accuracy": 0.84771, "precision": 0.54457, "recall": 0.83858, "f1": 0.66033, "auc": 0.9198, "accuracy-SBM": 0.84413}
{"epoch": 7, "time_epoch": 26.83765, "eta": 2505.65166, "eta_hours": 0.69601, "loss": 0.10476249, "lr": 0.00049945, "params": 337201, "time_iter": 0.08574, "accuracy": 0.84975, "precision": 0.54846, "recall": 0.84224, "f1": 0.66432, "auc": 0.92327, "accuracy-SBM": 0.8468}
{"epoch": 8, "time_epoch": 26.89575, "eta": 2474.98259, "eta_hours": 0.6875, "loss": 0.1022144, "lr": 0.00049877, "params": 337201, "time_iter": 0.08593, "accuracy": 0.85081, "precision": 0.55027, "recall": 0.84725, "f1": 0.6672, "auc": 0.92626, "accuracy-SBM": 0.84941}
{"epoch": 9, "time_epoch": 26.9548, "eta": 2445.5997, "eta_hours": 0.67933, "loss": 0.10017665, "lr": 0.00049782, "params": 337201, "time_iter": 0.08612, "accuracy": 0.85083, "precision": 0.5501, "recall": 0.85044, "f1": 0.66807, "auc": 0.92855, "accuracy-SBM": 0.85068}
{"epoch": 10, "time_epoch": 27.04637, "eta": 2417.39911, "eta_hours": 0.6715, "loss": 0.09912914, "lr": 0.00049659, "params": 337201, "time_iter": 0.08641, "accuracy": 0.8522, "precision": 0.55286, "recall": 0.85078, "f1": 0.6702, "auc": 0.92961, "accuracy-SBM": 0.85164}
{"epoch": 11, "time_epoch": 26.72679, "eta": 2387.04735, "eta_hours": 0.66307, "loss": 0.09864676, "lr": 0.00049509, "params": 337201, "time_iter": 0.08539, "accuracy": 0.85265, "precision": 0.5538, "recall": 0.85059, "f1": 0.67083, "auc": 0.92995, "accuracy-SBM": 0.85184}
{"epoch": 12, "time_epoch": 26.98806, "eta": 2359.00179, "eta_hours": 0.65528, "loss": 0.09780498, "lr": 0.00049333, "params": 337201, "time_iter": 0.08622, "accuracy": 0.8533, "precision": 0.55504, "recall": 0.8519, "f1": 0.67215, "auc": 0.9309, "accuracy-SBM": 0.85275}
{"epoch": 13, "time_epoch": 26.89436, "eta": 2330.53168, "eta_hours": 0.64737, "loss": 0.09737062, "lr": 0.0004913, "params": 337201, "time_iter": 0.08592, "accuracy": 0.85356, "precision": 0.55552, "recall": 0.85254, "f1": 0.67271, "auc": 0.93139, "accuracy-SBM": 0.85316}
{"epoch": 14, "time_epoch": 27.01219, "eta": 2302.93941, "eta_hours": 0.63971, "loss": 0.09704701, "lr": 0.00048901, "params": 337201, "time_iter": 0.0863, "accuracy": 0.85403, "precision": 0.5565, "recall": 0.8523, "f1": 0.67334, "auc": 0.93165, "accuracy-SBM": 0.85335}
{"epoch": 15, "time_epoch": 26.83065, "eta": 2274.46656, "eta_hours": 0.6318, "loss": 0.09683027, "lr": 0.00048645, "params": 337201, "time_iter": 0.08572, "accuracy": 0.85392, "precision": 0.55623, "recall": 0.85289, "f1": 0.67333, "auc": 0.93185, "accuracy-SBM": 0.85351}
{"epoch": 16, "time_epoch": 27.05032, "eta": 2247.25943, "eta_hours": 0.62424, "loss": 0.09640258, "lr": 0.00048364, "params": 337201, "time_iter": 0.08642, "accuracy": 0.85472, "precision": 0.55785, "recall": 0.85315, "f1": 0.6746, "auc": 0.93239, "accuracy-SBM": 0.8541}
{"epoch": 17, "time_epoch": 27.15212, "eta": 2220.53343, "eta_hours": 0.61681, "loss": 0.09619045, "lr": 0.00048057, "params": 337201, "time_iter": 0.08675, "accuracy": 0.8551, "precision": 0.55864, "recall": 0.85323, "f1": 0.6752, "auc": 0.93264, "accuracy-SBM": 0.85437}
{"epoch": 18, "time_epoch": 26.97691, "eta": 2193.01566, "eta_hours": 0.60917, "loss": 0.09605806, "lr": 0.00047725, "params": 337201, "time_iter": 0.08619, "accuracy": 0.85583, "precision": 0.56029, "recall": 0.85155, "f1": 0.67588, "auc": 0.93272, "accuracy-SBM": 0.85415}
{"epoch": 19, "time_epoch": 27.07769, "eta": 2165.95507, "eta_hours": 0.60165, "loss": 0.09550397, "lr": 0.00047368, "params": 337201, "time_iter": 0.08651, "accuracy": 0.856, "precision": 0.56044, "recall": 0.85408, "f1": 0.67678, "auc": 0.93353, "accuracy-SBM": 0.85525}
{"epoch": 20, "time_epoch": 27.06867, "eta": 2138.85893, "eta_hours": 0.59413, "loss": 0.09565793, "lr": 0.00046987, "params": 337201, "time_iter": 0.08648, "accuracy": 0.85521, "precision": 0.55878, "recall": 0.85425, "f1": 0.67562, "auc": 0.93325, "accuracy-SBM": 0.85483}
{"epoch": 21, "time_epoch": 26.8622, "eta": 2111.03325, "eta_hours": 0.5864, "loss": 0.09491579, "lr": 0.00046581, "params": 337201, "time_iter": 0.08582, "accuracy": 0.85695, "precision": 0.56233, "recall": 0.85529, "f1": 0.67854, "auc": 0.93427, "accuracy-SBM": 0.8563}
{"epoch": 22, "time_epoch": 26.98584, "eta": 2083.70527, "eta_hours": 0.57881, "loss": 0.09485561, "lr": 0.00046152, "params": 337201, "time_iter": 0.08622, "accuracy": 0.85628, "precision": 0.56082, "recall": 0.85662, "f1": 0.67786, "auc": 0.93435, "accuracy-SBM": 0.85641}
{"epoch": 23, "time_epoch": 26.79296, "eta": 2055.79505, "eta_hours": 0.57105, "loss": 0.09446171, "lr": 0.000457, "params": 337201, "time_iter": 0.0856, "accuracy": 0.85689, "precision": 0.56206, "recall": 0.85709, "f1": 0.67891, "auc": 0.93487, "accuracy-SBM": 0.85697}
{"epoch": 24, "time_epoch": 26.95755, "eta": 2028.46795, "eta_hours": 0.56346, "loss": 0.09472755, "lr": 0.00045225, "params": 337201, "time_iter": 0.08613, "accuracy": 0.85628, "precision": 0.56079, "recall": 0.85698, "f1": 0.67794, "auc": 0.93449, "accuracy-SBM": 0.85655}
{"epoch": 25, "time_epoch": 27.20681, "eta": 2001.87871, "eta_hours": 0.55608, "loss": 0.0940418, "lr": 0.00044729, "params": 337201, "time_iter": 0.08692, "accuracy": 0.85821, "precision": 0.56487, "recall": 0.85651, "f1": 0.68077, "auc": 0.93544, "accuracy-SBM": 0.85754}
{"epoch": 26, "time_epoch": 27.41708, "eta": 1975.81223, "eta_hours": 0.54884, "loss": 0.09377738, "lr": 0.0004421, "params": 337201, "time_iter": 0.08759, "accuracy": 0.85856, "precision": 0.56548, "recall": 0.8579, "f1": 0.68165, "auc": 0.93585, "accuracy-SBM": 0.8583}
{"epoch": 27, "time_epoch": 26.9149, "eta": 1948.35796, "eta_hours": 0.54121, "loss": 0.09404971, "lr": 0.00043671, "params": 337201, "time_iter": 0.08599, "accuracy": 0.85741, "precision": 0.5631, "recall": 0.85747, "f1": 0.67979, "auc": 0.93536, "accuracy-SBM": 0.85743}
{"epoch": 28, "time_epoch": 26.78003, "eta": 1920.61069, "eta_hours": 0.5335, "loss": 0.09368039, "lr": 0.00043111, "params": 337201, "time_iter": 0.08556, "accuracy": 0.85811, "precision": 0.56448, "recall": 0.85863, "f1": 0.68115, "auc": 0.9359, "accuracy-SBM": 0.85831}
{"epoch": 29, "time_epoch": 27.16251, "eta": 1893.82036, "eta_hours": 0.52606, "loss": 0.09302276, "lr": 0.00042531, "params": 337201, "time_iter": 0.08678, "accuracy": 0.85968, "precision": 0.56776, "recall": 0.85916, "f1": 0.68371, "auc": 0.9368, "accuracy-SBM": 0.85948}
{"epoch": 30, "time_epoch": 26.33107, "eta": 1865.1554, "eta_hours": 0.5181, "loss": 0.09285438, "lr": 0.00041932, "params": 337201, "time_iter": 0.08412, "accuracy": 0.85986, "precision": 0.56813, "recall": 0.85918, "f1": 0.68398, "auc": 0.93712, "accuracy-SBM": 0.85959}
{"epoch": 31, "time_epoch": 26.81002, "eta": 1837.65407, "eta_hours": 0.51046, "loss": 0.09295759, "lr": 0.00041315, "params": 337201, "time_iter": 0.08566, "accuracy": 0.85873, "precision": 0.56565, "recall": 0.8601, "f1": 0.68247, "auc": 0.93692, "accuracy-SBM": 0.85926}
{"epoch": 32, "time_epoch": 26.76922, "eta": 1810.11181, "eta_hours": 0.50281, "loss": 0.09254023, "lr": 0.00040679, "params": 337201, "time_iter": 0.08552, "accuracy": 0.85968, "precision": 0.56751, "recall": 0.86189, "f1": 0.68439, "auc": 0.93748, "accuracy-SBM": 0.86055}
{"epoch": 33, "time_epoch": 26.60415, "eta": 1782.29458, "eta_hours": 0.49508, "loss": 0.09250576, "lr": 0.00040027, "params": 337201, "time_iter": 0.085, "accuracy": 0.85895, "precision": 0.56597, "recall": 0.86199, "f1": 0.6833, "auc": 0.93748, "accuracy-SBM": 0.86015}
{"epoch": 34, "time_epoch": 26.64577, "eta": 1754.62397, "eta_hours": 0.4874, "loss": 0.09227721, "lr": 0.00039358, "params": 337201, "time_iter": 0.08513, "accuracy": 0.85967, "precision": 0.56751, "recall": 0.86172, "f1": 0.68434, "auc": 0.93782, "accuracy-SBM": 0.86048}
{"epoch": 35, "time_epoch": 26.57295, "eta": 1726.88083, "eta_hours": 0.47969, "loss": 0.09222866, "lr": 0.00038674, "params": 337201, "time_iter": 0.0849, "accuracy": 0.85955, "precision": 0.56715, "recall": 0.86287, "f1": 0.68443, "auc": 0.93788, "accuracy-SBM": 0.86085}
{"epoch": 36, "time_epoch": 26.6562, "eta": 1699.34271, "eta_hours": 0.47204, "loss": 0.09220992, "lr": 0.00037974, "params": 337201, "time_iter": 0.08516, "accuracy": 0.85955, "precision": 0.56718, "recall": 0.86255, "f1": 0.68436, "auc": 0.93785, "accuracy-SBM": 0.86073}
{"epoch": 37, "time_epoch": 26.70372, "eta": 1671.92853, "eta_hours": 0.46442, "loss": 0.0920438, "lr": 0.00037261, "params": 337201, "time_iter": 0.08532, "accuracy": 0.86077, "precision": 0.56986, "recall": 0.86147, "f1": 0.68596, "auc": 0.93811, "accuracy-SBM": 0.86104}
{"epoch": 38, "time_epoch": 26.50062, "eta": 1644.23312, "eta_hours": 0.45673, "loss": 0.09167473, "lr": 0.00036534, "params": 337201, "time_iter": 0.08467, "accuracy": 0.86066, "precision": 0.5695, "recall": 0.86302, "f1": 0.68619, "auc": 0.93864, "accuracy-SBM": 0.86159}
{"epoch": 39, "time_epoch": 27.29584, "eta": 1617.79028, "eta_hours": 0.44939, "loss": 0.09173057, "lr": 0.00035794, "params": 337201, "time_iter": 0.08721, "accuracy": 0.8601, "precision": 0.5682, "recall": 0.86411, "f1": 0.68559, "auc": 0.93856, "accuracy-SBM": 0.86167}
{"epoch": 40, "time_epoch": 26.88534, "eta": 1590.71511, "eta_hours": 0.44187, "loss": 0.09152563, "lr": 0.00035042, "params": 337201, "time_iter": 0.0859, "accuracy": 0.86095, "precision": 0.57004, "recall": 0.86366, "f1": 0.68678, "auc": 0.93883, "accuracy-SBM": 0.86201}
{"epoch": 41, "time_epoch": 27.07736, "eta": 1563.91415, "eta_hours": 0.43442, "loss": 0.09129053, "lr": 0.0003428, "params": 337201, "time_iter": 0.08651, "accuracy": 0.86127, "precision": 0.57068, "recall": 0.86414, "f1": 0.6874, "auc": 0.93916, "accuracy-SBM": 0.86239}
{"epoch": 42, "time_epoch": 26.88102, "eta": 1536.84006, "eta_hours": 0.4269, "loss": 0.0912479, "lr": 0.00033507, "params": 337201, "time_iter": 0.08588, "accuracy": 0.86098, "precision": 0.57006, "recall": 0.8643, "f1": 0.687, "auc": 0.93921, "accuracy-SBM": 0.86229}
{"epoch": 43, "time_epoch": 27.03449, "eta": 1509.97008, "eta_hours": 0.41944, "loss": 0.09118142, "lr": 0.00032725, "params": 337201, "time_iter": 0.08637, "accuracy": 0.86221, "precision": 0.57282, "recall": 0.86282, "f1": 0.68853, "auc": 0.93927, "accuracy-SBM": 0.86245}
{"epoch": 44, "time_epoch": 27.15088, "eta": 1483.23504, "eta_hours": 0.41201, "loss": 0.09106395, "lr": 0.00031935, "params": 337201, "time_iter": 0.08674, "accuracy": 0.86186, "precision": 0.572, "recall": 0.8635, "f1": 0.68815, "auc": 0.93942, "accuracy-SBM": 0.8625}
{"epoch": 45, "time_epoch": 27.03694, "eta": 1456.34817, "eta_hours": 0.40454, "loss": 0.09102557, "lr": 0.00031137, "params": 337201, "time_iter": 0.08638, "accuracy": 0.86144, "precision": 0.57099, "recall": 0.86473, "f1": 0.68781, "auc": 0.93951, "accuracy-SBM": 0.86273}
{"epoch": 46, "time_epoch": 27.07885, "eta": 1429.50217, "eta_hours": 0.39708, "loss": 0.09070938, "lr": 0.00030332, "params": 337201, "time_iter": 0.08651, "accuracy": 0.86196, "precision": 0.57207, "recall": 0.86514, "f1": 0.68873, "auc": 0.93991, "accuracy-SBM": 0.86321}
{"epoch": 47, "time_epoch": 27.01218, "eta": 1402.57425, "eta_hours": 0.3896, "loss": 0.09060667, "lr": 0.00029522, "params": 337201, "time_iter": 0.0863, "accuracy": 0.862, "precision": 0.57212, "recall": 0.86543, "f1": 0.68885, "auc": 0.94008, "accuracy-SBM": 0.86334}
{"epoch": 48, "time_epoch": 26.94123, "eta": 1375.56903, "eta_hours": 0.3821, "loss": 0.09092265, "lr": 0.00028707, "params": 337201, "time_iter": 0.08607, "accuracy": 0.86177, "precision": 0.57179, "recall": 0.86393, "f1": 0.68813, "auc": 0.9396, "accuracy-SBM": 0.86262}
{"epoch": 49, "time_epoch": 27.02114, "eta": 1348.64629, "eta_hours": 0.37462, "loss": 0.09047567, "lr": 0.00027887, "params": 337201, "time_iter": 0.08633, "accuracy": 0.86184, "precision": 0.57172, "recall": 0.86617, "f1": 0.6888, "auc": 0.94025, "accuracy-SBM": 0.86354}
{"epoch": 50, "time_epoch": 26.9608, "eta": 1321.66172, "eta_hours": 0.36713, "loss": 0.09047382, "lr": 0.00027064, "params": 337201, "time_iter": 0.08614, "accuracy": 0.86201, "precision": 0.5721, "recall": 0.86595, "f1": 0.689, "auc": 0.94023, "accuracy-SBM": 0.86356}
{"epoch": 51, "time_epoch": 26.97776, "eta": 1294.6937, "eta_hours": 0.35964, "loss": 0.09045197, "lr": 0.0002624, "params": 337201, "time_iter": 0.08619, "accuracy": 0.86226, "precision": 0.57269, "recall": 0.86541, "f1": 0.68926, "auc": 0.94028, "accuracy-SBM": 0.8635}
{"epoch": 52, "time_epoch": 26.80838, "eta": 1267.57513, "eta_hours": 0.3521, "loss": 0.09030748, "lr": 0.00025413, "params": 337201, "time_iter": 0.08565, "accuracy": 0.86295, "precision": 0.57418, "recall": 0.86538, "f1": 0.69032, "auc": 0.94049, "accuracy-SBM": 0.8639}
{"epoch": 53, "time_epoch": 26.95399, "eta": 1240.59208, "eta_hours": 0.34461, "loss": 0.09023667, "lr": 0.00024587, "params": 337201, "time_iter": 0.08611, "accuracy": 0.86228, "precision": 0.57256, "recall": 0.86714, "f1": 0.68972, "auc": 0.94059, "accuracy-SBM": 0.86419}
{"epoch": 54, "time_epoch": 26.94505, "eta": 1213.60277, "eta_hours": 0.33711, "loss": 0.0903095, "lr": 0.0002376, "params": 337201, "time_iter": 0.08609, "accuracy": 0.86226, "precision": 0.57263, "recall": 0.86602, "f1": 0.6894, "auc": 0.94045, "accuracy-SBM": 0.86374}
{"epoch": 55, "time_epoch": 26.71223, "eta": 1186.43211, "eta_hours": 0.32956, "loss": 0.09012474, "lr": 0.00022936, "params": 337201, "time_iter": 0.08534, "accuracy": 0.86233, "precision": 0.57265, "recall": 0.86726, "f1": 0.68982, "auc": 0.94072, "accuracy-SBM": 0.86426}
{"epoch": 56, "time_epoch": 26.94116, "eta": 1159.45023, "eta_hours": 0.32207, "loss": 0.09006141, "lr": 0.00022113, "params": 337201, "time_iter": 0.08607, "accuracy": 0.86269, "precision": 0.57349, "recall": 0.86677, "f1": 0.69027, "auc": 0.94079, "accuracy-SBM": 0.8643}
{"epoch": 57, "time_epoch": 26.65441, "eta": 1132.26212, "eta_hours": 0.31452, "loss": 0.08996699, "lr": 0.00021293, "params": 337201, "time_iter": 0.08516, "accuracy": 0.86294, "precision": 0.57396, "recall": 0.86739, "f1": 0.69081, "auc": 0.94094, "accuracy-SBM": 0.86469}
{"epoch": 58, "time_epoch": 26.81508, "eta": 1105.20375, "eta_hours": 0.307, "loss": 0.08991999, "lr": 0.00020478, "params": 337201, "time_iter": 0.08567, "accuracy": 0.86249, "precision": 0.57295, "recall": 0.86785, "f1": 0.69022, "auc": 0.94097, "accuracy-SBM": 0.8646}
{"epoch": 59, "time_epoch": 27.02577, "eta": 1078.29395, "eta_hours": 0.29953, "loss": 0.08991532, "lr": 0.00019668, "params": 337201, "time_iter": 0.08634, "accuracy": 0.86303, "precision": 0.57417, "recall": 0.86718, "f1": 0.69089, "auc": 0.94099, "accuracy-SBM": 0.86466}
{"epoch": 60, "time_epoch": 27.04872, "eta": 1051.39502, "eta_hours": 0.29205, "loss": 0.08970763, "lr": 0.00018863, "params": 337201, "time_iter": 0.08642, "accuracy": 0.86329, "precision": 0.5747, "recall": 0.86759, "f1": 0.6914, "auc": 0.94127, "accuracy-SBM": 0.86498}
{"epoch": 61, "time_epoch": 26.82264, "eta": 1024.35269, "eta_hours": 0.28454, "loss": 0.08964222, "lr": 0.00018065, "params": 337201, "time_iter": 0.0857, "accuracy": 0.86293, "precision": 0.57389, "recall": 0.86774, "f1": 0.69087, "auc": 0.94135, "accuracy-SBM": 0.86482}
{"epoch": 62, "time_epoch": 26.93359, "eta": 997.3825, "eta_hours": 0.27705, "loss": 0.08961579, "lr": 0.00017275, "params": 337201, "time_iter": 0.08605, "accuracy": 0.86285, "precision": 0.5738, "recall": 0.86708, "f1": 0.69059, "auc": 0.94141, "accuracy-SBM": 0.86451}
{"epoch": 63, "time_epoch": 26.86592, "eta": 970.37538, "eta_hours": 0.26955, "loss": 0.0895805, "lr": 0.00016493, "params": 337201, "time_iter": 0.08583, "accuracy": 0.86333, "precision": 0.57475, "recall": 0.86774, "f1": 0.69149, "auc": 0.94144, "accuracy-SBM": 0.86506}
{"epoch": 64, "time_epoch": 27.01876, "eta": 943.45491, "eta_hours": 0.26207, "loss": 0.08942303, "lr": 0.0001572, "params": 337201, "time_iter": 0.08632, "accuracy": 0.8638, "precision": 0.57578, "recall": 0.86772, "f1": 0.69223, "auc": 0.94163, "accuracy-SBM": 0.86534}
{"epoch": 65, "time_epoch": 26.88779, "eta": 916.46399, "eta_hours": 0.25457, "loss": 0.0895009, "lr": 0.00014958, "params": 337201, "time_iter": 0.0859, "accuracy": 0.86352, "precision": 0.57515, "recall": 0.86789, "f1": 0.69183, "auc": 0.94155, "accuracy-SBM": 0.86523}
{"epoch": 66, "time_epoch": 26.92947, "eta": 889.49668, "eta_hours": 0.24708, "loss": 0.08936727, "lr": 0.00014206, "params": 337201, "time_iter": 0.08604, "accuracy": 0.86372, "precision": 0.57561, "recall": 0.86769, "f1": 0.69209, "auc": 0.94172, "accuracy-SBM": 0.86528}
{"epoch": 67, "time_epoch": 27.04206, "eta": 862.58347, "eta_hours": 0.23961, "loss": 0.08933822, "lr": 0.00013466, "params": 337201, "time_iter": 0.0864, "accuracy": 0.86347, "precision": 0.57498, "recall": 0.86865, "f1": 0.69194, "auc": 0.94173, "accuracy-SBM": 0.86551}
{"epoch": 68, "time_epoch": 26.89868, "eta": 835.6021, "eta_hours": 0.23211, "loss": 0.08930682, "lr": 0.00012739, "params": 337201, "time_iter": 0.08594, "accuracy": 0.86386, "precision": 0.57583, "recall": 0.86856, "f1": 0.69254, "auc": 0.94181, "accuracy-SBM": 0.86571}
{"epoch": 69, "time_epoch": 26.92294, "eta": 808.6335, "eta_hours": 0.22462, "loss": 0.08929977, "lr": 0.00012026, "params": 337201, "time_iter": 0.08602, "accuracy": 0.86375, "precision": 0.57564, "recall": 0.86788, "f1": 0.69218, "auc": 0.94176, "accuracy-SBM": 0.86537}
{"epoch": 70, "time_epoch": 26.93913, "eta": 781.67279, "eta_hours": 0.21713, "loss": 0.08923364, "lr": 0.00011326, "params": 337201, "time_iter": 0.08607, "accuracy": 0.8635, "precision": 0.575, "recall": 0.86894, "f1": 0.69205, "auc": 0.94188, "accuracy-SBM": 0.86564}
{"epoch": 71, "time_epoch": 26.82086, "eta": 754.66669, "eta_hours": 0.20963, "loss": 0.08913197, "lr": 0.00010642, "params": 337201, "time_iter": 0.08569, "accuracy": 0.86372, "precision": 0.57545, "recall": 0.86939, "f1": 0.69252, "auc": 0.94204, "accuracy-SBM": 0.86595}
{"epoch": 72, "time_epoch": 27.2473, "eta": 727.82338, "eta_hours": 0.20217, "loss": 0.08903666, "lr": 9.973e-05, "params": 337201, "time_iter": 0.08705, "accuracy": 0.8645, "precision": 0.57723, "recall": 0.86835, "f1": 0.69348, "auc": 0.94216, "accuracy-SBM": 0.86601}
{"epoch": 73, "time_epoch": 27.00269, "eta": 700.88322, "eta_hours": 0.19469, "loss": 0.0890202, "lr": 9.321e-05, "params": 337201, "time_iter": 0.08627, "accuracy": 0.86432, "precision": 0.57682, "recall": 0.86855, "f1": 0.69324, "auc": 0.94215, "accuracy-SBM": 0.86598}
{"epoch": 74, "time_epoch": 26.96442, "eta": 673.92863, "eta_hours": 0.1872, "loss": 0.0889506, "lr": 8.685e-05, "params": 337201, "time_iter": 0.08615, "accuracy": 0.864, "precision": 0.57604, "recall": 0.86939, "f1": 0.69295, "auc": 0.94227, "accuracy-SBM": 0.86612}
{"epoch": 75, "time_epoch": 26.79396, "eta": 646.91995, "eta_hours": 0.1797, "loss": 0.08887273, "lr": 8.068e-05, "params": 337201, "time_iter": 0.0856, "accuracy": 0.86393, "precision": 0.57586, "recall": 0.86971, "f1": 0.69292, "auc": 0.94237, "accuracy-SBM": 0.8662}
{"epoch": 76, "time_epoch": 27.01453, "eta": 619.98274, "eta_hours": 0.17222, "loss": 0.08889862, "lr": 7.469e-05, "params": 337201, "time_iter": 0.08631, "accuracy": 0.86463, "precision": 0.5775, "recall": 0.86851, "f1": 0.69372, "auc": 0.94234, "accuracy-SBM": 0.86615}
{"epoch": 77, "time_epoch": 26.85199, "eta": 592.9977, "eta_hours": 0.16472, "loss": 0.08884183, "lr": 6.889e-05, "params": 337201, "time_iter": 0.08579, "accuracy": 0.86466, "precision": 0.57755, "recall": 0.86866, "f1": 0.69381, "auc": 0.94241, "accuracy-SBM": 0.86623}
{"epoch": 78, "time_epoch": 26.97363, "eta": 566.04836, "eta_hours": 0.15724, "loss": 0.08882376, "lr": 6.329e-05, "params": 337201, "time_iter": 0.08618, "accuracy": 0.86418, "precision": 0.57642, "recall": 0.86958, "f1": 0.69328, "auc": 0.94241, "accuracy-SBM": 0.8663}
{"epoch": 79, "time_epoch": 26.88827, "eta": 539.07707, "eta_hours": 0.14974, "loss": 0.08871858, "lr": 5.79e-05, "params": 337201, "time_iter": 0.08591, "accuracy": 0.86416, "precision": 0.57637, "recall": 0.86965, "f1": 0.69327, "auc": 0.94256, "accuracy-SBM": 0.86632}
{"epoch": 80, "time_epoch": 27.17841, "eta": 512.17589, "eta_hours": 0.14227, "loss": 0.08864723, "lr": 5.271e-05, "params": 337201, "time_iter": 0.08683, "accuracy": 0.86442, "precision": 0.57694, "recall": 0.86947, "f1": 0.69362, "auc": 0.94264, "accuracy-SBM": 0.8664}
{"epoch": 81, "time_epoch": 26.79667, "eta": 485.18415, "eta_hours": 0.13477, "loss": 0.08871699, "lr": 4.775e-05, "params": 337201, "time_iter": 0.08561, "accuracy": 0.86412, "precision": 0.57627, "recall": 0.8697, "f1": 0.69321, "auc": 0.94257, "accuracy-SBM": 0.86631}
{"epoch": 82, "time_epoch": 26.95143, "eta": 458.22881, "eta_hours": 0.12729, "loss": 0.08867539, "lr": 4.3e-05, "params": 337201, "time_iter": 0.08611, "accuracy": 0.86461, "precision": 0.57741, "recall": 0.86903, "f1": 0.69382, "auc": 0.94257, "accuracy-SBM": 0.86635}
{"epoch": 83, "time_epoch": 26.97061, "eta": 431.27722, "eta_hours": 0.1198, "loss": 0.08860197, "lr": 3.848e-05, "params": 337201, "time_iter": 0.08617, "accuracy": 0.86462, "precision": 0.57746, "recall": 0.86869, "f1": 0.69375, "auc": 0.94269, "accuracy-SBM": 0.86622}
{"epoch": 84, "time_epoch": 27.1179, "eta": 404.35117, "eta_hours": 0.11232, "loss": 0.08863789, "lr": 3.419e-05, "params": 337201, "time_iter": 0.08664, "accuracy": 0.86438, "precision": 0.57691, "recall": 0.869, "f1": 0.69346, "auc": 0.94262, "accuracy-SBM": 0.8662}
{"epoch": 85, "time_epoch": 27.17495, "eta": 377.42995, "eta_hours": 0.10484, "loss": 0.08862393, "lr": 3.013e-05, "params": 337201, "time_iter": 0.08682, "accuracy": 0.86419, "precision": 0.57646, "recall": 0.86925, "f1": 0.69321, "auc": 0.94266, "accuracy-SBM": 0.86617}
{"epoch": 86, "time_epoch": 26.9364, "eta": 350.46725, "eta_hours": 0.09735, "loss": 0.08857602, "lr": 2.632e-05, "params": 337201, "time_iter": 0.08606, "accuracy": 0.8647, "precision": 0.57758, "recall": 0.86916, "f1": 0.69399, "auc": 0.94272, "accuracy-SBM": 0.86645}
{"epoch": 87, "time_epoch": 26.98284, "eta": 323.51148, "eta_hours": 0.08986, "loss": 0.08843515, "lr": 2.275e-05, "params": 337201, "time_iter": 0.08621, "accuracy": 0.86472, "precision": 0.57755, "recall": 0.86988, "f1": 0.69419, "auc": 0.94295, "accuracy-SBM": 0.86674}
{"epoch": 88, "time_epoch": 27.1008, "eta": 296.56968, "eta_hours": 0.08238, "loss": 0.08849091, "lr": 1.943e-05, "params": 337201, "time_iter": 0.08658, "accuracy": 0.86464, "precision": 0.57743, "recall": 0.8694, "f1": 0.69396, "auc": 0.94284, "accuracy-SBM": 0.86651}
{"epoch": 89, "time_epoch": 26.91086, "eta": 269.60324, "eta_hours": 0.07489, "loss": 0.08839344, "lr": 1.636e-05, "params": 337201, "time_iter": 0.08598, "accuracy": 0.86494, "precision": 0.57795, "recall": 0.87059, "f1": 0.69471, "auc": 0.94301, "accuracy-SBM": 0.86716}
{"epoch": 90, "time_epoch": 27.03016, "eta": 242.64982, "eta_hours": 0.0674, "loss": 0.08843943, "lr": 1.355e-05, "params": 337201, "time_iter": 0.08636, "accuracy": 0.86495, "precision": 0.57807, "recall": 0.8697, "f1": 0.69451, "auc": 0.94293, "accuracy-SBM": 0.86681}
{"epoch": 91, "time_epoch": 26.76765, "eta": 215.67191, "eta_hours": 0.05991, "loss": 0.08842602, "lr": 1.099e-05, "params": 337201, "time_iter": 0.08552, "accuracy": 0.86454, "precision": 0.57719, "recall": 0.86958, "f1": 0.69384, "auc": 0.94293, "accuracy-SBM": 0.86652}
{"epoch": 92, "time_epoch": 26.96133, "eta": 188.7131, "eta_hours": 0.05242, "loss": 0.08839215, "lr": 8.7e-06, "params": 337201, "time_iter": 0.08614, "accuracy": 0.86468, "precision": 0.57743, "recall": 0.87022, "f1": 0.69421, "auc": 0.94297, "accuracy-SBM": 0.86685}
{"epoch": 93, "time_epoch": 26.96677, "eta": 161.75458, "eta_hours": 0.04493, "loss": 0.08833964, "lr": 6.67e-06, "params": 337201, "time_iter": 0.08616, "accuracy": 0.86493, "precision": 0.57802, "recall": 0.86985, "f1": 0.69453, "auc": 0.94303, "accuracy-SBM": 0.86687}
{"epoch": 94, "time_epoch": 26.87055, "eta": 134.79082, "eta_hours": 0.03744, "loss": 0.08839533, "lr": 4.91e-06, "params": 337201, "time_iter": 0.08585, "accuracy": 0.86487, "precision": 0.57791, "recall": 0.86964, "f1": 0.69438, "auc": 0.94294, "accuracy-SBM": 0.86675}
{"epoch": 95, "time_epoch": 27.08117, "eta": 107.83778, "eta_hours": 0.02995, "loss": 0.0883725, "lr": 3.41e-06, "params": 337201, "time_iter": 0.08652, "accuracy": 0.86446, "precision": 0.57695, "recall": 0.87038, "f1": 0.69392, "auc": 0.94298, "accuracy-SBM": 0.86679}
{"epoch": 96, "time_epoch": 26.96572, "eta": 80.87853, "eta_hours": 0.02247, "loss": 0.08837325, "lr": 2.18e-06, "params": 337201, "time_iter": 0.08615, "accuracy": 0.86458, "precision": 0.57725, "recall": 0.86991, "f1": 0.69399, "auc": 0.94301, "accuracy-SBM": 0.86668}
{"epoch": 97, "time_epoch": 26.95142, "eta": 53.91886, "eta_hours": 0.01498, "loss": 0.08833544, "lr": 1.23e-06, "params": 337201, "time_iter": 0.08611, "accuracy": 0.86464, "precision": 0.57736, "recall": 0.86997, "f1": 0.69409, "auc": 0.94304, "accuracy-SBM": 0.86673}
{"epoch": 98, "time_epoch": 27.04944, "eta": 26.96034, "eta_hours": 0.00749, "loss": 0.08833487, "lr": 5.5e-07, "params": 337201, "time_iter": 0.08642, "accuracy": 0.86478, "precision": 0.5776, "recall": 0.87066, "f1": 0.69448, "auc": 0.94305, "accuracy-SBM": 0.86709}
{"epoch": 99, "time_epoch": 27.0471, "eta": 0.0, "eta_hours": 0.0, "loss": 0.08833091, "lr": 1.4e-07, "params": 337201, "time_iter": 0.08641, "accuracy": 0.86476, "precision": 0.57759, "recall": 0.87034, "f1": 0.69437, "auc": 0.94308, "accuracy-SBM": 0.86695}
