{"epoch": 0, "time_epoch": 61.68212, "time_epoch_std": 1.13808, "eta": 6106.52958, "eta_std": 112.67042, "eta_hours": 1.69626, "eta_hours_std": 0.0313, "loss": 2.30737, "loss_std": 0.00401, "lr": 0.0, "lr_std": 0.0, "params": 112726.0, "params_std": 0.0, "time_iter": 0.02193, "time_iter_std": 0.0004, "accuracy": 0.09923, "accuracy_std": 0.0106, "f1": 0.05085, "f1_std": 0.0167, "auc": 0.50128, "auc_std": 0.01907}
{"epoch": 1, "time_epoch": 56.86264, "time_epoch_std": 1.08295, "eta": 5808.6933, "eta_std": 108.27635, "eta_hours": 1.61353, "eta_hours_std": 0.03008, "loss": 2.02159, "loss_std": 0.00379, "lr": 0.0002, "lr_std": 0.0, "params": 112726.0, "params_std": 0.0, "time_iter": 0.02021, "time_iter_std": 0.00038, "accuracy": 0.32432, "accuracy_std": 0.00403, "f1": 0.30367, "f1_std": 0.00575, "auc": 0.77849, "auc_std": 0.0017}
{"epoch": 2, "time_epoch": 56.92898, "time_epoch_std": 1.2108, "eta": 5673.65089, "eta_std": 110.28314, "eta_hours": 1.57601, "eta_hours_std": 0.03063, "loss": 1.6883, "loss_std": 0.00522, "lr": 0.0004, "lr_std": 0.0, "params": 112726.0, "params_std": 0.0, "time_iter": 0.02024, "time_iter_std": 0.00043, "accuracy": 0.43253, "accuracy_std": 0.00347, "f1": 0.42367, "f1_std": 0.00359, "auc": 0.84588, "auc_std": 0.00145}
{"epoch": 3, "time_epoch": 56.77868, "time_epoch_std": 1.02332, "eta": 5574.05812, "eta_std": 106.18877, "eta_hours": 1.54835, "eta_hours_std": 0.0295, "loss": 1.46792, "loss_std": 0.00582, "lr": 0.0006, "lr_std": 0.0, "params": 112726.0, "params_std": 0.0, "time_iter": 0.02018, "time_iter_std": 0.00036, "accuracy": 0.49184, "accuracy_std": 0.00263, "f1": 0.48708, "f1_std": 0.00263, "auc": 0.87728, "auc_std": 0.00107}
{"epoch": 4, "time_epoch": 56.80001, "time_epoch_std": 1.01402, "eta": 5491.99625, "eta_std": 103.06136, "eta_hours": 1.52556, "eta_hours_std": 0.02863, "loss": 1.34068, "loss_std": 0.00781, "lr": 0.0008, "lr_std": 0.0, "params": 112726.0, "params_std": 0.0, "time_iter": 0.02019, "time_iter_std": 0.00036, "accuracy": 0.52955, "accuracy_std": 0.00328, "f1": 0.5269, "f1_std": 0.00326, "auc": 0.89531, "auc_std": 0.00126}
{"epoch": 5, "time_epoch": 56.85801, "time_epoch_std": 1.18828, "eta": 5419.26365, "eta_std": 103.54296, "eta_hours": 1.50535, "eta_hours_std": 0.02876, "loss": 1.25954, "loss_std": 0.00645, "lr": 0.001, "lr_std": 0.0, "params": 112726.0, "params_std": 0.0, "time_iter": 0.02021, "time_iter_std": 0.00042, "accuracy": 0.55642, "accuracy_std": 0.00308, "f1": 0.55481, "f1_std": 0.00308, "auc": 0.90711, "auc_std": 0.00093}
{"epoch": 6, "time_epoch": 56.92034, "time_epoch_std": 1.24266, "eta": 5351.89468, "eta_std": 104.18955, "eta_hours": 1.48664, "eta_hours_std": 0.02894, "loss": 1.17677, "loss_std": 0.00714, "lr": 0.001, "lr_std": 0.0, "params": 112726.0, "params_std": 0.0, "time_iter": 0.02024, "time_iter_std": 0.00044, "accuracy": 0.58581, "accuracy_std": 0.00296, "f1": 0.58456, "f1_std": 0.003, "auc": 0.91874, "auc_std": 0.00099}
{"epoch": 7, "time_epoch": 58.41786, "time_epoch_std": 4.07623, "eta": 5304.35941, "eta_std": 100.03941, "eta_hours": 1.47343, "eta_hours_std": 0.02779, "loss": 1.11511, "loss_std": 0.00774, "lr": 0.001, "lr_std": 0.0, "params": 112726.0, "params_std": 0.0, "time_iter": 0.02077, "time_iter_std": 0.00145, "accuracy": 0.60893, "accuracy_std": 0.00296, "f1": 0.60805, "f1_std": 0.00291, "auc": 0.92688, "auc_std": 0.00099}
{"epoch": 8, "time_epoch": 57.14457, "time_epoch_std": 1.18477, "eta": 5241.53136, "eta_std": 97.67109, "eta_hours": 1.45598, "eta_hours_std": 0.02713, "loss": 1.06509, "loss_std": 0.00725, "lr": 0.001, "lr_std": 0.0, "params": 112726.0, "params_std": 0.0, "time_iter": 0.02031, "time_iter_std": 0.00042, "accuracy": 0.62724, "accuracy_std": 0.00263, "f1": 0.62637, "f1_std": 0.00262, "auc": 0.93307, "auc_std": 0.0009}
{"epoch": 9, "time_epoch": 57.10881, "time_epoch_std": 1.07821, "eta": 5179.51823, "eta_std": 96.39381, "eta_hours": 1.43875, "eta_hours_std": 0.02678, "loss": 1.02479, "loss_std": 0.00787, "lr": 0.001, "lr_std": 0.0, "params": 112726.0, "params_std": 0.0, "time_iter": 0.0203, "time_iter_std": 0.00038, "accuracy": 0.64115, "accuracy_std": 0.00248, "f1": 0.64039, "f1_std": 0.00246, "auc": 0.93785, "auc_std": 0.00096}
{"epoch": 10, "time_epoch": 57.19032, "time_epoch_std": 1.12039, "eta": 5119.05621, "eta_std": 94.42128, "eta_hours": 1.42196, "eta_hours_std": 0.02623, "loss": 0.98912, "loss_std": 0.00846, "lr": 0.00099, "lr_std": 0.0, "params": 112726.0, "params_std": 0.0, "time_iter": 0.02033, "time_iter_std": 0.0004, "accuracy": 0.6545, "accuracy_std": 0.00342, "f1": 0.65378, "f1_std": 0.00347, "auc": 0.94192, "auc_std": 0.00098}
{"epoch": 11, "time_epoch": 57.27311, "time_epoch_std": 1.44835, "eta": 5059.74664, "eta_std": 94.57603, "eta_hours": 1.40548, "eta_hours_std": 0.02627, "loss": 0.95913, "loss_std": 0.00864, "lr": 0.00099, "lr_std": 0.0, "params": 112726.0, "params_std": 0.0, "time_iter": 0.02036, "time_iter_std": 0.00052, "accuracy": 0.66507, "accuracy_std": 0.00308, "f1": 0.66443, "f1_std": 0.00311, "auc": 0.9453, "auc_std": 0.00095}
{"epoch": 12, "time_epoch": 56.88766, "time_epoch_std": 1.32873, "eta": 4998.17084, "eta_std": 94.32494, "eta_hours": 1.38838, "eta_hours_std": 0.0262, "loss": 0.93096, "loss_std": 0.009, "lr": 0.00099, "lr_std": 0.0, "params": 112726.0, "params_std": 0.0, "time_iter": 0.02022, "time_iter_std": 0.00047, "accuracy": 0.67549, "accuracy_std": 0.0035, "f1": 0.67482, "f1_std": 0.00351, "auc": 0.94835, "auc_std": 0.00096}
{"epoch": 13, "time_epoch": 56.87234, "time_epoch_std": 1.11217, "eta": 4937.17061, "eta_std": 92.72734, "eta_hours": 1.37144, "eta_hours_std": 0.02576, "loss": 0.90782, "loss_std": 0.00829, "lr": 0.00098, "lr_std": 0.0, "params": 112726.0, "params_std": 0.0, "time_iter": 0.02022, "time_iter_std": 0.00039, "accuracy": 0.68339, "accuracy_std": 0.00332, "f1": 0.68282, "f1_std": 0.00336, "auc": 0.95074, "auc_std": 0.00087}
{"epoch": 14, "time_epoch": 56.86637, "time_epoch_std": 1.11148, "eta": 4876.68697, "eta_std": 91.22304, "eta_hours": 1.35463, "eta_hours_std": 0.02534, "loss": 0.88596, "loss_std": 0.00642, "lr": 0.00098, "lr_std": 0.0, "params": 112726.0, "params_std": 0.0, "time_iter": 0.02022, "time_iter_std": 0.0004, "accuracy": 0.69151, "accuracy_std": 0.00276, "f1": 0.69096, "f1_std": 0.00278, "auc": 0.95302, "auc_std": 0.0007}
{"epoch": 15, "time_epoch": 56.76632, "time_epoch_std": 1.02403, "eta": 4816.13024, "eta_std": 89.43906, "eta_hours": 1.33781, "eta_hours_std": 0.02485, "loss": 0.86396, "loss_std": 0.01083, "lr": 0.00097, "lr_std": 0.0, "params": 112726.0, "params_std": 0.0, "time_iter": 0.02018, "time_iter_std": 0.00036, "accuracy": 0.69864, "accuracy_std": 0.00397, "f1": 0.69808, "f1_std": 0.00404, "auc": 0.95525, "auc_std": 0.00104}
{"epoch": 16, "time_epoch": 56.70377, "time_epoch_std": 0.98505, "eta": 4755.71404, "eta_std": 87.55347, "eta_hours": 1.32103, "eta_hours_std": 0.02432, "loss": 0.84436, "loss_std": 0.01053, "lr": 0.00097, "lr_std": 0.0, "params": 112726.0, "params_std": 0.0, "time_iter": 0.02016, "time_iter_std": 0.00035, "accuracy": 0.70616, "accuracy_std": 0.00399, "f1": 0.70564, "f1_std": 0.004, "auc": 0.9571, "auc_std": 0.00102}
{"epoch": 17, "time_epoch": 56.68242, "time_epoch_std": 1.00323, "eta": 4695.61308, "eta_std": 85.94712, "eta_hours": 1.30434, "eta_hours_std": 0.02387, "loss": 0.82764, "loss_std": 0.00922, "lr": 0.00096, "lr_std": 0.0, "params": 112726.0, "params_std": 0.0, "time_iter": 0.02015, "time_iter_std": 0.00036, "accuracy": 0.71243, "accuracy_std": 0.00349, "f1": 0.71199, "f1_std": 0.0035, "auc": 0.95873, "auc_std": 0.00089}
{"epoch": 18, "time_epoch": 56.75436, "time_epoch_std": 1.16196, "eta": 4636.17863, "eta_std": 85.14661, "eta_hours": 1.28783, "eta_hours_std": 0.02365, "loss": 0.80906, "loss_std": 0.00894, "lr": 0.00095, "lr_std": 0.0, "params": 112726.0, "params_std": 0.0, "time_iter": 0.02017, "time_iter_std": 0.00041, "accuracy": 0.71847, "accuracy_std": 0.00297, "f1": 0.71791, "f1_std": 0.00295, "auc": 0.96046, "auc_std": 0.00087}
{"epoch": 19, "time_epoch": 56.87625, "time_epoch_std": 1.14047, "eta": 4577.49975, "eta_std": 84.1777, "eta_hours": 1.27153, "eta_hours_std": 0.02338, "loss": 0.79397, "loss_std": 0.00932, "lr": 0.00095, "lr_std": 0.0, "params": 112726.0, "params_std": 0.0, "time_iter": 0.02022, "time_iter_std": 0.00041, "accuracy": 0.72445, "accuracy_std": 0.00346, "f1": 0.72402, "f1_std": 0.00346, "auc": 0.96184, "auc_std": 0.00086}
{"epoch": 20, "time_epoch": 57.12078, "time_epoch_std": 1.46627, "eta": 4519.91247, "eta_std": 83.07316, "eta_hours": 1.25553, "eta_hours_std": 0.02308, "loss": 0.77855, "loss_std": 0.00756, "lr": 0.00094, "lr_std": 0.0, "params": 112726.0, "params_std": 0.0, "time_iter": 0.02031, "time_iter_std": 0.00052, "accuracy": 0.72896, "accuracy_std": 0.00314, "f1": 0.72852, "f1_std": 0.00317, "auc": 0.96327, "auc_std": 0.00065}
{"epoch": 21, "time_epoch": 57.25332, "time_epoch_std": 1.76016, "eta": 4462.83752, "eta_std": 82.1783, "eta_hours": 1.23968, "eta_hours_std": 0.02283, "loss": 0.764, "loss_std": 0.01068, "lr": 0.00093, "lr_std": 0.0, "params": 112726.0, "params_std": 0.0, "time_iter": 0.02035, "time_iter_std": 0.00063, "accuracy": 0.73373, "accuracy_std": 0.00452, "f1": 0.73329, "f1_std": 0.00448, "auc": 0.96462, "auc_std": 0.00091}
{"epoch": 22, "time_epoch": 56.72701, "time_epoch_std": 0.98886, "eta": 4403.98506, "eta_std": 80.74673, "eta_hours": 1.22333, "eta_hours_std": 0.02243, "loss": 0.74916, "loss_std": 0.01008, "lr": 0.00092, "lr_std": 0.0, "params": 112726.0, "params_std": 0.0, "time_iter": 0.02016, "time_iter_std": 0.00035, "accuracy": 0.73976, "accuracy_std": 0.0034, "f1": 0.73936, "f1_std": 0.00342, "auc": 0.96589, "auc_std": 0.00089}
{"epoch": 23, "time_epoch": 56.80932, "time_epoch_std": 1.1056, "eta": 4345.57038, "eta_std": 79.73797, "eta_hours": 1.2071, "eta_hours_std": 0.02215, "loss": 0.73757, "loss_std": 0.00977, "lr": 0.00091, "lr_std": 0.0, "params": 112726.0, "params_std": 0.0, "time_iter": 0.0202, "time_iter_std": 0.00039, "accuracy": 0.74391, "accuracy_std": 0.00458, "f1": 0.74353, "f1_std": 0.00459, "auc": 0.9669, "auc_std": 0.00086}
{"epoch": 24, "time_epoch": 57.47487, "time_epoch_std": 1.61673, "eta": 4289.28076, "eta_std": 78.81445, "eta_hours": 1.19147, "eta_hours_std": 0.02189, "loss": 0.72251, "loss_std": 0.00918, "lr": 0.0009, "lr_std": 0.0, "params": 112726.0, "params_std": 0.0, "time_iter": 0.02043, "time_iter_std": 0.00057, "accuracy": 0.74931, "accuracy_std": 0.00341, "f1": 0.74894, "f1_std": 0.00343, "auc": 0.96816, "auc_std": 0.0008}
{"epoch": 25, "time_epoch": 57.38852, "time_epoch_std": 2.02697, "eta": 4232.65418, "eta_std": 78.22941, "eta_hours": 1.17574, "eta_hours_std": 0.02173, "loss": 0.70823, "loss_std": 0.00954, "lr": 0.00089, "lr_std": 0.0, "params": 112726.0, "params_std": 0.0, "time_iter": 0.0204, "time_iter_std": 0.00072, "accuracy": 0.75494, "accuracy_std": 0.00382, "f1": 0.75456, "f1_std": 0.0038, "auc": 0.96931, "auc_std": 0.00079}
{"epoch": 26, "time_epoch": 57.03244, "time_epoch_std": 1.56119, "eta": 4175.00844, "eta_std": 77.63452, "eta_hours": 1.15972, "eta_hours_std": 0.02157, "loss": 0.69793, "loss_std": 0.00979, "lr": 0.00088, "lr_std": 0.0, "params": 112726.0, "params_std": 0.0, "time_iter": 0.02027, "time_iter_std": 0.00056, "accuracy": 0.75805, "accuracy_std": 0.00317, "f1": 0.75768, "f1_std": 0.00322, "auc": 0.97016, "auc_std": 0.00084}
{"epoch": 27, "time_epoch": 56.95284, "time_epoch_std": 1.33585, "eta": 4117.20183, "eta_std": 76.98396, "eta_hours": 1.14367, "eta_hours_std": 0.02138, "loss": 0.68608, "loss_std": 0.01018, "lr": 0.00087, "lr_std": 0.0, "params": 112726.0, "params_std": 0.0, "time_iter": 0.02025, "time_iter_std": 0.00047, "accuracy": 0.76169, "accuracy_std": 0.00369, "f1": 0.76134, "f1_std": 0.0037, "auc": 0.97116, "auc_std": 0.00083}
{"epoch": 28, "time_epoch": 56.82642, "time_epoch_std": 1.26223, "eta": 4059.14458, "eta_std": 76.26358, "eta_hours": 1.12754, "eta_hours_std": 0.02118, "loss": 0.67456, "loss_std": 0.00851, "lr": 0.00086, "lr_std": 0.0, "params": 112726.0, "params_std": 0.0, "time_iter": 0.0202, "time_iter_std": 0.00045, "accuracy": 0.76596, "accuracy_std": 0.00305, "f1": 0.7656, "f1_std": 0.00307, "auc": 0.97205, "auc_std": 0.00067}
{"epoch": 29, "time_epoch": 56.72989, "time_epoch_std": 1.26563, "eta": 4000.94417, "eta_std": 75.56129, "eta_hours": 1.11137, "eta_hours_std": 0.02099, "loss": 0.6624, "loss_std": 0.00895, "lr": 0.00085, "lr_std": 0.0, "params": 112726.0, "params_std": 0.0, "time_iter": 0.02017, "time_iter_std": 0.00045, "accuracy": 0.77007, "accuracy_std": 0.00318, "f1": 0.7697, "f1_std": 0.0032, "auc": 0.97296, "auc_std": 0.00071}
{"epoch": 30, "time_epoch": 57.06273, "time_epoch_std": 1.6695, "eta": 3943.57946, "eta_std": 75.29668, "eta_hours": 1.09544, "eta_hours_std": 0.02092, "loss": 0.65129, "loss_std": 0.00849, "lr": 0.00084, "lr_std": 0.0, "params": 112726.0, "params_std": 0.0, "time_iter": 0.02029, "time_iter_std": 0.00059, "accuracy": 0.77388, "accuracy_std": 0.00335, "f1": 0.77356, "f1_std": 0.00335, "auc": 0.97386, "auc_std": 0.00067}
{"epoch": 31, "time_epoch": 56.61846, "time_epoch_std": 1.36195, "eta": 3885.28954, "eta_std": 74.64815, "eta_hours": 1.07925, "eta_hours_std": 0.02074, "loss": 0.64079, "loss_std": 0.00831, "lr": 0.00083, "lr_std": 0.0, "params": 112726.0, "params_std": 0.0, "time_iter": 0.02013, "time_iter_std": 0.00048, "accuracy": 0.77777, "accuracy_std": 0.00244, "f1": 0.77746, "f1_std": 0.00242, "auc": 0.97465, "auc_std": 0.00066}
{"epoch": 32, "time_epoch": 56.62126, "time_epoch_std": 1.32214, "eta": 3827.10661, "eta_std": 73.8912, "eta_hours": 1.06309, "eta_hours_std": 0.02052, "loss": 0.63029, "loss_std": 0.00895, "lr": 0.00081, "lr_std": 0.0, "params": 112726.0, "params_std": 0.0, "time_iter": 0.02013, "time_iter_std": 0.00047, "accuracy": 0.78164, "accuracy_std": 0.00407, "f1": 0.78137, "f1_std": 0.00408, "auc": 0.97543, "auc_std": 0.00067}
{"epoch": 33, "time_epoch": 56.53801, "time_epoch_std": 1.20205, "eta": 3768.85394, "eta_std": 72.88521, "eta_hours": 1.0469, "eta_hours_std": 0.02025, "loss": 0.61984, "loss_std": 0.0085, "lr": 0.0008, "lr_std": 0.0, "params": 112726.0, "params_std": 0.0, "time_iter": 0.0201, "time_iter_std": 0.00043, "accuracy": 0.78515, "accuracy_std": 0.00277, "f1": 0.78488, "f1_std": 0.0028, "auc": 0.97622, "auc_std": 0.00065}
{"epoch": 34, "time_epoch": 56.61652, "time_epoch_std": 1.18828, "eta": 3710.84506, "eta_std": 71.79801, "eta_hours": 1.03079, "eta_hours_std": 0.01995, "loss": 0.60775, "loss_std": 0.00885, "lr": 0.00079, "lr_std": 0.0, "params": 112726.0, "params_std": 0.0, "time_iter": 0.02013, "time_iter_std": 0.00042, "accuracy": 0.78952, "accuracy_std": 0.00258, "f1": 0.78927, "f1_std": 0.00257, "auc": 0.97708, "auc_std": 0.0007}
{"epoch": 35, "time_epoch": 57.71947, "time_epoch_std": 3.37278, "eta": 3654.87433, "eta_std": 71.90573, "eta_hours": 1.01524, "eta_hours_std": 0.01997, "loss": 0.5979, "loss_std": 0.00914, "lr": 0.00077, "lr_std": 0.0, "params": 112726.0, "params_std": 0.0, "time_iter": 0.02052, "time_iter_std": 0.0012, "accuracy": 0.79299, "accuracy_std": 0.00327, "f1": 0.79275, "f1_std": 0.00329, "auc": 0.97776, "auc_std": 0.00064}
{"epoch": 36, "time_epoch": 57.09227, "time_epoch_std": 1.90135, "eta": 3597.74113, "eta_std": 71.48226, "eta_hours": 0.99937, "eta_hours_std": 0.01985, "loss": 0.58862, "loss_std": 0.00916, "lr": 0.00076, "lr_std": 0.0, "params": 112726.0, "params_std": 0.0, "time_iter": 0.0203, "time_iter_std": 0.00068, "accuracy": 0.79679, "accuracy_std": 0.00341, "f1": 0.79655, "f1_std": 0.00344, "auc": 0.97842, "auc_std": 0.00067}
{"epoch": 37, "time_epoch": 57.02299, "time_epoch_std": 1.61756, "eta": 3540.49706, "eta_std": 70.81632, "eta_hours": 0.98347, "eta_hours_std": 0.01967, "loss": 0.57736, "loss_std": 0.00975, "lr": 0.00075, "lr_std": 0.0, "params": 112726.0, "params_std": 0.0, "time_iter": 0.02027, "time_iter_std": 0.00058, "accuracy": 0.80017, "accuracy_std": 0.00386, "f1": 0.7999, "f1_std": 0.00387, "auc": 0.97918, "auc_std": 0.00068}
{"epoch": 38, "time_epoch": 56.98529, "time_epoch_std": 1.62089, "eta": 3483.20535, "eta_std": 70.13051, "eta_hours": 0.96756, "eta_hours_std": 0.01948, "loss": 0.56915, "loss_std": 0.00984, "lr": 0.00073, "lr_std": 0.0, "params": 112726.0, "params_std": 0.0, "time_iter": 0.02026, "time_iter_std": 0.00058, "accuracy": 0.80281, "accuracy_std": 0.00337, "f1": 0.80257, "f1_std": 0.00339, "auc": 0.97976, "auc_std": 0.00068}
{"epoch": 39, "time_epoch": 57.01415, "time_epoch_std": 1.54298, "eta": 3425.97226, "eta_std": 69.26307, "eta_hours": 0.95166, "eta_hours_std": 0.01924, "loss": 0.55935, "loss_std": 0.00946, "lr": 0.00072, "lr_std": 0.0, "params": 112726.0, "params_std": 0.0, "time_iter": 0.02027, "time_iter_std": 0.00055, "accuracy": 0.80613, "accuracy_std": 0.00298, "f1": 0.80591, "f1_std": 0.00297, "auc": 0.98044, "auc_std": 0.00067}
{"epoch": 40, "time_epoch": 56.98612, "time_epoch_std": 1.56747, "eta": 3368.70951, "eta_std": 68.29566, "eta_hours": 0.93575, "eta_hours_std": 0.01897, "loss": 0.54814, "loss_std": 0.00812, "lr": 0.0007, "lr_std": 0.0, "params": 112726.0, "params_std": 0.0, "time_iter": 0.02026, "time_iter_std": 0.00056, "accuracy": 0.81032, "accuracy_std": 0.00304, "f1": 0.8101, "f1_std": 0.00307, "auc": 0.9812, "auc_std": 0.00055}
{"epoch": 41, "time_epoch": 56.85087, "time_epoch_std": 1.53699, "eta": 3311.27316, "eta_std": 67.47232, "eta_hours": 0.9198, "eta_hours_std": 0.01874, "loss": 0.53945, "loss_std": 0.00955, "lr": 0.00069, "lr_std": 0.0, "params": 112726.0, "params_std": 0.0, "time_iter": 0.02021, "time_iter_std": 0.00055, "accuracy": 0.81355, "accuracy_std": 0.004, "f1": 0.81336, "f1_std": 0.00402, "auc": 0.9817, "auc_std": 0.00061}
{"epoch": 42, "time_epoch": 56.83706, "time_epoch_std": 1.47049, "eta": 3253.84574, "eta_std": 66.61638, "eta_hours": 0.90385, "eta_hours_std": 0.01851, "loss": 0.53016, "loss_std": 0.00915, "lr": 0.00067, "lr_std": 0.0, "params": 112726.0, "params_std": 0.0, "time_iter": 0.02021, "time_iter_std": 0.00052, "accuracy": 0.81659, "accuracy_std": 0.00384, "f1": 0.81641, "f1_std": 0.00384, "auc": 0.98233, "auc_std": 0.00056}
{"epoch": 43, "time_epoch": 56.73305, "time_epoch_std": 1.30253, "eta": 3196.31277, "eta_std": 65.51325, "eta_hours": 0.88787, "eta_hours_std": 0.0182, "loss": 0.51907, "loss_std": 0.00936, "lr": 0.00065, "lr_std": 0.0, "params": 112726.0, "params_std": 0.0, "time_iter": 0.02017, "time_iter_std": 0.00046, "accuracy": 0.8209, "accuracy_std": 0.00347, "f1": 0.82071, "f1_std": 0.00347, "auc": 0.98302, "auc_std": 0.00061}
{"epoch": 44, "time_epoch": 57.34801, "time_epoch_std": 2.00298, "eta": 3139.56697, "eta_std": 64.58328, "eta_hours": 0.8721, "eta_hours_std": 0.01794, "loss": 0.51191, "loss_std": 0.00897, "lr": 0.00064, "lr_std": 0.0, "params": 112726.0, "params_std": 0.0, "time_iter": 0.02039, "time_iter_std": 0.00071, "accuracy": 0.82274, "accuracy_std": 0.00316, "f1": 0.82255, "f1_std": 0.00316, "auc": 0.9835, "auc_std": 0.00055}
{"epoch": 45, "time_epoch": 57.10723, "time_epoch_std": 1.73282, "eta": 3082.51234, "eta_std": 63.62476, "eta_hours": 0.85625, "eta_hours_std": 0.01767, "loss": 0.50056, "loss_std": 0.00893, "lr": 0.00062, "lr_std": 0.0, "params": 112726.0, "params_std": 0.0, "time_iter": 0.0203, "time_iter_std": 0.00062, "accuracy": 0.82735, "accuracy_std": 0.00377, "f1": 0.82718, "f1_std": 0.00381, "auc": 0.98413, "auc_std": 0.00056}
{"epoch": 46, "time_epoch": 57.51306, "time_epoch_std": 2.30973, "eta": 3025.91311, "eta_std": 62.82231, "eta_hours": 0.84053, "eta_hours_std": 0.01745, "loss": 0.49181, "loss_std": 0.01005, "lr": 0.00061, "lr_std": 0.0, "params": 112726.0, "params_std": 0.0, "time_iter": 0.02044, "time_iter_std": 0.00082, "accuracy": 0.83062, "accuracy_std": 0.00349, "f1": 0.83046, "f1_std": 0.00349, "auc": 0.98467, "auc_std": 0.00062}
{"epoch": 47, "time_epoch": 56.88221, "time_epoch_std": 1.70681, "eta": 2968.59238, "eta_std": 61.64286, "eta_hours": 0.82461, "eta_hours_std": 0.01712, "loss": 0.4847, "loss_std": 0.01064, "lr": 0.00059, "lr_std": 0.0, "params": 112726.0, "params_std": 0.0, "time_iter": 0.02022, "time_iter_std": 0.00061, "accuracy": 0.83294, "accuracy_std": 0.00354, "f1": 0.83276, "f1_std": 0.00356, "auc": 0.98509, "auc_std": 0.00065}
{"epoch": 48, "time_epoch": 57.19606, "time_epoch_std": 2.19312, "eta": 2911.61621, "eta_std": 60.74096, "eta_hours": 0.80878, "eta_hours_std": 0.01687, "loss": 0.47329, "loss_std": 0.00909, "lr": 0.00057, "lr_std": 0.0, "params": 112726.0, "params_std": 0.0, "time_iter": 0.02033, "time_iter_std": 0.00078, "accuracy": 0.83657, "accuracy_std": 0.00339, "f1": 0.8364, "f1_std": 0.00342, "auc": 0.98573, "auc_std": 0.00056}
{"epoch": 49, "time_epoch": 57.04814, "time_epoch_std": 1.81028, "eta": 2854.48332, "eta_std": 59.80823, "eta_hours": 0.79291, "eta_hours_std": 0.01661, "loss": 0.46563, "loss_std": 0.00912, "lr": 0.00056, "lr_std": 0.0, "params": 112726.0, "params_std": 0.0, "time_iter": 0.02028, "time_iter_std": 0.00064, "accuracy": 0.83902, "accuracy_std": 0.00367, "f1": 0.83889, "f1_std": 0.00369, "auc": 0.9862, "auc_std": 0.00053}
{"epoch": 50, "time_epoch": 57.24584, "time_epoch_std": 2.2366, "eta": 2797.54371, "eta_std": 58.59917, "eta_hours": 0.7771, "eta_hours_std": 0.01628, "loss": 0.45526, "loss_std": 0.00874, "lr": 0.00054, "lr_std": 0.0, "params": 112726.0, "params_std": 0.0, "time_iter": 0.02035, "time_iter_std": 0.0008, "accuracy": 0.84326, "accuracy_std": 0.00302, "f1": 0.84312, "f1_std": 0.00301, "auc": 0.98677, "auc_std": 0.00048}
{"epoch": 51, "time_epoch": 57.06855, "time_epoch_std": 2.08208, "eta": 2740.42865, "eta_std": 57.41799, "eta_hours": 0.76123, "eta_hours_std": 0.01595, "loss": 0.44755, "loss_std": 0.00627, "lr": 0.00052, "lr_std": 0.0, "params": 112726.0, "params_std": 0.0, "time_iter": 0.02029, "time_iter_std": 0.00074, "accuracy": 0.84543, "accuracy_std": 0.00245, "f1": 0.84527, "f1_std": 0.00247, "auc": 0.98721, "auc_std": 0.00033}
{"epoch": 52, "time_epoch": 57.16979, "time_epoch_std": 2.13271, "eta": 2683.40514, "eta_std": 56.34588, "eta_hours": 0.74539, "eta_hours_std": 0.01565, "loss": 0.44018, "loss_std": 0.00767, "lr": 0.00051, "lr_std": 0.0, "params": 112726.0, "params_std": 0.0, "time_iter": 0.02032, "time_iter_std": 0.00076, "accuracy": 0.8483, "accuracy_std": 0.0026, "f1": 0.84819, "f1_std": 0.00263, "auc": 0.98761, "auc_std": 0.00043}
{"epoch": 53, "time_epoch": 57.19883, "time_epoch_std": 2.17916, "eta": 2626.40094, "eta_std": 55.42598, "eta_hours": 0.72956, "eta_hours_std": 0.0154, "loss": 0.43034, "loss_std": 0.01073, "lr": 0.00049, "lr_std": 0.0, "params": 112726.0, "params_std": 0.0, "time_iter": 0.02033, "time_iter_std": 0.00078, "accuracy": 0.85181, "accuracy_std": 0.00345, "f1": 0.8517, "f1_std": 0.00346, "auc": 0.9881, "auc_std": 0.00058}
{"epoch": 54, "time_epoch": 57.17032, "time_epoch_std": 2.13056, "eta": 2569.36634, "eta_std": 54.38442, "eta_hours": 0.71371, "eta_hours_std": 0.01511, "loss": 0.4213, "loss_std": 0.00878, "lr": 0.00048, "lr_std": 0.0, "params": 112726.0, "params_std": 0.0, "time_iter": 0.02032, "time_iter_std": 0.00076, "accuracy": 0.85518, "accuracy_std": 0.00294, "f1": 0.85508, "f1_std": 0.00297, "auc": 0.98855, "auc_std": 0.00045}
{"epoch": 55, "time_epoch": 57.02871, "time_epoch_std": 2.04658, "eta": 2512.21564, "eta_std": 53.25671, "eta_hours": 0.69784, "eta_hours_std": 0.01479, "loss": 0.41097, "loss_std": 0.00971, "lr": 0.00046, "lr_std": 0.0, "params": 112726.0, "params_std": 0.0, "time_iter": 0.02027, "time_iter_std": 0.00073, "accuracy": 0.85818, "accuracy_std": 0.00353, "f1": 0.85806, "f1_std": 0.00355, "auc": 0.9891, "auc_std": 0.0005}
{"epoch": 56, "time_epoch": 57.12217, "time_epoch_std": 2.08932, "eta": 2455.13971, "eta_std": 52.2452, "eta_hours": 0.68198, "eta_hours_std": 0.01451, "loss": 0.40621, "loss_std": 0.00809, "lr": 0.00044, "lr_std": 0.0, "params": 112726.0, "params_std": 0.0, "time_iter": 0.02031, "time_iter_std": 0.00074, "accuracy": 0.85995, "accuracy_std": 0.00258, "f1": 0.85986, "f1_std": 0.00259, "auc": 0.98937, "auc_std": 0.00043}
{"epoch": 57, "time_epoch": 56.90288, "time_epoch_std": 1.89956, "eta": 2397.9034, "eta_std": 50.96368, "eta_hours": 0.66608, "eta_hours_std": 0.01416, "loss": 0.39666, "loss_std": 0.00864, "lr": 0.00043, "lr_std": 0.0, "params": 112726.0, "params_std": 0.0, "time_iter": 0.02023, "time_iter_std": 0.00067, "accuracy": 0.86357, "accuracy_std": 0.00316, "f1": 0.86347, "f1_std": 0.00316, "auc": 0.9898, "auc_std": 0.00046}
{"epoch": 58, "time_epoch": 56.9495, "time_epoch_std": 1.84106, "eta": 2340.71078, "eta_std": 49.79444, "eta_hours": 0.6502, "eta_hours_std": 0.01383, "loss": 0.38807, "loss_std": 0.00653, "lr": 0.00041, "lr_std": 0.0, "params": 112726.0, "params_std": 0.0, "time_iter": 0.02024, "time_iter_std": 0.00066, "accuracy": 0.86671, "accuracy_std": 0.00268, "f1": 0.86662, "f1_std": 0.00268, "auc": 0.99023, "auc_std": 0.00034}
{"epoch": 59, "time_epoch": 56.95312, "time_epoch_std": 1.9942, "eta": 2283.52868, "eta_std": 48.72214, "eta_hours": 0.63432, "eta_hours_std": 0.01353, "loss": 0.38092, "loss_std": 0.00765, "lr": 0.00039, "lr_std": 0.0, "params": 112726.0, "params_std": 0.0, "time_iter": 0.02025, "time_iter_std": 0.00071, "accuracy": 0.86897, "accuracy_std": 0.003, "f1": 0.86887, "f1_std": 0.00301, "auc": 0.99054, "auc_std": 0.00039}
{"epoch": 60, "time_epoch": 56.97654, "time_epoch_std": 1.98914, "eta": 2226.36907, "eta_std": 47.65326, "eta_hours": 0.61844, "eta_hours_std": 0.01324, "loss": 0.37354, "loss_std": 0.00833, "lr": 0.00038, "lr_std": 0.0, "params": 112726.0, "params_std": 0.0, "time_iter": 0.02025, "time_iter_std": 0.00071, "accuracy": 0.872, "accuracy_std": 0.00328, "f1": 0.87191, "f1_std": 0.00328, "auc": 0.99089, "auc_std": 0.00042}
{"epoch": 61, "time_epoch": 56.69992, "time_epoch_std": 1.46011, "eta": 2169.04582, "eta_std": 46.40427, "eta_hours": 0.60251, "eta_hours_std": 0.01289, "loss": 0.36483, "loss_std": 0.00865, "lr": 0.00036, "lr_std": 0.0, "params": 112726.0, "params_std": 0.0, "time_iter": 0.02016, "time_iter_std": 0.00052, "accuracy": 0.87496, "accuracy_std": 0.00317, "f1": 0.87487, "f1_std": 0.00319, "auc": 0.99129, "auc_std": 0.0004}
{"epoch": 62, "time_epoch": 56.94178, "time_epoch_std": 2.07015, "eta": 2111.8844, "eta_std": 45.28736, "eta_hours": 0.58663, "eta_hours_std": 0.01258, "loss": 0.3576, "loss_std": 0.00795, "lr": 0.00035, "lr_std": 0.0, "params": 112726.0, "params_std": 0.0, "time_iter": 0.02024, "time_iter_std": 0.00074, "accuracy": 0.8772, "accuracy_std": 0.00275, "f1": 0.87713, "f1_std": 0.00276, "auc": 0.99165, "auc_std": 0.00038}
{"epoch": 63, "time_epoch": 56.92191, "time_epoch_std": 1.93792, "eta": 2054.71866, "eta_std": 44.18852, "eta_hours": 0.57076, "eta_hours_std": 0.01227, "loss": 0.35064, "loss_std": 0.00769, "lr": 0.00033, "lr_std": 0.0, "params": 112726.0, "params_std": 0.0, "time_iter": 0.02024, "time_iter_std": 0.00069, "accuracy": 0.8801, "accuracy_std": 0.00269, "f1": 0.88004, "f1_std": 0.00269, "auc": 0.99193, "auc_std": 0.00035}
{"epoch": 64, "time_epoch": 56.88249, "time_epoch_std": 1.84618, "eta": 1997.53921, "eta_std": 43.05244, "eta_hours": 0.55487, "eta_hours_std": 0.01196, "loss": 0.34422, "loss_std": 0.00749, "lr": 0.00031, "lr_std": 0.0, "params": 112726.0, "params_std": 0.0, "time_iter": 0.02022, "time_iter_std": 0.00066, "accuracy": 0.88225, "accuracy_std": 0.00328, "f1": 0.88219, "f1_std": 0.00329, "auc": 0.99219, "auc_std": 0.00034}
{"epoch": 65, "time_epoch": 56.85648, "time_epoch_std": 1.53834, "eta": 1940.35535, "eta_std": 41.85512, "eta_hours": 0.53899, "eta_hours_std": 0.01162, "loss": 0.33441, "loss_std": 0.00763, "lr": 0.0003, "lr_std": 0.0, "params": 112726.0, "params_std": 0.0, "time_iter": 0.02021, "time_iter_std": 0.00055, "accuracy": 0.88549, "accuracy_std": 0.00284, "f1": 0.88542, "f1_std": 0.00283, "auc": 0.99261, "auc_std": 0.00034}
{"epoch": 66, "time_epoch": 56.67079, "time_epoch_std": 1.32924, "eta": 1883.08981, "eta_std": 40.61081, "eta_hours": 0.52308, "eta_hours_std": 0.01128, "loss": 0.32942, "loss_std": 0.00815, "lr": 0.00028, "lr_std": 0.0, "params": 112726.0, "params_std": 0.0, "time_iter": 0.02015, "time_iter_std": 0.00047, "accuracy": 0.88736, "accuracy_std": 0.00286, "f1": 0.8873, "f1_std": 0.00289, "auc": 0.99284, "auc_std": 0.00035}
{"epoch": 67, "time_epoch": 56.80009, "time_epoch_std": 1.47344, "eta": 1825.9026, "eta_std": 39.38832, "eta_hours": 0.5072, "eta_hours_std": 0.01094, "loss": 0.32211, "loss_std": 0.00791, "lr": 0.00027, "lr_std": 0.0, "params": 112726.0, "params_std": 0.0, "time_iter": 0.02019, "time_iter_std": 0.00052, "accuracy": 0.88961, "accuracy_std": 0.00288, "f1": 0.88955, "f1_std": 0.00288, "auc": 0.99315, "auc_std": 0.00033}
{"epoch": 68, "time_epoch": 57.13833, "time_epoch_std": 2.67763, "eta": 1768.87858, "eta_std": 38.35939, "eta_hours": 0.49136, "eta_hours_std": 0.01066, "loss": 0.31445, "loss_std": 0.00842, "lr": 0.00025, "lr_std": 0.0, "params": 112726.0, "params_std": 0.0, "time_iter": 0.02031, "time_iter_std": 0.00095, "accuracy": 0.8928, "accuracy_std": 0.0035, "f1": 0.89275, "f1_std": 0.00351, "auc": 0.99343, "auc_std": 0.00034}
{"epoch": 69, "time_epoch": 57.00297, "time_epoch_std": 2.04182, "eta": 1711.79328, "eta_std": 37.21186, "eta_hours": 0.4755, "eta_hours_std": 0.01034, "loss": 0.30919, "loss_std": 0.00749, "lr": 0.00024, "lr_std": 0.0, "params": 112726.0, "params_std": 0.0, "time_iter": 0.02026, "time_iter_std": 0.00073, "accuracy": 0.89392, "accuracy_std": 0.00264, "f1": 0.89386, "f1_std": 0.00265, "auc": 0.99367, "auc_std": 0.00028}
{"epoch": 70, "time_epoch": 56.50394, "time_epoch_std": 1.08121, "eta": 1654.50648, "eta_std": 35.87779, "eta_hours": 0.45959, "eta_hours_std": 0.00996, "loss": 0.30163, "loss_std": 0.00884, "lr": 0.00023, "lr_std": 0.0, "params": 112726.0, "params_std": 0.0, "time_iter": 0.02009, "time_iter_std": 0.00038, "accuracy": 0.89695, "accuracy_std": 0.00324, "f1": 0.8969, "f1_std": 0.00325, "auc": 0.99392, "auc_std": 0.00035}
{"epoch": 71, "time_epoch": 56.38646, "time_epoch_std": 1.22696, "eta": 1597.19573, "eta_std": 34.59911, "eta_hours": 0.44367, "eta_hours_std": 0.00961, "loss": 0.2969, "loss_std": 0.00886, "lr": 0.00021, "lr_std": 0.0, "params": 112726.0, "params_std": 0.0, "time_iter": 0.02004, "time_iter_std": 0.00044, "accuracy": 0.89888, "accuracy_std": 0.00392, "f1": 0.89884, "f1_std": 0.00393, "auc": 0.99411, "auc_std": 0.00032}
{"epoch": 72, "time_epoch": 56.283, "time_epoch_std": 1.26304, "eta": 1539.87203, "eta_std": 33.3135, "eta_hours": 0.42774, "eta_hours_std": 0.00925, "loss": 0.29065, "loss_std": 0.00739, "lr": 0.0002, "lr_std": 0.0, "params": 112726.0, "params_std": 0.0, "time_iter": 0.02001, "time_iter_std": 0.00045, "accuracy": 0.90095, "accuracy_std": 0.00266, "f1": 0.9009, "f1_std": 0.00267, "auc": 0.99437, "auc_std": 0.00029}
{"epoch": 73, "time_epoch": 56.20599, "time_epoch_std": 1.18305, "eta": 1482.54941, "eta_std": 32.00217, "eta_hours": 0.41182, "eta_hours_std": 0.00889, "loss": 0.28458, "loss_std": 0.00871, "lr": 0.00019, "lr_std": 0.0, "params": 112726.0, "params_std": 0.0, "time_iter": 0.01998, "time_iter_std": 0.00042, "accuracy": 0.90338, "accuracy_std": 0.00289, "f1": 0.90334, "f1_std": 0.00291, "auc": 0.99457, "auc_std": 0.00033}
{"epoch": 74, "time_epoch": 56.14428, "time_epoch_std": 1.10846, "eta": 1425.236, "eta_std": 30.67339, "eta_hours": 0.3959, "eta_hours_std": 0.00852, "loss": 0.27888, "loss_std": 0.00857, "lr": 0.00017, "lr_std": 0.0, "params": 112726.0, "params_std": 0.0, "time_iter": 0.01996, "time_iter_std": 0.00039, "accuracy": 0.90507, "accuracy_std": 0.00323, "f1": 0.90504, "f1_std": 0.00323, "auc": 0.99477, "auc_std": 0.00034}
{"epoch": 75, "time_epoch": 56.27154, "time_epoch_std": 1.33192, "eta": 1367.99354, "eta_std": 29.42672, "eta_hours": 0.38, "eta_hours_std": 0.00817, "loss": 0.2735, "loss_std": 0.00826, "lr": 0.00016, "lr_std": 0.0, "params": 112726.0, "params_std": 0.0, "time_iter": 0.02, "time_iter_std": 0.00047, "accuracy": 0.90656, "accuracy_std": 0.00323, "f1": 0.90652, "f1_std": 0.00324, "auc": 0.99498, "auc_std": 0.0003}
{"epoch": 76, "time_epoch": 56.21801, "time_epoch_std": 1.24172, "eta": 1310.76031, "eta_std": 28.16307, "eta_hours": 0.3641, "eta_hours_std": 0.00782, "loss": 0.27015, "loss_std": 0.00665, "lr": 0.00015, "lr_std": 0.0, "params": 112726.0, "params_std": 0.0, "time_iter": 0.01998, "time_iter_std": 0.00044, "accuracy": 0.90833, "accuracy_std": 0.00239, "f1": 0.9083, "f1_std": 0.0024, "auc": 0.99508, "auc_std": 0.00024}
{"epoch": 77, "time_epoch": 56.2266, "time_epoch_std": 1.32127, "eta": 1253.55553, "eta_std": 26.92606, "eta_hours": 0.34821, "eta_hours_std": 0.00748, "loss": 0.26446, "loss_std": 0.0065, "lr": 0.00014, "lr_std": 0.0, "params": 112726.0, "params_std": 0.0, "time_iter": 0.01999, "time_iter_std": 0.00047, "accuracy": 0.91064, "accuracy_std": 0.0019, "f1": 0.91059, "f1_std": 0.0019, "auc": 0.99529, "auc_std": 0.00026}
{"epoch": 78, "time_epoch": 56.21613, "time_epoch_std": 1.32818, "eta": 1196.37273, "eta_std": 25.69865, "eta_hours": 0.33233, "eta_hours_std": 0.00714, "loss": 0.25835, "loss_std": 0.00683, "lr": 0.00013, "lr_std": 0.0, "params": 112726.0, "params_std": 0.0, "time_iter": 0.01998, "time_iter_std": 0.00047, "accuracy": 0.91235, "accuracy_std": 0.00241, "f1": 0.91233, "f1_std": 0.0024, "auc": 0.99546, "auc_std": 0.00022}
{"epoch": 79, "time_epoch": 56.19505, "time_epoch_std": 1.36791, "eta": 1139.20883, "eta_std": 24.48928, "eta_hours": 0.31645, "eta_hours_std": 0.0068, "loss": 0.25425, "loss_std": 0.00928, "lr": 0.00012, "lr_std": 0.0, "params": 112726.0, "params_std": 0.0, "time_iter": 0.01998, "time_iter_std": 0.00049, "accuracy": 0.91387, "accuracy_std": 0.00339, "f1": 0.91384, "f1_std": 0.00339, "auc": 0.9956, "auc_std": 0.00031}
{"epoch": 80, "time_epoch": 56.12858, "time_epoch_std": 1.24394, "eta": 1082.05326, "eta_std": 23.24978, "eta_hours": 0.30057, "eta_hours_std": 0.00646, "loss": 0.24977, "loss_std": 0.00718, "lr": 0.00011, "lr_std": 0.0, "params": 112726.0, "params_std": 0.0, "time_iter": 0.01995, "time_iter_std": 0.00044, "accuracy": 0.91514, "accuracy_std": 0.00275, "f1": 0.9151, "f1_std": 0.00276, "auc": 0.99576, "auc_std": 0.00023}
{"epoch": 81, "time_epoch": 56.20131, "time_epoch_std": 1.38654, "eta": 1024.93871, "eta_std": 22.04461, "eta_hours": 0.2847, "eta_hours_std": 0.00612, "loss": 0.24685, "loss_std": 0.00746, "lr": 0.0001, "lr_std": 0.0, "params": 112726.0, "params_std": 0.0, "time_iter": 0.01998, "time_iter_std": 0.00049, "accuracy": 0.91636, "accuracy_std": 0.00278, "f1": 0.91633, "f1_std": 0.00278, "auc": 0.99586, "auc_std": 0.00026}
{"epoch": 82, "time_epoch": 56.19296, "time_epoch_std": 1.4892, "eta": 967.84445, "eta_std": 20.84205, "eta_hours": 0.26884, "eta_hours_std": 0.00579, "loss": 0.24253, "loss_std": 0.00577, "lr": 9e-05, "lr_std": 0.0, "params": 112726.0, "params_std": 0.0, "time_iter": 0.01998, "time_iter_std": 0.00053, "accuracy": 0.91785, "accuracy_std": 0.00216, "f1": 0.91781, "f1_std": 0.00215, "auc": 0.99597, "auc_std": 0.0002}
{"epoch": 83, "time_epoch": 56.2821, "time_epoch_std": 1.65327, "eta": 910.78862, "eta_std": 19.66014, "eta_hours": 0.253, "eta_hours_std": 0.00546, "loss": 0.23987, "loss_std": 0.00698, "lr": 8e-05, "lr_std": 0.0, "params": 112726.0, "params_std": 0.0, "time_iter": 0.02001, "time_iter_std": 0.00059, "accuracy": 0.91899, "accuracy_std": 0.00263, "f1": 0.91896, "f1_std": 0.00263, "auc": 0.99607, "auc_std": 0.00023}
{"epoch": 84, "time_epoch": 56.67806, "time_epoch_std": 2.3317, "eta": 853.82088, "eta_std": 18.53848, "eta_hours": 0.23717, "eta_hours_std": 0.00515, "loss": 0.23665, "loss_std": 0.00815, "lr": 7e-05, "lr_std": 0.0, "params": 112726.0, "params_std": 0.0, "time_iter": 0.02015, "time_iter_std": 0.00083, "accuracy": 0.91989, "accuracy_std": 0.00333, "f1": 0.91988, "f1_std": 0.00333, "auc": 0.99617, "auc_std": 0.00024}
{"epoch": 85, "time_epoch": 56.5954, "time_epoch_std": 2.22444, "eta": 796.84642, "eta_std": 17.38659, "eta_hours": 0.22135, "eta_hours_std": 0.00483, "loss": 0.23414, "loss_std": 0.00746, "lr": 6e-05, "lr_std": 0.0, "params": 112726.0, "params_std": 0.0, "time_iter": 0.02012, "time_iter_std": 0.00079, "accuracy": 0.92115, "accuracy_std": 0.00251, "f1": 0.92112, "f1_std": 0.00252, "auc": 0.99624, "auc_std": 0.00025}
{"epoch": 86, "time_epoch": 56.38059, "time_epoch_std": 1.7975, "eta": 739.84858, "eta_std": 16.17851, "eta_hours": 0.20551, "eta_hours_std": 0.00449, "loss": 0.22901, "loss_std": 0.00693, "lr": 5e-05, "lr_std": 0.0, "params": 112726.0, "params_std": 0.0, "time_iter": 0.02004, "time_iter_std": 0.00064, "accuracy": 0.92243, "accuracy_std": 0.00258, "f1": 0.92241, "f1_std": 0.00259, "auc": 0.99639, "auc_std": 0.00022}
{"epoch": 87, "time_epoch": 56.59042, "time_epoch_std": 1.55379, "eta": 682.89337, "eta_std": 14.93688, "eta_hours": 0.18969, "eta_hours_std": 0.00415, "loss": 0.22574, "loss_std": 0.00712, "lr": 5e-05, "lr_std": 0.0, "params": 112726.0, "params_std": 0.0, "time_iter": 0.02012, "time_iter_std": 0.00055, "accuracy": 0.92384, "accuracy_std": 0.00259, "f1": 0.92382, "f1_std": 0.00259, "auc": 0.99649, "auc_std": 0.00021}
{"epoch": 88, "time_epoch": 56.25881, "time_epoch_std": 1.6047, "eta": 625.90538, "eta_std": 13.7061, "eta_hours": 0.17386, "eta_hours_std": 0.00381, "loss": 0.22398, "loss_std": 0.00805, "lr": 4e-05, "lr_std": 0.0, "params": 112726.0, "params_std": 0.0, "time_iter": 0.02, "time_iter_std": 0.00057, "accuracy": 0.92444, "accuracy_std": 0.00278, "f1": 0.92442, "f1_std": 0.00279, "auc": 0.99654, "auc_std": 0.00027}
{"epoch": 89, "time_epoch": 56.62628, "time_epoch_std": 1.83283, "eta": 568.97443, "eta_std": 12.46861, "eta_hours": 0.15805, "eta_hours_std": 0.00346, "loss": 0.22155, "loss_std": 0.00728, "lr": 3e-05, "lr_std": 0.0, "params": 112726.0, "params_std": 0.0, "time_iter": 0.02013, "time_iter_std": 0.00065, "accuracy": 0.9256, "accuracy_std": 0.00253, "f1": 0.92557, "f1_std": 0.00253, "auc": 0.99661, "auc_std": 0.00024}
{"epoch": 90, "time_epoch": 56.74605, "time_epoch_std": 1.9472, "eta": 512.06201, "eta_std": 11.25563, "eta_hours": 0.14224, "eta_hours_std": 0.00313, "loss": 0.21798, "loss_std": 0.00686, "lr": 3e-05, "lr_std": 0.0, "params": 112726.0, "params_std": 0.0, "time_iter": 0.02017, "time_iter_std": 0.00069, "accuracy": 0.92674, "accuracy_std": 0.00242, "f1": 0.92673, "f1_std": 0.00243, "auc": 0.9967, "auc_std": 0.00021}
{"epoch": 91, "time_epoch": 56.75616, "time_epoch_std": 1.96786, "eta": 455.15409, "eta_std": 10.0234, "eta_hours": 0.12643, "eta_hours_std": 0.00278, "loss": 0.21848, "loss_std": 0.0068, "lr": 2e-05, "lr_std": 0.0, "params": 112726.0, "params_std": 0.0, "time_iter": 0.02017, "time_iter_std": 0.0007, "accuracy": 0.92647, "accuracy_std": 0.00223, "f1": 0.92644, "f1_std": 0.00224, "auc": 0.99669, "auc_std": 0.00021}
{"epoch": 92, "time_epoch": 56.42914, "time_epoch_std": 1.80813, "eta": 398.22482, "eta_std": 8.79133, "eta_hours": 0.11062, "eta_hours_std": 0.00244, "loss": 0.21664, "loss_std": 0.00896, "lr": 2e-05, "lr_std": 0.0, "params": 112726.0, "params_std": 0.0, "time_iter": 0.02006, "time_iter_std": 0.00064, "accuracy": 0.92725, "accuracy_std": 0.00329, "f1": 0.92724, "f1_std": 0.0033, "auc": 0.99673, "auc_std": 0.00026}
{"epoch": 93, "time_epoch": 56.77889, "time_epoch_std": 2.22464, "eta": 341.32852, "eta_std": 7.56567, "eta_hours": 0.09481, "eta_hours_std": 0.0021, "loss": 0.21494, "loss_std": 0.00681, "lr": 1e-05, "lr_std": 0.0, "params": 112726.0, "params_std": 0.0, "time_iter": 0.02018, "time_iter_std": 0.00079, "accuracy": 0.92768, "accuracy_std": 0.00265, "f1": 0.92766, "f1_std": 0.00266, "auc": 0.99678, "auc_std": 0.00022}
{"epoch": 94, "time_epoch": 56.74136, "time_epoch_std": 2.17319, "eta": 284.43271, "eta_std": 6.33472, "eta_hours": 0.07901, "eta_hours_std": 0.00176, "loss": 0.21606, "loss_std": 0.0065, "lr": 1e-05, "lr_std": 0.0, "params": 112726.0, "params_std": 0.0, "time_iter": 0.02017, "time_iter_std": 0.00077, "accuracy": 0.92736, "accuracy_std": 0.00214, "f1": 0.92733, "f1_std": 0.00214, "auc": 0.99677, "auc_std": 0.00019}
{"epoch": 95, "time_epoch": 56.60635, "time_epoch_std": 2.04467, "eta": 227.53449, "eta_std": 5.08615, "eta_hours": 0.0632, "eta_hours_std": 0.00141, "loss": 0.21261, "loss_std": 0.00536, "lr": 1e-05, "lr_std": 0.0, "params": 112726.0, "params_std": 0.0, "time_iter": 0.02012, "time_iter_std": 0.00073, "accuracy": 0.92854, "accuracy_std": 0.00201, "f1": 0.92852, "f1_std": 0.00202, "auc": 0.99686, "auc_std": 0.00015}
{"epoch": 96, "time_epoch": 56.42422, "time_epoch_std": 2.01027, "eta": 170.63666, "eta_std": 3.82593, "eta_hours": 0.0474, "eta_hours_std": 0.00106, "loss": 0.21056, "loss_std": 0.00771, "lr": 0.0, "lr_std": 0.0, "params": 112726.0, "params_std": 0.0, "time_iter": 0.02006, "time_iter_std": 0.00071, "accuracy": 0.92907, "accuracy_std": 0.00284, "f1": 0.92905, "f1_std": 0.00285, "auc": 0.99693, "auc_std": 0.00022}
{"epoch": 97, "time_epoch": 56.47013, "time_epoch_std": 2.0709, "eta": 113.74943, "eta_std": 2.56017, "eta_hours": 0.0316, "eta_hours_std": 0.00071, "loss": 0.21082, "loss_std": 0.00885, "lr": 0.0, "lr_std": 0.0, "params": 112726.0, "params_std": 0.0, "time_iter": 0.02007, "time_iter_std": 0.00074, "accuracy": 0.92914, "accuracy_std": 0.00324, "f1": 0.92912, "f1_std": 0.00324, "auc": 0.9969, "auc_std": 0.00026}
{"epoch": 98, "time_epoch": 56.58457, "time_epoch_std": 2.12471, "eta": 56.87178, "eta_std": 1.28548, "eta_hours": 0.0158, "eta_hours_std": 0.00036, "loss": 0.21078, "loss_std": 0.00661, "lr": 0.0, "lr_std": 0.0, "params": 112726.0, "params_std": 0.0, "time_iter": 0.02012, "time_iter_std": 0.00076, "accuracy": 0.92933, "accuracy_std": 0.0026, "f1": 0.92932, "f1_std": 0.0026, "auc": 0.99691, "auc_std": 0.0002}
{"epoch": 99, "time_epoch": 56.58731, "time_epoch_std": 2.08454, "eta": 0.0, "eta_std": 0.0, "eta_hours": 0.0, "eta_hours_std": 0.0, "loss": 0.21146, "loss_std": 0.00699, "lr": 0.0, "lr_std": 0.0, "params": 112726.0, "params_std": 0.0, "time_iter": 0.02012, "time_iter_std": 0.00074, "accuracy": 0.92919, "accuracy_std": 0.00268, "f1": 0.92918, "f1_std": 0.00268, "auc": 0.99689, "auc_std": 0.0002}
