{"epoch": 0, "time_epoch": 94.19331, "eta": 9325.1379, "eta_hours": 2.59032, "loss": 1.80061073, "lr": 0.0, "params": 502054, "time_iter": 0.15071, "accuracy": 0.16612, "f1": 0.08526, "accuracy-SBM": 0.16626, "auc": 0.49961}
{"epoch": 1, "time_epoch": 94.23342, "eta": 9232.90993, "eta_hours": 2.5647, "loss": 1.76010448, "lr": 0.0001, "params": 502054, "time_iter": 0.15077, "accuracy": 0.25057, "f1": 0.2324, "accuracy-SBM": 0.25053, "auc": 0.60526}
{"epoch": 2, "time_epoch": 96.96969, "eta": 9227.81758, "eta_hours": 2.56328, "loss": 1.62306686, "lr": 0.0002, "params": 502054, "time_iter": 0.15515, "accuracy": 0.39312, "f1": 0.38126, "accuracy-SBM": 0.39308, "auc": 0.72931}
{"epoch": 3, "time_epoch": 92.79668, "eta": 9076.63442, "eta_hours": 2.52129, "loss": 1.41338727, "lr": 0.0003, "params": 502054, "time_iter": 0.14847, "accuracy": 0.50178, "f1": 0.49743, "accuracy-SBM": 0.50179, "auc": 0.80341}
{"epoch": 4, "time_epoch": 93.25329, "eta": 8957.48149, "eta_hours": 2.48819, "loss": 1.21190694, "lr": 0.0004, "params": 502054, "time_iter": 0.14921, "accuracy": 0.57571, "f1": 0.57339, "accuracy-SBM": 0.57574, "auc": 0.85346}
{"epoch": 5, "time_epoch": 92.57236, "eta": 8836.29388, "eta_hours": 2.45453, "loss": 1.07593264, "lr": 0.0005, "params": 502054, "time_iter": 0.14812, "accuracy": 0.62239, "f1": 0.62132, "accuracy-SBM": 0.62242, "auc": 0.88379}
{"epoch": 6, "time_epoch": 93.93125, "eta": 8741.33586, "eta_hours": 2.42815, "loss": 0.98099401, "lr": 0.00049986, "params": 502054, "time_iter": 0.15029, "accuracy": 0.6548, "f1": 0.65444, "accuracy-SBM": 0.65482, "auc": 0.90412}
{"epoch": 7, "time_epoch": 91.79937, "eta": 8622.11786, "eta_hours": 2.39503, "loss": 0.89377273, "lr": 0.00049945, "params": 502054, "time_iter": 0.14688, "accuracy": 0.68777, "f1": 0.68774, "accuracy-SBM": 0.68777, "auc": 0.92081}
{"epoch": 8, "time_epoch": 93.95178, "eta": 8530.75615, "eta_hours": 2.36965, "loss": 0.83255404, "lr": 0.00049877, "params": 502054, "time_iter": 0.15032, "accuracy": 0.70859, "f1": 0.70858, "accuracy-SBM": 0.70859, "auc": 0.93125}
{"epoch": 9, "time_epoch": 93.48035, "eta": 8434.63355, "eta_hours": 2.34295, "loss": 0.79953555, "lr": 0.00049782, "params": 502054, "time_iter": 0.14957, "accuracy": 0.71893, "f1": 0.71893, "accuracy-SBM": 0.71893, "auc": 0.93656}
{"epoch": 10, "time_epoch": 97.54112, "eta": 8371.84666, "eta_hours": 2.32551, "loss": 0.77431593, "lr": 0.00049659, "params": 502054, "time_iter": 0.15607, "accuracy": 0.72637, "f1": 0.72637, "accuracy-SBM": 0.72637, "auc": 0.94039}
{"epoch": 11, "time_epoch": 91.80262, "eta": 8261.18509, "eta_hours": 2.29477, "loss": 0.75507431, "lr": 0.00049509, "params": 502054, "time_iter": 0.14688, "accuracy": 0.73193, "f1": 0.73192, "accuracy-SBM": 0.73193, "auc": 0.94326}
{"epoch": 12, "time_epoch": 95.87191, "eta": 8180.65785, "eta_hours": 2.2724, "loss": 0.74005565, "lr": 0.00049333, "params": 502054, "time_iter": 0.1534, "accuracy": 0.7367, "f1": 0.7367, "accuracy-SBM": 0.73671, "auc": 0.94545}
{"epoch": 13, "time_epoch": 102.12907, "eta": 8136.37533, "eta_hours": 2.2601, "loss": 0.72939005, "lr": 0.0004913, "params": 502054, "time_iter": 0.16341, "accuracy": 0.73984, "f1": 0.73984, "accuracy-SBM": 0.73984, "auc": 0.94698}
{"epoch": 14, "time_epoch": 108.47864, "eta": 8120.36085, "eta_hours": 2.25566, "loss": 0.71989252, "lr": 0.00048901, "params": 502054, "time_iter": 0.17357, "accuracy": 0.74348, "f1": 0.74348, "accuracy-SBM": 0.74348, "auc": 0.9483}
{"epoch": 15, "time_epoch": 93.52049, "eta": 8014.25808, "eta_hours": 2.22618, "loss": 0.7113257, "lr": 0.00048645, "params": 502054, "time_iter": 0.14963, "accuracy": 0.74637, "f1": 0.74636, "accuracy-SBM": 0.74637, "auc": 0.94947}
{"epoch": 16, "time_epoch": 96.87006, "eta": 7925.98937, "eta_hours": 2.20166, "loss": 0.70702271, "lr": 0.00048364, "params": 502054, "time_iter": 0.15499, "accuracy": 0.74753, "f1": 0.74753, "accuracy-SBM": 0.74753, "auc": 0.95008}
{"epoch": 17, "time_epoch": 96.04519, "eta": 7833.0072, "eta_hours": 2.17584, "loss": 0.69840962, "lr": 0.00048057, "params": 502054, "time_iter": 0.15367, "accuracy": 0.7507, "f1": 0.7507, "accuracy-SBM": 0.7507, "auc": 0.95125}
{"epoch": 18, "time_epoch": 97.74181, "eta": 7746.93557, "eta_hours": 2.15193, "loss": 0.69114795, "lr": 0.00047725, "params": 502054, "time_iter": 0.15639, "accuracy": 0.75294, "f1": 0.75294, "accuracy-SBM": 0.75294, "auc": 0.95228}
{"epoch": 19, "time_epoch": 92.50412, "eta": 7638.74614, "eta_hours": 2.12187, "loss": 0.68989709, "lr": 0.00047368, "params": 502054, "time_iter": 0.14801, "accuracy": 0.7535, "f1": 0.7535, "accuracy-SBM": 0.7535, "auc": 0.95239}
{"epoch": 20, "time_epoch": 101.34186, "eta": 7565.29728, "eta_hours": 2.10147, "loss": 0.68637964, "lr": 0.00046987, "params": 502054, "time_iter": 0.16215, "accuracy": 0.75428, "f1": 0.75428, "accuracy-SBM": 0.75428, "auc": 0.95287}
{"epoch": 21, "time_epoch": 95.19212, "eta": 7467.50908, "eta_hours": 2.07431, "loss": 0.67768964, "lr": 0.00046581, "params": 502054, "time_iter": 0.15231, "accuracy": 0.75833, "f1": 0.75833, "accuracy-SBM": 0.75833, "auc": 0.95403}
{"epoch": 22, "time_epoch": 92.65113, "eta": 7361.43984, "eta_hours": 2.04484, "loss": 0.67388602, "lr": 0.00046152, "params": 502054, "time_iter": 0.14824, "accuracy": 0.75883, "f1": 0.75883, "accuracy-SBM": 0.75883, "auc": 0.95459}
{"epoch": 23, "time_epoch": 98.90935, "eta": 7276.30649, "eta_hours": 2.0212, "loss": 0.67202893, "lr": 0.000457, "params": 502054, "time_iter": 0.15825, "accuracy": 0.75939, "f1": 0.75939, "accuracy-SBM": 0.7594, "auc": 0.95479}
{"epoch": 24, "time_epoch": 95.75838, "eta": 7180.61814, "eta_hours": 1.99462, "loss": 0.66767361, "lr": 0.00045225, "params": 502054, "time_iter": 0.15321, "accuracy": 0.76111, "f1": 0.7611, "accuracy-SBM": 0.76111, "auc": 0.95541}
{"epoch": 25, "time_epoch": 99.67099, "eta": 7096.0603, "eta_hours": 1.97113, "loss": 0.66314081, "lr": 0.00044729, "params": 502054, "time_iter": 0.15947, "accuracy": 0.76225, "f1": 0.76225, "accuracy-SBM": 0.76226, "auc": 0.95599}
{"epoch": 26, "time_epoch": 89.57861, "eta": 6983.09615, "eta_hours": 1.93975, "loss": 0.65943686, "lr": 0.0004421, "params": 502054, "time_iter": 0.14333, "accuracy": 0.7637, "f1": 0.7637, "accuracy-SBM": 0.7637, "auc": 0.95648}
{"epoch": 27, "time_epoch": 94.51556, "eta": 6884.49741, "eta_hours": 1.91236, "loss": 0.6580187, "lr": 0.00043671, "params": 502054, "time_iter": 0.15122, "accuracy": 0.76428, "f1": 0.76428, "accuracy-SBM": 0.76428, "auc": 0.95668}
{"epoch": 28, "time_epoch": 95.22204, "eta": 6787.90993, "eta_hours": 1.88553, "loss": 0.6540939, "lr": 0.00043111, "params": 502054, "time_iter": 0.15236, "accuracy": 0.76556, "f1": 0.76555, "accuracy-SBM": 0.76556, "auc": 0.9572}
{"epoch": 29, "time_epoch": 90.43107, "eta": 6680.23455, "eta_hours": 1.85562, "loss": 0.65091642, "lr": 0.00042531, "params": 502054, "time_iter": 0.14469, "accuracy": 0.76705, "f1": 0.76705, "accuracy-SBM": 0.76705, "auc": 0.95759}
{"epoch": 30, "time_epoch": 94.22546, "eta": 6582.11727, "eta_hours": 1.82837, "loss": 0.64751311, "lr": 0.00041932, "params": 502054, "time_iter": 0.15076, "accuracy": 0.76771, "f1": 0.76771, "accuracy-SBM": 0.76771, "auc": 0.95804}
{"epoch": 31, "time_epoch": 94.50447, "eta": 6484.83613, "eta_hours": 1.80134, "loss": 0.6448778, "lr": 0.00041315, "params": 502054, "time_iter": 0.15121, "accuracy": 0.76807, "f1": 0.76806, "accuracy-SBM": 0.76807, "auc": 0.9584}
{"epoch": 32, "time_epoch": 96.88355, "eta": 6392.55353, "eta_hours": 1.77571, "loss": 0.64293158, "lr": 0.00040679, "params": 502054, "time_iter": 0.15501, "accuracy": 0.76924, "f1": 0.76924, "accuracy-SBM": 0.76924, "auc": 0.95862}
{"epoch": 33, "time_epoch": 91.07896, "eta": 6288.73255, "eta_hours": 1.74687, "loss": 0.63850755, "lr": 0.00040027, "params": 502054, "time_iter": 0.14573, "accuracy": 0.77069, "f1": 0.77069, "accuracy-SBM": 0.77069, "auc": 0.9592}
{"epoch": 34, "time_epoch": 94.57451, "eta": 6192.13142, "eta_hours": 1.72004, "loss": 0.6358298, "lr": 0.00039358, "params": 502054, "time_iter": 0.15132, "accuracy": 0.77168, "f1": 0.77168, "accuracy-SBM": 0.77168, "auc": 0.95954}
{"epoch": 35, "time_epoch": 98.69956, "eta": 6102.9763, "eta_hours": 1.69527, "loss": 0.63429784, "lr": 0.00038674, "params": 502054, "time_iter": 0.15792, "accuracy": 0.77259, "f1": 0.77259, "accuracy-SBM": 0.77259, "auc": 0.95972}
{"epoch": 36, "time_epoch": 99.00984, "eta": 6013.83358, "eta_hours": 1.67051, "loss": 0.6322173, "lr": 0.00037974, "params": 502054, "time_iter": 0.15842, "accuracy": 0.77334, "f1": 0.77334, "accuracy-SBM": 0.77334, "auc": 0.95998}
{"epoch": 37, "time_epoch": 93.07541, "eta": 5914.48904, "eta_hours": 1.64291, "loss": 0.63070882, "lr": 0.00037261, "params": 502054, "time_iter": 0.14892, "accuracy": 0.7738, "f1": 0.7738, "accuracy-SBM": 0.7738, "auc": 0.96018}
{"epoch": 38, "time_epoch": 96.22867, "eta": 5820.39803, "eta_hours": 1.61678, "loss": 0.62527215, "lr": 0.00036534, "params": 502054, "time_iter": 0.15397, "accuracy": 0.77564, "f1": 0.77564, "accuracy-SBM": 0.77564, "auc": 0.96087}
{"epoch": 39, "time_epoch": 94.20004, "eta": 5723.15719, "eta_hours": 1.58977, "loss": 0.62462865, "lr": 0.00035794, "params": 502054, "time_iter": 0.15072, "accuracy": 0.77587, "f1": 0.77587, "accuracy-SBM": 0.77587, "auc": 0.96095}
{"epoch": 40, "time_epoch": 93.00048, "eta": 5624.33848, "eta_hours": 1.56232, "loss": 0.62194649, "lr": 0.00035042, "params": 502054, "time_iter": 0.1488, "accuracy": 0.77654, "f1": 0.77654, "accuracy-SBM": 0.77654, "auc": 0.96127}
{"epoch": 41, "time_epoch": 95.30215, "eta": 5528.97533, "eta_hours": 1.53583, "loss": 0.61660988, "lr": 0.0003428, "params": 502054, "time_iter": 0.15248, "accuracy": 0.77836, "f1": 0.77836, "accuracy-SBM": 0.77836, "auc": 0.96195}
{"epoch": 42, "time_epoch": 96.37338, "eta": 5435.03501, "eta_hours": 1.50973, "loss": 0.6172202, "lr": 0.00033507, "params": 502054, "time_iter": 0.1542, "accuracy": 0.77856, "f1": 0.77856, "accuracy-SBM": 0.77856, "auc": 0.96187}
{"epoch": 43, "time_epoch": 94.74259, "eta": 5338.90856, "eta_hours": 1.48303, "loss": 0.61719533, "lr": 0.00032725, "params": 502054, "time_iter": 0.15159, "accuracy": 0.77807, "f1": 0.77807, "accuracy-SBM": 0.77807, "auc": 0.96188}
{"epoch": 44, "time_epoch": 94.01301, "eta": 5241.9519, "eta_hours": 1.4561, "loss": 0.61255467, "lr": 0.00031935, "params": 502054, "time_iter": 0.15042, "accuracy": 0.78015, "f1": 0.78015, "accuracy-SBM": 0.78015, "auc": 0.96244}
{"epoch": 45, "time_epoch": 96.30372, "eta": 5147.81232, "eta_hours": 1.42995, "loss": 0.60981147, "lr": 0.00031137, "params": 502054, "time_iter": 0.15409, "accuracy": 0.78027, "f1": 0.78027, "accuracy-SBM": 0.78027, "auc": 0.96278}
{"epoch": 46, "time_epoch": 99.10823, "eta": 5056.74318, "eta_hours": 1.40465, "loss": 0.60612887, "lr": 0.00030332, "params": 502054, "time_iter": 0.15857, "accuracy": 0.7815, "f1": 0.7815, "accuracy-SBM": 0.78151, "auc": 0.96325}
{"epoch": 47, "time_epoch": 97.4671, "eta": 4963.56118, "eta_hours": 1.37877, "loss": 0.60393172, "lr": 0.00029522, "params": 502054, "time_iter": 0.15595, "accuracy": 0.78261, "f1": 0.78261, "accuracy-SBM": 0.78261, "auc": 0.96349}
{"epoch": 48, "time_epoch": 95.32255, "eta": 4867.9722, "eta_hours": 1.35221, "loss": 0.60114875, "lr": 0.00028707, "params": 502054, "time_iter": 0.15252, "accuracy": 0.7838, "f1": 0.7838, "accuracy-SBM": 0.7838, "auc": 0.96382}
{"epoch": 49, "time_epoch": 95.53613, "eta": 4772.60746, "eta_hours": 1.32572, "loss": 0.59747236, "lr": 0.00027887, "params": 502054, "time_iter": 0.15286, "accuracy": 0.78479, "f1": 0.78479, "accuracy-SBM": 0.78479, "auc": 0.96428}
{"epoch": 50, "time_epoch": 91.11032, "eta": 4672.98375, "eta_hours": 1.29805, "loss": 0.59630905, "lr": 0.00027064, "params": 502054, "time_iter": 0.14578, "accuracy": 0.78504, "f1": 0.78504, "accuracy-SBM": 0.78504, "auc": 0.96442}
{"epoch": 51, "time_epoch": 94.04805, "eta": 4576.39923, "eta_hours": 1.27122, "loss": 0.59211749, "lr": 0.0002624, "params": 502054, "time_iter": 0.15048, "accuracy": 0.78715, "f1": 0.78715, "accuracy-SBM": 0.78715, "auc": 0.96491}
{"epoch": 52, "time_epoch": 92.38472, "eta": 4478.4354, "eta_hours": 1.24401, "loss": 0.59319164, "lr": 0.00025413, "params": 502054, "time_iter": 0.14782, "accuracy": 0.78669, "f1": 0.78669, "accuracy-SBM": 0.78669, "auc": 0.96479}
{"epoch": 53, "time_epoch": 92.89679, "eta": 4381.1144, "eta_hours": 1.21698, "loss": 0.59108598, "lr": 0.00024587, "params": 502054, "time_iter": 0.14863, "accuracy": 0.78763, "f1": 0.78763, "accuracy-SBM": 0.78763, "auc": 0.96501}
{"epoch": 54, "time_epoch": 94.24321, "eta": 4285.0559, "eta_hours": 1.19029, "loss": 0.5880277, "lr": 0.0002376, "params": 502054, "time_iter": 0.15079, "accuracy": 0.78869, "f1": 0.78868, "accuracy-SBM": 0.78869, "auc": 0.96538}
{"epoch": 55, "time_epoch": 93.3663, "eta": 4188.37323, "eta_hours": 1.16344, "loss": 0.5852094, "lr": 0.00022936, "params": 502054, "time_iter": 0.14939, "accuracy": 0.78909, "f1": 0.78909, "accuracy-SBM": 0.7891, "auc": 0.96572}
{"epoch": 56, "time_epoch": 94.46768, "eta": 4092.6378, "eta_hours": 1.13684, "loss": 0.58456426, "lr": 0.00022113, "params": 502054, "time_iter": 0.15115, "accuracy": 0.78985, "f1": 0.78985, "accuracy-SBM": 0.78985, "auc": 0.96578}
{"epoch": 57, "time_epoch": 93.68016, "eta": 3996.37581, "eta_hours": 1.1101, "loss": 0.58182886, "lr": 0.00021293, "params": 502054, "time_iter": 0.14989, "accuracy": 0.79051, "f1": 0.79051, "accuracy-SBM": 0.79051, "auc": 0.96612}
{"epoch": 58, "time_epoch": 93.77821, "eta": 3900.26947, "eta_hours": 1.08341, "loss": 0.57967656, "lr": 0.00020478, "params": 502054, "time_iter": 0.15005, "accuracy": 0.7909, "f1": 0.7909, "accuracy-SBM": 0.79091, "auc": 0.96637}
{"epoch": 59, "time_epoch": 94.22691, "eta": 3804.53987, "eta_hours": 1.05682, "loss": 0.57705349, "lr": 0.00019668, "params": 502054, "time_iter": 0.15076, "accuracy": 0.79219, "f1": 0.79219, "accuracy-SBM": 0.79219, "auc": 0.96667}
{"epoch": 60, "time_epoch": 96.03688, "eta": 3710.01673, "eta_hours": 1.03056, "loss": 0.57570134, "lr": 0.00018863, "params": 502054, "time_iter": 0.15366, "accuracy": 0.79299, "f1": 0.79299, "accuracy-SBM": 0.79299, "auc": 0.96683}
{"epoch": 61, "time_epoch": 97.46625, "eta": 3616.32083, "eta_hours": 1.00453, "loss": 0.57346286, "lr": 0.00018065, "params": 502054, "time_iter": 0.15595, "accuracy": 0.7933, "f1": 0.79331, "accuracy-SBM": 0.79331, "auc": 0.96709}
{"epoch": 62, "time_epoch": 92.09476, "eta": 3519.35055, "eta_hours": 0.9776, "loss": 0.57275346, "lr": 0.00017275, "params": 502054, "time_iter": 0.14735, "accuracy": 0.79428, "f1": 0.79428, "accuracy-SBM": 0.79428, "auc": 0.96715}
{"epoch": 63, "time_epoch": 97.28153, "eta": 3425.45019, "eta_hours": 0.95151, "loss": 0.56942371, "lr": 0.00016493, "params": 502054, "time_iter": 0.15565, "accuracy": 0.79469, "f1": 0.79469, "accuracy-SBM": 0.7947, "auc": 0.96756}
{"epoch": 64, "time_epoch": 97.71364, "eta": 3331.67846, "eta_hours": 0.92547, "loss": 0.56461413, "lr": 0.0001572, "params": 502054, "time_iter": 0.15634, "accuracy": 0.79654, "f1": 0.79654, "accuracy-SBM": 0.79654, "auc": 0.96812}
{"epoch": 65, "time_epoch": 95.62961, "eta": 3236.7137, "eta_hours": 0.89909, "loss": 0.56728413, "lr": 0.00014958, "params": 502054, "time_iter": 0.15301, "accuracy": 0.7953, "f1": 0.7953, "accuracy-SBM": 0.7953, "auc": 0.9678}
{"epoch": 66, "time_epoch": 94.34604, "eta": 3141.09688, "eta_hours": 0.87253, "loss": 0.56508484, "lr": 0.00014206, "params": 502054, "time_iter": 0.15095, "accuracy": 0.79644, "f1": 0.79644, "accuracy-SBM": 0.79644, "auc": 0.96805}
{"epoch": 67, "time_epoch": 96.51349, "eta": 3046.53741, "eta_hours": 0.84626, "loss": 0.56238119, "lr": 0.00013466, "params": 502054, "time_iter": 0.15442, "accuracy": 0.79727, "f1": 0.79727, "accuracy-SBM": 0.79727, "auc": 0.96836}
{"epoch": 68, "time_epoch": 92.32012, "eta": 2950.03733, "eta_hours": 0.81945, "loss": 0.55880038, "lr": 0.00012739, "params": 502054, "time_iter": 0.14771, "accuracy": 0.79868, "f1": 0.79868, "accuracy-SBM": 0.79868, "auc": 0.96873}
{"epoch": 69, "time_epoch": 94.23715, "eta": 2854.47826, "eta_hours": 0.79291, "loss": 0.55775307, "lr": 0.00012026, "params": 502054, "time_iter": 0.15078, "accuracy": 0.79913, "f1": 0.79912, "accuracy-SBM": 0.79913, "auc": 0.96886}
{"epoch": 70, "time_epoch": 94.26641, "eta": 2758.96838, "eta_hours": 0.76638, "loss": 0.55846845, "lr": 0.00011326, "params": 502054, "time_iter": 0.15083, "accuracy": 0.7987, "f1": 0.7987, "accuracy-SBM": 0.7987, "auc": 0.96881}
{"epoch": 71, "time_epoch": 95.82135, "eta": 2664.09774, "eta_hours": 0.74003, "loss": 0.55607633, "lr": 0.00010642, "params": 502054, "time_iter": 0.15331, "accuracy": 0.79954, "f1": 0.79954, "accuracy-SBM": 0.79954, "auc": 0.96905}
{"epoch": 72, "time_epoch": 91.99815, "eta": 2567.78699, "eta_hours": 0.71327, "loss": 0.55463476, "lr": 9.973e-05, "params": 502054, "time_iter": 0.1472, "accuracy": 0.79997, "f1": 0.79997, "accuracy-SBM": 0.79997, "auc": 0.96922}
{"epoch": 73, "time_epoch": 95.81086, "eta": 2472.9324, "eta_hours": 0.68693, "loss": 0.55520019, "lr": 9.321e-05, "params": 502054, "time_iter": 0.1533, "accuracy": 0.80001, "f1": 0.80001, "accuracy-SBM": 0.80001, "auc": 0.96915}
{"epoch": 74, "time_epoch": 91.15579, "eta": 2376.50061, "eta_hours": 0.66014, "loss": 0.55231951, "lr": 8.685e-05, "params": 502054, "time_iter": 0.14585, "accuracy": 0.80049, "f1": 0.80049, "accuracy-SBM": 0.80049, "auc": 0.9695}
{"epoch": 75, "time_epoch": 90.56719, "eta": 2280.0218, "eta_hours": 0.63334, "loss": 0.55000868, "lr": 8.068e-05, "params": 502054, "time_iter": 0.14491, "accuracy": 0.80123, "f1": 0.80123, "accuracy-SBM": 0.80123, "auc": 0.96974}
{"epoch": 76, "time_epoch": 93.7119, "eta": 2184.63586, "eta_hours": 0.60684, "loss": 0.55005707, "lr": 7.469e-05, "params": 502054, "time_iter": 0.14994, "accuracy": 0.80166, "f1": 0.80166, "accuracy-SBM": 0.80166, "auc": 0.96973}
{"epoch": 77, "time_epoch": 96.84316, "eta": 2090.17603, "eta_hours": 0.5806, "loss": 0.54765917, "lr": 6.889e-05, "params": 502054, "time_iter": 0.15495, "accuracy": 0.80251, "f1": 0.80251, "accuracy-SBM": 0.80252, "auc": 0.96999}
{"epoch": 78, "time_epoch": 96.41688, "eta": 1995.54254, "eta_hours": 0.55432, "loss": 0.54629856, "lr": 6.329e-05, "params": 502054, "time_iter": 0.15427, "accuracy": 0.80268, "f1": 0.80268, "accuracy-SBM": 0.80268, "auc": 0.97015}
{"epoch": 79, "time_epoch": 94.06425, "eta": 1900.27631, "eta_hours": 0.52785, "loss": 0.54660735, "lr": 5.79e-05, "params": 502054, "time_iter": 0.1505, "accuracy": 0.80311, "f1": 0.80311, "accuracy-SBM": 0.80311, "auc": 0.97011}
{"epoch": 80, "time_epoch": 96.59928, "eta": 1805.63439, "eta_hours": 0.50157, "loss": 0.5447168, "lr": 5.271e-05, "params": 502054, "time_iter": 0.15456, "accuracy": 0.80308, "f1": 0.80308, "accuracy-SBM": 0.80308, "auc": 0.97032}
{"epoch": 81, "time_epoch": 91.36243, "eta": 1709.79518, "eta_hours": 0.47494, "loss": 0.54304011, "lr": 4.775e-05, "params": 502054, "time_iter": 0.14618, "accuracy": 0.80404, "f1": 0.80404, "accuracy-SBM": 0.80404, "auc": 0.9705}
{"epoch": 82, "time_epoch": 94.2771, "eta": 1614.66083, "eta_hours": 0.44852, "loss": 0.5425109, "lr": 4.3e-05, "params": 502054, "time_iter": 0.15084, "accuracy": 0.80423, "f1": 0.80423, "accuracy-SBM": 0.80424, "auc": 0.97057}
{"epoch": 83, "time_epoch": 92.44775, "eta": 1519.19844, "eta_hours": 0.422, "loss": 0.54092874, "lr": 3.848e-05, "params": 502054, "time_iter": 0.14792, "accuracy": 0.80468, "f1": 0.80468, "accuracy-SBM": 0.80468, "auc": 0.97073}
{"epoch": 84, "time_epoch": 95.62059, "eta": 1424.36689, "eta_hours": 0.39566, "loss": 0.54071197, "lr": 3.419e-05, "params": 502054, "time_iter": 0.15299, "accuracy": 0.80514, "f1": 0.80514, "accuracy-SBM": 0.80514, "auc": 0.97074}
{"epoch": 85, "time_epoch": 95.07954, "eta": 1329.42892, "eta_hours": 0.36929, "loss": 0.54054758, "lr": 3.013e-05, "params": 502054, "time_iter": 0.15213, "accuracy": 0.80483, "f1": 0.80484, "accuracy-SBM": 0.80484, "auc": 0.97077}
{"epoch": 86, "time_epoch": 95.88021, "eta": 1234.60733, "eta_hours": 0.34295, "loss": 0.53951767, "lr": 2.632e-05, "params": 502054, "time_iter": 0.15341, "accuracy": 0.80525, "f1": 0.80525, "accuracy-SBM": 0.80525, "auc": 0.97089}
{"epoch": 87, "time_epoch": 92.87613, "eta": 1139.35204, "eta_hours": 0.31649, "loss": 0.53887925, "lr": 2.275e-05, "params": 502054, "time_iter": 0.1486, "accuracy": 0.80562, "f1": 0.80562, "accuracy-SBM": 0.80562, "auc": 0.97095}
{"epoch": 88, "time_epoch": 98.53647, "eta": 1044.8498, "eta_hours": 0.29024, "loss": 0.5405852, "lr": 1.943e-05, "params": 502054, "time_iter": 0.15766, "accuracy": 0.80475, "f1": 0.80475, "accuracy-SBM": 0.80475, "auc": 0.97077}
{"epoch": 89, "time_epoch": 89.46261, "eta": 949.2497, "eta_hours": 0.26368, "loss": 0.53811017, "lr": 1.636e-05, "params": 502054, "time_iter": 0.14314, "accuracy": 0.80602, "f1": 0.80602, "accuracy-SBM": 0.80602, "auc": 0.97103}
{"epoch": 90, "time_epoch": 98.51792, "eta": 854.68008, "eta_hours": 0.23741, "loss": 0.5385535, "lr": 1.355e-05, "params": 502054, "time_iter": 0.15763, "accuracy": 0.80623, "f1": 0.80623, "accuracy-SBM": 0.80623, "auc": 0.97097}
{"epoch": 91, "time_epoch": 98.11699, "eta": 759.98976, "eta_hours": 0.21111, "loss": 0.53610335, "lr": 1.099e-05, "params": 502054, "time_iter": 0.15699, "accuracy": 0.80688, "f1": 0.80688, "accuracy-SBM": 0.80688, "auc": 0.97125}
{"epoch": 92, "time_epoch": 91.88425, "eta": 664.75662, "eta_hours": 0.18465, "loss": 0.537348, "lr": 8.7e-06, "params": 502054, "time_iter": 0.14701, "accuracy": 0.80635, "f1": 0.80635, "accuracy-SBM": 0.80635, "auc": 0.97111}
{"epoch": 93, "time_epoch": 96.43793, "eta": 569.88539, "eta_hours": 0.1583, "loss": 0.53726929, "lr": 6.67e-06, "params": 502054, "time_iter": 0.1543, "accuracy": 0.80633, "f1": 0.80633, "accuracy-SBM": 0.80633, "auc": 0.97112}
{"epoch": 94, "time_epoch": 101.09568, "eta": 475.22632, "eta_hours": 0.13201, "loss": 0.5365267, "lr": 4.91e-06, "params": 502054, "time_iter": 0.16175, "accuracy": 0.80678, "f1": 0.80678, "accuracy-SBM": 0.80678, "auc": 0.9712}
{"epoch": 95, "time_epoch": 95.75451, "eta": 380.21061, "eta_hours": 0.10561, "loss": 0.5356991, "lr": 3.41e-06, "params": 502054, "time_iter": 0.15321, "accuracy": 0.80682, "f1": 0.80682, "accuracy-SBM": 0.80682, "auc": 0.9713}
{"epoch": 96, "time_epoch": 96.28778, "eta": 285.19616, "eta_hours": 0.07922, "loss": 0.5364571, "lr": 2.18e-06, "params": 502054, "time_iter": 0.15406, "accuracy": 0.80632, "f1": 0.80632, "accuracy-SBM": 0.80632, "auc": 0.97122}
{"epoch": 97, "time_epoch": 93.82919, "eta": 190.10554, "eta_hours": 0.05281, "loss": 0.53614504, "lr": 1.23e-06, "params": 502054, "time_iter": 0.15013, "accuracy": 0.80668, "f1": 0.80668, "accuracy-SBM": 0.80668, "auc": 0.97125}
{"epoch": 98, "time_epoch": 91.38032, "eta": 95.01568, "eta_hours": 0.02639, "loss": 0.5355265, "lr": 5.5e-07, "params": 502054, "time_iter": 0.14621, "accuracy": 0.8065, "f1": 0.8065, "accuracy-SBM": 0.8065, "auc": 0.97133}
{"epoch": 99, "time_epoch": 97.02502, "eta": 0.0, "eta_hours": 0.0, "loss": 0.53598031, "lr": 1.4e-07, "params": 502054, "time_iter": 0.15524, "accuracy": 0.80666, "f1": 0.80666, "accuracy-SBM": 0.80666, "auc": 0.97126}
