{"epoch": 0, "time_epoch": 221.97011, "eta": 21975.04114, "eta_hours": 6.10418, "loss": 0.69392156, "lr": 0.0, "params": 9744496, "time_iter": 0.32404, "accuracy": 0.51282, "ap": 0.01994, "auc": 0.49801}
{"epoch": 1, "time_epoch": 178.44211, "eta": 19620.1987, "eta_hours": 5.45006, "loss": 0.33759439, "lr": 0.0001, "params": 9744496, "time_iter": 0.2605, "accuracy": 0.92027, "ap": 0.02924, "auc": 0.54467}
{"epoch": 2, "time_epoch": 181.33317, "eta": 18809.76756, "eta_hours": 5.22494, "loss": 0.06948824, "lr": 0.0002, "params": 9744496, "time_iter": 0.26472, "accuracy": 0.97949, "ap": 0.04245, "auc": 0.62532}
{"epoch": 3, "time_epoch": 176.43191, "eta": 18196.25506, "eta_hours": 5.05452, "loss": 0.04879287, "lr": 0.0003, "params": 9744496, "time_iter": 0.25756, "accuracy": 0.981, "ap": 0.07941, "auc": 0.73878}
{"epoch": 4, "time_epoch": 187.99336, "eta": 17977.24249, "eta_hours": 4.99368, "loss": 0.04510168, "lr": 0.0004, "params": 9744496, "time_iter": 0.27444, "accuracy": 0.98198, "ap": 0.1095, "auc": 0.7958}
{"epoch": 5, "time_epoch": 178.50878, "eta": 17619.97779, "eta_hours": 4.89444, "loss": 0.04312128, "lr": 0.0005, "params": 9744496, "time_iter": 0.2606, "accuracy": 0.98258, "ap": 0.1322, "auc": 0.8228}
{"epoch": 6, "time_epoch": 177.01878, "eta": 17293.9906, "eta_hours": 4.80389, "loss": 0.04144306, "lr": 0.00049986, "params": 9744496, "time_iter": 0.25842, "accuracy": 0.98321, "ap": 0.15502, "auc": 0.84346}
{"epoch": 7, "time_epoch": 184.55277, "eta": 17091.88633, "eta_hours": 4.74775, "loss": 0.04019888, "lr": 0.00049945, "params": 9744496, "time_iter": 0.26942, "accuracy": 0.98359, "ap": 0.17495, "auc": 0.85506}
{"epoch": 8, "time_epoch": 174.88191, "eta": 16795.8993, "eta_hours": 4.66553, "loss": 0.03926507, "lr": 0.00049877, "params": 9744496, "time_iter": 0.2553, "accuracy": 0.9839, "ap": 0.19227, "auc": 0.86322}
{"epoch": 9, "time_epoch": 184.54077, "eta": 16611.063, "eta_hours": 4.61418, "loss": 0.03836206, "lr": 0.00049782, "params": 9744496, "time_iter": 0.2694, "accuracy": 0.98425, "ap": 0.20727, "auc": 0.8712}
{"epoch": 10, "time_epoch": 188.89391, "eta": 16461.50128, "eta_hours": 4.57264, "loss": 0.03760283, "lr": 0.00049659, "params": 9744496, "time_iter": 0.27576, "accuracy": 0.98451, "ap": 0.22343, "auc": 0.87684}
{"epoch": 11, "time_epoch": 180.49745, "eta": 16243.81015, "eta_hours": 4.51217, "loss": 0.03693678, "lr": 0.00049509, "params": 9744496, "time_iter": 0.2635, "accuracy": 0.98482, "ap": 0.23712, "auc": 0.88346}
{"epoch": 12, "time_epoch": 182.27818, "eta": 16043.75831, "eta_hours": 4.4566, "loss": 0.03627299, "lr": 0.00049333, "params": 9744496, "time_iter": 0.2661, "accuracy": 0.98509, "ap": 0.24978, "auc": 0.88723}
{"epoch": 13, "time_epoch": 182.67808, "eta": 15848.70211, "eta_hours": 4.40242, "loss": 0.03568763, "lr": 0.0004913, "params": 9744496, "time_iter": 0.26668, "accuracy": 0.98518, "ap": 0.26052, "auc": 0.8917}
{"epoch": 14, "time_epoch": 193.97872, "eta": 15719.33329, "eta_hours": 4.36648, "loss": 0.03512275, "lr": 0.00048901, "params": 9744496, "time_iter": 0.28318, "accuracy": 0.98545, "ap": 0.27588, "auc": 0.8951}
{"epoch": 15, "time_epoch": 186.6474, "eta": 15543.39882, "eta_hours": 4.31761, "loss": 0.03450863, "lr": 0.00048645, "params": 9744496, "time_iter": 0.27248, "accuracy": 0.98568, "ap": 0.28776, "auc": 0.89902}
{"epoch": 16, "time_epoch": 181.66949, "eta": 15341.9001, "eta_hours": 4.26164, "loss": 0.03405391, "lr": 0.00048364, "params": 9744496, "time_iter": 0.26521, "accuracy": 0.98588, "ap": 0.30029, "auc": 0.90259}
{"epoch": 17, "time_epoch": 178.00315, "eta": 15125.9024, "eta_hours": 4.20164, "loss": 0.03360646, "lr": 0.00048057, "params": 9744496, "time_iter": 0.25986, "accuracy": 0.98603, "ap": 0.3105, "auc": 0.90585}
{"epoch": 18, "time_epoch": 182.12285, "eta": 14931.46704, "eta_hours": 4.14763, "loss": 0.03319841, "lr": 0.00047725, "params": 9744496, "time_iter": 0.26587, "accuracy": 0.9862, "ap": 0.31711, "auc": 0.90883}
{"epoch": 19, "time_epoch": 187.15947, "eta": 14758.40942, "eta_hours": 4.09956, "loss": 0.03273835, "lr": 0.00047368, "params": 9744496, "time_iter": 0.27323, "accuracy": 0.98625, "ap": 0.32912, "auc": 0.91177}
{"epoch": 20, "time_epoch": 182.11304, "eta": 14565.02459, "eta_hours": 4.04584, "loss": 0.03229122, "lr": 0.00046987, "params": 9744496, "time_iter": 0.26586, "accuracy": 0.98658, "ap": 0.34243, "auc": 0.91352}
{"epoch": 21, "time_epoch": 186.8218, "eta": 14389.35917, "eta_hours": 3.99704, "loss": 0.03187264, "lr": 0.00046581, "params": 9744496, "time_iter": 0.27273, "accuracy": 0.98675, "ap": 0.35158, "auc": 0.91752}
{"epoch": 22, "time_epoch": 179.11051, "eta": 14186.90755, "eta_hours": 3.94081, "loss": 0.03153397, "lr": 0.00046152, "params": 9744496, "time_iter": 0.26148, "accuracy": 0.98683, "ap": 0.3592, "auc": 0.91979}
{"epoch": 23, "time_epoch": 179.95622, "eta": 13989.07911, "eta_hours": 3.88586, "loss": 0.03122658, "lr": 0.000457, "params": 9744496, "time_iter": 0.26271, "accuracy": 0.98696, "ap": 0.36731, "auc": 0.92125}
{"epoch": 24, "time_epoch": 173.39593, "eta": 13772.99959, "eta_hours": 3.82583, "loss": 0.03086776, "lr": 0.00045225, "params": 9744496, "time_iter": 0.25313, "accuracy": 0.98716, "ap": 0.37499, "auc": 0.92461}
{"epoch": 25, "time_epoch": 182.52111, "eta": 13586.17506, "eta_hours": 3.77394, "loss": 0.03055685, "lr": 0.00044729, "params": 9744496, "time_iter": 0.26645, "accuracy": 0.9872, "ap": 0.38507, "auc": 0.92693}
{"epoch": 26, "time_epoch": 179.30496, "eta": 13390.9738, "eta_hours": 3.71971, "loss": 0.03023363, "lr": 0.0004421, "params": 9744496, "time_iter": 0.26176, "accuracy": 0.98735, "ap": 0.39399, "auc": 0.92868}
{"epoch": 27, "time_epoch": 184.04885, "eta": 13209.10657, "eta_hours": 3.6692, "loss": 0.03012568, "lr": 0.00043671, "params": 9744496, "time_iter": 0.26868, "accuracy": 0.98741, "ap": 0.39793, "auc": 0.92956}
{"epoch": 28, "time_epoch": 176.57803, "eta": 13008.79825, "eta_hours": 3.61356, "loss": 0.02980329, "lr": 0.00043111, "params": 9744496, "time_iter": 0.25778, "accuracy": 0.98746, "ap": 0.40593, "auc": 0.93141}
{"epoch": 29, "time_epoch": 183.23175, "eta": 12825.59731, "eta_hours": 3.56267, "loss": 0.02943679, "lr": 0.00042531, "params": 9744496, "time_iter": 0.26749, "accuracy": 0.98766, "ap": 0.41289, "auc": 0.93439}
{"epoch": 30, "time_epoch": 179.69893, "eta": 12634.531, "eta_hours": 3.50959, "loss": 0.02913344, "lr": 0.00041932, "params": 9744496, "time_iter": 0.26233, "accuracy": 0.98781, "ap": 0.42487, "auc": 0.93493}
{"epoch": 31, "time_epoch": 175.39117, "eta": 12435.02116, "eta_hours": 3.45417, "loss": 0.0288691, "lr": 0.00041315, "params": 9744496, "time_iter": 0.25605, "accuracy": 0.98804, "ap": 0.42888, "auc": 0.93694}
{"epoch": 32, "time_epoch": 179.20392, "eta": 12244.7141, "eta_hours": 3.40131, "loss": 0.02860008, "lr": 0.00040679, "params": 9744496, "time_iter": 0.26161, "accuracy": 0.98805, "ap": 0.43606, "auc": 0.93907}
{"epoch": 33, "time_epoch": 181.54695, "eta": 12059.60839, "eta_hours": 3.34989, "loss": 0.0283697, "lr": 0.00040027, "params": 9744496, "time_iter": 0.26503, "accuracy": 0.98813, "ap": 0.44322, "auc": 0.94008}
{"epoch": 34, "time_epoch": 179.804, "eta": 11871.46913, "eta_hours": 3.29763, "loss": 0.02814308, "lr": 0.00039358, "params": 9744496, "time_iter": 0.26249, "accuracy": 0.98816, "ap": 0.44854, "auc": 0.94206}
{"epoch": 35, "time_epoch": 183.72895, "eta": 11690.77063, "eta_hours": 3.24744, "loss": 0.02796651, "lr": 0.00038674, "params": 9744496, "time_iter": 0.26822, "accuracy": 0.98839, "ap": 0.45507, "auc": 0.94333}
{"epoch": 36, "time_epoch": 188.05269, "eta": 11517.27036, "eta_hours": 3.19924, "loss": 0.02764551, "lr": 0.00037974, "params": 9744496, "time_iter": 0.27453, "accuracy": 0.98847, "ap": 0.46416, "auc": 0.94514}
{"epoch": 37, "time_epoch": 187.44708, "eta": 11342.01608, "eta_hours": 3.15056, "loss": 0.02742718, "lr": 0.00037261, "params": 9744496, "time_iter": 0.27365, "accuracy": 0.98852, "ap": 0.46935, "auc": 0.94668}
{"epoch": 38, "time_epoch": 193.2778, "eta": 11175.25637, "eta_hours": 3.10424, "loss": 0.02719927, "lr": 0.00036534, "params": 9744496, "time_iter": 0.28216, "accuracy": 0.98863, "ap": 0.47492, "auc": 0.94805}
{"epoch": 39, "time_epoch": 177.73045, "eta": 10983.84973, "eta_hours": 3.05107, "loss": 0.02694935, "lr": 0.00035794, "params": 9744496, "time_iter": 0.25946, "accuracy": 0.98882, "ap": 0.48221, "auc": 0.94958}
{"epoch": 40, "time_epoch": 175.89956, "eta": 10790.47553, "eta_hours": 2.99735, "loss": 0.02671492, "lr": 0.00035042, "params": 9744496, "time_iter": 0.25679, "accuracy": 0.98884, "ap": 0.48749, "auc": 0.95046}
{"epoch": 41, "time_epoch": 181.13306, "eta": 10605.16067, "eta_hours": 2.94588, "loss": 0.02652581, "lr": 0.0003428, "params": 9744496, "time_iter": 0.26443, "accuracy": 0.98893, "ap": 0.49235, "auc": 0.95132}
{"epoch": 42, "time_epoch": 186.53249, "eta": 10427.1977, "eta_hours": 2.89644, "loss": 0.02628293, "lr": 0.00033507, "params": 9744496, "time_iter": 0.27231, "accuracy": 0.98908, "ap": 0.50054, "auc": 0.95285}
{"epoch": 43, "time_epoch": 181.01833, "eta": 10241.82718, "eta_hours": 2.84495, "loss": 0.02601335, "lr": 0.00032725, "params": 9744496, "time_iter": 0.26426, "accuracy": 0.98918, "ap": 0.50797, "auc": 0.95479}
{"epoch": 44, "time_epoch": 189.57205, "eta": 10067.10464, "eta_hours": 2.79642, "loss": 0.02579877, "lr": 0.00031935, "params": 9744496, "time_iter": 0.27675, "accuracy": 0.98926, "ap": 0.51459, "auc": 0.95593}
{"epoch": 45, "time_epoch": 176.40083, "eta": 9876.2746, "eta_hours": 2.74341, "loss": 0.02557833, "lr": 0.00031137, "params": 9744496, "time_iter": 0.25752, "accuracy": 0.98932, "ap": 0.51858, "auc": 0.95721}
{"epoch": 46, "time_epoch": 182.90533, "eta": 9693.39344, "eta_hours": 2.69261, "loss": 0.02538984, "lr": 0.00030332, "params": 9744496, "time_iter": 0.26702, "accuracy": 0.98943, "ap": 0.52601, "auc": 0.95803}
{"epoch": 47, "time_epoch": 180.87192, "eta": 9508.3084, "eta_hours": 2.6412, "loss": 0.02517245, "lr": 0.00029522, "params": 9744496, "time_iter": 0.26405, "accuracy": 0.98952, "ap": 0.52899, "auc": 0.95941}
{"epoch": 48, "time_epoch": 175.67313, "eta": 9317.98435, "eta_hours": 2.58833, "loss": 0.02493081, "lr": 0.00028707, "params": 9744496, "time_iter": 0.25646, "accuracy": 0.9896, "ap": 0.53775, "auc": 0.9605}
{"epoch": 49, "time_epoch": 174.79653, "eta": 9127.36973, "eta_hours": 2.53538, "loss": 0.02474056, "lr": 0.00027887, "params": 9744496, "time_iter": 0.25518, "accuracy": 0.98966, "ap": 0.54169, "auc": 0.96158}
{"epoch": 50, "time_epoch": 175.85848, "eta": 8938.39573, "eta_hours": 2.48289, "loss": 0.02454479, "lr": 0.00027064, "params": 9744496, "time_iter": 0.25673, "accuracy": 0.98977, "ap": 0.54501, "auc": 0.9626}
{"epoch": 51, "time_epoch": 183.02879, "eta": 8756.54492, "eta_hours": 2.43237, "loss": 0.02433462, "lr": 0.0002624, "params": 9744496, "time_iter": 0.2672, "accuracy": 0.98987, "ap": 0.55561, "auc": 0.96347}
{"epoch": 52, "time_epoch": 181.07487, "eta": 8572.91694, "eta_hours": 2.38137, "loss": 0.02412664, "lr": 0.00025413, "params": 9744496, "time_iter": 0.26434, "accuracy": 0.98989, "ap": 0.55708, "auc": 0.96436}
{"epoch": 53, "time_epoch": 190.3788, "eta": 8397.30909, "eta_hours": 2.33259, "loss": 0.02391471, "lr": 0.00024587, "params": 9744496, "time_iter": 0.27793, "accuracy": 0.98999, "ap": 0.56347, "auc": 0.96558}
{"epoch": 54, "time_epoch": 179.69595, "eta": 8212.4236, "eta_hours": 2.28123, "loss": 0.02376064, "lr": 0.0002376, "params": 9744496, "time_iter": 0.26233, "accuracy": 0.9901, "ap": 0.57046, "auc": 0.96611}
{"epoch": 55, "time_epoch": 172.92038, "eta": 8022.39978, "eta_hours": 2.22844, "loss": 0.02353538, "lr": 0.00022936, "params": 9744496, "time_iter": 0.25244, "accuracy": 0.99017, "ap": 0.57417, "auc": 0.9671}
{"epoch": 56, "time_epoch": 183.37198, "eta": 7840.86063, "eta_hours": 2.17802, "loss": 0.02333534, "lr": 0.00022113, "params": 9744496, "time_iter": 0.2677, "accuracy": 0.99023, "ap": 0.57855, "auc": 0.96785}
{"epoch": 57, "time_epoch": 188.16766, "eta": 7662.73101, "eta_hours": 2.12854, "loss": 0.02320167, "lr": 0.00021293, "params": 9744496, "time_iter": 0.2747, "accuracy": 0.99037, "ap": 0.58506, "auc": 0.96845}
{"epoch": 58, "time_epoch": 192.5837, "eta": 7487.32989, "eta_hours": 2.07981, "loss": 0.02300783, "lr": 0.00020478, "params": 9744496, "time_iter": 0.28114, "accuracy": 0.99038, "ap": 0.5879, "auc": 0.96927}
{"epoch": 59, "time_epoch": 185.48825, "eta": 7306.62572, "eta_hours": 2.02962, "loss": 0.0228123, "lr": 0.00019668, "params": 9744496, "time_iter": 0.27079, "accuracy": 0.99046, "ap": 0.59476, "auc": 0.97025}
{"epoch": 60, "time_epoch": 183.62257, "eta": 7124.57188, "eta_hours": 1.97905, "loss": 0.02262313, "lr": 0.00018863, "params": 9744496, "time_iter": 0.26806, "accuracy": 0.99061, "ap": 0.60139, "auc": 0.971}
{"epoch": 61, "time_epoch": 184.09966, "eta": 6942.75985, "eta_hours": 1.92854, "loss": 0.02246496, "lr": 0.00018065, "params": 9744496, "time_iter": 0.26876, "accuracy": 0.99063, "ap": 0.60169, "auc": 0.97174}
{"epoch": 62, "time_epoch": 183.0834, "eta": 6760.27835, "eta_hours": 1.87786, "loss": 0.02228186, "lr": 0.00017275, "params": 9744496, "time_iter": 0.26728, "accuracy": 0.99076, "ap": 0.60809, "auc": 0.9725}
{"epoch": 63, "time_epoch": 195.99132, "eta": 6585.03874, "eta_hours": 1.82918, "loss": 0.02210221, "lr": 0.00016493, "params": 9744496, "time_iter": 0.28612, "accuracy": 0.99079, "ap": 0.61423, "auc": 0.97324}
{"epoch": 64, "time_epoch": 204.50677, "eta": 6413.74586, "eta_hours": 1.7816, "loss": 0.02196905, "lr": 0.0001572, "params": 9744496, "time_iter": 0.29855, "accuracy": 0.99087, "ap": 0.61427, "auc": 0.97373}
{"epoch": 65, "time_epoch": 186.99846, "eta": 6232.42707, "eta_hours": 1.73123, "loss": 0.02180717, "lr": 0.00014958, "params": 9744496, "time_iter": 0.27299, "accuracy": 0.99097, "ap": 0.62097, "auc": 0.97431}
{"epoch": 66, "time_epoch": 185.8542, "eta": 6050.37513, "eta_hours": 1.68066, "loss": 0.02161356, "lr": 0.00014206, "params": 9744496, "time_iter": 0.27132, "accuracy": 0.99099, "ap": 0.62172, "auc": 0.97499}
{"epoch": 67, "time_epoch": 182.11631, "eta": 5866.45237, "eta_hours": 1.62957, "loss": 0.02148502, "lr": 0.00013466, "params": 9744496, "time_iter": 0.26586, "accuracy": 0.99095, "ap": 0.63002, "auc": 0.97531}
{"epoch": 68, "time_epoch": 190.1198, "eta": 5686.17773, "eta_hours": 1.57949, "loss": 0.0213456, "lr": 0.00012739, "params": 9744496, "time_iter": 0.27755, "accuracy": 0.99113, "ap": 0.63459, "auc": 0.97571}
{"epoch": 69, "time_epoch": 209.32622, "eta": 5513.85313, "eta_hours": 1.53163, "loss": 0.0212112, "lr": 0.00012026, "params": 9744496, "time_iter": 0.30559, "accuracy": 0.9912, "ap": 0.63537, "auc": 0.97635}
{"epoch": 70, "time_epoch": 184.94871, "eta": 5330.52922, "eta_hours": 1.4807, "loss": 0.02107767, "lr": 0.00011326, "params": 9744496, "time_iter": 0.27, "accuracy": 0.99127, "ap": 0.64134, "auc": 0.97692}
{"epoch": 71, "time_epoch": 184.42781, "eta": 5146.9576, "eta_hours": 1.42971, "loss": 0.02092487, "lr": 0.00010642, "params": 9744496, "time_iter": 0.26924, "accuracy": 0.99131, "ap": 0.64467, "auc": 0.97739}
{"epoch": 72, "time_epoch": 190.28267, "eta": 4965.52802, "eta_hours": 1.37931, "loss": 0.02082693, "lr": 9.973e-05, "params": 9744496, "time_iter": 0.27778, "accuracy": 0.99135, "ap": 0.64519, "auc": 0.97772}
{"epoch": 73, "time_epoch": 191.03838, "eta": 4784.12468, "eta_hours": 1.32892, "loss": 0.02065812, "lr": 9.321e-05, "params": 9744496, "time_iter": 0.27889, "accuracy": 0.99148, "ap": 0.6517, "auc": 0.9783}
{"epoch": 74, "time_epoch": 189.36306, "eta": 4601.90598, "eta_hours": 1.27831, "loss": 0.02056168, "lr": 8.685e-05, "params": 9744496, "time_iter": 0.27644, "accuracy": 0.99145, "ap": 0.65325, "auc": 0.97847}
{"epoch": 75, "time_epoch": 202.72585, "eta": 4423.71909, "eta_hours": 1.22881, "loss": 0.02045333, "lr": 8.068e-05, "params": 9744496, "time_iter": 0.29595, "accuracy": 0.99155, "ap": 0.6553, "auc": 0.97896}
{"epoch": 76, "time_epoch": 185.04368, "eta": 4239.61314, "eta_hours": 1.17767, "loss": 0.02033609, "lr": 7.469e-05, "params": 9744496, "time_iter": 0.27014, "accuracy": 0.9915, "ap": 0.66171, "auc": 0.97931}
{"epoch": 77, "time_epoch": 195.63965, "eta": 4058.47175, "eta_hours": 1.12735, "loss": 0.02025082, "lr": 6.889e-05, "params": 9744496, "time_iter": 0.28561, "accuracy": 0.99163, "ap": 0.66161, "auc": 0.97931}
{"epoch": 78, "time_epoch": 202.11227, "eta": 3878.68389, "eta_hours": 1.07741, "loss": 0.02012172, "lr": 6.329e-05, "params": 9744496, "time_iter": 0.29505, "accuracy": 0.9916, "ap": 0.66428, "auc": 0.97965}
{"epoch": 79, "time_epoch": 191.89813, "eta": 3695.78438, "eta_hours": 1.02661, "loss": 0.02004266, "lr": 5.79e-05, "params": 9744496, "time_iter": 0.28014, "accuracy": 0.99167, "ap": 0.6668, "auc": 0.97994}
{"epoch": 80, "time_epoch": 207.70727, "eta": 3516.371, "eta_hours": 0.97677, "loss": 0.01994532, "lr": 5.271e-05, "params": 9744496, "time_iter": 0.30322, "accuracy": 0.99172, "ap": 0.66946, "auc": 0.98035}
{"epoch": 81, "time_epoch": 201.97507, "eta": 3335.00923, "eta_hours": 0.92639, "loss": 0.01989271, "lr": 4.775e-05, "params": 9744496, "time_iter": 0.29485, "accuracy": 0.99174, "ap": 0.66876, "auc": 0.98058}
{"epoch": 82, "time_epoch": 203.31888, "eta": 3153.426, "eta_hours": 0.87595, "loss": 0.01979163, "lr": 4.3e-05, "params": 9744496, "time_iter": 0.29682, "accuracy": 0.99173, "ap": 0.67416, "auc": 0.98086}
{"epoch": 83, "time_epoch": 194.18619, "eta": 2969.5857, "eta_hours": 0.82488, "loss": 0.01969898, "lr": 3.848e-05, "params": 9744496, "time_iter": 0.28348, "accuracy": 0.99184, "ap": 0.67479, "auc": 0.98125}
{"epoch": 84, "time_epoch": 198.6788, "eta": 2786.29477, "eta_hours": 0.77397, "loss": 0.01966519, "lr": 3.419e-05, "params": 9744496, "time_iter": 0.29004, "accuracy": 0.99187, "ap": 0.67693, "auc": 0.98116}
{"epoch": 85, "time_epoch": 195.50235, "eta": 2602.12889, "eta_hours": 0.72281, "loss": 0.0195741, "lr": 3.013e-05, "params": 9744496, "time_iter": 0.2854, "accuracy": 0.99191, "ap": 0.67809, "auc": 0.9816}
{"epoch": 86, "time_epoch": 195.57107, "eta": 2417.71267, "eta_hours": 0.67159, "loss": 0.01953151, "lr": 2.632e-05, "params": 9744496, "time_iter": 0.28551, "accuracy": 0.99188, "ap": 0.68086, "auc": 0.98161}
{"epoch": 87, "time_epoch": 203.54214, "eta": 2234.1299, "eta_hours": 0.62059, "loss": 0.01948566, "lr": 2.275e-05, "params": 9744496, "time_iter": 0.29714, "accuracy": 0.99193, "ap": 0.6795, "auc": 0.9816}
{"epoch": 88, "time_epoch": 201.07215, "eta": 2049.79332, "eta_hours": 0.56939, "loss": 0.01941526, "lr": 1.943e-05, "params": 9744496, "time_iter": 0.29354, "accuracy": 0.9919, "ap": 0.68038, "auc": 0.98186}
{"epoch": 89, "time_epoch": 189.93663, "eta": 1863.84756, "eta_hours": 0.51774, "loss": 0.01941121, "lr": 1.636e-05, "params": 9744496, "time_iter": 0.27728, "accuracy": 0.99193, "ap": 0.68291, "auc": 0.98193}
{"epoch": 90, "time_epoch": 193.25801, "eta": 1678.14258, "eta_hours": 0.46615, "loss": 0.01936725, "lr": 1.355e-05, "params": 9744496, "time_iter": 0.28213, "accuracy": 0.99196, "ap": 0.68339, "auc": 0.98204}
{"epoch": 91, "time_epoch": 177.96363, "eta": 1490.94345, "eta_hours": 0.41415, "loss": 0.01931803, "lr": 1.099e-05, "params": 9744496, "time_iter": 0.2598, "accuracy": 0.99197, "ap": 0.68661, "auc": 0.98206}
{"epoch": 92, "time_epoch": 198.04032, "eta": 1305.45409, "eta_hours": 0.36263, "loss": 0.01930284, "lr": 8.7e-06, "params": 9744496, "time_iter": 0.28911, "accuracy": 0.99206, "ap": 0.6853, "auc": 0.98218}
{"epoch": 93, "time_epoch": 188.15497, "eta": 1119.0667, "eta_hours": 0.31085, "loss": 0.01925788, "lr": 6.67e-06, "params": 9744496, "time_iter": 0.27468, "accuracy": 0.99196, "ap": 0.68954, "auc": 0.98217}
{"epoch": 94, "time_epoch": 205.86422, "eta": 933.57417, "eta_hours": 0.25933, "loss": 0.01927366, "lr": 4.91e-06, "params": 9744496, "time_iter": 0.30053, "accuracy": 0.992, "ap": 0.6902, "auc": 0.98211}
{"epoch": 95, "time_epoch": 198.51705, "eta": 747.35109, "eta_hours": 0.2076, "loss": 0.01924396, "lr": 3.41e-06, "params": 9744496, "time_iter": 0.28981, "accuracy": 0.99201, "ap": 0.68741, "auc": 0.98235}
{"epoch": 96, "time_epoch": 186.82231, "eta": 560.51284, "eta_hours": 0.1557, "loss": 0.01919828, "lr": 2.18e-06, "params": 9744496, "time_iter": 0.27273, "accuracy": 0.99203, "ap": 0.68792, "auc": 0.98226}
{"epoch": 97, "time_epoch": 203.13576, "eta": 374.00784, "eta_hours": 0.10389, "loss": 0.01920579, "lr": 1.23e-06, "params": 9744496, "time_iter": 0.29655, "accuracy": 0.99201, "ap": 0.68959, "auc": 0.98246}
{"epoch": 98, "time_epoch": 207.02141, "eta": 187.20612, "eta_hours": 0.052, "loss": 0.01920228, "lr": 5.5e-07, "params": 9744496, "time_iter": 0.30222, "accuracy": 0.992, "ap": 0.68911, "auc": 0.98242}
{"epoch": 99, "time_epoch": 211.22059, "eta": 0.0, "eta_hours": 0.0, "loss": 0.01920293, "lr": 1.4e-07, "params": 9744496, "time_iter": 0.30835, "accuracy": 0.99205, "ap": 0.68675, "auc": 0.98245}
