{"epoch": 0, "time_epoch": 85.81807, "eta": 12786.89263, "eta_hours": 3.55191, "loss": 1.61532697, "lr": 0.0, "params": 282437, "time_iter": 0.09808, "accuracy": 0.2, "f1": 0.06667, "auc": 0.64463}
{"epoch": 1, "time_epoch": 79.78775, "eta": 12254.83108, "eta_hours": 3.40412, "loss": 1.54757731, "lr": 5e-05, "params": 282437, "time_iter": 0.09119, "accuracy": 0.33171, "f1": 0.22986, "auc": 0.79562}
{"epoch": 2, "time_epoch": 81.02155, "eta": 12084.74147, "eta_hours": 3.35687, "loss": 1.42366405, "lr": 0.0001, "params": 282437, "time_iter": 0.0926, "accuracy": 0.594, "f1": 0.56751, "auc": 0.89466}
{"epoch": 3, "time_epoch": 80.14202, "eta": 11927.08316, "eta_hours": 3.31308, "loss": 1.31390594, "lr": 0.00015, "params": 282437, "time_iter": 0.09159, "accuracy": 0.78143, "f1": 0.77892, "auc": 0.9362}
{"epoch": 4, "time_epoch": 81.03092, "eta": 11826.20928, "eta_hours": 3.28506, "loss": 1.21773098, "lr": 0.0002, "params": 282437, "time_iter": 0.09261, "accuracy": 0.82029, "f1": 0.81917, "auc": 0.95271}
{"epoch": 5, "time_epoch": 80.27161, "eta": 11713.7262, "eta_hours": 3.25381, "loss": 1.12154033, "lr": 0.00025, "params": 282437, "time_iter": 0.09174, "accuracy": 0.84886, "f1": 0.8474, "auc": 0.96308}
{"epoch": 6, "time_epoch": 81.04492, "eta": 11626.24421, "eta_hours": 3.22951, "loss": 1.00787086, "lr": 0.0003, "params": 282437, "time_iter": 0.09262, "accuracy": 0.87, "f1": 0.86883, "auc": 0.9711}
{"epoch": 7, "time_epoch": 80.04616, "eta": 11522.64343, "eta_hours": 3.20073, "loss": 0.89887257, "lr": 0.00035, "params": 282437, "time_iter": 0.09148, "accuracy": 0.88857, "f1": 0.88747, "auc": 0.97504}
{"epoch": 8, "time_epoch": 81.04329, "eta": 11439.89866, "eta_hours": 3.17775, "loss": 0.78621495, "lr": 0.0004, "params": 282437, "time_iter": 0.09262, "accuracy": 0.90229, "f1": 0.90208, "auc": 0.97703}
{"epoch": 9, "time_epoch": 80.44992, "eta": 11349.18703, "eta_hours": 3.15255, "loss": 0.6816311, "lr": 0.00045, "params": 282437, "time_iter": 0.09194, "accuracy": 0.906, "f1": 0.90599, "auc": 0.98046}
{"epoch": 10, "time_epoch": 80.42522, "eta": 11260.02902, "eta_hours": 3.12779, "loss": 0.59438907, "lr": 0.0005, "params": 282437, "time_iter": 0.09191, "accuracy": 0.90571, "f1": 0.90588, "auc": 0.97989}
{"epoch": 11, "time_epoch": 80.94587, "eta": 11178.31403, "eta_hours": 3.10509, "loss": 0.50198471, "lr": 0.00049994, "params": 282437, "time_iter": 0.09251, "accuracy": 0.91686, "f1": 0.91742, "auc": 0.98278}
{"epoch": 12, "time_epoch": 80.57428, "eta": 11092.80132, "eta_hours": 3.08133, "loss": 0.43904514, "lr": 0.00049975, "params": 282437, "time_iter": 0.09208, "accuracy": 0.92371, "f1": 0.92382, "auc": 0.9843}
{"epoch": 13, "time_epoch": 79.92503, "eta": 11001.68712, "eta_hours": 3.05602, "loss": 0.39311945, "lr": 0.00049943, "params": 282437, "time_iter": 0.09134, "accuracy": 0.92171, "f1": 0.92176, "auc": 0.98577}
{"epoch": 14, "time_epoch": 79.38744, "eta": 10907.22648, "eta_hours": 3.02979, "loss": 0.34556661, "lr": 0.00049899, "params": 282437, "time_iter": 0.09073, "accuracy": 0.92857, "f1": 0.92894, "auc": 0.98691}
{"epoch": 15, "time_epoch": 80.90665, "eta": 10827.37342, "eta_hours": 3.0076, "loss": 0.32055715, "lr": 0.00049843, "params": 282437, "time_iter": 0.09246, "accuracy": 0.92743, "f1": 0.92738, "auc": 0.98776}
{"epoch": 16, "time_epoch": 80.38735, "eta": 10743.33364, "eta_hours": 2.98426, "loss": 0.28173926, "lr": 0.00049774, "params": 282437, "time_iter": 0.09187, "accuracy": 0.93629, "f1": 0.93648, "auc": 0.98914}
{"epoch": 17, "time_epoch": 80.08533, "eta": 10657.48484, "eta_hours": 2.96041, "loss": 0.2658257, "lr": 0.00049692, "params": 282437, "time_iter": 0.09153, "accuracy": 0.93571, "f1": 0.93572, "auc": 0.98928}
{"epoch": 18, "time_epoch": 80.4616, "eta": 10574.83704, "eta_hours": 2.93745, "loss": 0.25502017, "lr": 0.00049598, "params": 282437, "time_iter": 0.09196, "accuracy": 0.93571, "f1": 0.93586, "auc": 0.98945}
{"epoch": 19, "time_epoch": 80.52385, "eta": 10492.81245, "eta_hours": 2.91467, "loss": 0.23400489, "lr": 0.00049492, "params": 282437, "time_iter": 0.09203, "accuracy": 0.94171, "f1": 0.94202, "auc": 0.99046}
{"epoch": 20, "time_epoch": 80.747, "eta": 10412.30157, "eta_hours": 2.89231, "loss": 0.22302886, "lr": 0.00049373, "params": 282437, "time_iter": 0.09228, "accuracy": 0.946, "f1": 0.94608, "auc": 0.99057}
{"epoch": 21, "time_epoch": 79.55188, "eta": 10324.81579, "eta_hours": 2.868, "loss": 0.20402824, "lr": 0.00049242, "params": 282437, "time_iter": 0.09092, "accuracy": 0.94714, "f1": 0.94722, "auc": 0.99168}
{"epoch": 22, "time_epoch": 80.35891, "eta": 10242.47611, "eta_hours": 2.84513, "loss": 0.19051812, "lr": 0.00049099, "params": 282437, "time_iter": 0.09184, "accuracy": 0.94971, "f1": 0.94975, "auc": 0.99293}
{"epoch": 23, "time_epoch": 80.8706, "eta": 10162.98788, "eta_hours": 2.82305, "loss": 0.19544688, "lr": 0.00048944, "params": 282437, "time_iter": 0.09242, "accuracy": 0.94943, "f1": 0.94952, "auc": 0.99137}
{"epoch": 24, "time_epoch": 81.0488, "eta": 10084.28008, "eta_hours": 2.80119, "loss": 0.17956844, "lr": 0.00048776, "params": 282437, "time_iter": 0.09263, "accuracy": 0.95086, "f1": 0.95084, "auc": 0.9933}
{"epoch": 25, "time_epoch": 80.71352, "eta": 10003.79316, "eta_hours": 2.77883, "loss": 0.17105617, "lr": 0.00048597, "params": 282437, "time_iter": 0.09224, "accuracy": 0.95429, "f1": 0.95427, "auc": 0.99308}
{"epoch": 26, "time_epoch": 80.13878, "eta": 9920.67119, "eta_hours": 2.75574, "loss": 0.16791837, "lr": 0.00048406, "params": 282437, "time_iter": 0.09159, "accuracy": 0.95286, "f1": 0.95282, "auc": 0.994}
{"epoch": 27, "time_epoch": 79.50969, "eta": 9835.02129, "eta_hours": 2.73195, "loss": 0.15842099, "lr": 0.00048203, "params": 282437, "time_iter": 0.09087, "accuracy": 0.95371, "f1": 0.95378, "auc": 0.99447}
{"epoch": 28, "time_epoch": 80.42638, "eta": 9753.61967, "eta_hours": 2.70934, "loss": 0.16143068, "lr": 0.00047988, "params": 282437, "time_iter": 0.09192, "accuracy": 0.95714, "f1": 0.95721, "auc": 0.99378}
{"epoch": 29, "time_epoch": 79.99576, "eta": 9670.56055, "eta_hours": 2.68627, "loss": 0.15150479, "lr": 0.00047762, "params": 282437, "time_iter": 0.09142, "accuracy": 0.95886, "f1": 0.95879, "auc": 0.99441}
{"epoch": 30, "time_epoch": 81.96647, "eta": 9595.26409, "eta_hours": 2.66535, "loss": 0.14313555, "lr": 0.00047524, "params": 282437, "time_iter": 0.09368, "accuracy": 0.96571, "f1": 0.96572, "auc": 0.9943}
{"epoch": 31, "time_epoch": 80.63785, "eta": 9514.65145, "eta_hours": 2.64296, "loss": 0.13126265, "lr": 0.00047275, "params": 282437, "time_iter": 0.09216, "accuracy": 0.96371, "f1": 0.96372, "auc": 0.99559}
{"epoch": 32, "time_epoch": 80.0552, "eta": 9431.97151, "eta_hours": 2.61999, "loss": 0.13958251, "lr": 0.00047015, "params": 282437, "time_iter": 0.09149, "accuracy": 0.95914, "f1": 0.95903, "auc": 0.99508}
{"epoch": 33, "time_epoch": 80.73373, "eta": 9351.76095, "eta_hours": 2.59771, "loss": 0.1381678, "lr": 0.00046744, "params": 282437, "time_iter": 0.09227, "accuracy": 0.96086, "f1": 0.96085, "auc": 0.99468}
{"epoch": 34, "time_epoch": 79.6683, "eta": 9268.01983, "eta_hours": 2.57445, "loss": 0.13827574, "lr": 0.00046461, "params": 282437, "time_iter": 0.09105, "accuracy": 0.95943, "f1": 0.95937, "auc": 0.99444}
{"epoch": 35, "time_epoch": 80.2858, "eta": 9186.46037, "eta_hours": 2.55179, "loss": 0.12809982, "lr": 0.00046168, "params": 282437, "time_iter": 0.09176, "accuracy": 0.96286, "f1": 0.9627, "auc": 0.99576}
{"epoch": 36, "time_epoch": 79.14032, "eta": 9101.47141, "eta_hours": 2.52819, "loss": 0.13189249, "lr": 0.00045864, "params": 282437, "time_iter": 0.09045, "accuracy": 0.96514, "f1": 0.96513, "auc": 0.99521}
{"epoch": 37, "time_epoch": 79.98002, "eta": 9019.26517, "eta_hours": 2.50535, "loss": 0.12738798, "lr": 0.0004555, "params": 282437, "time_iter": 0.09141, "accuracy": 0.96571, "f1": 0.96564, "auc": 0.99549}
{"epoch": 38, "time_epoch": 80.05276, "eta": 8937.38013, "eta_hours": 2.48261, "loss": 0.13338856, "lr": 0.00045225, "params": 282437, "time_iter": 0.09149, "accuracy": 0.96229, "f1": 0.96228, "auc": 0.99593}
{"epoch": 39, "time_epoch": 80.78476, "eta": 8857.5997, "eta_hours": 2.46044, "loss": 0.1102011, "lr": 0.00044891, "params": 282437, "time_iter": 0.09233, "accuracy": 0.96857, "f1": 0.96849, "auc": 0.99641}
{"epoch": 40, "time_epoch": 81.98387, "eta": 8780.95814, "eta_hours": 2.43916, "loss": 0.11686586, "lr": 0.00044546, "params": 282437, "time_iter": 0.0937, "accuracy": 0.96686, "f1": 0.96681, "auc": 0.99676}
{"epoch": 41, "time_epoch": 80.57399, "eta": 8700.43681, "eta_hours": 2.41679, "loss": 0.12137897, "lr": 0.00044191, "params": 282437, "time_iter": 0.09208, "accuracy": 0.96743, "f1": 0.96744, "auc": 0.99637}
{"epoch": 42, "time_epoch": 79.30942, "eta": 8616.76629, "eta_hours": 2.39355, "loss": 0.10293097, "lr": 0.00043827, "params": 282437, "time_iter": 0.09064, "accuracy": 0.97229, "f1": 0.97225, "auc": 0.99661}
{"epoch": 43, "time_epoch": 80.06667, "eta": 8535.11828, "eta_hours": 2.37087, "loss": 0.11546224, "lr": 0.00043453, "params": 282437, "time_iter": 0.0915, "accuracy": 0.96657, "f1": 0.96651, "auc": 0.99678}
{"epoch": 44, "time_epoch": 80.57003, "eta": 8454.71506, "eta_hours": 2.34853, "loss": 0.11007614, "lr": 0.0004307, "params": 282437, "time_iter": 0.09208, "accuracy": 0.972, "f1": 0.97194, "auc": 0.99659}
{"epoch": 45, "time_epoch": 80.7658, "eta": 8374.74721, "eta_hours": 2.32632, "loss": 0.10138731, "lr": 0.00042678, "params": 282437, "time_iter": 0.0923, "accuracy": 0.97429, "f1": 0.97423, "auc": 0.99696}
{"epoch": 46, "time_epoch": 80.25663, "eta": 8293.62955, "eta_hours": 2.30379, "loss": 0.11910788, "lr": 0.00042277, "params": 282437, "time_iter": 0.09172, "accuracy": 0.96943, "f1": 0.96936, "auc": 0.99691}
{"epoch": 47, "time_epoch": 81.02149, "eta": 8214.17311, "eta_hours": 2.28171, "loss": 0.09623383, "lr": 0.00041867, "params": 282437, "time_iter": 0.0926, "accuracy": 0.97457, "f1": 0.97451, "auc": 0.99765}
{"epoch": 48, "time_epoch": 80.4604, "eta": 8133.49626, "eta_hours": 2.2593, "loss": 0.10713701, "lr": 0.00041448, "params": 282437, "time_iter": 0.09195, "accuracy": 0.97114, "f1": 0.97113, "auc": 0.99731}
{"epoch": 49, "time_epoch": 80.09365, "eta": 8052.09456, "eta_hours": 2.23669, "loss": 0.10657273, "lr": 0.00041022, "params": 282437, "time_iter": 0.09154, "accuracy": 0.97171, "f1": 0.97168, "auc": 0.99714}
{"epoch": 50, "time_epoch": 79.56211, "eta": 7969.71234, "eta_hours": 2.21381, "loss": 0.09948597, "lr": 0.00040587, "params": 282437, "time_iter": 0.09093, "accuracy": 0.97457, "f1": 0.97455, "auc": 0.99748}
{"epoch": 51, "time_epoch": 80.44917, "eta": 7889.11035, "eta_hours": 2.19142, "loss": 0.09362304, "lr": 0.00040145, "params": 282437, "time_iter": 0.09194, "accuracy": 0.978, "f1": 0.97796, "auc": 0.99762}
{"epoch": 52, "time_epoch": 80.80051, "eta": 7809.15715, "eta_hours": 2.16921, "loss": 0.10291928, "lr": 0.00039695, "params": 282437, "time_iter": 0.09234, "accuracy": 0.97143, "f1": 0.97137, "auc": 0.99717}
{"epoch": 53, "time_epoch": 78.58779, "eta": 7725.23884, "eta_hours": 2.1459, "loss": 0.0900391, "lr": 0.00039237, "params": 282437, "time_iter": 0.08981, "accuracy": 0.976, "f1": 0.97595, "auc": 0.99776}
{"epoch": 54, "time_epoch": 80.0423, "eta": 7644.02671, "eta_hours": 2.12334, "loss": 0.09888873, "lr": 0.00038772, "params": 282437, "time_iter": 0.09148, "accuracy": 0.97343, "f1": 0.97335, "auc": 0.99778}
{"epoch": 55, "time_epoch": 80.8314, "eta": 7564.18091, "eta_hours": 2.10116, "loss": 0.09543275, "lr": 0.00038301, "params": 282437, "time_iter": 0.09238, "accuracy": 0.97571, "f1": 0.97569, "auc": 0.99778}
{"epoch": 56, "time_epoch": 79.37076, "eta": 7481.9174, "eta_hours": 2.07831, "loss": 0.09351706, "lr": 0.00037822, "params": 282437, "time_iter": 0.09071, "accuracy": 0.978, "f1": 0.97795, "auc": 0.99789}
{"epoch": 57, "time_epoch": 79.48621, "eta": 7399.93675, "eta_hours": 2.05554, "loss": 0.0945364, "lr": 0.00037338, "params": 282437, "time_iter": 0.09084, "accuracy": 0.97657, "f1": 0.97652, "auc": 0.99774}
{"epoch": 58, "time_epoch": 80.71178, "eta": 7319.93095, "eta_hours": 2.03331, "loss": 0.0863656, "lr": 0.00036847, "params": 282437, "time_iter": 0.09224, "accuracy": 0.97914, "f1": 0.9791, "auc": 0.99805}
{"epoch": 59, "time_epoch": 79.45043, "eta": 7238.0096, "eta_hours": 2.01056, "loss": 0.07953639, "lr": 0.0003635, "params": 282437, "time_iter": 0.0908, "accuracy": 0.98029, "f1": 0.98025, "auc": 0.99829}
{"epoch": 60, "time_epoch": 80.62486, "eta": 7157.88276, "eta_hours": 1.9883, "loss": 0.08137111, "lr": 0.00035847, "params": 282437, "time_iter": 0.09214, "accuracy": 0.97886, "f1": 0.97883, "auc": 0.99807}
{"epoch": 61, "time_epoch": 80.46013, "eta": 7077.50605, "eta_hours": 1.96597, "loss": 0.09002867, "lr": 0.00035339, "params": 282437, "time_iter": 0.09195, "accuracy": 0.976, "f1": 0.97598, "auc": 0.99773}
{"epoch": 62, "time_epoch": 80.29781, "eta": 6996.90253, "eta_hours": 1.94358, "loss": 0.07922266, "lr": 0.00034826, "params": 282437, "time_iter": 0.09177, "accuracy": 0.97943, "f1": 0.97939, "auc": 0.99808}
{"epoch": 63, "time_epoch": 79.83955, "eta": 6915.69279, "eta_hours": 1.92103, "loss": 0.08181596, "lr": 0.00034307, "params": 282437, "time_iter": 0.09125, "accuracy": 0.98057, "f1": 0.98054, "auc": 0.99832}
{"epoch": 64, "time_epoch": 79.79141, "eta": 6834.46225, "eta_hours": 1.89846, "loss": 0.10425251, "lr": 0.00033784, "params": 282437, "time_iter": 0.09119, "accuracy": 0.97543, "f1": 0.97537, "auc": 0.99727}
{"epoch": 65, "time_epoch": 80.09431, "eta": 6753.66083, "eta_hours": 1.87602, "loss": 0.08855061, "lr": 0.00033257, "params": 282437, "time_iter": 0.09154, "accuracy": 0.978, "f1": 0.97795, "auc": 0.99756}
{"epoch": 66, "time_epoch": 80.44593, "eta": 6673.31611, "eta_hours": 1.8537, "loss": 0.08495654, "lr": 0.00032725, "params": 282437, "time_iter": 0.09194, "accuracy": 0.97914, "f1": 0.9791, "auc": 0.9982}
{"epoch": 67, "time_epoch": 80.0383, "eta": 6592.47686, "eta_hours": 1.83124, "loss": 0.0705486, "lr": 0.0003219, "params": 282437, "time_iter": 0.09147, "accuracy": 0.984, "f1": 0.98398, "auc": 0.99876}
{"epoch": 68, "time_epoch": 79.70644, "eta": 6511.27125, "eta_hours": 1.80869, "loss": 0.0714316, "lr": 0.00031651, "params": 282437, "time_iter": 0.09109, "accuracy": 0.98286, "f1": 0.98282, "auc": 0.99846}
{"epoch": 69, "time_epoch": 80.29235, "eta": 6430.77809, "eta_hours": 1.78633, "loss": 0.07166726, "lr": 0.00031109, "params": 282437, "time_iter": 0.09176, "accuracy": 0.98229, "f1": 0.98227, "auc": 0.99853}
{"epoch": 70, "time_epoch": 79.48797, "eta": 6349.39557, "eta_hours": 1.76372, "loss": 0.0770349, "lr": 0.00030563, "params": 282437, "time_iter": 0.09084, "accuracy": 0.98114, "f1": 0.98111, "auc": 0.99849}
{"epoch": 71, "time_epoch": 80.00877, "eta": 6268.62986, "eta_hours": 1.74129, "loss": 0.07255081, "lr": 0.00030015, "params": 282437, "time_iter": 0.09144, "accuracy": 0.98314, "f1": 0.98312, "auc": 0.99856}
{"epoch": 72, "time_epoch": 80.23998, "eta": 6188.12878, "eta_hours": 1.71892, "loss": 0.07461066, "lr": 0.00029464, "params": 282437, "time_iter": 0.0917, "accuracy": 0.982, "f1": 0.98197, "auc": 0.99814}
{"epoch": 73, "time_epoch": 79.94737, "eta": 6107.33423, "eta_hours": 1.69648, "loss": 0.07052509, "lr": 0.00028911, "params": 282437, "time_iter": 0.09137, "accuracy": 0.98286, "f1": 0.98282, "auc": 0.99875}
{"epoch": 74, "time_epoch": 80.46384, "eta": 6027.07875, "eta_hours": 1.67419, "loss": 0.0734155, "lr": 0.00028356, "params": 282437, "time_iter": 0.09196, "accuracy": 0.98343, "f1": 0.9834, "auc": 0.99859}
{"epoch": 75, "time_epoch": 80.12205, "eta": 5946.48498, "eta_hours": 1.6518, "loss": 0.06854932, "lr": 0.00027799, "params": 282437, "time_iter": 0.09157, "accuracy": 0.98343, "f1": 0.98341, "auc": 0.99877}
{"epoch": 76, "time_epoch": 80.19171, "eta": 5865.96952, "eta_hours": 1.62944, "loss": 0.06796508, "lr": 0.00027241, "params": 282437, "time_iter": 0.09165, "accuracy": 0.98229, "f1": 0.98226, "auc": 0.99865}
{"epoch": 77, "time_epoch": 79.93837, "eta": 5785.2285, "eta_hours": 1.60701, "loss": 0.07247631, "lr": 0.00026682, "params": 282437, "time_iter": 0.09136, "accuracy": 0.98371, "f1": 0.98368, "auc": 0.99852}
{"epoch": 78, "time_epoch": 80.33921, "eta": 5704.86806, "eta_hours": 1.58469, "loss": 0.07344491, "lr": 0.00026122, "params": 282437, "time_iter": 0.09182, "accuracy": 0.98257, "f1": 0.98254, "auc": 0.99846}
{"epoch": 79, "time_epoch": 79.70759, "eta": 5623.95547, "eta_hours": 1.56221, "loss": 0.06643772, "lr": 0.00025561, "params": 282437, "time_iter": 0.09109, "accuracy": 0.98486, "f1": 0.98484, "auc": 0.99853}
{"epoch": 80, "time_epoch": 80.67063, "eta": 5543.89301, "eta_hours": 1.53997, "loss": 0.06777935, "lr": 0.00025, "params": 282437, "time_iter": 0.0922, "accuracy": 0.98486, "f1": 0.98484, "auc": 0.99859}
{"epoch": 81, "time_epoch": 79.37751, "eta": 5462.74336, "eta_hours": 1.51743, "loss": 0.06139911, "lr": 0.00024439, "params": 282437, "time_iter": 0.09072, "accuracy": 0.986, "f1": 0.98598, "auc": 0.99873}
{"epoch": 82, "time_epoch": 80.313, "eta": 5382.39158, "eta_hours": 1.49511, "loss": 0.06131366, "lr": 0.00023878, "params": 282437, "time_iter": 0.09179, "accuracy": 0.98371, "f1": 0.98369, "auc": 0.99866}
{"epoch": 83, "time_epoch": 80.4299, "eta": 5302.13257, "eta_hours": 1.47281, "loss": 0.06329101, "lr": 0.00023318, "params": 282437, "time_iter": 0.09192, "accuracy": 0.98486, "f1": 0.98484, "auc": 0.99884}
{"epoch": 84, "time_epoch": 80.30174, "eta": 5221.77153, "eta_hours": 1.45049, "loss": 0.06338681, "lr": 0.00022759, "params": 282437, "time_iter": 0.09177, "accuracy": 0.98543, "f1": 0.98541, "auc": 0.99866}
{"epoch": 85, "time_epoch": 80.60255, "eta": 5141.63573, "eta_hours": 1.42823, "loss": 0.06831399, "lr": 0.00022201, "params": 282437, "time_iter": 0.09212, "accuracy": 0.984, "f1": 0.98397, "auc": 0.99873}
{"epoch": 86, "time_epoch": 78.65942, "eta": 5060.08211, "eta_hours": 1.40558, "loss": 0.06576552, "lr": 0.00021644, "params": 282437, "time_iter": 0.0899, "accuracy": 0.98429, "f1": 0.98426, "auc": 0.99888}
{"epoch": 87, "time_epoch": 80.2796, "eta": 4979.73575, "eta_hours": 1.38326, "loss": 0.06163709, "lr": 0.00021089, "params": 282437, "time_iter": 0.09175, "accuracy": 0.98457, "f1": 0.98454, "auc": 0.99867}
{"epoch": 88, "time_epoch": 80.45371, "eta": 4899.51022, "eta_hours": 1.36098, "loss": 0.06435943, "lr": 0.00020536, "params": 282437, "time_iter": 0.09195, "accuracy": 0.98429, "f1": 0.98427, "auc": 0.99878}
{"epoch": 89, "time_epoch": 79.60678, "eta": 4818.71501, "eta_hours": 1.33853, "loss": 0.05582198, "lr": 0.00019985, "params": 282437, "time_iter": 0.09098, "accuracy": 0.98543, "f1": 0.98541, "auc": 0.9989}
{"epoch": 90, "time_epoch": 79.8788, "eta": 4738.12228, "eta_hours": 1.31615, "loss": 0.06285919, "lr": 0.00019437, "params": 282437, "time_iter": 0.09129, "accuracy": 0.98514, "f1": 0.98512, "auc": 0.9988}
{"epoch": 91, "time_epoch": 79.77111, "eta": 4657.47718, "eta_hours": 1.29374, "loss": 0.06004521, "lr": 0.00018891, "params": 282437, "time_iter": 0.09117, "accuracy": 0.98514, "f1": 0.98512, "auc": 0.99878}
{"epoch": 92, "time_epoch": 80.57597, "eta": 4577.34418, "eta_hours": 1.27148, "loss": 0.05339972, "lr": 0.00018349, "params": 282437, "time_iter": 0.09209, "accuracy": 0.98714, "f1": 0.98713, "auc": 0.99897}
{"epoch": 93, "time_epoch": 81.19928, "eta": 4497.57308, "eta_hours": 1.24933, "loss": 0.05814344, "lr": 0.0001781, "params": 282437, "time_iter": 0.0928, "accuracy": 0.98543, "f1": 0.98541, "auc": 0.99876}
{"epoch": 94, "time_epoch": 80.13625, "eta": 4417.15648, "eta_hours": 1.22699, "loss": 0.05710154, "lr": 0.00017275, "params": 282437, "time_iter": 0.09158, "accuracy": 0.986, "f1": 0.98598, "auc": 0.99908}
{"epoch": 95, "time_epoch": 79.62451, "eta": 4336.45787, "eta_hours": 1.20457, "loss": 0.054403, "lr": 0.00016743, "params": 282437, "time_iter": 0.091, "accuracy": 0.98629, "f1": 0.98626, "auc": 0.99882}
{"epoch": 96, "time_epoch": 80.70357, "eta": 4256.37099, "eta_hours": 1.18233, "loss": 0.05197553, "lr": 0.00016216, "params": 282437, "time_iter": 0.09223, "accuracy": 0.98629, "f1": 0.98627, "auc": 0.99892}
{"epoch": 97, "time_epoch": 79.80281, "eta": 4175.79357, "eta_hours": 1.15994, "loss": 0.05531216, "lr": 0.00015693, "params": 282437, "time_iter": 0.0912, "accuracy": 0.98657, "f1": 0.98655, "auc": 0.99879}
{"epoch": 98, "time_epoch": 79.20588, "eta": 4094.9243, "eta_hours": 1.13748, "loss": 0.05204473, "lr": 0.00015174, "params": 282437, "time_iter": 0.09052, "accuracy": 0.98686, "f1": 0.98684, "auc": 0.99888}
{"epoch": 99, "time_epoch": 79.97749, "eta": 4014.47409, "eta_hours": 1.11513, "loss": 0.06118286, "lr": 0.00014661, "params": 282437, "time_iter": 0.0914, "accuracy": 0.98457, "f1": 0.98455, "auc": 0.99863}
{"epoch": 100, "time_epoch": 80.81092, "eta": 3934.43758, "eta_hours": 1.0929, "loss": 0.05508878, "lr": 0.00014153, "params": 282437, "time_iter": 0.09236, "accuracy": 0.98714, "f1": 0.98713, "auc": 0.99878}
{"epoch": 101, "time_epoch": 80.3855, "eta": 3854.18569, "eta_hours": 1.07061, "loss": 0.05400896, "lr": 0.0001365, "params": 282437, "time_iter": 0.09187, "accuracy": 0.986, "f1": 0.98598, "auc": 0.99909}
{"epoch": 102, "time_epoch": 79.2226, "eta": 3773.40057, "eta_hours": 1.04817, "loss": 0.0520539, "lr": 0.00013153, "params": 282437, "time_iter": 0.09054, "accuracy": 0.98714, "f1": 0.98713, "auc": 0.99882}
{"epoch": 103, "time_epoch": 79.87832, "eta": 3692.93552, "eta_hours": 1.02582, "loss": 0.0537626, "lr": 0.00012662, "params": 282437, "time_iter": 0.09129, "accuracy": 0.98714, "f1": 0.98713, "auc": 0.99893}
{"epoch": 104, "time_epoch": 79.85945, "eta": 3612.47356, "eta_hours": 1.00346, "loss": 0.05694162, "lr": 0.00012178, "params": 282437, "time_iter": 0.09127, "accuracy": 0.98543, "f1": 0.9854, "auc": 0.99891}
{"epoch": 105, "time_epoch": 80.10104, "eta": 3532.12325, "eta_hours": 0.98115, "loss": 0.05553687, "lr": 0.00011699, "params": 282437, "time_iter": 0.09154, "accuracy": 0.98514, "f1": 0.98513, "auc": 0.99899}
{"epoch": 106, "time_epoch": 81.00148, "eta": 3452.13946, "eta_hours": 0.95893, "loss": 0.05493422, "lr": 0.00011228, "params": 282437, "time_iter": 0.09257, "accuracy": 0.986, "f1": 0.98598, "auc": 0.99914}
{"epoch": 107, "time_epoch": 80.10734, "eta": 3371.7891, "eta_hours": 0.93661, "loss": 0.05134821, "lr": 0.00010763, "params": 282437, "time_iter": 0.09155, "accuracy": 0.98743, "f1": 0.98741, "auc": 0.99907}
{"epoch": 108, "time_epoch": 80.57331, "eta": 3291.61848, "eta_hours": 0.91434, "loss": 0.05197455, "lr": 0.00010305, "params": 282437, "time_iter": 0.09208, "accuracy": 0.98657, "f1": 0.98655, "auc": 0.999}
{"epoch": 109, "time_epoch": 79.73957, "eta": 3211.13735, "eta_hours": 0.89198, "loss": 0.04962078, "lr": 9.855e-05, "params": 282437, "time_iter": 0.09113, "accuracy": 0.986, "f1": 0.98598, "auc": 0.99903}
{"epoch": 110, "time_epoch": 79.98739, "eta": 3130.75666, "eta_hours": 0.86965, "loss": 0.05149305, "lr": 9.413e-05, "params": 282437, "time_iter": 0.09141, "accuracy": 0.98629, "f1": 0.98626, "auc": 0.99892}
{"epoch": 111, "time_epoch": 80.42306, "eta": 3050.53081, "eta_hours": 0.84737, "loss": 0.04910823, "lr": 8.978e-05, "params": 282437, "time_iter": 0.09191, "accuracy": 0.98686, "f1": 0.98684, "auc": 0.99904}
{"epoch": 112, "time_epoch": 79.68497, "eta": 2970.05979, "eta_hours": 0.82502, "loss": 0.04785251, "lr": 8.552e-05, "params": 282437, "time_iter": 0.09107, "accuracy": 0.98657, "f1": 0.98656, "auc": 0.999}
{"epoch": 113, "time_epoch": 79.37083, "eta": 2889.50336, "eta_hours": 0.80264, "loss": 0.04935912, "lr": 8.133e-05, "params": 282437, "time_iter": 0.09071, "accuracy": 0.98714, "f1": 0.98712, "auc": 0.99911}
{"epoch": 114, "time_epoch": 78.9817, "eta": 2808.84911, "eta_hours": 0.78024, "loss": 0.04903009, "lr": 7.723e-05, "params": 282437, "time_iter": 0.09026, "accuracy": 0.988, "f1": 0.98799, "auc": 0.99907}
{"epoch": 115, "time_epoch": 80.37883, "eta": 2728.63321, "eta_hours": 0.75795, "loss": 0.04795276, "lr": 7.322e-05, "params": 282437, "time_iter": 0.09186, "accuracy": 0.98743, "f1": 0.98741, "auc": 0.99916}
{"epoch": 116, "time_epoch": 80.10917, "eta": 2648.33847, "eta_hours": 0.73565, "loss": 0.04702272, "lr": 6.93e-05, "params": 282437, "time_iter": 0.09155, "accuracy": 0.98743, "f1": 0.98742, "auc": 0.9992}
{"epoch": 117, "time_epoch": 80.9317, "eta": 2568.26993, "eta_hours": 0.71341, "loss": 0.04630499, "lr": 6.547e-05, "params": 282437, "time_iter": 0.09249, "accuracy": 0.98743, "f1": 0.98742, "auc": 0.99915}
{"epoch": 118, "time_epoch": 79.39082, "eta": 2487.78547, "eta_hours": 0.69105, "loss": 0.04731034, "lr": 6.173e-05, "params": 282437, "time_iter": 0.09073, "accuracy": 0.98686, "f1": 0.98684, "auc": 0.99908}
{"epoch": 119, "time_epoch": 80.15289, "eta": 2407.50977, "eta_hours": 0.66875, "loss": 0.04455498, "lr": 5.809e-05, "params": 282437, "time_iter": 0.0916, "accuracy": 0.98771, "f1": 0.9877, "auc": 0.99905}
{"epoch": 120, "time_epoch": 80.69454, "eta": 2327.36591, "eta_hours": 0.64649, "loss": 0.0463107, "lr": 5.454e-05, "params": 282437, "time_iter": 0.09222, "accuracy": 0.98714, "f1": 0.98713, "auc": 0.99913}
{"epoch": 121, "time_epoch": 79.58919, "eta": 2246.95933, "eta_hours": 0.62416, "loss": 0.04773488, "lr": 5.109e-05, "params": 282437, "time_iter": 0.09096, "accuracy": 0.988, "f1": 0.98799, "auc": 0.99917}
{"epoch": 122, "time_epoch": 80.12063, "eta": 2166.6827, "eta_hours": 0.60186, "loss": 0.04586749, "lr": 4.775e-05, "params": 282437, "time_iter": 0.09157, "accuracy": 0.98829, "f1": 0.98828, "auc": 0.99923}
{"epoch": 123, "time_epoch": 80.07528, "eta": 2086.39908, "eta_hours": 0.57956, "loss": 0.04582415, "lr": 4.45e-05, "params": 282437, "time_iter": 0.09151, "accuracy": 0.988, "f1": 0.98799, "auc": 0.99906}
{"epoch": 124, "time_epoch": 80.29715, "eta": 2006.16317, "eta_hours": 0.55727, "loss": 0.04726012, "lr": 4.136e-05, "params": 282437, "time_iter": 0.09177, "accuracy": 0.98771, "f1": 0.9877, "auc": 0.99904}
{"epoch": 125, "time_epoch": 79.84333, "eta": 1925.83984, "eta_hours": 0.53496, "loss": 0.0444464, "lr": 3.832e-05, "params": 282437, "time_iter": 0.09125, "accuracy": 0.98743, "f1": 0.98741, "auc": 0.99915}
{"epoch": 126, "time_epoch": 80.23059, "eta": 1845.59421, "eta_hours": 0.51267, "loss": 0.04583018, "lr": 3.539e-05, "params": 282437, "time_iter": 0.09169, "accuracy": 0.988, "f1": 0.98799, "auc": 0.99914}
{"epoch": 127, "time_epoch": 80.00435, "eta": 1765.30993, "eta_hours": 0.49036, "loss": 0.04576751, "lr": 3.256e-05, "params": 282437, "time_iter": 0.09143, "accuracy": 0.98714, "f1": 0.98713, "auc": 0.99916}
{"epoch": 128, "time_epoch": 80.51909, "eta": 1685.11378, "eta_hours": 0.46809, "loss": 0.04600527, "lr": 2.985e-05, "params": 282437, "time_iter": 0.09202, "accuracy": 0.98743, "f1": 0.98742, "auc": 0.99902}
{"epoch": 129, "time_epoch": 81.20189, "eta": 1605.01771, "eta_hours": 0.44584, "loss": 0.04714225, "lr": 2.725e-05, "params": 282437, "time_iter": 0.0928, "accuracy": 0.98771, "f1": 0.9877, "auc": 0.99894}
{"epoch": 130, "time_epoch": 80.83776, "eta": 1524.85194, "eta_hours": 0.42357, "loss": 0.04644278, "lr": 2.476e-05, "params": 282437, "time_iter": 0.09239, "accuracy": 0.98743, "f1": 0.98741, "auc": 0.99896}
{"epoch": 131, "time_epoch": 80.48785, "eta": 1444.62828, "eta_hours": 0.40129, "loss": 0.04426367, "lr": 2.238e-05, "params": 282437, "time_iter": 0.09199, "accuracy": 0.988, "f1": 0.98799, "auc": 0.99899}
{"epoch": 132, "time_epoch": 79.89539, "eta": 1364.32492, "eta_hours": 0.37898, "loss": 0.04417745, "lr": 2.012e-05, "params": 282437, "time_iter": 0.09131, "accuracy": 0.98857, "f1": 0.98856, "auc": 0.99927}
{"epoch": 133, "time_epoch": 80.03536, "eta": 1284.04436, "eta_hours": 0.35668, "loss": 0.04429325, "lr": 1.797e-05, "params": 282437, "time_iter": 0.09147, "accuracy": 0.988, "f1": 0.98799, "auc": 0.99915}
{"epoch": 134, "time_epoch": 81.94017, "eta": 1203.97907, "eta_hours": 0.33444, "loss": 0.04544305, "lr": 1.594e-05, "params": 282437, "time_iter": 0.09365, "accuracy": 0.98771, "f1": 0.9877, "auc": 0.99917}
{"epoch": 135, "time_epoch": 80.90076, "eta": 1123.77922, "eta_hours": 0.31216, "loss": 0.04643624, "lr": 1.403e-05, "params": 282437, "time_iter": 0.09246, "accuracy": 0.988, "f1": 0.98799, "auc": 0.99916}
{"epoch": 136, "time_epoch": 79.62068, "eta": 1043.44766, "eta_hours": 0.28985, "loss": 0.04415638, "lr": 1.224e-05, "params": 282437, "time_iter": 0.091, "accuracy": 0.98829, "f1": 0.98827, "auc": 0.99925}
{"epoch": 137, "time_epoch": 79.65755, "eta": 963.12962, "eta_hours": 0.26754, "loss": 0.04500077, "lr": 1.056e-05, "params": 282437, "time_iter": 0.09104, "accuracy": 0.98829, "f1": 0.98828, "auc": 0.99906}
{"epoch": 138, "time_epoch": 79.59707, "eta": 882.81629, "eta_hours": 0.24523, "loss": 0.04232988, "lr": 9.01e-06, "params": 282437, "time_iter": 0.09097, "accuracy": 0.98857, "f1": 0.98856, "auc": 0.99925}
{"epoch": 139, "time_epoch": 81.39523, "eta": 802.64164, "eta_hours": 0.22296, "loss": 0.04695623, "lr": 7.58e-06, "params": 282437, "time_iter": 0.09302, "accuracy": 0.98771, "f1": 0.9877, "auc": 0.99913}
{"epoch": 140, "time_epoch": 79.38188, "eta": 722.32116, "eta_hours": 0.20064, "loss": 0.04312489, "lr": 6.27e-06, "params": 282437, "time_iter": 0.09072, "accuracy": 0.98829, "f1": 0.98827, "auc": 0.99913}
{"epoch": 141, "time_epoch": 79.70079, "eta": 642.03186, "eta_hours": 0.17834, "loss": 0.04296698, "lr": 5.08e-06, "params": 282437, "time_iter": 0.09109, "accuracy": 0.988, "f1": 0.98799, "auc": 0.99913}
{"epoch": 142, "time_epoch": 81.12505, "eta": 561.82052, "eta_hours": 0.15606, "loss": 0.04275379, "lr": 4.02e-06, "params": 282437, "time_iter": 0.09271, "accuracy": 0.98857, "f1": 0.98856, "auc": 0.99931}
{"epoch": 143, "time_epoch": 79.91913, "eta": 481.54624, "eta_hours": 0.13376, "loss": 0.04449968, "lr": 3.08e-06, "params": 282437, "time_iter": 0.09134, "accuracy": 0.98771, "f1": 0.9877, "auc": 0.99923}
{"epoch": 144, "time_epoch": 80.84037, "eta": 401.30863, "eta_hours": 0.11147, "loss": 0.04316277, "lr": 2.26e-06, "params": 282437, "time_iter": 0.09239, "accuracy": 0.98829, "f1": 0.98827, "auc": 0.99925}
{"epoch": 145, "time_epoch": 79.90161, "eta": 321.03703, "eta_hours": 0.08918, "loss": 0.04494536, "lr": 1.57e-06, "params": 282437, "time_iter": 0.09132, "accuracy": 0.98771, "f1": 0.9877, "auc": 0.99916}
{"epoch": 146, "time_epoch": 80.81011, "eta": 240.78902, "eta_hours": 0.06689, "loss": 0.04534722, "lr": 1.01e-06, "params": 282437, "time_iter": 0.09235, "accuracy": 0.988, "f1": 0.98798, "auc": 0.99916}
{"epoch": 147, "time_epoch": 80.84776, "eta": 160.53391, "eta_hours": 0.04459, "loss": 0.04265736, "lr": 5.7e-07, "params": 282437, "time_iter": 0.0924, "accuracy": 0.98857, "f1": 0.98856, "auc": 0.99925}
{"epoch": 148, "time_epoch": 80.27309, "eta": 80.267, "eta_hours": 0.0223, "loss": 0.04176039, "lr": 2.5e-07, "params": 282437, "time_iter": 0.09174, "accuracy": 0.98886, "f1": 0.98885, "auc": 0.99919}
{"epoch": 149, "time_epoch": 80.22064, "eta": 0.0, "eta_hours": 0.0, "loss": 0.04455663, "lr": 6e-08, "params": 282437, "time_iter": 0.09168, "accuracy": 0.988, "f1": 0.98799, "auc": 0.99915}
