{"epoch": 0, "time_epoch": 85.5571, "eta": 8470.15331, "eta_hours": 2.35282, "loss": 0.66624715, "lr": 0.0, "params": 558625, "time_iter": 0.08315, "accuracy": 0.96246, "precision": 0.0, "recall": 0.0, "f1": 0.0, "auc": 0.55095}
{"epoch": 1, "time_epoch": 80.92437, "eta": 8157.59216, "eta_hours": 2.266, "loss": 0.33499119, "lr": 2e-05, "params": 558625, "time_iter": 0.07864, "accuracy": 0.96255, "precision": 0.0, "recall": 0.0, "f1": 0.0, "auc": 0.55271}
{"epoch": 2, "time_epoch": 81.28892, "eta": 8011.24276, "eta_hours": 2.22535, "loss": 0.15792986, "lr": 4e-05, "params": 558625, "time_iter": 0.079, "accuracy": 0.96255, "precision": 0.0, "recall": 0.0, "f1": 0.0, "auc": 0.65846}
{"epoch": 3, "time_epoch": 90.70858, "eta": 8123.49531, "eta_hours": 2.25653, "loss": 0.14830348, "lr": 6e-05, "params": 558625, "time_iter": 0.08815, "accuracy": 0.96255, "precision": 0.0, "recall": 0.0, "f1": 0.0, "auc": 0.70877}
{"epoch": 4, "time_epoch": 95.24778, "eta": 8240.80826, "eta_hours": 2.28911, "loss": 0.14102041, "lr": 8e-05, "params": 558625, "time_iter": 0.09256, "accuracy": 0.96255, "precision": 0.0, "recall": 0.0, "f1": 0.0, "auc": 0.74407}
{"epoch": 5, "time_epoch": 95.60745, "eta": 8292.9024, "eta_hours": 2.30358, "loss": 0.13352973, "lr": 0.0001, "params": 558625, "time_iter": 0.09291, "accuracy": 0.96255, "precision": 0.0, "recall": 0.0, "f1": 0.0, "auc": 0.77639}
{"epoch": 6, "time_epoch": 94.55092, "eta": 8288.7594, "eta_hours": 2.30243, "loss": 0.12843228, "lr": 9.997e-05, "params": 558625, "time_iter": 0.09189, "accuracy": 0.96255, "precision": 0.0, "recall": 0.0, "f1": 0.0, "auc": 0.79111}
{"epoch": 7, "time_epoch": 95.89729, "eta": 8277.49769, "eta_hours": 2.2993, "loss": 0.123064, "lr": 9.989e-05, "params": 558625, "time_iter": 0.09319, "accuracy": 0.96255, "precision": 0.0, "recall": 0.0, "f1": 0.0, "auc": 0.81035}
{"epoch": 8, "time_epoch": 95.81294, "eta": 8246.57519, "eta_hours": 2.29072, "loss": 0.11954915, "lr": 9.975e-05, "params": 558625, "time_iter": 0.09311, "accuracy": 0.96255, "precision": 0.0, "recall": 0.0, "f1": 0.0, "auc": 0.8285}
{"epoch": 9, "time_epoch": 94.58342, "eta": 8191.6089, "eta_hours": 2.27545, "loss": 0.11727677, "lr": 9.956e-05, "params": 558625, "time_iter": 0.09192, "accuracy": 0.96432, "precision": 0.72308, "recall": 0.0763, "f1": 0.13803, "auc": 0.83728}
{"epoch": 10, "time_epoch": 95.629, "eta": 8137.89918, "eta_hours": 2.26053, "loss": 0.11440928, "lr": 9.932e-05, "params": 558625, "time_iter": 0.09293, "accuracy": 0.96644, "precision": 0.68391, "recall": 0.19318, "f1": 0.30127, "auc": 0.84149}
{"epoch": 11, "time_epoch": 95.31247, "eta": 8074.88172, "eta_hours": 2.24302, "loss": 0.11238786, "lr": 9.902e-05, "params": 558625, "time_iter": 0.09263, "accuracy": 0.96796, "precision": 0.68776, "recall": 0.26461, "f1": 0.38218, "auc": 0.84853}
{"epoch": 12, "time_epoch": 95.89224, "eta": 8010.77578, "eta_hours": 2.22522, "loss": 0.10991047, "lr": 9.867e-05, "params": 558625, "time_iter": 0.09319, "accuracy": 0.96799, "precision": 0.66362, "recall": 0.29464, "f1": 0.40809, "auc": 0.85716}
{"epoch": 13, "time_epoch": 95.7968, "eta": 7941.54268, "eta_hours": 2.20598, "loss": 0.10775203, "lr": 9.826e-05, "params": 558625, "time_iter": 0.0931, "accuracy": 0.96851, "precision": 0.66554, "recall": 0.31981, "f1": 0.43202, "auc": 0.86573}
{"epoch": 14, "time_epoch": 110.32295, "eta": 7951.08259, "eta_hours": 2.20863, "loss": 0.10697175, "lr": 9.78e-05, "params": 558625, "time_iter": 0.10721, "accuracy": 0.96845, "precision": 0.65696, "recall": 0.32955, "f1": 0.43892, "auc": 0.86607}
{"epoch": 15, "time_epoch": 110.40264, "eta": 7946.05804, "eta_hours": 2.20724, "loss": 0.10346514, "lr": 9.729e-05, "params": 558625, "time_iter": 0.10729, "accuracy": 0.97003, "precision": 0.69903, "recall": 0.35065, "f1": 0.46703, "auc": 0.87786}
{"epoch": 16, "time_epoch": 109.90797, "eta": 7926.22091, "eta_hours": 2.20173, "loss": 0.10166936, "lr": 9.673e-05, "params": 558625, "time_iter": 0.10681, "accuracy": 0.971, "precision": 0.71125, "recall": 0.37987, "f1": 0.49524, "auc": 0.88019}
{"epoch": 17, "time_epoch": 109.58982, "eta": 7894.92655, "eta_hours": 2.19304, "loss": 0.10019699, "lr": 9.611e-05, "params": 558625, "time_iter": 0.1065, "accuracy": 0.96982, "precision": 0.68189, "recall": 0.36364, "f1": 0.47433, "auc": 0.89146}
{"epoch": 18, "time_epoch": 109.68085, "eta": 7855.77866, "eta_hours": 2.18216, "loss": 0.09939528, "lr": 9.545e-05, "params": 558625, "time_iter": 0.10659, "accuracy": 0.97094, "precision": 0.70973, "recall": 0.37906, "f1": 0.49418, "auc": 0.891}
{"epoch": 19, "time_epoch": 96.78498, "eta": 7757.99398, "eta_hours": 2.155, "loss": 0.09895498, "lr": 9.474e-05, "params": 558625, "time_iter": 0.09406, "accuracy": 0.97021, "precision": 0.69688, "recall": 0.36201, "f1": 0.4765, "auc": 0.89424}
{"epoch": 20, "time_epoch": 95.90065, "eta": 7656.97773, "eta_hours": 2.12694, "loss": 0.09534729, "lr": 9.397e-05, "params": 558625, "time_iter": 0.0932, "accuracy": 0.97164, "precision": 0.71761, "recall": 0.40016, "f1": 0.51381, "auc": 0.90362}
{"epoch": 21, "time_epoch": 96.5667, "eta": 7558.78799, "eta_hours": 2.09966, "loss": 0.09570269, "lr": 9.316e-05, "params": 558625, "time_iter": 0.09385, "accuracy": 0.97143, "precision": 0.71922, "recall": 0.3888, "f1": 0.50474, "auc": 0.90405}
{"epoch": 22, "time_epoch": 96.03463, "eta": 7458.95811, "eta_hours": 2.07193, "loss": 0.09321473, "lr": 9.23e-05, "params": 558625, "time_iter": 0.09333, "accuracy": 0.97255, "precision": 0.74085, "recall": 0.41071, "f1": 0.52846, "auc": 0.90921}
{"epoch": 23, "time_epoch": 96.69453, "eta": 7361.53419, "eta_hours": 2.04487, "loss": 0.09198353, "lr": 9.14e-05, "params": 558625, "time_iter": 0.09397, "accuracy": 0.97271, "precision": 0.74133, "recall": 0.4164, "f1": 0.53326, "auc": 0.91503}
{"epoch": 24, "time_epoch": 97.50157, "eta": 7266.58974, "eta_hours": 2.0185, "loss": 0.09158127, "lr": 9.045e-05, "params": 558625, "time_iter": 0.09475, "accuracy": 0.97201, "precision": 0.71567, "recall": 0.41883, "f1": 0.52842, "auc": 0.91965}
{"epoch": 25, "time_epoch": 97.47351, "eta": 7171.36871, "eta_hours": 1.99205, "loss": 0.08949272, "lr": 8.946e-05, "params": 558625, "time_iter": 0.09473, "accuracy": 0.97347, "precision": 0.7568, "recall": 0.42938, "f1": 0.5479, "auc": 0.92307}
{"epoch": 26, "time_epoch": 97.7976, "eta": 7076.85709, "eta_hours": 1.96579, "loss": 0.08719917, "lr": 8.842e-05, "params": 558625, "time_iter": 0.09504, "accuracy": 0.97304, "precision": 0.7433, "recall": 0.42776, "f1": 0.54302, "auc": 0.92957}
{"epoch": 27, "time_epoch": 102.03013, "eta": 6992.9944, "eta_hours": 1.9425, "loss": 0.08676777, "lr": 8.734e-05, "params": 558625, "time_iter": 0.09915, "accuracy": 0.97416, "precision": 0.76309, "recall": 0.44968, "f1": 0.56588, "auc": 0.931}
{"epoch": 28, "time_epoch": 97.76591, "eta": 6897.43878, "eta_hours": 1.91596, "loss": 0.08442792, "lr": 8.622e-05, "params": 558625, "time_iter": 0.09501, "accuracy": 0.97401, "precision": 0.76217, "recall": 0.44481, "f1": 0.56176, "auc": 0.93697}
{"epoch": 29, "time_epoch": 81.4134, "eta": 6763.57997, "eta_hours": 1.87877, "loss": 0.08668752, "lr": 8.506e-05, "params": 558625, "time_iter": 0.07912, "accuracy": 0.9731, "precision": 0.73414, "recall": 0.44156, "f1": 0.55144, "auc": 0.93088}
{"epoch": 30, "time_epoch": 81.39027, "eta": 6633.05325, "eta_hours": 1.84251, "loss": 0.08422545, "lr": 8.386e-05, "params": 558625, "time_iter": 0.0791, "accuracy": 0.97377, "precision": 0.75804, "recall": 0.43994, "f1": 0.55675, "auc": 0.93852}
{"epoch": 31, "time_epoch": 81.37398, "eta": 6505.56293, "eta_hours": 1.8071, "loss": 0.07956737, "lr": 8.263e-05, "params": 558625, "time_iter": 0.07908, "accuracy": 0.97514, "precision": 0.78279, "recall": 0.4651, "f1": 0.5835, "auc": 0.94759}
{"epoch": 32, "time_epoch": 83.05117, "eta": 6384.27275, "eta_hours": 1.77341, "loss": 0.07904084, "lr": 8.136e-05, "params": 558625, "time_iter": 0.08071, "accuracy": 0.97444, "precision": 0.7569, "recall": 0.46753, "f1": 0.57802, "auc": 0.94927}
{"epoch": 33, "time_epoch": 82.48498, "eta": 6264.13285, "eta_hours": 1.74004, "loss": 0.07943417, "lr": 8.005e-05, "params": 558625, "time_iter": 0.08016, "accuracy": 0.97468, "precision": 0.76707, "recall": 0.4651, "f1": 0.57908, "auc": 0.94787}
{"epoch": 34, "time_epoch": 82.57916, "eta": 6146.31957, "eta_hours": 1.70731, "loss": 0.07724112, "lr": 7.872e-05, "params": 558625, "time_iter": 0.08025, "accuracy": 0.97517, "precision": 0.77556, "recall": 0.47403, "f1": 0.58841, "auc": 0.95216}
{"epoch": 35, "time_epoch": 81.28931, "eta": 6028.17066, "eta_hours": 1.67449, "loss": 0.07790089, "lr": 7.735e-05, "params": 558625, "time_iter": 0.079, "accuracy": 0.97587, "precision": 0.78295, "recall": 0.49188, "f1": 0.60419, "auc": 0.95145}
{"epoch": 36, "time_epoch": 81.74999, "eta": 5912.79857, "eta_hours": 1.64244, "loss": 0.07543304, "lr": 7.595e-05, "params": 558625, "time_iter": 0.07945, "accuracy": 0.97605, "precision": 0.7775, "recall": 0.50487, "f1": 0.6122, "auc": 0.95489}
{"epoch": 37, "time_epoch": 80.53741, "eta": 5797.21766, "eta_hours": 1.61034, "loss": 0.07656702, "lr": 7.452e-05, "params": 558625, "time_iter": 0.07827, "accuracy": 0.97596, "precision": 0.78452, "recall": 0.49351, "f1": 0.60588, "auc": 0.95329}
{"epoch": 38, "time_epoch": 81.82822, "eta": 5685.45279, "eta_hours": 1.57929, "loss": 0.07124971, "lr": 7.307e-05, "params": 558625, "time_iter": 0.07952, "accuracy": 0.9769, "precision": 0.79873, "recall": 0.51218, "f1": 0.62413, "auc": 0.96243}
{"epoch": 39, "time_epoch": 80.95973, "eta": 5573.88203, "eta_hours": 1.5483, "loss": 0.07197286, "lr": 7.159e-05, "params": 558625, "time_iter": 0.07868, "accuracy": 0.97611, "precision": 0.7859, "recall": 0.49756, "f1": 0.60934, "auc": 0.9623}
{"epoch": 40, "time_epoch": 82.44024, "eta": 5465.93498, "eta_hours": 1.51832, "loss": 0.06865002, "lr": 7.008e-05, "params": 558625, "time_iter": 0.08012, "accuracy": 0.97784, "precision": 0.79553, "recall": 0.54951, "f1": 0.65002, "auc": 0.96446}
{"epoch": 41, "time_epoch": 81.57331, "eta": 5358.00534, "eta_hours": 1.48833, "loss": 0.06853251, "lr": 6.856e-05, "params": 558625, "time_iter": 0.07927, "accuracy": 0.97769, "precision": 0.79363, "recall": 0.54627, "f1": 0.64712, "auc": 0.96648}
{"epoch": 42, "time_epoch": 81.54115, "eta": 5251.25895, "eta_hours": 1.45868, "loss": 0.06956355, "lr": 6.701e-05, "params": 558625, "time_iter": 0.07924, "accuracy": 0.9776, "precision": 0.80146, "recall": 0.53409, "f1": 0.64101, "auc": 0.96752}
{"epoch": 43, "time_epoch": 82.17608, "eta": 5146.46635, "eta_hours": 1.42957, "loss": 0.0667322, "lr": 6.545e-05, "params": 558625, "time_iter": 0.07986, "accuracy": 0.97891, "precision": 0.8241, "recall": 0.55519, "f1": 0.66343, "auc": 0.96812}
{"epoch": 44, "time_epoch": 94.65313, "eta": 5057.92865, "eta_hours": 1.40498, "loss": 0.06678659, "lr": 6.387e-05, "params": 558625, "time_iter": 0.09199, "accuracy": 0.97845, "precision": 0.82565, "recall": 0.53815, "f1": 0.6516, "auc": 0.96968}
{"epoch": 45, "time_epoch": 96.98265, "eta": 4971.85972, "eta_hours": 1.38107, "loss": 0.06377316, "lr": 6.227e-05, "params": 558625, "time_iter": 0.09425, "accuracy": 0.97815, "precision": 0.80283, "recall": 0.55195, "f1": 0.65416, "auc": 0.97447}
{"epoch": 46, "time_epoch": 97.43086, "eta": 4885.8318, "eta_hours": 1.35718, "loss": 0.06501683, "lr": 6.066e-05, "params": 558625, "time_iter": 0.09468, "accuracy": 0.97857, "precision": 0.81037, "recall": 0.55844, "f1": 0.66122, "auc": 0.97239}
{"epoch": 47, "time_epoch": 96.7867, "eta": 4798.63092, "eta_hours": 1.33295, "loss": 0.0623597, "lr": 5.904e-05, "params": 558625, "time_iter": 0.09406, "accuracy": 0.97875, "precision": 0.81464, "recall": 0.56006, "f1": 0.66378, "auc": 0.97525}
{"epoch": 48, "time_epoch": 96.77405, "eta": 4711.02563, "eta_hours": 1.30862, "loss": 0.06138957, "lr": 5.741e-05, "params": 558625, "time_iter": 0.09405, "accuracy": 0.97942, "precision": 0.80663, "recall": 0.59253, "f1": 0.6832, "auc": 0.97624}
{"epoch": 49, "time_epoch": 96.67309, "eta": 4622.95261, "eta_hours": 1.28415, "loss": 0.06269842, "lr": 5.577e-05, "params": 558625, "time_iter": 0.09395, "accuracy": 0.97973, "precision": 0.81424, "recall": 0.59416, "f1": 0.687, "auc": 0.9736}
{"epoch": 50, "time_epoch": 96.92054, "eta": 4534.78008, "eta_hours": 1.25966, "loss": 0.05844744, "lr": 5.413e-05, "params": 558625, "time_iter": 0.09419, "accuracy": 0.98024, "precision": 0.83603, "recall": 0.58766, "f1": 0.69018, "auc": 0.97965}
{"epoch": 51, "time_epoch": 98.42817, "eta": 4447.66275, "eta_hours": 1.23546, "loss": 0.06017732, "lr": 5.248e-05, "params": 558625, "time_iter": 0.09565, "accuracy": 0.97878, "precision": 0.8041, "recall": 0.57305, "f1": 0.66919, "auc": 0.97842}
{"epoch": 52, "time_epoch": 96.44255, "eta": 4358.35777, "eta_hours": 1.21065, "loss": 0.05799513, "lr": 5.083e-05, "params": 558625, "time_iter": 0.09372, "accuracy": 0.98009, "precision": 0.8202, "recall": 0.59984, "f1": 0.69292, "auc": 0.97895}
{"epoch": 53, "time_epoch": 96.72143, "eta": 4269.026, "eta_hours": 1.18584, "loss": 0.05701952, "lr": 4.917e-05, "params": 558625, "time_iter": 0.094, "accuracy": 0.9793, "precision": 0.80509, "recall": 0.5901, "f1": 0.68103, "auc": 0.98166}
{"epoch": 54, "time_epoch": 97.14855, "eta": 4179.77497, "eta_hours": 1.16105, "loss": 0.05718829, "lr": 4.752e-05, "params": 558625, "time_iter": 0.09441, "accuracy": 0.98094, "precision": 0.82353, "recall": 0.625, "f1": 0.71066, "auc": 0.97985}
{"epoch": 55, "time_epoch": 96.63463, "eta": 4089.83809, "eta_hours": 1.13607, "loss": 0.05586961, "lr": 4.587e-05, "params": 558625, "time_iter": 0.09391, "accuracy": 0.98082, "precision": 0.82557, "recall": 0.61851, "f1": 0.70719, "auc": 0.9806}
{"epoch": 56, "time_epoch": 96.2778, "eta": 3999.39702, "eta_hours": 1.11094, "loss": 0.0549544, "lr": 4.423e-05, "params": 558625, "time_iter": 0.09356, "accuracy": 0.98113, "precision": 0.8317, "recall": 0.62175, "f1": 0.71157, "auc": 0.98124}
{"epoch": 57, "time_epoch": 96.01926, "eta": 3908.56746, "eta_hours": 1.08571, "loss": 0.05438401, "lr": 4.259e-05, "params": 558625, "time_iter": 0.09331, "accuracy": 0.98119, "precision": 0.83135, "recall": 0.62419, "f1": 0.71303, "auc": 0.9826}
{"epoch": 58, "time_epoch": 96.81218, "eta": 3818.11299, "eta_hours": 1.06059, "loss": 0.05495838, "lr": 4.096e-05, "params": 558625, "time_iter": 0.09408, "accuracy": 0.98091, "precision": 0.82613, "recall": 0.62094, "f1": 0.70899, "auc": 0.98177}
{"epoch": 59, "time_epoch": 97.91913, "eta": 3728.18456, "eta_hours": 1.03561, "loss": 0.05500195, "lr": 3.934e-05, "params": 558625, "time_iter": 0.09516, "accuracy": 0.98158, "precision": 0.84096, "recall": 0.62662, "f1": 0.71814, "auc": 0.98297}
{"epoch": 60, "time_epoch": 83.14033, "eta": 3628.54541, "eta_hours": 1.00793, "loss": 0.05260678, "lr": 3.773e-05, "params": 558625, "time_iter": 0.0808, "accuracy": 0.98219, "precision": 0.83576, "recall": 0.6526, "f1": 0.73291, "auc": 0.98354}
{"epoch": 61, "time_epoch": 81.8354, "eta": 3528.63868, "eta_hours": 0.98018, "loss": 0.05044108, "lr": 3.613e-05, "params": 558625, "time_iter": 0.07953, "accuracy": 0.98204, "precision": 0.83631, "recall": 0.64692, "f1": 0.72952, "auc": 0.98597}
{"epoch": 62, "time_epoch": 81.08845, "eta": 3428.86695, "eta_hours": 0.95246, "loss": 0.05129021, "lr": 3.455e-05, "params": 558625, "time_iter": 0.0788, "accuracy": 0.98231, "precision": 0.83028, "recall": 0.66315, "f1": 0.73736, "auc": 0.9857}
{"epoch": 63, "time_epoch": 89.30337, "eta": 3334.29997, "eta_hours": 0.92619, "loss": 0.04935688, "lr": 3.299e-05, "params": 558625, "time_iter": 0.08679, "accuracy": 0.98252, "precision": 0.83692, "recall": 0.66234, "f1": 0.73947, "auc": 0.9873}
{"epoch": 64, "time_epoch": 98.30301, "eta": 3244.74091, "eta_hours": 0.90132, "loss": 0.04967234, "lr": 3.144e-05, "params": 558625, "time_iter": 0.09553, "accuracy": 0.98344, "precision": 0.85087, "recall": 0.67614, "f1": 0.75351, "auc": 0.986}
{"epoch": 65, "time_epoch": 96.35609, "eta": 3153.91392, "eta_hours": 0.87609, "loss": 0.04869326, "lr": 2.992e-05, "params": 558625, "time_iter": 0.09364, "accuracy": 0.9834, "precision": 0.85361, "recall": 0.67208, "f1": 0.75204, "auc": 0.98652}
{"epoch": 66, "time_epoch": 97.15232, "eta": 3063.31406, "eta_hours": 0.85092, "loss": 0.04918386, "lr": 2.841e-05, "params": 558625, "time_iter": 0.09441, "accuracy": 0.98368, "precision": 0.85351, "recall": 0.68101, "f1": 0.75756, "auc": 0.98591}
{"epoch": 67, "time_epoch": 97.00543, "eta": 2972.45235, "eta_hours": 0.82568, "loss": 0.047391, "lr": 2.693e-05, "params": 558625, "time_iter": 0.09427, "accuracy": 0.98347, "precision": 0.85318, "recall": 0.67451, "f1": 0.7534, "auc": 0.98827}
{"epoch": 68, "time_epoch": 96.8638, "eta": 2881.34893, "eta_hours": 0.80037, "loss": 0.04804268, "lr": 2.548e-05, "params": 558625, "time_iter": 0.09413, "accuracy": 0.98337, "precision": 0.8381, "recall": 0.68912, "f1": 0.75635, "auc": 0.98743}
{"epoch": 69, "time_epoch": 97.56907, "eta": 2790.38319, "eta_hours": 0.77511, "loss": 0.0474878, "lr": 2.405e-05, "params": 558625, "time_iter": 0.09482, "accuracy": 0.98413, "precision": 0.86299, "recall": 0.68506, "f1": 0.7638, "auc": 0.98784}
{"epoch": 70, "time_epoch": 96.71663, "eta": 2698.88326, "eta_hours": 0.74969, "loss": 0.04706806, "lr": 2.265e-05, "params": 558625, "time_iter": 0.09399, "accuracy": 0.98395, "precision": 0.85556, "recall": 0.6875, "f1": 0.76238, "auc": 0.98784}
{"epoch": 71, "time_epoch": 97.94171, "eta": 2607.71485, "eta_hours": 0.72437, "loss": 0.04791393, "lr": 2.128e-05, "params": 558625, "time_iter": 0.09518, "accuracy": 0.98359, "precision": 0.84257, "recall": 0.69075, "f1": 0.75914, "auc": 0.98832}
{"epoch": 72, "time_epoch": 97.78911, "eta": 2516.30442, "eta_hours": 0.69897, "loss": 0.04399506, "lr": 1.995e-05, "params": 558625, "time_iter": 0.09503, "accuracy": 0.98462, "precision": 0.8538, "recall": 0.71104, "f1": 0.77591, "auc": 0.98962}
{"epoch": 73, "time_epoch": 96.70859, "eta": 2424.34195, "eta_hours": 0.67343, "loss": 0.04491119, "lr": 1.864e-05, "params": 558625, "time_iter": 0.09398, "accuracy": 0.98517, "precision": 0.86328, "recall": 0.71753, "f1": 0.78369, "auc": 0.99015}
{"epoch": 74, "time_epoch": 97.60034, "eta": 2332.55017, "eta_hours": 0.64793, "loss": 0.043477, "lr": 1.737e-05, "params": 558625, "time_iter": 0.09485, "accuracy": 0.98544, "precision": 0.87167, "recall": 0.71672, "f1": 0.78664, "auc": 0.98965}
{"epoch": 75, "time_epoch": 96.32927, "eta": 2240.20414, "eta_hours": 0.62228, "loss": 0.0443752, "lr": 1.614e-05, "params": 558625, "time_iter": 0.09361, "accuracy": 0.98492, "precision": 0.85521, "recall": 0.71916, "f1": 0.78131, "auc": 0.99027}
{"epoch": 76, "time_epoch": 98.62696, "eta": 2148.44097, "eta_hours": 0.59679, "loss": 0.04440821, "lr": 1.494e-05, "params": 558625, "time_iter": 0.09585, "accuracy": 0.98468, "precision": 0.84667, "recall": 0.72159, "f1": 0.77914, "auc": 0.9901}
{"epoch": 77, "time_epoch": 102.53439, "eta": 2057.60391, "eta_hours": 0.57156, "loss": 0.04229247, "lr": 1.378e-05, "params": 558625, "time_iter": 0.09964, "accuracy": 0.9859, "precision": 0.87721, "recall": 0.72484, "f1": 0.79378, "auc": 0.99096}
{"epoch": 78, "time_epoch": 99.80512, "eta": 1965.7452, "eta_hours": 0.54604, "loss": 0.04141252, "lr": 1.266e-05, "params": 558625, "time_iter": 0.09699, "accuracy": 0.98581, "precision": 0.87172, "recall": 0.72808, "f1": 0.79345, "auc": 0.99055}
{"epoch": 79, "time_epoch": 82.01022, "eta": 1869.23911, "eta_hours": 0.51923, "loss": 0.0408653, "lr": 1.158e-05, "params": 558625, "time_iter": 0.0797, "accuracy": 0.98626, "precision": 0.87356, "recall": 0.74026, "f1": 0.80141, "auc": 0.99145}
{"epoch": 80, "time_epoch": 80.61235, "eta": 1772.76305, "eta_hours": 0.49243, "loss": 0.04195141, "lr": 1.054e-05, "params": 558625, "time_iter": 0.07834, "accuracy": 0.98514, "precision": 0.85824, "recall": 0.7224, "f1": 0.78449, "auc": 0.99119}
{"epoch": 81, "time_epoch": 81.07679, "eta": 1676.77586, "eta_hours": 0.46577, "loss": 0.03981278, "lr": 9.55e-06, "params": 558625, "time_iter": 0.07879, "accuracy": 0.98575, "precision": 0.85357, "recall": 0.74756, "f1": 0.79706, "auc": 0.99174}
{"epoch": 82, "time_epoch": 81.88413, "eta": 1581.31332, "eta_hours": 0.43925, "loss": 0.04048646, "lr": 8.6e-06, "params": 558625, "time_iter": 0.07958, "accuracy": 0.98644, "precision": 0.87861, "recall": 0.74026, "f1": 0.80352, "auc": 0.9922}
{"epoch": 83, "time_epoch": 82.13073, "eta": 1486.22104, "eta_hours": 0.41284, "loss": 0.04043425, "lr": 7.7e-06, "params": 558625, "time_iter": 0.07982, "accuracy": 0.98562, "precision": 0.85836, "recall": 0.73782, "f1": 0.79354, "auc": 0.99288}
{"epoch": 84, "time_epoch": 93.11735, "eta": 1393.37256, "eta_hours": 0.38705, "loss": 0.03988062, "lr": 6.84e-06, "params": 558625, "time_iter": 0.09049, "accuracy": 0.98578, "precision": 0.86038, "recall": 0.74026, "f1": 0.79581, "auc": 0.99214}
{"epoch": 85, "time_epoch": 96.33917, "eta": 1301.0423, "eta_hours": 0.3614, "loss": 0.03826587, "lr": 6.03e-06, "params": 558625, "time_iter": 0.09362, "accuracy": 0.98678, "precision": 0.87989, "recall": 0.74919, "f1": 0.80929, "auc": 0.99296}
{"epoch": 86, "time_epoch": 96.61296, "eta": 1208.6608, "eta_hours": 0.33574, "loss": 0.04083645, "lr": 5.26e-06, "params": 558625, "time_iter": 0.09389, "accuracy": 0.98544, "precision": 0.86098, "recall": 0.7289, "f1": 0.78945, "auc": 0.99185}
{"epoch": 87, "time_epoch": 95.1783, "eta": 1115.98749, "eta_hours": 0.31, "loss": 0.039224, "lr": 4.55e-06, "params": 558625, "time_iter": 0.0925, "accuracy": 0.98696, "precision": 0.88057, "recall": 0.75406, "f1": 0.81242, "auc": 0.99163}
{"epoch": 88, "time_epoch": 95.99582, "eta": 1023.35893, "eta_hours": 0.28427, "loss": 0.03929501, "lr": 3.89e-06, "params": 558625, "time_iter": 0.09329, "accuracy": 0.98629, "precision": 0.86393, "recall": 0.75244, "f1": 0.80434, "auc": 0.99247}
{"epoch": 89, "time_epoch": 96.30036, "eta": 930.68938, "eta_hours": 0.25852, "loss": 0.04008595, "lr": 3.27e-06, "params": 558625, "time_iter": 0.09359, "accuracy": 0.98638, "precision": 0.86499, "recall": 0.75406, "f1": 0.80572, "auc": 0.9913}
{"epoch": 90, "time_epoch": 94.30062, "eta": 837.74226, "eta_hours": 0.23271, "loss": 0.0393851, "lr": 2.71e-06, "params": 558625, "time_iter": 0.09164, "accuracy": 0.98644, "precision": 0.87216, "recall": 0.74756, "f1": 0.80507, "auc": 0.99187}
{"epoch": 91, "time_epoch": 95.97242, "eta": 744.91108, "eta_hours": 0.20692, "loss": 0.03869122, "lr": 2.2e-06, "params": 558625, "time_iter": 0.09327, "accuracy": 0.98666, "precision": 0.88383, "recall": 0.74107, "f1": 0.80618, "auc": 0.99293}
{"epoch": 92, "time_epoch": 95.95815, "eta": 652.01128, "eta_hours": 0.18111, "loss": 0.03917021, "lr": 1.74e-06, "params": 558625, "time_iter": 0.09325, "accuracy": 0.98647, "precision": 0.87728, "recall": 0.74269, "f1": 0.8044, "auc": 0.99236}
{"epoch": 93, "time_epoch": 95.45232, "eta": 559.01412, "eta_hours": 0.15528, "loss": 0.03710142, "lr": 1.33e-06, "params": 558625, "time_iter": 0.09276, "accuracy": 0.9865, "precision": 0.87452, "recall": 0.74675, "f1": 0.8056, "auc": 0.99339}
{"epoch": 94, "time_epoch": 95.93874, "eta": 465.99088, "eta_hours": 0.12944, "loss": 0.03676215, "lr": 9.8e-07, "params": 558625, "time_iter": 0.09323, "accuracy": 0.9869, "precision": 0.88252, "recall": 0.75, "f1": 0.81088, "auc": 0.99358}
{"epoch": 95, "time_epoch": 93.31211, "eta": 372.79745, "eta_hours": 0.10355, "loss": 0.03785904, "lr": 6.8e-07, "params": 558625, "time_iter": 0.09068, "accuracy": 0.98654, "precision": 0.86293, "recall": 0.76136, "f1": 0.80897, "auc": 0.99279}
{"epoch": 96, "time_epoch": 95.60675, "eta": 279.67254, "eta_hours": 0.07769, "loss": 0.0360894, "lr": 4.4e-07, "params": 558625, "time_iter": 0.09291, "accuracy": 0.98733, "precision": 0.89602, "recall": 0.74838, "f1": 0.81557, "auc": 0.99376}
{"epoch": 97, "time_epoch": 94.94064, "eta": 186.48339, "eta_hours": 0.0518, "loss": 0.03675376, "lr": 2.5e-07, "params": 558625, "time_iter": 0.09226, "accuracy": 0.98626, "precision": 0.87356, "recall": 0.74026, "f1": 0.80141, "auc": 0.99386}
{"epoch": 98, "time_epoch": 95.09787, "eta": 93.26044, "eta_hours": 0.02591, "loss": 0.03925626, "lr": 1.1e-07, "params": 558625, "time_iter": 0.09242, "accuracy": 0.98647, "precision": 0.87088, "recall": 0.75, "f1": 0.80593, "auc": 0.99299}
{"epoch": 99, "time_epoch": 95.32817, "eta": 0.0, "eta_hours": 0.0, "loss": 0.03766741, "lr": 3e-08, "params": 558625, "time_iter": 0.09264, "accuracy": 0.98693, "precision": 0.86588, "recall": 0.77029, "f1": 0.81529, "auc": 0.99304}
