{"epoch": 0, "time_epoch": 84.30781, "time_epoch_std": 1.45902, "eta": 12561.86365, "eta_std": 217.3945, "eta_hours": 3.48941, "eta_hours_std": 0.06039, "loss": 1.61438, "loss_std": 0.00296, "lr": 0.0, "lr_std": 0.0, "params": 282437.0, "params_std": 0.0, "time_iter": 0.09635, "time_iter_std": 0.00167, "accuracy": 0.2008, "accuracy_std": 0.00206, "f1": 0.06869, "f1_std": 0.00441, "auc": 0.5317, "auc_std": 0.07342}
{"epoch": 1, "time_epoch": 80.49432, "time_epoch_std": 0.51429, "eta": 12195.3576, "eta_std": 101.30565, "eta_hours": 3.3876, "eta_hours_std": 0.02814, "loss": 1.54166, "loss_std": 0.01025, "lr": 5e-05, "lr_std": 0.0, "params": 282437.0, "params_std": 0.0, "time_iter": 0.092, "time_iter_std": 0.00059, "accuracy": 0.37543, "accuracy_std": 0.05161, "f1": 0.30018, "f1_std": 0.06074, "auc": 0.78234, "auc_std": 0.01356}
{"epoch": 2, "time_epoch": 80.58721, "time_epoch_std": 0.68145, "eta": 12024.07778, "eta_std": 90.53121, "eta_hours": 3.34002, "eta_hours_std": 0.02515, "loss": 1.41327, "loss_std": 0.0112, "lr": 0.0001, "lr_std": 0.0, "params": 282437.0, "params_std": 0.0, "time_iter": 0.0921, "time_iter_std": 0.00078, "accuracy": 0.62051, "accuracy_std": 0.04183, "f1": 0.58522, "f1_std": 0.05489, "auc": 0.88527, "auc_std": 0.00772}
{"epoch": 3, "time_epoch": 80.41315, "time_epoch_std": 0.49011, "eta": 11891.79091, "eta_std": 64.97707, "eta_hours": 3.30328, "eta_hours_std": 0.01805, "loss": 1.32058, "loss_std": 0.01406, "lr": 0.00015, "lr_std": 0.0, "params": 282437.0, "params_std": 0.0, "time_iter": 0.0919, "time_iter_std": 0.00056, "accuracy": 0.7428, "accuracy_std": 0.03347, "f1": 0.72571, "f1_std": 0.0509, "auc": 0.92846, "auc_std": 0.00523}
{"epoch": 4, "time_epoch": 80.51054, "time_epoch_std": 0.43185, "eta": 11783.07791, "eta_std": 51.56308, "eta_hours": 3.27308, "eta_hours_std": 0.01432, "loss": 1.2335, "loss_std": 0.01866, "lr": 0.0002, "lr_std": 0.0, "params": 282437.0, "params_std": 0.0, "time_iter": 0.09201, "time_iter_std": 0.00049, "accuracy": 0.78937, "accuracy_std": 0.03477, "f1": 0.77918, "f1_std": 0.04631, "auc": 0.94448, "auc_std": 0.00573}
{"epoch": 5, "time_epoch": 79.9881, "time_epoch_std": 0.58898, "eta": 11671.22707, "eta_std": 37.64864, "eta_hours": 3.24201, "eta_hours_std": 0.01046, "loss": 1.13975, "loss_std": 0.01884, "lr": 0.00025, "lr_std": 0.0, "params": 282437.0, "params_std": 0.0, "time_iter": 0.09142, "time_iter_std": 0.00067, "accuracy": 0.82337, "accuracy_std": 0.0257, "f1": 0.81833, "f1_std": 0.0304, "auc": 0.95348, "auc_std": 0.00661}
{"epoch": 6, "time_epoch": 80.83122, "time_epoch_std": 0.56187, "eta": 11585.70373, "eta_std": 37.13892, "eta_hours": 3.21825, "eta_hours_std": 0.01032, "loss": 1.03764, "loss_std": 0.01754, "lr": 0.0003, "lr_std": 0.0, "params": 282437.0, "params_std": 0.0, "time_iter": 0.09238, "time_iter_std": 0.00064, "accuracy": 0.84171, "accuracy_std": 0.02094, "f1": 0.83861, "f1_std": 0.02333, "auc": 0.96012, "auc_std": 0.00711}
{"epoch": 7, "time_epoch": 80.25274, "time_epoch_std": 0.46921, "eta": 11491.08542, "eta_std": 29.50626, "eta_hours": 3.19197, "eta_hours_std": 0.0082, "loss": 0.93138, "loss_std": 0.01837, "lr": 0.00035, "lr_std": 0.0, "params": 282437.0, "params_std": 0.0, "time_iter": 0.09172, "time_iter_std": 0.00053, "accuracy": 0.863, "accuracy_std": 0.01505, "f1": 0.86179, "f1_std": 0.016, "auc": 0.96652, "auc_std": 0.00483}
{"epoch": 8, "time_epoch": 80.4886, "time_epoch_std": 0.49511, "eta": 11403.35457, "eta_std": 27.12697, "eta_hours": 3.1676, "eta_hours_std": 0.00754, "loss": 0.82677, "loss_std": 0.02293, "lr": 0.0004, "lr_std": 0.0, "params": 282437.0, "params_std": 0.0, "time_iter": 0.09199, "time_iter_std": 0.00057, "accuracy": 0.87949, "accuracy_std": 0.01431, "f1": 0.87886, "f1_std": 0.0149, "auc": 0.97139, "auc_std": 0.00439}
{"epoch": 9, "time_epoch": 80.46113, "time_epoch_std": 0.79163, "eta": 11316.68749, "eta_std": 31.6173, "eta_hours": 3.14352, "eta_hours_std": 0.00878, "loss": 0.72593, "loss_std": 0.02505, "lr": 0.00045, "lr_std": 0.0, "params": 282437.0, "params_std": 0.0, "time_iter": 0.09196, "time_iter_std": 0.00091, "accuracy": 0.89117, "accuracy_std": 0.01264, "f1": 0.89108, "f1_std": 0.01279, "auc": 0.97624, "auc_std": 0.00323}
{"epoch": 10, "time_epoch": 80.68785, "time_epoch_std": 0.50336, "eta": 11234.01371, "eta_std": 27.371, "eta_hours": 3.12056, "eta_hours_std": 0.0076, "loss": 0.64235, "loss_std": 0.0275, "lr": 0.0005, "lr_std": 0.0, "params": 282437.0, "params_std": 0.0, "time_iter": 0.09222, "time_iter_std": 0.00058, "accuracy": 0.89474, "accuracy_std": 0.00931, "f1": 0.89484, "f1_std": 0.00943, "auc": 0.97725, "auc_std": 0.0029}
{"epoch": 11, "time_epoch": 80.66487, "time_epoch_std": 0.36219, "eta": 11151.40672, "eta_std": 27.74181, "eta_hours": 3.09761, "eta_hours_std": 0.00771, "loss": 0.55685, "loss_std": 0.02854, "lr": 0.0005, "lr_std": 0.0, "params": 282437.0, "params_std": 0.0, "time_iter": 0.09219, "time_iter_std": 0.00041, "accuracy": 0.90603, "accuracy_std": 0.00645, "f1": 0.9062, "f1_std": 0.00649, "auc": 0.98031, "auc_std": 0.0019}
{"epoch": 12, "time_epoch": 80.57029, "time_epoch_std": 0.70257, "eta": 11068.10176, "eta_std": 29.06386, "eta_hours": 3.07447, "eta_hours_std": 0.00807, "loss": 0.48649, "loss_std": 0.02656, "lr": 0.0005, "lr_std": 0.0, "params": 282437.0, "params_std": 0.0, "time_iter": 0.09208, "time_iter_std": 0.0008, "accuracy": 0.9116, "accuracy_std": 0.00606, "f1": 0.9118, "f1_std": 0.00606, "auc": 0.98219, "auc_std": 0.00148}
{"epoch": 13, "time_epoch": 80.47891, "time_epoch_std": 0.66432, "eta": 10984.29974, "eta_std": 27.55779, "eta_hours": 3.05119, "eta_hours_std": 0.00765, "loss": 0.42369, "loss_std": 0.02248, "lr": 0.0005, "lr_std": 0.0, "params": 282437.0, "params_std": 0.0, "time_iter": 0.09198, "time_iter_std": 0.00076, "accuracy": 0.91937, "accuracy_std": 0.00442, "f1": 0.9195, "f1_std": 0.00442, "auc": 0.98471, "auc_std": 0.00124}
{"epoch": 14, "time_epoch": 80.24889, "time_epoch_std": 0.73633, "eta": 10898.87069, "eta_std": 28.9178, "eta_hours": 3.02746, "eta_hours_std": 0.00803, "loss": 0.37814, "loss_std": 0.02213, "lr": 0.0005, "lr_std": 0.0, "params": 282437.0, "params_std": 0.0, "time_iter": 0.09171, "time_iter_std": 0.00084, "accuracy": 0.92206, "accuracy_std": 0.00485, "f1": 0.92224, "f1_std": 0.00491, "auc": 0.98585, "auc_std": 0.0009}
{"epoch": 15, "time_epoch": 80.66898, "time_epoch_std": 0.67012, "eta": 10817.60742, "eta_std": 31.92648, "eta_hours": 3.00489, "eta_hours_std": 0.00887, "loss": 0.34343, "loss_std": 0.01855, "lr": 0.0005, "lr_std": 0.0, "params": 282437.0, "params_std": 0.0, "time_iter": 0.09219, "time_iter_std": 0.00077, "accuracy": 0.92574, "accuracy_std": 0.00381, "f1": 0.92576, "f1_std": 0.00386, "auc": 0.98685, "auc_std": 0.00144}
{"epoch": 16, "time_epoch": 80.52739, "time_epoch_std": 0.62297, "eta": 10735.30631, "eta_std": 33.57696, "eta_hours": 2.98203, "eta_hours_std": 0.00933, "loss": 0.3097, "loss_std": 0.01336, "lr": 0.0005, "lr_std": 0.0, "params": 282437.0, "params_std": 0.0, "time_iter": 0.09203, "time_iter_std": 0.00071, "accuracy": 0.92994, "accuracy_std": 0.00414, "f1": 0.93005, "f1_std": 0.00421, "auc": 0.9881, "auc_std": 0.00125}
{"epoch": 17, "time_epoch": 80.35765, "time_epoch_std": 0.51601, "eta": 10651.95747, "eta_std": 31.81286, "eta_hours": 2.95888, "eta_hours_std": 0.00884, "loss": 0.28576, "loss_std": 0.01522, "lr": 0.0005, "lr_std": 0.0, "params": 282437.0, "params_std": 0.0, "time_iter": 0.09184, "time_iter_std": 0.00059, "accuracy": 0.93343, "accuracy_std": 0.00454, "f1": 0.93349, "f1_std": 0.00446, "auc": 0.98894, "auc_std": 0.00096}
{"epoch": 18, "time_epoch": 80.57092, "time_epoch_std": 0.71369, "eta": 10570.39393, "eta_std": 31.72681, "eta_hours": 2.93622, "eta_hours_std": 0.00881, "loss": 0.26516, "loss_std": 0.01167, "lr": 0.0005, "lr_std": 0.0, "params": 282437.0, "params_std": 0.0, "time_iter": 0.09208, "time_iter_std": 0.00082, "accuracy": 0.9356, "accuracy_std": 0.00364, "f1": 0.93565, "f1_std": 0.00372, "auc": 0.98945, "auc_std": 0.00051}
{"epoch": 19, "time_epoch": 80.54557, "time_epoch_std": 0.47305, "eta": 10488.76488, "eta_std": 28.83664, "eta_hours": 2.91355, "eta_hours_std": 0.00801, "loss": 0.24407, "loss_std": 0.01017, "lr": 0.00049, "lr_std": 0.0, "params": 282437.0, "params_std": 0.0, "time_iter": 0.09205, "time_iter_std": 0.00054, "accuracy": 0.93909, "accuracy_std": 0.00256, "f1": 0.93924, "f1_std": 0.00258, "auc": 0.99045, "auc_std": 0.00062}
{"epoch": 20, "time_epoch": 80.50577, "time_epoch_std": 0.58552, "eta": 10406.99455, "eta_std": 29.46689, "eta_hours": 2.89083, "eta_hours_std": 0.00818, "loss": 0.23575, "loss_std": 0.00801, "lr": 0.00049, "lr_std": 0.0, "params": 282437.0, "params_std": 0.0, "time_iter": 0.09201, "time_iter_std": 0.00067, "accuracy": 0.94006, "accuracy_std": 0.00362, "f1": 0.9401, "f1_std": 0.00363, "auc": 0.99042, "auc_std": 0.00045}
{"epoch": 21, "time_epoch": 80.62218, "time_epoch_std": 0.93283, "eta": 10326.01652, "eta_std": 30.03366, "eta_hours": 2.86834, "eta_hours_std": 0.00834, "loss": 0.22193, "loss_std": 0.00927, "lr": 0.00049, "lr_std": 0.0, "params": 282437.0, "params_std": 0.0, "time_iter": 0.09214, "time_iter_std": 0.00107, "accuracy": 0.94243, "accuracy_std": 0.00268, "f1": 0.94246, "f1_std": 0.00272, "auc": 0.99073, "auc_std": 0.00057}
{"epoch": 22, "time_epoch": 80.76688, "time_epoch_std": 0.97308, "eta": 10245.86842, "eta_std": 32.0546, "eta_hours": 2.84607, "eta_hours_std": 0.00891, "loss": 0.20864, "loss_std": 0.01215, "lr": 0.00049, "lr_std": 0.0, "params": 282437.0, "params_std": 0.0, "time_iter": 0.0923, "time_iter_std": 0.00111, "accuracy": 0.94534, "accuracy_std": 0.00411, "f1": 0.94537, "f1_std": 0.00406, "auc": 0.99128, "auc_std": 0.00076}
{"epoch": 23, "time_epoch": 80.73576, "time_epoch_std": 0.95438, "eta": 10165.50532, "eta_std": 34.03539, "eta_hours": 2.82375, "eta_hours_std": 0.00945, "loss": 0.20025, "loss_std": 0.00512, "lr": 0.00049, "lr_std": 0.0, "params": 282437.0, "params_std": 0.0, "time_iter": 0.09227, "time_iter_std": 0.00109, "accuracy": 0.94697, "accuracy_std": 0.00324, "f1": 0.94695, "f1_std": 0.00327, "auc": 0.99181, "auc_std": 0.00046}
{"epoch": 24, "time_epoch": 80.60735, "time_epoch_std": 0.65439, "eta": 10084.47035, "eta_std": 35.08062, "eta_hours": 2.80124, "eta_hours_std": 0.00975, "loss": 0.19613, "loss_std": 0.00876, "lr": 0.00049, "lr_std": 0.0, "params": 282437.0, "params_std": 0.0, "time_iter": 0.09212, "time_iter_std": 0.00075, "accuracy": 0.94646, "accuracy_std": 0.00268, "f1": 0.94645, "f1_std": 0.00264, "auc": 0.99194, "auc_std": 0.00072}
{"epoch": 25, "time_epoch": 80.71708, "time_epoch_std": 0.73822, "eta": 10003.99165, "eta_std": 36.32634, "eta_hours": 2.77889, "eta_hours_std": 0.01009, "loss": 0.18737, "loss_std": 0.00747, "lr": 0.00049, "lr_std": 0.0, "params": 282437.0, "params_std": 0.0, "time_iter": 0.09225, "time_iter_std": 0.00084, "accuracy": 0.94826, "accuracy_std": 0.00322, "f1": 0.94826, "f1_std": 0.00318, "auc": 0.99224, "auc_std": 0.00047}
{"epoch": 26, "time_epoch": 80.23047, "time_epoch_std": 0.78539, "eta": 9921.27851, "eta_std": 36.32467, "eta_hours": 2.75591, "eta_hours_std": 0.01009, "loss": 0.18112, "loss_std": 0.0101, "lr": 0.00048, "lr_std": 0.0, "params": 282437.0, "params_std": 0.0, "time_iter": 0.09169, "time_iter_std": 0.0009, "accuracy": 0.95, "accuracy_std": 0.0028, "f1": 0.94999, "f1_std": 0.0028, "auc": 0.99266, "auc_std": 0.00105}
{"epoch": 27, "time_epoch": 80.62389, "time_epoch_std": 0.59897, "eta": 9840.4569, "eta_std": 36.2894, "eta_hours": 2.73346, "eta_hours_std": 0.01008, "loss": 0.17253, "loss_std": 0.00871, "lr": 0.00048, "lr_std": 0.0, "params": 282437.0, "params_std": 0.0, "time_iter": 0.09214, "time_iter_std": 0.00068, "accuracy": 0.95197, "accuracy_std": 0.00285, "f1": 0.95199, "f1_std": 0.00282, "auc": 0.99304, "auc_std": 0.00091}
{"epoch": 28, "time_epoch": 80.65468, "time_epoch_std": 1.01703, "eta": 9759.77736, "eta_std": 36.29431, "eta_hours": 2.71105, "eta_hours_std": 0.01008, "loss": 0.17232, "loss_std": 0.011, "lr": 0.00048, "lr_std": 0.0, "params": 282437.0, "params_std": 0.0, "time_iter": 0.09218, "time_iter_std": 0.00116, "accuracy": 0.9526, "accuracy_std": 0.00383, "f1": 0.9526, "f1_std": 0.00383, "auc": 0.99314, "auc_std": 0.00072}
{"epoch": 29, "time_epoch": 80.46999, "time_epoch_std": 0.71582, "eta": 9678.36072, "eta_std": 37.16362, "eta_hours": 2.68843, "eta_hours_std": 0.01032, "loss": 0.1664, "loss_std": 0.00943, "lr": 0.00048, "lr_std": 0.0, "params": 282437.0, "params_std": 0.0, "time_iter": 0.09197, "time_iter_std": 0.00082, "accuracy": 0.9536, "accuracy_std": 0.00369, "f1": 0.95355, "f1_std": 0.00368, "auc": 0.99336, "auc_std": 0.00061}
{"epoch": 30, "time_epoch": 80.70216, "time_epoch_std": 0.73429, "eta": 9597.89641, "eta_std": 37.46944, "eta_hours": 2.66608, "eta_hours_std": 0.01041, "loss": 0.16031, "loss_std": 0.01136, "lr": 0.00048, "lr_std": 0.0, "params": 282437.0, "params_std": 0.0, "time_iter": 0.09223, "time_iter_std": 0.00084, "accuracy": 0.95537, "accuracy_std": 0.00455, "f1": 0.95536, "f1_std": 0.00456, "auc": 0.99368, "auc_std": 0.00043}
{"epoch": 31, "time_epoch": 80.52513, "time_epoch_std": 0.48465, "eta": 9516.76445, "eta_std": 36.37169, "eta_hours": 2.64355, "eta_hours_std": 0.0101, "loss": 0.15648, "loss_std": 0.01243, "lr": 0.00047, "lr_std": 0.0, "params": 282437.0, "params_std": 0.0, "time_iter": 0.09203, "time_iter_std": 0.00055, "accuracy": 0.95508, "accuracy_std": 0.00498, "f1": 0.95506, "f1_std": 0.00496, "auc": 0.99396, "auc_std": 0.00076}
{"epoch": 32, "time_epoch": 80.35581, "time_epoch_std": 0.73335, "eta": 9435.06891, "eta_std": 37.27899, "eta_hours": 2.62085, "eta_hours_std": 0.01036, "loss": 0.15563, "loss_std": 0.00746, "lr": 0.00047, "lr_std": 0.0, "params": 282437.0, "params_std": 0.0, "time_iter": 0.09184, "time_iter_std": 0.00084, "accuracy": 0.95671, "accuracy_std": 0.00218, "f1": 0.95669, "f1_std": 0.00217, "auc": 0.99415, "auc_std": 0.00049}
{"epoch": 33, "time_epoch": 80.31062, "time_epoch_std": 0.69849, "eta": 9353.29801, "eta_std": 37.29703, "eta_hours": 2.59814, "eta_hours_std": 0.01036, "loss": 0.15238, "loss_std": 0.01024, "lr": 0.00047, "lr_std": 0.0, "params": 282437.0, "params_std": 0.0, "time_iter": 0.09178, "time_iter_std": 0.0008, "accuracy": 0.95794, "accuracy_std": 0.00303, "f1": 0.9579, "f1_std": 0.00301, "auc": 0.99419, "auc_std": 0.00055}
{"epoch": 34, "time_epoch": 80.37848, "time_epoch_std": 0.56881, "eta": 9271.83353, "eta_std": 36.95414, "eta_hours": 2.57551, "eta_hours_std": 0.01026, "loss": 0.14908, "loss_std": 0.00744, "lr": 0.00046, "lr_std": 0.0, "params": 282437.0, "params_std": 0.0, "time_iter": 0.09186, "time_iter_std": 0.00065, "accuracy": 0.95851, "accuracy_std": 0.00231, "f1": 0.9585, "f1_std": 0.0023, "auc": 0.99452, "auc_std": 0.00048}
{"epoch": 35, "time_epoch": 80.55346, "time_epoch_std": 0.58108, "eta": 9190.9835, "eta_std": 36.76814, "eta_hours": 2.55305, "eta_hours_std": 0.01021, "loss": 0.14332, "loss_std": 0.00894, "lr": 0.00046, "lr_std": 0.0, "params": 282437.0, "params_std": 0.0, "time_iter": 0.09206, "time_iter_std": 0.00067, "accuracy": 0.9592, "accuracy_std": 0.0028, "f1": 0.95917, "f1_std": 0.00277, "auc": 0.99454, "auc_std": 0.00076}
{"epoch": 36, "time_epoch": 80.14804, "time_epoch_std": 0.58716, "eta": 9108.91133, "eta_std": 36.17694, "eta_hours": 2.53025, "eta_hours_std": 0.01005, "loss": 0.1414, "loss_std": 0.00598, "lr": 0.00046, "lr_std": 0.0, "params": 282437.0, "params_std": 0.0, "time_iter": 0.0916, "time_iter_std": 0.00067, "accuracy": 0.96131, "accuracy_std": 0.00235, "f1": 0.96128, "f1_std": 0.00236, "auc": 0.99488, "auc_std": 0.00031}
{"epoch": 37, "time_epoch": 80.15173, "time_epoch_std": 0.35419, "eta": 9026.95129, "eta_std": 34.81799, "eta_hours": 2.50749, "eta_hours_std": 0.00967, "loss": 0.14139, "loss_std": 0.00735, "lr": 0.00046, "lr_std": 0.0, "params": 282437.0, "params_std": 0.0, "time_iter": 0.0916, "time_iter_std": 0.0004, "accuracy": 0.96094, "accuracy_std": 0.00236, "f1": 0.96091, "f1_std": 0.00235, "auc": 0.99493, "auc_std": 0.00041}
{"epoch": 38, "time_epoch": 80.23008, "time_epoch_std": 0.70185, "eta": 8945.30699, "eta_std": 33.43911, "eta_hours": 2.48481, "eta_hours_std": 0.00929, "loss": 0.13535, "loss_std": 0.00558, "lr": 0.00045, "lr_std": 0.0, "params": 282437.0, "params_std": 0.0, "time_iter": 0.09169, "time_iter_std": 0.0008, "accuracy": 0.96252, "accuracy_std": 0.00213, "f1": 0.9625, "f1_std": 0.00214, "auc": 0.99551, "auc_std": 0.00032}
{"epoch": 39, "time_epoch": 80.60318, "time_epoch_std": 0.75517, "eta": 8864.75943, "eta_std": 32.09667, "eta_hours": 2.46243, "eta_hours_std": 0.00892, "loss": 0.13552, "loss_std": 0.00986, "lr": 0.00045, "lr_std": 0.0, "params": 282437.0, "params_std": 0.0, "time_iter": 0.09212, "time_iter_std": 0.00086, "accuracy": 0.96246, "accuracy_std": 0.0027, "f1": 0.96243, "f1_std": 0.00268, "auc": 0.9951, "auc_std": 0.00054}
{"epoch": 40, "time_epoch": 80.6436, "time_epoch_std": 0.73995, "eta": 8784.31661, "eta_std": 32.05194, "eta_hours": 2.44009, "eta_hours_std": 0.0089, "loss": 0.13354, "loss_std": 0.00976, "lr": 0.00045, "lr_std": 0.0, "params": 282437.0, "params_std": 0.0, "time_iter": 0.09217, "time_iter_std": 0.00085, "accuracy": 0.96291, "accuracy_std": 0.00289, "f1": 0.96288, "f1_std": 0.00289, "auc": 0.99525, "auc_std": 0.00077}
{"epoch": 41, "time_epoch": 80.07309, "time_epoch_std": 0.60561, "eta": 8702.39719, "eta_std": 32.35542, "eta_hours": 2.41733, "eta_hours_std": 0.00899, "loss": 0.12893, "loss_std": 0.00791, "lr": 0.00044, "lr_std": 0.0, "params": 282437.0, "params_std": 0.0, "time_iter": 0.09151, "time_iter_std": 0.00069, "accuracy": 0.96474, "accuracy_std": 0.00251, "f1": 0.96472, "f1_std": 0.00252, "auc": 0.99561, "auc_std": 0.00054}
{"epoch": 42, "time_epoch": 79.87184, "time_epoch_std": 0.38432, "eta": 8620.06287, "eta_std": 31.4465, "eta_hours": 2.39446, "eta_hours_std": 0.00873, "loss": 0.12665, "loss_std": 0.01253, "lr": 0.00044, "lr_std": 0.0, "params": 282437.0, "params_std": 0.0, "time_iter": 0.09128, "time_iter_std": 0.00044, "accuracy": 0.96549, "accuracy_std": 0.00351, "f1": 0.96546, "f1_std": 0.00352, "auc": 0.99579, "auc_std": 0.00054}
{"epoch": 43, "time_epoch": 80.34934, "time_epoch_std": 0.48837, "eta": 8538.99081, "eta_std": 30.03041, "eta_hours": 2.37194, "eta_hours_std": 0.00834, "loss": 0.13043, "loss_std": 0.00856, "lr": 0.00043, "lr_std": 0.0, "params": 282437.0, "params_std": 0.0, "time_iter": 0.09183, "time_iter_std": 0.00056, "accuracy": 0.96494, "accuracy_std": 0.00232, "f1": 0.9649, "f1_std": 0.00231, "auc": 0.99571, "auc_std": 0.00057}
{"epoch": 44, "time_epoch": 80.59216, "time_epoch_std": 0.58286, "eta": 8458.51746, "eta_std": 29.34052, "eta_hours": 2.34959, "eta_hours_std": 0.00815, "loss": 0.12524, "loss_std": 0.01007, "lr": 0.00043, "lr_std": 0.0, "params": 282437.0, "params_std": 0.0, "time_iter": 0.0921, "time_iter_std": 0.00067, "accuracy": 0.96688, "accuracy_std": 0.00343, "f1": 0.96685, "f1_std": 0.00341, "auc": 0.99569, "auc_std": 0.00061}
{"epoch": 45, "time_epoch": 80.17512, "time_epoch_std": 0.58632, "eta": 8377.09606, "eta_std": 28.47521, "eta_hours": 2.32697, "eta_hours_std": 0.00791, "loss": 0.12203, "loss_std": 0.00942, "lr": 0.00043, "lr_std": 0.0, "params": 282437.0, "params_std": 0.0, "time_iter": 0.09163, "time_iter_std": 0.00067, "accuracy": 0.96703, "accuracy_std": 0.00305, "f1": 0.96699, "f1_std": 0.00305, "auc": 0.99596, "auc_std": 0.00045}
{"epoch": 46, "time_epoch": 80.28288, "time_epoch_std": 0.59946, "eta": 8295.96387, "eta_std": 27.96037, "eta_hours": 2.30443, "eta_hours_std": 0.00777, "loss": 0.11978, "loss_std": 0.00248, "lr": 0.00042, "lr_std": 0.0, "params": 282437.0, "params_std": 0.0, "time_iter": 0.09175, "time_iter_std": 0.00069, "accuracy": 0.96748, "accuracy_std": 0.00179, "f1": 0.96745, "f1_std": 0.00179, "auc": 0.99639, "auc_std": 0.00027}
{"epoch": 47, "time_epoch": 80.44293, "time_epoch_std": 0.45365, "eta": 8215.20716, "eta_std": 27.57988, "eta_hours": 2.282, "eta_hours_std": 0.00766, "loss": 0.12015, "loss_std": 0.01065, "lr": 0.00042, "lr_std": 0.0, "params": 282437.0, "params_std": 0.0, "time_iter": 0.09194, "time_iter_std": 0.00052, "accuracy": 0.96771, "accuracy_std": 0.00299, "f1": 0.96768, "f1_std": 0.00299, "auc": 0.99634, "auc_std": 0.00059}
{"epoch": 48, "time_epoch": 80.63797, "time_epoch_std": 0.30763, "eta": 8134.86528, "eta_std": 27.00726, "eta_hours": 2.25968, "eta_hours_std": 0.0075, "loss": 0.11892, "loss_std": 0.00674, "lr": 0.00041, "lr_std": 0.0, "params": 282437.0, "params_std": 0.0, "time_iter": 0.09216, "time_iter_std": 0.00035, "accuracy": 0.9686, "accuracy_std": 0.00203, "f1": 0.96856, "f1_std": 0.00203, "auc": 0.99623, "auc_std": 0.00051}
{"epoch": 49, "time_epoch": 80.19463, "time_epoch_std": 0.56284, "eta": 8053.62488, "eta_std": 26.70396, "eta_hours": 2.23712, "eta_hours_std": 0.00742, "loss": 0.11682, "loss_std": 0.01007, "lr": 0.00041, "lr_std": 0.0, "params": 282437.0, "params_std": 0.0, "time_iter": 0.09165, "time_iter_std": 0.00064, "accuracy": 0.96831, "accuracy_std": 0.00245, "f1": 0.96827, "f1_std": 0.00245, "auc": 0.99641, "auc_std": 0.0005}
{"epoch": 50, "time_epoch": 80.22147, "time_epoch_std": 0.46342, "eta": 7972.4776, "eta_std": 25.63702, "eta_hours": 2.21458, "eta_hours_std": 0.00712, "loss": 0.11522, "loss_std": 0.01043, "lr": 0.00041, "lr_std": 0.0, "params": 282437.0, "params_std": 0.0, "time_iter": 0.09168, "time_iter_std": 0.00053, "accuracy": 0.9694, "accuracy_std": 0.00276, "f1": 0.96937, "f1_std": 0.00276, "auc": 0.99651, "auc_std": 0.00062}
{"epoch": 51, "time_epoch": 80.477, "time_epoch_std": 0.61098, "eta": 7891.84749, "eta_std": 24.99318, "eta_hours": 2.19218, "eta_hours_std": 0.00694, "loss": 0.11042, "loss_std": 0.00982, "lr": 0.0004, "lr_std": 0.0, "params": 282437.0, "params_std": 0.0, "time_iter": 0.09197, "time_iter_std": 0.0007, "accuracy": 0.97046, "accuracy_std": 0.00428, "f1": 0.97041, "f1_std": 0.00428, "auc": 0.99683, "auc_std": 0.00048}
{"epoch": 52, "time_epoch": 80.36467, "time_epoch_std": 0.74559, "eta": 7811.01757, "eta_std": 25.03152, "eta_hours": 2.16973, "eta_hours_std": 0.00695, "loss": 0.10906, "loss_std": 0.00712, "lr": 0.0004, "lr_std": 0.0, "params": 282437.0, "params_std": 0.0, "time_iter": 0.09184, "time_iter_std": 0.00085, "accuracy": 0.97106, "accuracy_std": 0.00201, "f1": 0.97102, "f1_std": 0.002, "auc": 0.99685, "auc_std": 0.0004}
{"epoch": 53, "time_epoch": 80.30713, "time_epoch_std": 0.79981, "eta": 7730.1026, "eta_std": 24.77857, "eta_hours": 2.14725, "eta_hours_std": 0.00688, "loss": 0.10915, "loss_std": 0.00993, "lr": 0.00039, "lr_std": 0.0, "params": 282437.0, "params_std": 0.0, "time_iter": 0.09178, "time_iter_std": 0.00091, "accuracy": 0.97163, "accuracy_std": 0.00263, "f1": 0.97159, "f1_std": 0.00262, "auc": 0.99672, "auc_std": 0.0005}
{"epoch": 54, "time_epoch": 80.58544, "time_epoch_std": 0.45582, "eta": 7649.69045, "eta_std": 24.4213, "eta_hours": 2.12491, "eta_hours_std": 0.00678, "loss": 0.11162, "loss_std": 0.00883, "lr": 0.00039, "lr_std": 0.0, "params": 282437.0, "params_std": 0.0, "time_iter": 0.0921, "time_iter_std": 0.00052, "accuracy": 0.97151, "accuracy_std": 0.00144, "f1": 0.97147, "f1_std": 0.00143, "auc": 0.99684, "auc_std": 0.00056}
{"epoch": 55, "time_epoch": 80.16672, "time_epoch_std": 0.67777, "eta": 7568.56926, "eta_std": 24.10166, "eta_hours": 2.10238, "eta_hours_std": 0.00669, "loss": 0.10573, "loss_std": 0.00722, "lr": 0.00038, "lr_std": 0.0, "params": 282437.0, "params_std": 0.0, "time_iter": 0.09162, "time_iter_std": 0.00078, "accuracy": 0.97254, "accuracy_std": 0.00228, "f1": 0.97251, "f1_std": 0.00227, "auc": 0.99712, "auc_std": 0.00048}
{"epoch": 56, "time_epoch": 80.39463, "time_epoch_std": 0.7128, "eta": 7487.8534, "eta_std": 23.60248, "eta_hours": 2.07996, "eta_hours_std": 0.00656, "loss": 0.1042, "loss_std": 0.00841, "lr": 0.00038, "lr_std": 0.0, "params": 282437.0, "params_std": 0.0, "time_iter": 0.09188, "time_iter_std": 0.00081, "accuracy": 0.97277, "accuracy_std": 0.00215, "f1": 0.97273, "f1_std": 0.00214, "auc": 0.99715, "auc_std": 0.0005}
{"epoch": 57, "time_epoch": 80.35853, "time_epoch_std": 0.68832, "eta": 7407.09137, "eta_std": 23.19163, "eta_hours": 2.05752, "eta_hours_std": 0.00644, "loss": 0.10233, "loss_std": 0.00917, "lr": 0.00037, "lr_std": 0.0, "params": 282437.0, "params_std": 0.0, "time_iter": 0.09184, "time_iter_std": 0.00079, "accuracy": 0.97331, "accuracy_std": 0.00275, "f1": 0.97327, "f1_std": 0.00274, "auc": 0.99722, "auc_std": 0.00024}
{"epoch": 58, "time_epoch": 80.27404, "time_epoch_std": 0.44192, "eta": 7326.21269, "eta_std": 22.77528, "eta_hours": 2.03506, "eta_hours_std": 0.00633, "loss": 0.10097, "loss_std": 0.00972, "lr": 0.00037, "lr_std": 0.0, "params": 282437.0, "params_std": 0.0, "time_iter": 0.09174, "time_iter_std": 0.0005, "accuracy": 0.97457, "accuracy_std": 0.00234, "f1": 0.97453, "f1_std": 0.00234, "auc": 0.9973, "auc_std": 0.00048}
{"epoch": 59, "time_epoch": 79.95613, "time_epoch_std": 0.51719, "eta": 7244.8773, "eta_std": 22.19343, "eta_hours": 2.01247, "eta_hours_std": 0.00616, "loss": 0.09783, "loss_std": 0.00942, "lr": 0.00036, "lr_std": 0.0, "params": 282437.0, "params_std": 0.0, "time_iter": 0.09138, "time_iter_std": 0.00059, "accuracy": 0.97437, "accuracy_std": 0.00265, "f1": 0.97433, "f1_std": 0.00265, "auc": 0.9974, "auc_std": 0.00049}
{"epoch": 60, "time_epoch": 80.67326, "time_epoch_std": 0.56418, "eta": 7164.63344, "eta_std": 21.86513, "eta_hours": 1.99018, "eta_hours_std": 0.00607, "loss": 0.0954, "loss_std": 0.00766, "lr": 0.00036, "lr_std": 0.0, "params": 282437.0, "params_std": 0.0, "time_iter": 0.0922, "time_iter_std": 0.00064, "accuracy": 0.97534, "accuracy_std": 0.00254, "f1": 0.97531, "f1_std": 0.00254, "auc": 0.99753, "auc_std": 0.00039}
{"epoch": 61, "time_epoch": 80.26475, "time_epoch_std": 0.475, "eta": 7083.79591, "eta_std": 21.55179, "eta_hours": 1.96772, "eta_hours_std": 0.00599, "loss": 0.09748, "loss_std": 0.00883, "lr": 0.00035, "lr_std": 0.0, "params": 282437.0, "params_std": 0.0, "time_iter": 0.09173, "time_iter_std": 0.00054, "accuracy": 0.97554, "accuracy_std": 0.00196, "f1": 0.9755, "f1_std": 0.00196, "auc": 0.99735, "auc_std": 0.00041}
{"epoch": 62, "time_epoch": 80.5145, "time_epoch_std": 0.5408, "eta": 7003.32146, "eta_std": 20.9274, "eta_hours": 1.94537, "eta_hours_std": 0.00581, "loss": 0.0961, "loss_std": 0.0083, "lr": 0.00035, "lr_std": 0.0, "params": 282437.0, "params_std": 0.0, "time_iter": 0.09202, "time_iter_std": 0.00062, "accuracy": 0.97569, "accuracy_std": 0.00216, "f1": 0.97565, "f1_std": 0.00216, "auc": 0.99761, "auc_std": 0.00033}
{"epoch": 63, "time_epoch": 80.13983, "time_epoch_std": 0.74298, "eta": 6922.34229, "eta_std": 20.93341, "eta_hours": 1.92287, "eta_hours_std": 0.00582, "loss": 0.09316, "loss_std": 0.00722, "lr": 0.00034, "lr_std": 0.0, "params": 282437.0, "params_std": 0.0, "time_iter": 0.09159, "time_iter_std": 0.00085, "accuracy": 0.97726, "accuracy_std": 0.00218, "f1": 0.97723, "f1_std": 0.00219, "auc": 0.99767, "auc_std": 0.00042}
{"epoch": 64, "time_epoch": 80.30552, "time_epoch_std": 0.70675, "eta": 6841.60561, "eta_std": 20.56556, "eta_hours": 1.90045, "eta_hours_std": 0.00571, "loss": 0.09384, "loss_std": 0.00645, "lr": 0.00034, "lr_std": 0.0, "params": 282437.0, "params_std": 0.0, "time_iter": 0.09178, "time_iter_std": 0.00081, "accuracy": 0.9764, "accuracy_std": 0.00219, "f1": 0.97636, "f1_std": 0.00219, "auc": 0.99756, "auc_std": 0.00037}
{"epoch": 65, "time_epoch": 80.1659, "time_epoch_std": 0.78724, "eta": 6760.70431, "eta_std": 20.34533, "eta_hours": 1.87797, "eta_hours_std": 0.00565, "loss": 0.09221, "loss_std": 0.00855, "lr": 0.00033, "lr_std": 0.0, "params": 282437.0, "params_std": 0.0, "time_iter": 0.09162, "time_iter_std": 0.0009, "accuracy": 0.97668, "accuracy_std": 0.00178, "f1": 0.97665, "f1_std": 0.00178, "auc": 0.99766, "auc_std": 0.00038}
{"epoch": 66, "time_epoch": 80.24263, "time_epoch_std": 0.51581, "eta": 6679.92001, "eta_std": 20.19907, "eta_hours": 1.85553, "eta_hours_std": 0.00561, "loss": 0.08921, "loss_std": 0.00899, "lr": 0.00033, "lr_std": 0.0, "params": 282437.0, "params_std": 0.0, "time_iter": 0.09171, "time_iter_std": 0.00059, "accuracy": 0.97751, "accuracy_std": 0.00201, "f1": 0.97748, "f1_std": 0.00202, "auc": 0.99784, "auc_std": 0.00039}
{"epoch": 67, "time_epoch": 79.87247, "time_epoch_std": 0.55542, "eta": 6598.70527, "eta_std": 19.40201, "eta_hours": 1.83297, "eta_hours_std": 0.00539, "loss": 0.08722, "loss_std": 0.00934, "lr": 0.00032, "lr_std": 0.0, "params": 282437.0, "params_std": 0.0, "time_iter": 0.09128, "time_iter_std": 0.00063, "accuracy": 0.97869, "accuracy_std": 0.00287, "f1": 0.97865, "f1_std": 0.00288, "auc": 0.998, "auc_std": 0.00039}
{"epoch": 68, "time_epoch": 80.05012, "time_epoch_std": 0.55105, "eta": 6517.73799, "eta_std": 18.75057, "eta_hours": 1.81048, "eta_hours_std": 0.00521, "loss": 0.08723, "loss_std": 0.00757, "lr": 0.00032, "lr_std": 0.0, "params": 282437.0, "params_std": 0.0, "time_iter": 0.09149, "time_iter_std": 0.00063, "accuracy": 0.97846, "accuracy_std": 0.00207, "f1": 0.97842, "f1_std": 0.00208, "auc": 0.99793, "auc_std": 0.00038}
{"epoch": 69, "time_epoch": 79.99128, "time_epoch_std": 0.82738, "eta": 6436.72966, "eta_std": 18.93522, "eta_hours": 1.78798, "eta_hours_std": 0.00526, "loss": 0.08329, "loss_std": 0.00777, "lr": 0.00031, "lr_std": 0.0, "params": 282437.0, "params_std": 0.0, "time_iter": 0.09142, "time_iter_std": 0.00095, "accuracy": 0.9794, "accuracy_std": 0.00216, "f1": 0.97937, "f1_std": 0.00216, "auc": 0.99808, "auc_std": 0.00025}
{"epoch": 70, "time_epoch": 80.38735, "time_epoch_std": 0.46535, "eta": 6356.19068, "eta_std": 18.58103, "eta_hours": 1.76561, "eta_hours_std": 0.00516, "loss": 0.08626, "loss_std": 0.00546, "lr": 0.00031, "lr_std": 0.0, "params": 282437.0, "params_std": 0.0, "time_iter": 0.09187, "time_iter_std": 0.00053, "accuracy": 0.97851, "accuracy_std": 0.00162, "f1": 0.97848, "f1_std": 0.00162, "auc": 0.99794, "auc_std": 0.00036}
{"epoch": 71, "time_epoch": 80.28704, "time_epoch_std": 0.41124, "eta": 6275.54724, "eta_std": 18.2184, "eta_hours": 1.74321, "eta_hours_std": 0.00506, "loss": 0.08229, "loss_std": 0.00687, "lr": 0.0003, "lr_std": 0.0, "params": 282437.0, "params_std": 0.0, "time_iter": 0.09176, "time_iter_std": 0.00047, "accuracy": 0.97946, "accuracy_std": 0.00157, "f1": 0.97942, "f1_std": 0.00158, "auc": 0.99818, "auc_std": 0.00025}
{"epoch": 72, "time_epoch": 80.39418, "time_epoch_std": 0.75375, "eta": 6195.02658, "eta_std": 18.05532, "eta_hours": 1.72084, "eta_hours_std": 0.00501, "loss": 0.08052, "loss_std": 0.00508, "lr": 0.00029, "lr_std": 0.0, "params": 282437.0, "params_std": 0.0, "time_iter": 0.09188, "time_iter_std": 0.00086, "accuracy": 0.98046, "accuracy_std": 0.00146, "f1": 0.98043, "f1_std": 0.00146, "auc": 0.99822, "auc_std": 0.00023}
{"epoch": 73, "time_epoch": 80.0652, "time_epoch_std": 0.38078, "eta": 6114.17147, "eta_std": 17.76881, "eta_hours": 1.69838, "eta_hours_std": 0.00494, "loss": 0.08157, "loss_std": 0.00762, "lr": 0.00029, "lr_std": 0.0, "params": 282437.0, "params_std": 0.0, "time_iter": 0.0915, "time_iter_std": 0.00043, "accuracy": 0.9798, "accuracy_std": 0.00189, "f1": 0.97976, "f1_std": 0.0019, "auc": 0.99826, "auc_std": 0.00028}
{"epoch": 74, "time_epoch": 80.1952, "time_epoch_std": 0.64747, "eta": 6033.46741, "eta_std": 17.77643, "eta_hours": 1.67596, "eta_hours_std": 0.00494, "loss": 0.07854, "loss_std": 0.00615, "lr": 0.00028, "lr_std": 0.0, "params": 282437.0, "params_std": 0.0, "time_iter": 0.09165, "time_iter_std": 0.00074, "accuracy": 0.98077, "accuracy_std": 0.00206, "f1": 0.98074, "f1_std": 0.00207, "auc": 0.99821, "auc_std": 0.00031}
{"epoch": 75, "time_epoch": 79.96426, "time_epoch_std": 0.5261, "eta": 5952.55189, "eta_std": 17.28312, "eta_hours": 1.65349, "eta_hours_std": 0.0048, "loss": 0.07749, "loss_std": 0.00641, "lr": 0.00028, "lr_std": 0.0, "params": 282437.0, "params_std": 0.0, "time_iter": 0.09139, "time_iter_std": 0.0006, "accuracy": 0.98072, "accuracy_std": 0.00195, "f1": 0.98068, "f1_std": 0.00195, "auc": 0.99833, "auc_std": 0.00029}
{"epoch": 76, "time_epoch": 80.46775, "time_epoch_std": 0.33765, "eta": 5872.13842, "eta_std": 17.02918, "eta_hours": 1.63115, "eta_hours_std": 0.00473, "loss": 0.07708, "loss_std": 0.00664, "lr": 0.00027, "lr_std": 0.0, "params": 282437.0, "params_std": 0.0, "time_iter": 0.09196, "time_iter_std": 0.00038, "accuracy": 0.98057, "accuracy_std": 0.00145, "f1": 0.98054, "f1_std": 0.00145, "auc": 0.99833, "auc_std": 0.00022}
{"epoch": 77, "time_epoch": 80.15553, "time_epoch_std": 0.58634, "eta": 5791.43534, "eta_std": 16.83211, "eta_hours": 1.60873, "eta_hours_std": 0.00467, "loss": 0.07448, "loss_std": 0.00603, "lr": 0.00027, "lr_std": 0.0, "params": 282437.0, "params_std": 0.0, "time_iter": 0.0916, "time_iter_std": 0.00067, "accuracy": 0.98105, "accuracy_std": 0.00174, "f1": 0.98103, "f1_std": 0.00175, "auc": 0.9984, "auc_std": 0.00026}
{"epoch": 78, "time_epoch": 80.21792, "time_epoch_std": 0.46077, "eta": 5710.80221, "eta_std": 16.56806, "eta_hours": 1.58633, "eta_hours_std": 0.0046, "loss": 0.07312, "loss_std": 0.00349, "lr": 0.00026, "lr_std": 0.0, "params": 282437.0, "params_std": 0.0, "time_iter": 0.09168, "time_iter_std": 0.00053, "accuracy": 0.98149, "accuracy_std": 0.00104, "f1": 0.98146, "f1_std": 0.00105, "auc": 0.99854, "auc_std": 0.00015}
{"epoch": 79, "time_epoch": 80.10531, "time_epoch_std": 0.60637, "eta": 5630.08091, "eta_std": 16.37346, "eta_hours": 1.56391, "eta_hours_std": 0.00455, "loss": 0.07329, "loss_std": 0.00443, "lr": 0.00026, "lr_std": 0.0, "params": 282437.0, "params_std": 0.0, "time_iter": 0.09155, "time_iter_std": 0.00069, "accuracy": 0.98232, "accuracy_std": 0.00157, "f1": 0.98229, "f1_std": 0.00157, "auc": 0.99845, "auc_std": 0.00014}
{"epoch": 80, "time_epoch": 80.71548, "time_epoch_std": 0.5525, "eta": 5549.8946, "eta_std": 16.02972, "eta_hours": 1.54164, "eta_hours_std": 0.00445, "loss": 0.07084, "loss_std": 0.00456, "lr": 0.00025, "lr_std": 0.0, "params": 282437.0, "params_std": 0.0, "time_iter": 0.09225, "time_iter_std": 0.00063, "accuracy": 0.98274, "accuracy_std": 0.00125, "f1": 0.98272, "f1_std": 0.00126, "auc": 0.9986, "auc_std": 0.0001}
{"epoch": 81, "time_epoch": 80.29062, "time_epoch_std": 0.75127, "eta": 5469.34307, "eta_std": 15.8885, "eta_hours": 1.51926, "eta_hours_std": 0.00441, "loss": 0.07042, "loss_std": 0.0047, "lr": 0.00024, "lr_std": 0.0, "params": 282437.0, "params_std": 0.0, "time_iter": 0.09176, "time_iter_std": 0.00086, "accuracy": 0.9822, "accuracy_std": 0.00164, "f1": 0.98217, "f1_std": 0.00164, "auc": 0.99859, "auc_std": 0.00015}
{"epoch": 82, "time_epoch": 80.20585, "time_epoch_std": 0.50278, "eta": 5388.72938, "eta_std": 15.52311, "eta_hours": 1.49687, "eta_hours_std": 0.00431, "loss": 0.07038, "loss_std": 0.00549, "lr": 0.00024, "lr_std": 0.0, "params": 282437.0, "params_std": 0.0, "time_iter": 0.09166, "time_iter_std": 0.00058, "accuracy": 0.98217, "accuracy_std": 0.00163, "f1": 0.98214, "f1_std": 0.00163, "auc": 0.99856, "auc_std": 0.00023}
{"epoch": 83, "time_epoch": 80.42482, "time_epoch_std": 0.38374, "eta": 5308.29746, "eta_std": 15.3256, "eta_hours": 1.47453, "eta_hours_std": 0.00426, "loss": 0.06834, "loss_std": 0.00575, "lr": 0.00023, "lr_std": 0.0, "params": 282437.0, "params_std": 0.0, "time_iter": 0.09191, "time_iter_std": 0.00044, "accuracy": 0.98312, "accuracy_std": 0.00128, "f1": 0.98309, "f1_std": 0.00128, "auc": 0.99859, "auc_std": 0.00024}
{"epoch": 84, "time_epoch": 80.4212, "time_epoch_std": 0.67988, "eta": 5227.86293, "eta_std": 15.02083, "eta_hours": 1.45218, "eta_hours_std": 0.00417, "loss": 0.06891, "loss_std": 0.00544, "lr": 0.00023, "lr_std": 0.0, "params": 282437.0, "params_std": 0.0, "time_iter": 0.09191, "time_iter_std": 0.00078, "accuracy": 0.98311, "accuracy_std": 0.0014, "f1": 0.98309, "f1_std": 0.0014, "auc": 0.99855, "auc_std": 0.00014}
{"epoch": 85, "time_epoch": 79.92562, "time_epoch_std": 0.70719, "eta": 5147.05992, "eta_std": 14.90132, "eta_hours": 1.42974, "eta_hours_std": 0.00414, "loss": 0.07008, "loss_std": 0.00627, "lr": 0.00022, "lr_std": 0.0, "params": 282437.0, "params_std": 0.0, "time_iter": 0.09134, "time_iter_std": 0.00081, "accuracy": 0.98237, "accuracy_std": 0.00131, "f1": 0.98235, "f1_std": 0.00131, "auc": 0.99863, "auc_std": 0.00021}
{"epoch": 86, "time_epoch": 79.9456, "time_epoch_std": 0.84492, "eta": 5066.29154, "eta_std": 14.75225, "eta_hours": 1.4073, "eta_hours_std": 0.0041, "loss": 0.06616, "loss_std": 0.00442, "lr": 0.00022, "lr_std": 0.0, "params": 282437.0, "params_std": 0.0, "time_iter": 0.09137, "time_iter_std": 0.00096, "accuracy": 0.98363, "accuracy_std": 0.0012, "f1": 0.98361, "f1_std": 0.0012, "auc": 0.99871, "auc_std": 0.00014}
{"epoch": 87, "time_epoch": 80.10771, "time_epoch_std": 0.37052, "eta": 4985.65607, "eta_std": 14.32471, "eta_hours": 1.3849, "eta_hours_std": 0.00398, "loss": 0.06648, "loss_std": 0.00512, "lr": 0.00021, "lr_std": 0.0, "params": 282437.0, "params_std": 0.0, "time_iter": 0.09155, "time_iter_std": 0.00042, "accuracy": 0.98363, "accuracy_std": 0.0011, "f1": 0.9836, "f1_std": 0.0011, "auc": 0.99868, "auc_std": 0.00018}
{"epoch": 88, "time_epoch": 80.27891, "time_epoch_std": 0.57597, "eta": 4905.14981, "eta_std": 14.03308, "eta_hours": 1.36254, "eta_hours_std": 0.0039, "loss": 0.06429, "loss_std": 0.00463, "lr": 0.00021, "lr_std": 0.0, "params": 282437.0, "params_std": 0.0, "time_iter": 0.09175, "time_iter_std": 0.00066, "accuracy": 0.98432, "accuracy_std": 0.0011, "f1": 0.98429, "f1_std": 0.0011, "auc": 0.99874, "auc_std": 0.00014}
{"epoch": 89, "time_epoch": 80.20004, "time_epoch_std": 0.30214, "eta": 4824.59602, "eta_std": 13.77248, "eta_hours": 1.34016, "eta_hours_std": 0.00382, "loss": 0.06558, "loss_std": 0.00483, "lr": 0.0002, "lr_std": 0.0, "params": 282437.0, "params_std": 0.0, "time_iter": 0.09166, "time_iter_std": 0.00035, "accuracy": 0.98354, "accuracy_std": 0.00089, "f1": 0.98352, "f1_std": 0.00089, "auc": 0.99867, "auc_std": 0.00014}
{"epoch": 90, "time_epoch": 80.39617, "time_epoch_std": 0.72766, "eta": 4744.17716, "eta_std": 13.63477, "eta_hours": 1.31783, "eta_hours_std": 0.00379, "loss": 0.0639, "loss_std": 0.00348, "lr": 0.00019, "lr_std": 0.0, "params": 282437.0, "params_std": 0.0, "time_iter": 0.09188, "time_iter_std": 0.00083, "accuracy": 0.98432, "accuracy_std": 0.00104, "f1": 0.98429, "f1_std": 0.00104, "auc": 0.99872, "auc_std": 0.00011}
{"epoch": 91, "time_epoch": 80.34901, "time_epoch_std": 0.58897, "eta": 4663.72906, "eta_std": 13.38215, "eta_hours": 1.29548, "eta_hours_std": 0.00372, "loss": 0.06259, "loss_std": 0.00369, "lr": 0.00019, "lr_std": 0.0, "params": 282437.0, "params_std": 0.0, "time_iter": 0.09183, "time_iter_std": 0.00067, "accuracy": 0.98448, "accuracy_std": 0.00142, "f1": 0.98447, "f1_std": 0.00142, "auc": 0.9988, "auc_std": 8e-05}
{"epoch": 92, "time_epoch": 80.37918, "time_epoch_std": 0.66045, "eta": 4583.30159, "eta_std": 13.18574, "eta_hours": 1.27314, "eta_hours_std": 0.00366, "loss": 0.06044, "loss_std": 0.00376, "lr": 0.00018, "lr_std": 0.0, "params": 282437.0, "params_std": 0.0, "time_iter": 0.09186, "time_iter_std": 0.00076, "accuracy": 0.985, "accuracy_std": 0.001, "f1": 0.98498, "f1_std": 0.001, "auc": 0.99881, "auc_std": 0.00015}
{"epoch": 93, "time_epoch": 80.38305, "time_epoch_std": 0.6554, "eta": 4502.87745, "eta_std": 13.0131, "eta_hours": 1.2508, "eta_hours_std": 0.00361, "loss": 0.06159, "loss_std": 0.00458, "lr": 0.00018, "lr_std": 0.0, "params": 282437.0, "params_std": 0.0, "time_iter": 0.09187, "time_iter_std": 0.00075, "accuracy": 0.98452, "accuracy_std": 0.00115, "f1": 0.98449, "f1_std": 0.00115, "auc": 0.9988, "auc_std": 0.00013}
{"epoch": 94, "time_epoch": 80.29715, "time_epoch_std": 0.37507, "eta": 4422.40444, "eta_std": 12.69774, "eta_hours": 1.22845, "eta_hours_std": 0.00353, "loss": 0.0601, "loss_std": 0.00311, "lr": 0.00017, "lr_std": 0.0, "params": 282437.0, "params_std": 0.0, "time_iter": 0.09177, "time_iter_std": 0.00043, "accuracy": 0.98477, "accuracy_std": 0.00079, "f1": 0.98475, "f1_std": 0.00079, "auc": 0.99884, "auc_std": 0.00014}
{"epoch": 95, "time_epoch": 79.85866, "time_epoch_std": 0.67128, "eta": 4341.68845, "eta_std": 12.64063, "eta_hours": 1.20602, "eta_hours_std": 0.00351, "loss": 0.05883, "loss_std": 0.00403, "lr": 0.00017, "lr_std": 0.0, "params": 282437.0, "params_std": 0.0, "time_iter": 0.09127, "time_iter_std": 0.00077, "accuracy": 0.98523, "accuracy_std": 0.00093, "f1": 0.98521, "f1_std": 0.00093, "auc": 0.99886, "auc_std": 0.0001}
{"epoch": 96, "time_epoch": 80.4336, "time_epoch_std": 0.49822, "eta": 4261.30428, "eta_std": 12.37366, "eta_hours": 1.1837, "eta_hours_std": 0.00344, "loss": 0.05931, "loss_std": 0.00464, "lr": 0.00016, "lr_std": 0.0, "params": 282437.0, "params_std": 0.0, "time_iter": 0.09192, "time_iter_std": 0.00057, "accuracy": 0.98497, "accuracy_std": 0.00089, "f1": 0.98495, "f1_std": 0.00089, "auc": 0.99887, "auc_std": 8e-05}
{"epoch": 97, "time_epoch": 80.31426, "time_epoch_std": 0.44723, "eta": 4180.85577, "eta_std": 12.09128, "eta_hours": 1.16135, "eta_hours_std": 0.00336, "loss": 0.05853, "loss_std": 0.00405, "lr": 0.00016, "lr_std": 0.0, "params": 282437.0, "params_std": 0.0, "time_iter": 0.09179, "time_iter_std": 0.00051, "accuracy": 0.98526, "accuracy_std": 0.00138, "f1": 0.98524, "f1_std": 0.00139, "auc": 0.99892, "auc_std": 0.00017}
{"epoch": 98, "time_epoch": 80.10636, "time_epoch_std": 0.79794, "eta": 4100.30288, "eta_std": 12.06734, "eta_hours": 1.13897, "eta_hours_std": 0.00335, "loss": 0.05789, "loss_std": 0.00301, "lr": 0.00015, "lr_std": 0.0, "params": 282437.0, "params_std": 0.0, "time_iter": 0.09155, "time_iter_std": 0.00091, "accuracy": 0.9852, "accuracy_std": 0.00101, "f1": 0.98518, "f1_std": 0.00101, "auc": 0.99885, "auc_std": 7e-05}
{"epoch": 99, "time_epoch": 80.49805, "time_epoch_std": 0.85025, "eta": 4019.95476, "eta_std": 11.87638, "eta_hours": 1.11665, "eta_hours_std": 0.0033, "loss": 0.05839, "loss_std": 0.00186, "lr": 0.00015, "lr_std": 0.0, "params": 282437.0, "params_std": 0.0, "time_iter": 0.092, "time_iter_std": 0.00097, "accuracy": 0.9854, "accuracy_std": 0.00068, "f1": 0.98538, "f1_std": 0.00069, "auc": 0.99889, "auc_std": 0.00011}
{"epoch": 100, "time_epoch": 80.43409, "time_epoch_std": 0.67513, "eta": 3939.57264, "eta_std": 11.74731, "eta_hours": 1.09433, "eta_hours_std": 0.00326, "loss": 0.05764, "loss_std": 0.00334, "lr": 0.00014, "lr_std": 0.0, "params": 282437.0, "params_std": 0.0, "time_iter": 0.09193, "time_iter_std": 0.00077, "accuracy": 0.98566, "accuracy_std": 0.00094, "f1": 0.98564, "f1_std": 0.00094, "auc": 0.99896, "auc_std": 0.00011}
{"epoch": 101, "time_epoch": 80.74328, "time_epoch_std": 0.93459, "eta": 3859.33501, "eta_std": 11.67929, "eta_hours": 1.07204, "eta_hours_std": 0.00324, "loss": 0.05556, "loss_std": 0.00193, "lr": 0.00014, "lr_std": 0.0, "params": 282437.0, "params_std": 0.0, "time_iter": 0.09228, "time_iter_std": 0.00107, "accuracy": 0.98571, "accuracy_std": 0.00077, "f1": 0.9857, "f1_std": 0.00077, "auc": 0.99894, "auc_std": 0.00011}
{"epoch": 102, "time_epoch": 80.37155, "time_epoch_std": 0.92817, "eta": 3778.91793, "eta_std": 11.56512, "eta_hours": 1.0497, "eta_hours_std": 0.00321, "loss": 0.05631, "loss_std": 0.00322, "lr": 0.00013, "lr_std": 0.0, "params": 282437.0, "params_std": 0.0, "time_iter": 0.09185, "time_iter_std": 0.00106, "accuracy": 0.98574, "accuracy_std": 0.00079, "f1": 0.98572, "f1_std": 0.00079, "auc": 0.99891, "auc_std": 0.00013}
{"epoch": 103, "time_epoch": 80.23241, "time_epoch_std": 0.58484, "eta": 3698.44018, "eta_std": 11.3094, "eta_hours": 1.02735, "eta_hours_std": 0.00314, "loss": 0.05505, "loss_std": 0.00127, "lr": 0.00013, "lr_std": 0.0, "params": 282437.0, "params_std": 0.0, "time_iter": 0.09169, "time_iter_std": 0.00067, "accuracy": 0.98609, "accuracy_std": 0.00048, "f1": 0.98607, "f1_std": 0.00048, "auc": 0.99889, "auc_std": 9e-05}
{"epoch": 104, "time_epoch": 80.1254, "time_epoch_std": 0.61948, "eta": 3617.92125, "eta_std": 11.01461, "eta_hours": 1.00498, "eta_hours_std": 0.00306, "loss": 0.055, "loss_std": 0.00245, "lr": 0.00012, "lr_std": 0.0, "params": 282437.0, "params_std": 0.0, "time_iter": 0.09157, "time_iter_std": 0.00071, "accuracy": 0.98603, "accuracy_std": 0.00093, "f1": 0.98601, "f1_std": 0.00094, "auc": 0.99896, "auc_std": 9e-05}
{"epoch": 105, "time_epoch": 80.16677, "time_epoch_std": 0.66516, "eta": 3537.42691, "eta_std": 10.78271, "eta_hours": 0.98262, "eta_hours_std": 0.003, "loss": 0.05269, "loss_std": 0.00222, "lr": 0.00012, "lr_std": 0.0, "params": 282437.0, "params_std": 0.0, "time_iter": 0.09162, "time_iter_std": 0.00076, "accuracy": 0.98637, "accuracy_std": 0.00083, "f1": 0.98636, "f1_std": 0.00083, "auc": 0.99894, "auc_std": 0.0001}
{"epoch": 106, "time_epoch": 80.71531, "time_epoch_std": 0.52217, "eta": 3457.15914, "eta_std": 10.57507, "eta_hours": 0.96032, "eta_hours_std": 0.00294, "loss": 0.05428, "loss_std": 0.00215, "lr": 0.00011, "lr_std": 0.0, "params": 282437.0, "params_std": 0.0, "time_iter": 0.09224, "time_iter_std": 0.0006, "accuracy": 0.98614, "accuracy_std": 0.00106, "f1": 0.98613, "f1_std": 0.00107, "auc": 0.99898, "auc_std": 0.00013}
{"epoch": 107, "time_epoch": 80.29324, "time_epoch_std": 0.55412, "eta": 3376.71895, "eta_std": 10.36481, "eta_hours": 0.93798, "eta_hours_std": 0.00288, "loss": 0.05206, "loss_std": 0.00237, "lr": 0.00011, "lr_std": 0.0, "params": 282437.0, "params_std": 0.0, "time_iter": 0.09176, "time_iter_std": 0.00063, "accuracy": 0.98617, "accuracy_std": 0.00091, "f1": 0.98615, "f1_std": 0.00092, "auc": 0.99903, "auc_std": 9e-05}
{"epoch": 108, "time_epoch": 80.38359, "time_epoch_std": 0.57716, "eta": 3296.31543, "eta_std": 10.08733, "eta_hours": 0.91564, "eta_hours_std": 0.0028, "loss": 0.05181, "loss_std": 0.00276, "lr": 0.0001, "lr_std": 0.0, "params": 282437.0, "params_std": 0.0, "time_iter": 0.09187, "time_iter_std": 0.00066, "accuracy": 0.98663, "accuracy_std": 0.00107, "f1": 0.98661, "f1_std": 0.00107, "auc": 0.99903, "auc_std": 8e-05}
{"epoch": 109, "time_epoch": 80.59904, "time_epoch_std": 1.04806, "eta": 3215.99062, "eta_std": 9.88633, "eta_hours": 0.89333, "eta_hours_std": 0.00275, "loss": 0.05145, "loss_std": 0.00266, "lr": 0.0001, "lr_std": 0.0, "params": 282437.0, "params_std": 0.0, "time_iter": 0.09211, "time_iter_std": 0.0012, "accuracy": 0.9866, "accuracy_std": 0.00059, "f1": 0.98659, "f1_std": 0.00059, "auc": 0.999, "auc_std": 0.0001}
{"epoch": 110, "time_epoch": 80.54326, "time_epoch_std": 0.71601, "eta": 3135.64127, "eta_std": 9.64682, "eta_hours": 0.87101, "eta_hours_std": 0.00268, "loss": 0.05059, "loss_std": 0.00228, "lr": 9e-05, "lr_std": 0.0, "params": 282437.0, "params_std": 0.0, "time_iter": 0.09205, "time_iter_std": 0.00082, "accuracy": 0.9868, "accuracy_std": 0.00087, "f1": 0.98678, "f1_std": 0.00088, "auc": 0.99902, "auc_std": 0.0001}
{"epoch": 111, "time_epoch": 80.76674, "time_epoch_std": 0.90476, "eta": 3055.36429, "eta_std": 9.30004, "eta_hours": 0.84871, "eta_hours_std": 0.00258, "loss": 0.05161, "loss_std": 0.00287, "lr": 9e-05, "lr_std": 0.0, "params": 282437.0, "params_std": 0.0, "time_iter": 0.0923, "time_iter_std": 0.00103, "accuracy": 0.9868, "accuracy_std": 0.00074, "f1": 0.98679, "f1_std": 0.00074, "auc": 0.99899, "auc_std": 5e-05}
{"epoch": 112, "time_epoch": 80.43407, "time_epoch_std": 0.69378, "eta": 2974.9697, "eta_std": 9.12966, "eta_hours": 0.82638, "eta_hours_std": 0.00254, "loss": 0.05069, "loss_std": 0.00295, "lr": 9e-05, "lr_std": 0.0, "params": 282437.0, "params_std": 0.0, "time_iter": 0.09192, "time_iter_std": 0.00079, "accuracy": 0.98666, "accuracy_std": 0.00064, "f1": 0.98664, "f1_std": 0.00064, "auc": 0.99904, "auc_std": 0.00013}
{"epoch": 113, "time_epoch": 80.50165, "time_epoch_std": 0.95727, "eta": 2894.59577, "eta_std": 8.97102, "eta_hours": 0.80406, "eta_hours_std": 0.00249, "loss": 0.05051, "loss_std": 0.00323, "lr": 8e-05, "lr_std": 0.0, "params": 282437.0, "params_std": 0.0, "time_iter": 0.092, "time_iter_std": 0.00109, "accuracy": 0.987, "accuracy_std": 0.00097, "f1": 0.98699, "f1_std": 0.00097, "auc": 0.99907, "auc_std": 0.00012}
{"epoch": 114, "time_epoch": 80.04894, "time_epoch_std": 0.69583, "eta": 2814.08183, "eta_std": 8.76285, "eta_hours": 0.78169, "eta_hours_std": 0.00243, "loss": 0.05035, "loss_std": 0.00251, "lr": 8e-05, "lr_std": 0.0, "params": 282437.0, "params_std": 0.0, "time_iter": 0.09148, "time_iter_std": 0.0008, "accuracy": 0.98689, "accuracy_std": 0.00097, "f1": 0.98687, "f1_std": 0.00097, "auc": 0.99902, "auc_std": 9e-05}
{"epoch": 115, "time_epoch": 80.44588, "time_epoch_std": 0.69829, "eta": 2733.69225, "eta_std": 8.53932, "eta_hours": 0.75936, "eta_hours_std": 0.00237, "loss": 0.04967, "loss_std": 0.00241, "lr": 7e-05, "lr_std": 0.0, "params": 282437.0, "params_std": 0.0, "time_iter": 0.09194, "time_iter_std": 0.0008, "accuracy": 0.98688, "accuracy_std": 0.00055, "f1": 0.98687, "f1_std": 0.00055, "auc": 0.99905, "auc_std": 0.00013}
{"epoch": 116, "time_epoch": 80.65399, "time_epoch_std": 0.61842, "eta": 2653.36042, "eta_std": 8.33043, "eta_hours": 0.73704, "eta_hours_std": 0.00232, "loss": 0.04938, "loss_std": 0.00247, "lr": 7e-05, "lr_std": 0.0, "params": 282437.0, "params_std": 0.0, "time_iter": 0.09217, "time_iter_std": 0.00071, "accuracy": 0.98711, "accuracy_std": 0.00049, "f1": 0.9871, "f1_std": 0.00049, "auc": 0.99904, "auc_std": 9e-05}
{"epoch": 117, "time_epoch": 80.40395, "time_epoch_std": 0.65719, "eta": 2572.95531, "eta_std": 8.04726, "eta_hours": 0.71471, "eta_hours_std": 0.00224, "loss": 0.04953, "loss_std": 0.00217, "lr": 7e-05, "lr_std": 0.0, "params": 282437.0, "params_std": 0.0, "time_iter": 0.09189, "time_iter_std": 0.00075, "accuracy": 0.9872, "accuracy_std": 0.00046, "f1": 0.98719, "f1_std": 0.00046, "auc": 0.99903, "auc_std": 0.00013}
{"epoch": 118, "time_epoch": 80.07486, "time_epoch_std": 0.53464, "eta": 2492.46449, "eta_std": 7.79706, "eta_hours": 0.69235, "eta_hours_std": 0.00217, "loss": 0.04881, "loss_std": 0.00207, "lr": 6e-05, "lr_std": 0.0, "params": 282437.0, "params_std": 0.0, "time_iter": 0.09151, "time_iter_std": 0.00061, "accuracy": 0.98709, "accuracy_std": 0.00072, "f1": 0.98708, "f1_std": 0.00072, "auc": 0.99909, "auc_std": 9e-05}
{"epoch": 119, "time_epoch": 80.29346, "time_epoch_std": 0.85921, "eta": 2412.03525, "eta_std": 7.5665, "eta_hours": 0.67001, "eta_hours_std": 0.0021, "loss": 0.04793, "loss_std": 0.0027, "lr": 6e-05, "lr_std": 0.0, "params": 282437.0, "params_std": 0.0, "time_iter": 0.09176, "time_iter_std": 0.00098, "accuracy": 0.98754, "accuracy_std": 0.00064, "f1": 0.98753, "f1_std": 0.00064, "auc": 0.99907, "auc_std": 0.00011}
{"epoch": 120, "time_epoch": 80.50966, "time_epoch_std": 0.28776, "eta": 2331.66008, "eta_std": 7.29524, "eta_hours": 0.64768, "eta_hours_std": 0.00203, "loss": 0.04951, "loss_std": 0.00294, "lr": 5e-05, "lr_std": 0.0, "params": 282437.0, "params_std": 0.0, "time_iter": 0.09201, "time_iter_std": 0.00033, "accuracy": 0.9872, "accuracy_std": 0.0006, "f1": 0.98718, "f1_std": 0.0006, "auc": 0.99908, "auc_std": 7e-05}
{"epoch": 121, "time_epoch": 79.77746, "time_epoch_std": 0.59022, "eta": 2251.11465, "eta_std": 7.04861, "eta_hours": 0.62531, "eta_hours_std": 0.00196, "loss": 0.048, "loss_std": 0.00202, "lr": 5e-05, "lr_std": 0.0, "params": 282437.0, "params_std": 0.0, "time_iter": 0.09118, "time_iter_std": 0.00067, "accuracy": 0.98743, "accuracy_std": 0.00059, "f1": 0.98742, "f1_std": 0.00059, "auc": 0.9991, "auc_std": 9e-05}
{"epoch": 122, "time_epoch": 80.26988, "time_epoch_std": 0.80185, "eta": 2170.68981, "eta_std": 6.83525, "eta_hours": 0.60297, "eta_hours_std": 0.0019, "loss": 0.04748, "loss_std": 0.00181, "lr": 5e-05, "lr_std": 0.0, "params": 282437.0, "params_std": 0.0, "time_iter": 0.09174, "time_iter_std": 0.00092, "accuracy": 0.9876, "accuracy_std": 0.00041, "f1": 0.98759, "f1_std": 0.00041, "auc": 0.99909, "auc_std": 0.00012}
{"epoch": 123, "time_epoch": 80.49217, "time_epoch_std": 0.93046, "eta": 2090.31407, "eta_std": 6.54586, "eta_hours": 0.58064, "eta_hours_std": 0.00182, "loss": 0.04785, "loss_std": 0.00243, "lr": 4e-05, "lr_std": 0.0, "params": 282437.0, "params_std": 0.0, "time_iter": 0.09199, "time_iter_std": 0.00106, "accuracy": 0.9876, "accuracy_std": 0.00057, "f1": 0.98759, "f1_std": 0.00058, "auc": 0.99909, "auc_std": 7e-05}
{"epoch": 124, "time_epoch": 80.36976, "time_epoch_std": 0.62848, "eta": 2009.91199, "eta_std": 6.28209, "eta_hours": 0.55831, "eta_hours_std": 0.00174, "loss": 0.04716, "loss_std": 0.00237, "lr": 4e-05, "lr_std": 0.0, "params": 282437.0, "params_std": 0.0, "time_iter": 0.09185, "time_iter_std": 0.00072, "accuracy": 0.9876, "accuracy_std": 0.00043, "f1": 0.98759, "f1_std": 0.00043, "auc": 0.9991, "auc_std": 0.00011}
{"epoch": 125, "time_epoch": 80.00918, "time_epoch_std": 0.74431, "eta": 1929.44174, "eta_std": 6.07576, "eta_hours": 0.53596, "eta_hours_std": 0.00169, "loss": 0.04837, "loss_std": 0.00241, "lr": 4e-05, "lr_std": 0.0, "params": 282437.0, "params_std": 0.0, "time_iter": 0.09144, "time_iter_std": 0.00085, "accuracy": 0.98734, "accuracy_std": 0.00043, "f1": 0.98733, "f1_std": 0.00043, "auc": 0.99907, "auc_std": 6e-05}
{"epoch": 126, "time_epoch": 80.20908, "time_epoch_std": 0.76723, "eta": 1849.01495, "eta_std": 5.83064, "eta_hours": 0.51362, "eta_hours_std": 0.00162, "loss": 0.04692, "loss_std": 0.0021, "lr": 4e-05, "lr_std": 0.0, "params": 282437.0, "params_std": 0.0, "time_iter": 0.09167, "time_iter_std": 0.00088, "accuracy": 0.98794, "accuracy_std": 0.00028, "f1": 0.98793, "f1_std": 0.00028, "auc": 0.9991, "auc_std": 6e-05}
{"epoch": 127, "time_epoch": 80.08476, "time_epoch_std": 0.66313, "eta": 1768.5702, "eta_std": 5.52373, "eta_hours": 0.49127, "eta_hours_std": 0.00154, "loss": 0.04688, "loss_std": 0.00203, "lr": 3e-05, "lr_std": 0.0, "params": 282437.0, "params_std": 0.0, "time_iter": 0.09152, "time_iter_std": 0.00076, "accuracy": 0.98771, "accuracy_std": 0.0004, "f1": 0.9877, "f1_std": 0.0004, "auc": 0.99912, "auc_std": 7e-05}
{"epoch": 128, "time_epoch": 80.3193, "time_epoch_std": 0.71668, "eta": 1688.1692, "eta_std": 5.24219, "eta_hours": 0.46894, "eta_hours_std": 0.00145, "loss": 0.04603, "loss_std": 0.00153, "lr": 3e-05, "lr_std": 0.0, "params": 282437.0, "params_std": 0.0, "time_iter": 0.09179, "time_iter_std": 0.00082, "accuracy": 0.98777, "accuracy_std": 0.00054, "f1": 0.98776, "f1_std": 0.00054, "auc": 0.99914, "auc_std": 0.00011}
{"epoch": 129, "time_epoch": 80.38033, "time_epoch_std": 0.71273, "eta": 1607.77886, "eta_std": 4.99365, "eta_hours": 0.44661, "eta_hours_std": 0.00139, "loss": 0.04614, "loss_std": 0.00154, "lr": 3e-05, "lr_std": 0.0, "params": 282437.0, "params_std": 0.0, "time_iter": 0.09186, "time_iter_std": 0.00082, "accuracy": 0.98769, "accuracy_std": 0.00045, "f1": 0.98767, "f1_std": 0.00045, "auc": 0.9991, "auc_std": 9e-05}
{"epoch": 130, "time_epoch": 80.32022, "time_epoch_std": 0.57964, "eta": 1527.37995, "eta_std": 4.7442, "eta_hours": 0.42427, "eta_hours_std": 0.00132, "loss": 0.04526, "loss_std": 0.00213, "lr": 2e-05, "lr_std": 0.0, "params": 282437.0, "params_std": 0.0, "time_iter": 0.0918, "time_iter_std": 0.00066, "accuracy": 0.98789, "accuracy_std": 0.00059, "f1": 0.98787, "f1_std": 0.00059, "auc": 0.9991, "auc_std": 9e-05}
{"epoch": 131, "time_epoch": 80.55187, "time_epoch_std": 0.72607, "eta": 1447.01382, "eta_std": 4.5339, "eta_hours": 0.40195, "eta_hours_std": 0.00126, "loss": 0.04575, "loss_std": 0.00233, "lr": 2e-05, "lr_std": 0.0, "params": 282437.0, "params_std": 0.0, "time_iter": 0.09206, "time_iter_std": 0.00083, "accuracy": 0.98774, "accuracy_std": 0.00045, "f1": 0.98773, "f1_std": 0.00045, "auc": 0.99913, "auc_std": 7e-05}
{"epoch": 132, "time_epoch": 80.28366, "time_epoch_std": 0.80776, "eta": 1366.61062, "eta_std": 4.31311, "eta_hours": 0.37961, "eta_hours_std": 0.0012, "loss": 0.04516, "loss_std": 0.0021, "lr": 2e-05, "lr_std": 0.0, "params": 282437.0, "params_std": 0.0, "time_iter": 0.09175, "time_iter_std": 0.00093, "accuracy": 0.98797, "accuracy_std": 0.00052, "f1": 0.98796, "f1_std": 0.00052, "auc": 0.99921, "auc_std": 0.00012}
{"epoch": 133, "time_epoch": 80.31793, "time_epoch_std": 0.88469, "eta": 1286.21329, "eta_std": 4.07504, "eta_hours": 0.35728, "eta_hours_std": 0.00113, "loss": 0.04597, "loss_std": 0.00223, "lr": 2e-05, "lr_std": 0.0, "params": 282437.0, "params_std": 0.0, "time_iter": 0.09179, "time_iter_std": 0.00101, "accuracy": 0.98754, "accuracy_std": 0.00065, "f1": 0.98753, "f1_std": 0.00065, "auc": 0.99913, "auc_std": 9e-05}
{"epoch": 134, "time_epoch": 80.86646, "time_epoch_std": 0.5899, "eta": 1205.87808, "eta_std": 3.78203, "eta_hours": 0.33497, "eta_hours_std": 0.00105, "loss": 0.04526, "loss_std": 0.00147, "lr": 2e-05, "lr_std": 0.0, "params": 282437.0, "params_std": 0.0, "time_iter": 0.09242, "time_iter_std": 0.00067, "accuracy": 0.9878, "accuracy_std": 0.00056, "f1": 0.98779, "f1_std": 0.00056, "auc": 0.99916, "auc_std": 7e-05}
{"epoch": 135, "time_epoch": 80.37583, "time_epoch_std": 0.56973, "eta": 1125.48456, "eta_std": 3.49921, "eta_hours": 0.31263, "eta_hours_std": 0.00097, "loss": 0.04514, "loss_std": 0.00143, "lr": 1e-05, "lr_std": 0.0, "params": 282437.0, "params_std": 0.0, "time_iter": 0.09186, "time_iter_std": 0.00065, "accuracy": 0.98783, "accuracy_std": 0.00037, "f1": 0.98782, "f1_std": 0.00037, "auc": 0.99917, "auc_std": 7e-05}
{"epoch": 136, "time_epoch": 80.3574, "time_epoch_std": 0.54125, "eta": 1045.08954, "eta_std": 3.23641, "eta_hours": 0.2903, "eta_hours_std": 0.0009, "loss": 0.04511, "loss_std": 0.00148, "lr": 1e-05, "lr_std": 0.0, "params": 282437.0, "params_std": 0.0, "time_iter": 0.09184, "time_iter_std": 0.00062, "accuracy": 0.98791, "accuracy_std": 0.00057, "f1": 0.9879, "f1_std": 0.00057, "auc": 0.99918, "auc_std": 0.0001}
{"epoch": 137, "time_epoch": 80.33975, "time_epoch_std": 0.33692, "eta": 964.69354, "eta_std": 2.9731, "eta_hours": 0.26797, "eta_hours_std": 0.00082, "loss": 0.04511, "loss_std": 0.00247, "lr": 1e-05, "lr_std": 0.0, "params": 282437.0, "params_std": 0.0, "time_iter": 0.09182, "time_iter_std": 0.00039, "accuracy": 0.98803, "accuracy_std": 0.00052, "f1": 0.98802, "f1_std": 0.00052, "auc": 0.99911, "auc_std": 0.0001}
{"epoch": 138, "time_epoch": 80.21404, "time_epoch_std": 0.70323, "eta": 884.2884, "eta_std": 2.73429, "eta_hours": 0.24564, "eta_hours_std": 0.00076, "loss": 0.04452, "loss_std": 0.00251, "lr": 1e-05, "lr_std": 0.0, "params": 282437.0, "params_std": 0.0, "time_iter": 0.09167, "time_iter_std": 0.0008, "accuracy": 0.98809, "accuracy_std": 0.00041, "f1": 0.98808, "f1_std": 0.00041, "auc": 0.9992, "auc_std": 7e-05}
{"epoch": 139, "time_epoch": 80.461, "time_epoch_std": 0.67227, "eta": 803.90363, "eta_std": 2.45736, "eta_hours": 0.22331, "eta_hours_std": 0.00068, "loss": 0.04494, "loss_std": 0.00202, "lr": 1e-05, "lr_std": 0.0, "params": 282437.0, "params_std": 0.0, "time_iter": 0.09195, "time_iter_std": 0.00077, "accuracy": 0.988, "accuracy_std": 0.00041, "f1": 0.98799, "f1_std": 0.00041, "auc": 0.99918, "auc_std": 8e-05}
{"epoch": 140, "time_epoch": 80.35632, "time_epoch_std": 0.58114, "eta": 723.51109, "eta_std": 2.21797, "eta_hours": 0.20098, "eta_hours_std": 0.00062, "loss": 0.04458, "loss_std": 0.00244, "lr": 1e-05, "lr_std": 0.0, "params": 282437.0, "params_std": 0.0, "time_iter": 0.09184, "time_iter_std": 0.00066, "accuracy": 0.98809, "accuracy_std": 0.00053, "f1": 0.98808, "f1_std": 0.00053, "auc": 0.99919, "auc_std": 7e-05}
{"epoch": 141, "time_epoch": 80.17216, "time_epoch_std": 0.3505, "eta": 643.10869, "eta_std": 1.96822, "eta_hours": 0.17864, "eta_hours_std": 0.00055, "loss": 0.04458, "loss_std": 0.00206, "lr": 1e-05, "lr_std": 0.0, "params": 282437.0, "params_std": 0.0, "time_iter": 0.09162, "time_iter_std": 0.0004, "accuracy": 0.98794, "accuracy_std": 0.00046, "f1": 0.98793, "f1_std": 0.00046, "auc": 0.99915, "auc_std": 0.00011}
{"epoch": 142, "time_epoch": 80.5401, "time_epoch_std": 0.46104, "eta": 562.72752, "eta_std": 1.71389, "eta_hours": 0.15631, "eta_hours_std": 0.00048, "loss": 0.04418, "loss_std": 0.00195, "lr": 0.0, "lr_std": 0.0, "params": 282437.0, "params_std": 0.0, "time_iter": 0.09205, "time_iter_std": 0.00053, "accuracy": 0.98823, "accuracy_std": 0.00031, "f1": 0.98822, "f1_std": 0.00031, "auc": 0.99917, "auc_std": 0.0001}
{"epoch": 143, "time_epoch": 80.58247, "time_epoch_std": 0.43531, "eta": 482.34591, "eta_std": 1.47109, "eta_hours": 0.13398, "eta_hours_std": 0.00041, "loss": 0.04432, "loss_std": 0.00171, "lr": 0.0, "lr_std": 0.0, "params": 282437.0, "params_std": 0.0, "time_iter": 0.09209, "time_iter_std": 0.0005, "accuracy": 0.98797, "accuracy_std": 0.00043, "f1": 0.98796, "f1_std": 0.00043, "auc": 0.99916, "auc_std": 5e-05}
{"epoch": 144, "time_epoch": 80.42824, "time_epoch_std": 0.49967, "eta": 401.95621, "eta_std": 1.22354, "eta_hours": 0.11165, "eta_hours_std": 0.00034, "loss": 0.04272, "loss_std": 0.00228, "lr": 0.0, "lr_std": 0.0, "params": 282437.0, "params_std": 0.0, "time_iter": 0.09192, "time_iter_std": 0.00057, "accuracy": 0.98846, "accuracy_std": 0.00043, "f1": 0.98845, "f1_std": 0.00043, "auc": 0.99926, "auc_std": 5e-05}
{"epoch": 145, "time_epoch": 80.23372, "time_epoch_std": 0.81003, "eta": 321.56065, "eta_std": 0.98603, "eta_hours": 0.08932, "eta_hours_std": 0.00027, "loss": 0.04429, "loss_std": 0.00277, "lr": 0.0, "lr_std": 0.0, "params": 282437.0, "params_std": 0.0, "time_iter": 0.0917, "time_iter_std": 0.00093, "accuracy": 0.98797, "accuracy_std": 0.0004, "f1": 0.98796, "f1_std": 0.00039, "auc": 0.99918, "auc_std": 9e-05}
{"epoch": 146, "time_epoch": 80.51783, "time_epoch_std": 0.55375, "eta": 241.17309, "eta_std": 0.73336, "eta_hours": 0.06699, "eta_hours_std": 0.0002, "loss": 0.04391, "loss_std": 0.00259, "lr": 0.0, "lr_std": 0.0, "params": 282437.0, "params_std": 0.0, "time_iter": 0.09202, "time_iter_std": 0.00063, "accuracy": 0.98832, "accuracy_std": 0.00067, "f1": 0.9883, "f1_std": 0.00067, "auc": 0.99919, "auc_std": 7e-05}
{"epoch": 147, "time_epoch": 80.2648, "time_epoch_std": 0.49497, "eta": 160.78036, "eta_std": 0.48892, "eta_hours": 0.04466, "eta_hours_std": 0.00014, "loss": 0.04236, "loss_std": 0.00202, "lr": 0.0, "lr_std": 0.0, "params": 282437.0, "params_std": 0.0, "time_iter": 0.09173, "time_iter_std": 0.00057, "accuracy": 0.98854, "accuracy_std": 0.00045, "f1": 0.98854, "f1_std": 0.00045, "auc": 0.99919, "auc_std": 8e-05}
{"epoch": 148, "time_epoch": 80.60061, "time_epoch_std": 0.39943, "eta": 80.39159, "eta_std": 0.24474, "eta_hours": 0.02233, "eta_hours_std": 7e-05, "loss": 0.04345, "loss_std": 0.00193, "lr": 0.0, "lr_std": 0.0, "params": 282437.0, "params_std": 0.0, "time_iter": 0.09211, "time_iter_std": 0.00046, "accuracy": 0.9882, "accuracy_std": 0.00043, "f1": 0.98819, "f1_std": 0.00043, "auc": 0.99922, "auc_std": 8e-05}
{"epoch": 149, "time_epoch": 80.49119, "time_epoch_std": 0.47718, "eta": 0.0, "eta_std": 0.0, "eta_hours": 0.0, "eta_hours_std": 0.0, "loss": 0.04349, "loss_std": 0.00236, "lr": 0.0, "lr_std": 0.0, "params": 282437.0, "params_std": 0.0, "time_iter": 0.09199, "time_iter_std": 0.00055, "accuracy": 0.98814, "accuracy_std": 0.00053, "f1": 0.98813, "f1_std": 0.00053, "auc": 0.9992, "auc_std": 6e-05}
