{"epoch": 0, "time_epoch": 90.43092, "eta": 8952.66152, "eta_hours": 2.48685, "loss": 1.79894912, "lr": 0.0, "params": 502054, "time_iter": 0.14469, "accuracy": 0.16572, "f1": 0.07599, "accuracy-SBM": 0.16595, "auc": 0.49882}
{"epoch": 1, "time_epoch": 87.25005, "eta": 8706.3678, "eta_hours": 2.41844, "loss": 1.75120499, "lr": 0.0001, "params": 502054, "time_iter": 0.1396, "accuracy": 0.26169, "f1": 0.24124, "accuracy-SBM": 0.26178, "auc": 0.60754}
{"epoch": 2, "time_epoch": 87.95594, "eta": 8588.92694, "eta_hours": 2.38581, "loss": 1.56437157, "lr": 0.0002, "params": 502054, "time_iter": 0.14073, "accuracy": 0.43821, "f1": 0.43226, "accuracy-SBM": 0.43825, "auc": 0.75226}
{"epoch": 3, "time_epoch": 88.23331, "eta": 8492.88552, "eta_hours": 2.35913, "loss": 1.33530161, "lr": 0.0003, "params": 502054, "time_iter": 0.14117, "accuracy": 0.54523, "f1": 0.54446, "accuracy-SBM": 0.54524, "auc": 0.82597}
{"epoch": 4, "time_epoch": 86.88013, "eta": 8374.25692, "eta_hours": 2.32618, "loss": 1.1141787, "lr": 0.0004, "params": 502054, "time_iter": 0.13901, "accuracy": 0.62597, "f1": 0.62595, "accuracy-SBM": 0.62597, "auc": 0.87948}
{"epoch": 5, "time_epoch": 87.25205, "eta": 8272.03787, "eta_hours": 2.29779, "loss": 0.98613397, "lr": 0.0005, "params": 502054, "time_iter": 0.1396, "accuracy": 0.66281, "f1": 0.66281, "accuracy-SBM": 0.6628, "auc": 0.90517}
{"epoch": 6, "time_epoch": 87.66093, "eta": 8179.52736, "eta_hours": 2.27209, "loss": 0.91642115, "lr": 0.00049986, "params": 502054, "time_iter": 0.14026, "accuracy": 0.68142, "f1": 0.68142, "accuracy-SBM": 0.68142, "auc": 0.91772}
{"epoch": 7, "time_epoch": 87.47663, "eta": 8086.10982, "eta_hours": 2.24614, "loss": 0.87198351, "lr": 0.00049945, "params": 502054, "time_iter": 0.13996, "accuracy": 0.69499, "f1": 0.69499, "accuracy-SBM": 0.69499, "auc": 0.92501}
{"epoch": 8, "time_epoch": 88.0414, "eta": 7999.72284, "eta_hours": 2.22215, "loss": 0.84697577, "lr": 0.00049877, "params": 502054, "time_iter": 0.14087, "accuracy": 0.70251, "f1": 0.70251, "accuracy-SBM": 0.70251, "auc": 0.92897}
{"epoch": 9, "time_epoch": 87.90152, "eta": 7911.74606, "eta_hours": 2.19771, "loss": 0.82793458, "lr": 0.00049782, "params": 502054, "time_iter": 0.14064, "accuracy": 0.70798, "f1": 0.70798, "accuracy-SBM": 0.70798, "auc": 0.93192}
{"epoch": 10, "time_epoch": 87.09546, "eta": 7817.26125, "eta_hours": 2.17146, "loss": 0.82228276, "lr": 0.00049659, "params": 502054, "time_iter": 0.13935, "accuracy": 0.70991, "f1": 0.70991, "accuracy-SBM": 0.70991, "auc": 0.93257}
{"epoch": 11, "time_epoch": 87.31118, "eta": 7725.58993, "eta_hours": 2.146, "loss": 0.8031268, "lr": 0.00049509, "params": 502054, "time_iter": 0.1397, "accuracy": 0.71652, "f1": 0.71652, "accuracy-SBM": 0.71652, "auc": 0.93565}
{"epoch": 12, "time_epoch": 87.78536, "eta": 7637.76279, "eta_hours": 2.1216, "loss": 0.77550974, "lr": 0.00049333, "params": 502054, "time_iter": 0.14046, "accuracy": 0.72646, "f1": 0.72646, "accuracy-SBM": 0.72646, "auc": 0.93998}
{"epoch": 13, "time_epoch": 87.81824, "eta": 7550.14358, "eta_hours": 2.09726, "loss": 0.76075613, "lr": 0.0004913, "params": 502054, "time_iter": 0.14051, "accuracy": 0.73053, "f1": 0.73053, "accuracy-SBM": 0.73053, "auc": 0.94223}
{"epoch": 14, "time_epoch": 87.11402, "eta": 7458.50722, "eta_hours": 2.07181, "loss": 0.751761, "lr": 0.00048901, "params": 502054, "time_iter": 0.13938, "accuracy": 0.73357, "f1": 0.73357, "accuracy-SBM": 0.73357, "auc": 0.94352}
{"epoch": 15, "time_epoch": 87.01263, "eta": 7366.90389, "eta_hours": 2.04636, "loss": 0.73863088, "lr": 0.00048645, "params": 502054, "time_iter": 0.13922, "accuracy": 0.7381, "f1": 0.7381, "accuracy-SBM": 0.7381, "auc": 0.94548}
{"epoch": 16, "time_epoch": 87.55948, "eta": 7278.51053, "eta_hours": 2.02181, "loss": 0.73152808, "lr": 0.00048364, "params": 502054, "time_iter": 0.1401, "accuracy": 0.73994, "f1": 0.73994, "accuracy-SBM": 0.73994, "auc": 0.9465}
{"epoch": 17, "time_epoch": 87.23144, "eta": 7188.71542, "eta_hours": 1.99687, "loss": 0.72434905, "lr": 0.00048057, "params": 502054, "time_iter": 0.13957, "accuracy": 0.74216, "f1": 0.74216, "accuracy-SBM": 0.74216, "auc": 0.94754}
{"epoch": 18, "time_epoch": 87.53937, "eta": 7100.50294, "eta_hours": 1.97236, "loss": 0.71747624, "lr": 0.00047725, "params": 502054, "time_iter": 0.14006, "accuracy": 0.74532, "f1": 0.74531, "accuracy-SBM": 0.74532, "auc": 0.94849}
{"epoch": 19, "time_epoch": 87.24353, "eta": 7011.1744, "eta_hours": 1.94755, "loss": 0.71305032, "lr": 0.00047368, "params": 502054, "time_iter": 0.13959, "accuracy": 0.74563, "f1": 0.74563, "accuracy-SBM": 0.74563, "auc": 0.94916}
{"epoch": 20, "time_epoch": 87.83403, "eta": 6924.26586, "eta_hours": 1.92341, "loss": 0.70890478, "lr": 0.00046987, "params": 502054, "time_iter": 0.14053, "accuracy": 0.74781, "f1": 0.74781, "accuracy-SBM": 0.74781, "auc": 0.94968}
{"epoch": 21, "time_epoch": 87.54934, "eta": 6836.26383, "eta_hours": 1.89896, "loss": 0.70349912, "lr": 0.00046581, "params": 502054, "time_iter": 0.14008, "accuracy": 0.74916, "f1": 0.74916, "accuracy-SBM": 0.74916, "auc": 0.95049}
{"epoch": 22, "time_epoch": 87.62499, "eta": 6748.5544, "eta_hours": 1.8746, "loss": 0.69604323, "lr": 0.00046152, "params": 502054, "time_iter": 0.1402, "accuracy": 0.75148, "f1": 0.75148, "accuracy-SBM": 0.75148, "auc": 0.95153}
{"epoch": 23, "time_epoch": 87.38398, "eta": 6660.08881, "eta_hours": 1.85002, "loss": 0.69572228, "lr": 0.000457, "params": 502054, "time_iter": 0.13981, "accuracy": 0.752, "f1": 0.752, "accuracy-SBM": 0.752, "auc": 0.95154}
{"epoch": 24, "time_epoch": 87.22829, "eta": 6571.24268, "eta_hours": 1.82535, "loss": 0.69311704, "lr": 0.00045225, "params": 502054, "time_iter": 0.13957, "accuracy": 0.75301, "f1": 0.75301, "accuracy-SBM": 0.75301, "auc": 0.95189}
{"epoch": 25, "time_epoch": 87.27504, "eta": 6482.65407, "eta_hours": 1.80074, "loss": 0.68798298, "lr": 0.00044729, "params": 502054, "time_iter": 0.13964, "accuracy": 0.75397, "f1": 0.75397, "accuracy-SBM": 0.75397, "auc": 0.95263}
{"epoch": 26, "time_epoch": 86.70619, "eta": 6392.62476, "eta_hours": 1.77573, "loss": 0.68396091, "lr": 0.0004421, "params": 502054, "time_iter": 0.13873, "accuracy": 0.75593, "f1": 0.75593, "accuracy-SBM": 0.75593, "auc": 0.95315}
{"epoch": 27, "time_epoch": 86.43489, "eta": 6302.13518, "eta_hours": 1.75059, "loss": 0.68190311, "lr": 0.00043671, "params": 502054, "time_iter": 0.1383, "accuracy": 0.75659, "f1": 0.75659, "accuracy-SBM": 0.75659, "auc": 0.95342}
{"epoch": 28, "time_epoch": 86.10376, "eta": 6211.11453, "eta_hours": 1.72531, "loss": 0.67690536, "lr": 0.00043111, "params": 502054, "time_iter": 0.13777, "accuracy": 0.75813, "f1": 0.75813, "accuracy-SBM": 0.75813, "auc": 0.95412}
{"epoch": 29, "time_epoch": 86.24283, "eta": 6120.74618, "eta_hours": 1.70021, "loss": 0.67389039, "lr": 0.00042531, "params": 502054, "time_iter": 0.13799, "accuracy": 0.7593, "f1": 0.7593, "accuracy-SBM": 0.7593, "auc": 0.95453}
{"epoch": 30, "time_epoch": 86.31462, "eta": 6030.80378, "eta_hours": 1.67522, "loss": 0.67086904, "lr": 0.00041932, "params": 502054, "time_iter": 0.1381, "accuracy": 0.76003, "f1": 0.76003, "accuracy-SBM": 0.76003, "auc": 0.95495}
{"epoch": 31, "time_epoch": 87.39636, "eta": 5943.38683, "eta_hours": 1.65094, "loss": 0.66521664, "lr": 0.00041315, "params": 502054, "time_iter": 0.13983, "accuracy": 0.76251, "f1": 0.76251, "accuracy-SBM": 0.76251, "auc": 0.95566}
{"epoch": 32, "time_epoch": 86.68312, "eta": 5854.52301, "eta_hours": 1.62626, "loss": 0.66475227, "lr": 0.00040679, "params": 502054, "time_iter": 0.13869, "accuracy": 0.76237, "f1": 0.76237, "accuracy-SBM": 0.76237, "auc": 0.95574}
{"epoch": 33, "time_epoch": 87.87099, "eta": 5768.09334, "eta_hours": 1.60225, "loss": 0.66231259, "lr": 0.00040027, "params": 502054, "time_iter": 0.14059, "accuracy": 0.76337, "f1": 0.76337, "accuracy-SBM": 0.76337, "auc": 0.95606}
{"epoch": 34, "time_epoch": 86.32025, "eta": 5678.70136, "eta_hours": 1.57742, "loss": 0.65609046, "lr": 0.00039358, "params": 502054, "time_iter": 0.13811, "accuracy": 0.76564, "f1": 0.76564, "accuracy-SBM": 0.76564, "auc": 0.95687}
{"epoch": 35, "time_epoch": 87.11518, "eta": 5590.89324, "eta_hours": 1.55303, "loss": 0.65751576, "lr": 0.00038674, "params": 502054, "time_iter": 0.13938, "accuracy": 0.76445, "f1": 0.76445, "accuracy-SBM": 0.76445, "auc": 0.95672}
{"epoch": 36, "time_epoch": 87.11863, "eta": 5503.12845, "eta_hours": 1.52865, "loss": 0.65397031, "lr": 0.00037974, "params": 502054, "time_iter": 0.13939, "accuracy": 0.76605, "f1": 0.76605, "accuracy-SBM": 0.76605, "auc": 0.95717}
{"epoch": 37, "time_epoch": 87.54473, "eta": 5416.09289, "eta_hours": 1.50447, "loss": 0.65170253, "lr": 0.00037261, "params": 502054, "time_iter": 0.14007, "accuracy": 0.76725, "f1": 0.76725, "accuracy-SBM": 0.76725, "auc": 0.95745}
{"epoch": 38, "time_epoch": 88.25478, "eta": 5330.14182, "eta_hours": 1.48059, "loss": 0.64937275, "lr": 0.00036534, "params": 502054, "time_iter": 0.14121, "accuracy": 0.76748, "f1": 0.76748, "accuracy-SBM": 0.76748, "auc": 0.95775}
{"epoch": 39, "time_epoch": 87.08653, "eta": 5242.32318, "eta_hours": 1.4562, "loss": 0.64530201, "lr": 0.00035794, "params": 502054, "time_iter": 0.13934, "accuracy": 0.76915, "f1": 0.76916, "accuracy-SBM": 0.76916, "auc": 0.95829}
{"epoch": 40, "time_epoch": 86.45722, "eta": 5153.63466, "eta_hours": 1.43157, "loss": 0.64228093, "lr": 0.00035042, "params": 502054, "time_iter": 0.13833, "accuracy": 0.76995, "f1": 0.76995, "accuracy-SBM": 0.76995, "auc": 0.9587}
{"epoch": 41, "time_epoch": 86.8625, "eta": 5065.61206, "eta_hours": 1.40711, "loss": 0.64245703, "lr": 0.0003428, "params": 502054, "time_iter": 0.13898, "accuracy": 0.77012, "f1": 0.77012, "accuracy-SBM": 0.77012, "auc": 0.95867}
{"epoch": 42, "time_epoch": 86.7626, "eta": 4977.511, "eta_hours": 1.38264, "loss": 0.63797422, "lr": 0.00033507, "params": 502054, "time_iter": 0.13882, "accuracy": 0.77157, "f1": 0.77157, "accuracy-SBM": 0.77157, "auc": 0.95923}
{"epoch": 43, "time_epoch": 86.9384, "eta": 4889.69452, "eta_hours": 1.35825, "loss": 0.63693593, "lr": 0.00032725, "params": 502054, "time_iter": 0.1391, "accuracy": 0.77201, "f1": 0.772, "accuracy-SBM": 0.77201, "auc": 0.95939}
{"epoch": 44, "time_epoch": 86.79383, "eta": 4801.74037, "eta_hours": 1.33382, "loss": 0.6311364, "lr": 0.00031935, "params": 502054, "time_iter": 0.13887, "accuracy": 0.77372, "f1": 0.77372, "accuracy-SBM": 0.77372, "auc": 0.96012}
{"epoch": 45, "time_epoch": 87.67559, "eta": 4714.87178, "eta_hours": 1.30969, "loss": 0.63349663, "lr": 0.00031137, "params": 502054, "time_iter": 0.14028, "accuracy": 0.7735, "f1": 0.7735, "accuracy-SBM": 0.7735, "auc": 0.95978}
{"epoch": 46, "time_epoch": 86.71073, "eta": 4626.88081, "eta_hours": 1.28524, "loss": 0.63131044, "lr": 0.00030332, "params": 502054, "time_iter": 0.13874, "accuracy": 0.77391, "f1": 0.77391, "accuracy-SBM": 0.77391, "auc": 0.96008}
{"epoch": 47, "time_epoch": 87.65053, "eta": 4539.96131, "eta_hours": 1.2611, "loss": 0.63003725, "lr": 0.00029522, "params": 502054, "time_iter": 0.14024, "accuracy": 0.77422, "f1": 0.77422, "accuracy-SBM": 0.77422, "auc": 0.96026}
{"epoch": 48, "time_epoch": 87.02462, "eta": 4452.36052, "eta_hours": 1.23677, "loss": 0.62503149, "lr": 0.00028707, "params": 502054, "time_iter": 0.13924, "accuracy": 0.77626, "f1": 0.77626, "accuracy-SBM": 0.77626, "auc": 0.96086}
{"epoch": 49, "time_epoch": 86.53195, "eta": 4364.2901, "eta_hours": 1.2123, "loss": 0.62415498, "lr": 0.00027887, "params": 502054, "time_iter": 0.13845, "accuracy": 0.77602, "f1": 0.77602, "accuracy-SBM": 0.77602, "auc": 0.96097}
{"epoch": 50, "time_epoch": 86.95623, "eta": 4276.68765, "eta_hours": 1.18797, "loss": 0.61902386, "lr": 0.00027064, "params": 502054, "time_iter": 0.13913, "accuracy": 0.77839, "f1": 0.77839, "accuracy-SBM": 0.77839, "auc": 0.96163}
{"epoch": 51, "time_epoch": 86.3676, "eta": 4188.5667, "eta_hours": 1.16349, "loss": 0.61639933, "lr": 0.0002624, "params": 502054, "time_iter": 0.13819, "accuracy": 0.77924, "f1": 0.77924, "accuracy-SBM": 0.77924, "auc": 0.96194}
{"epoch": 52, "time_epoch": 86.70227, "eta": 4100.8087, "eta_hours": 1.13911, "loss": 0.61472267, "lr": 0.00025413, "params": 502054, "time_iter": 0.13872, "accuracy": 0.77898, "f1": 0.77898, "accuracy-SBM": 0.77898, "auc": 0.96216}
{"epoch": 53, "time_epoch": 87.00908, "eta": 4013.35116, "eta_hours": 1.11482, "loss": 0.61290696, "lr": 0.00024587, "params": 502054, "time_iter": 0.13921, "accuracy": 0.78003, "f1": 0.78003, "accuracy-SBM": 0.78003, "auc": 0.96238}
{"epoch": 54, "time_epoch": 86.94268, "eta": 3925.8556, "eta_hours": 1.09052, "loss": 0.60856253, "lr": 0.0002376, "params": 502054, "time_iter": 0.13911, "accuracy": 0.78141, "f1": 0.7814, "accuracy-SBM": 0.78141, "auc": 0.96292}
{"epoch": 55, "time_epoch": 86.30571, "eta": 3837.87931, "eta_hours": 1.06608, "loss": 0.60656078, "lr": 0.00022936, "params": 502054, "time_iter": 0.13809, "accuracy": 0.78197, "f1": 0.78197, "accuracy-SBM": 0.78197, "auc": 0.96316}
{"epoch": 56, "time_epoch": 86.64966, "eta": 3750.22111, "eta_hours": 1.04173, "loss": 0.60421943, "lr": 0.00022113, "params": 502054, "time_iter": 0.13864, "accuracy": 0.78257, "f1": 0.78256, "accuracy-SBM": 0.78257, "auc": 0.96346}
{"epoch": 57, "time_epoch": 86.45207, "eta": 3662.4546, "eta_hours": 1.01735, "loss": 0.60104886, "lr": 0.00021293, "params": 502054, "time_iter": 0.13832, "accuracy": 0.78346, "f1": 0.78346, "accuracy-SBM": 0.78346, "auc": 0.96385}
{"epoch": 58, "time_epoch": 86.54635, "eta": 3574.79817, "eta_hours": 0.993, "loss": 0.60012683, "lr": 0.00020478, "params": 502054, "time_iter": 0.13847, "accuracy": 0.78445, "f1": 0.78444, "accuracy-SBM": 0.78445, "auc": 0.96394}
{"epoch": 59, "time_epoch": 85.84354, "eta": 3486.71019, "eta_hours": 0.96853, "loss": 0.598155, "lr": 0.00019668, "params": 502054, "time_iter": 0.13735, "accuracy": 0.78468, "f1": 0.78468, "accuracy-SBM": 0.78468, "auc": 0.96418}
{"epoch": 60, "time_epoch": 85.83009, "eta": 3398.68721, "eta_hours": 0.94408, "loss": 0.59583523, "lr": 0.00018863, "params": 502054, "time_iter": 0.13733, "accuracy": 0.78536, "f1": 0.78536, "accuracy-SBM": 0.78536, "auc": 0.96447}
{"epoch": 61, "time_epoch": 85.94728, "eta": 3310.80679, "eta_hours": 0.91967, "loss": 0.59725132, "lr": 0.00018065, "params": 502054, "time_iter": 0.13752, "accuracy": 0.78522, "f1": 0.78522, "accuracy-SBM": 0.78522, "auc": 0.96428}
{"epoch": 62, "time_epoch": 85.81318, "eta": 3222.90899, "eta_hours": 0.89525, "loss": 0.59250515, "lr": 0.00017275, "params": 502054, "time_iter": 0.1373, "accuracy": 0.78668, "f1": 0.78667, "accuracy-SBM": 0.78668, "auc": 0.96487}
{"epoch": 63, "time_epoch": 86.72108, "eta": 3135.58702, "eta_hours": 0.871, "loss": 0.59019903, "lr": 0.00016493, "params": 502054, "time_iter": 0.13875, "accuracy": 0.78754, "f1": 0.78754, "accuracy-SBM": 0.78754, "auc": 0.96514}
{"epoch": 64, "time_epoch": 86.29854, "eta": 3048.05602, "eta_hours": 0.84668, "loss": 0.5890791, "lr": 0.0001572, "params": 502054, "time_iter": 0.13808, "accuracy": 0.78858, "f1": 0.78857, "accuracy-SBM": 0.78858, "auc": 0.96526}
{"epoch": 65, "time_epoch": 86.14816, "eta": 2960.4849, "eta_hours": 0.82236, "loss": 0.58852399, "lr": 0.00014958, "params": 502054, "time_iter": 0.13784, "accuracy": 0.78816, "f1": 0.78815, "accuracy-SBM": 0.78816, "auc": 0.96533}
{"epoch": 66, "time_epoch": 86.05169, "eta": 2872.90874, "eta_hours": 0.79803, "loss": 0.58512578, "lr": 0.00014206, "params": 502054, "time_iter": 0.13768, "accuracy": 0.78959, "f1": 0.78959, "accuracy-SBM": 0.78959, "auc": 0.96573}
{"epoch": 67, "time_epoch": 86.56202, "eta": 2785.61757, "eta_hours": 0.77378, "loss": 0.58470852, "lr": 0.00013466, "params": 502054, "time_iter": 0.1385, "accuracy": 0.78971, "f1": 0.78971, "accuracy-SBM": 0.78971, "auc": 0.96579}
{"epoch": 68, "time_epoch": 87.15646, "eta": 2698.6146, "eta_hours": 0.74962, "loss": 0.58242311, "lr": 0.00012739, "params": 502054, "time_iter": 0.13945, "accuracy": 0.79045, "f1": 0.79045, "accuracy-SBM": 0.79045, "auc": 0.96605}
{"epoch": 69, "time_epoch": 86.82805, "eta": 2611.46651, "eta_hours": 0.72541, "loss": 0.58127839, "lr": 0.00012026, "params": 502054, "time_iter": 0.13892, "accuracy": 0.79095, "f1": 0.79094, "accuracy-SBM": 0.79095, "auc": 0.96618}
{"epoch": 70, "time_epoch": 85.86333, "eta": 2523.93338, "eta_hours": 0.70109, "loss": 0.57966521, "lr": 0.00011326, "params": 502054, "time_iter": 0.13738, "accuracy": 0.79184, "f1": 0.79184, "accuracy-SBM": 0.79184, "auc": 0.96636}
{"epoch": 71, "time_epoch": 87.08064, "eta": 2436.92004, "eta_hours": 0.67692, "loss": 0.57816318, "lr": 0.00010642, "params": 502054, "time_iter": 0.13933, "accuracy": 0.79188, "f1": 0.79188, "accuracy-SBM": 0.79188, "auc": 0.96656}
{"epoch": 72, "time_epoch": 85.84555, "eta": 2349.44804, "eta_hours": 0.65262, "loss": 0.57379366, "lr": 9.973e-05, "params": 502054, "time_iter": 0.13735, "accuracy": 0.79327, "f1": 0.79327, "accuracy-SBM": 0.79327, "auc": 0.96706}
{"epoch": 73, "time_epoch": 86.98981, "eta": 2262.42203, "eta_hours": 0.62845, "loss": 0.57468625, "lr": 9.321e-05, "params": 502054, "time_iter": 0.13918, "accuracy": 0.79316, "f1": 0.79315, "accuracy-SBM": 0.79316, "auc": 0.96695}
{"epoch": 74, "time_epoch": 86.6756, "eta": 2175.29226, "eta_hours": 0.60425, "loss": 0.57281691, "lr": 8.685e-05, "params": 502054, "time_iter": 0.13868, "accuracy": 0.79368, "f1": 0.79368, "accuracy-SBM": 0.79368, "auc": 0.96716}
{"epoch": 75, "time_epoch": 85.4853, "eta": 2087.79855, "eta_hours": 0.57994, "loss": 0.57301907, "lr": 8.068e-05, "params": 502054, "time_iter": 0.13678, "accuracy": 0.79324, "f1": 0.79324, "accuracy-SBM": 0.79324, "auc": 0.96716}
{"epoch": 76, "time_epoch": 86.06595, "eta": 2000.53045, "eta_hours": 0.5557, "loss": 0.57136272, "lr": 7.469e-05, "params": 502054, "time_iter": 0.13771, "accuracy": 0.79424, "f1": 0.79424, "accuracy-SBM": 0.79424, "auc": 0.96733}
{"epoch": 77, "time_epoch": 86.4843, "eta": 1913.41117, "eta_hours": 0.5315, "loss": 0.57177352, "lr": 6.889e-05, "params": 502054, "time_iter": 0.13837, "accuracy": 0.79443, "f1": 0.79443, "accuracy-SBM": 0.79443, "auc": 0.96729}
{"epoch": 78, "time_epoch": 87.00325, "eta": 1826.44591, "eta_hours": 0.50735, "loss": 0.57005618, "lr": 6.329e-05, "params": 502054, "time_iter": 0.13921, "accuracy": 0.79433, "f1": 0.79433, "accuracy-SBM": 0.79433, "auc": 0.96748}
{"epoch": 79, "time_epoch": 85.38374, "eta": 1739.07483, "eta_hours": 0.48308, "loss": 0.56808622, "lr": 5.79e-05, "params": 502054, "time_iter": 0.13661, "accuracy": 0.79546, "f1": 0.79546, "accuracy-SBM": 0.79546, "auc": 0.9677}
{"epoch": 80, "time_epoch": 85.5916, "eta": 1651.80157, "eta_hours": 0.45883, "loss": 0.56917109, "lr": 5.271e-05, "params": 502054, "time_iter": 0.13695, "accuracy": 0.79514, "f1": 0.79514, "accuracy-SBM": 0.79514, "auc": 0.96759}
{"epoch": 81, "time_epoch": 86.73702, "eta": 1564.82077, "eta_hours": 0.43467, "loss": 0.56647506, "lr": 4.775e-05, "params": 502054, "time_iter": 0.13878, "accuracy": 0.79574, "f1": 0.79574, "accuracy-SBM": 0.79574, "auc": 0.96789}
{"epoch": 82, "time_epoch": 86.66476, "eta": 1477.83104, "eta_hours": 0.41051, "loss": 0.56473487, "lr": 4.3e-05, "params": 502054, "time_iter": 0.13866, "accuracy": 0.79653, "f1": 0.79653, "accuracy-SBM": 0.79653, "auc": 0.96811}
{"epoch": 83, "time_epoch": 86.76671, "eta": 1390.86846, "eta_hours": 0.38635, "loss": 0.56521033, "lr": 3.848e-05, "params": 502054, "time_iter": 0.13883, "accuracy": 0.79621, "f1": 0.79621, "accuracy-SBM": 0.79621, "auc": 0.96805}
{"epoch": 84, "time_epoch": 87.16698, "eta": 1303.98113, "eta_hours": 0.36222, "loss": 0.56480996, "lr": 3.419e-05, "params": 502054, "time_iter": 0.13947, "accuracy": 0.79653, "f1": 0.79653, "accuracy-SBM": 0.79653, "auc": 0.96808}
{"epoch": 85, "time_epoch": 87.43822, "eta": 1217.13145, "eta_hours": 0.33809, "loss": 0.56364664, "lr": 3.013e-05, "params": 502054, "time_iter": 0.1399, "accuracy": 0.79687, "f1": 0.79687, "accuracy-SBM": 0.79687, "auc": 0.96823}
{"epoch": 86, "time_epoch": 86.78694, "eta": 1130.17092, "eta_hours": 0.31394, "loss": 0.56291789, "lr": 2.632e-05, "params": 502054, "time_iter": 0.13886, "accuracy": 0.79727, "f1": 0.79727, "accuracy-SBM": 0.79727, "auc": 0.96828}
{"epoch": 87, "time_epoch": 86.09734, "eta": 1043.1203, "eta_hours": 0.28976, "loss": 0.55940166, "lr": 2.275e-05, "params": 502054, "time_iter": 0.13776, "accuracy": 0.79845, "f1": 0.79845, "accuracy-SBM": 0.79845, "auc": 0.96869}
{"epoch": 88, "time_epoch": 86.4497, "eta": 956.13466, "eta_hours": 0.26559, "loss": 0.56086692, "lr": 1.943e-05, "params": 502054, "time_iter": 0.13832, "accuracy": 0.79792, "f1": 0.79792, "accuracy-SBM": 0.79792, "auc": 0.96853}
{"epoch": 89, "time_epoch": 86.4776, "eta": 869.16402, "eta_hours": 0.24143, "loss": 0.56132227, "lr": 1.636e-05, "params": 502054, "time_iter": 0.13836, "accuracy": 0.79774, "f1": 0.79774, "accuracy-SBM": 0.79774, "auc": 0.96847}
{"epoch": 90, "time_epoch": 86.88118, "eta": 782.24414, "eta_hours": 0.21729, "loss": 0.55990156, "lr": 1.355e-05, "params": 502054, "time_iter": 0.13901, "accuracy": 0.79758, "f1": 0.79758, "accuracy-SBM": 0.79758, "auc": 0.96863}
{"epoch": 91, "time_epoch": 85.7767, "eta": 695.22905, "eta_hours": 0.19312, "loss": 0.55896932, "lr": 1.099e-05, "params": 502054, "time_iter": 0.13724, "accuracy": 0.79834, "f1": 0.79834, "accuracy-SBM": 0.79834, "auc": 0.96875}
{"epoch": 92, "time_epoch": 85.91572, "eta": 608.25106, "eta_hours": 0.16896, "loss": 0.55979641, "lr": 8.7e-06, "params": 502054, "time_iter": 0.13747, "accuracy": 0.79812, "f1": 0.79812, "accuracy-SBM": 0.79812, "auc": 0.96864}
{"epoch": 93, "time_epoch": 86.04631, "eta": 521.30401, "eta_hours": 0.14481, "loss": 0.55896038, "lr": 6.67e-06, "params": 502054, "time_iter": 0.13767, "accuracy": 0.79877, "f1": 0.79877, "accuracy-SBM": 0.79877, "auc": 0.96875}
{"epoch": 94, "time_epoch": 86.72704, "eta": 434.41174, "eta_hours": 0.12067, "loss": 0.55799527, "lr": 4.91e-06, "params": 502054, "time_iter": 0.13876, "accuracy": 0.79914, "f1": 0.79914, "accuracy-SBM": 0.79914, "auc": 0.96884}
{"epoch": 95, "time_epoch": 87.12292, "eta": 347.53942, "eta_hours": 0.09654, "loss": 0.55875874, "lr": 3.41e-06, "params": 502054, "time_iter": 0.1394, "accuracy": 0.79845, "f1": 0.79845, "accuracy-SBM": 0.79845, "auc": 0.96877}
{"epoch": 96, "time_epoch": 87.30391, "eta": 260.66752, "eta_hours": 0.07241, "loss": 0.55948071, "lr": 2.18e-06, "params": 502054, "time_iter": 0.13969, "accuracy": 0.79865, "f1": 0.79865, "accuracy-SBM": 0.79865, "auc": 0.96869}
{"epoch": 97, "time_epoch": 86.78866, "eta": 173.7763, "eta_hours": 0.04827, "loss": 0.55866024, "lr": 1.23e-06, "params": 502054, "time_iter": 0.13886, "accuracy": 0.79885, "f1": 0.79885, "accuracy-SBM": 0.79885, "auc": 0.96877}
{"epoch": 98, "time_epoch": 86.81502, "eta": 86.88741, "eta_hours": 0.02414, "loss": 0.55896709, "lr": 5.5e-07, "params": 502054, "time_iter": 0.1389, "accuracy": 0.79857, "f1": 0.79857, "accuracy-SBM": 0.79857, "auc": 0.96876}
{"epoch": 99, "time_epoch": 87.16722, "eta": 0.0, "eta_hours": 0.0, "loss": 0.55813119, "lr": 1.4e-07, "params": 502054, "time_iter": 0.13947, "accuracy": 0.79882, "f1": 0.79881, "accuracy-SBM": 0.79882, "auc": 0.96884}
