{"epoch": 0, "time_epoch": 181.27957, "eta": 36074.6336, "eta_hours": 10.02073, "loss": 3.6098188, "lr": 0.0, "params": 3434533, "time_iter": 0.07417, "accuracy": 0.01932, "f1": 0.0094, "auc": 0.50497}
{"epoch": 1, "time_epoch": 175.7575, "eta": 35346.66918, "eta_hours": 9.81852, "loss": 3.44853881, "lr": 3e-05, "params": 3434533, "time_iter": 0.07191, "accuracy": 0.10964, "f1": 0.01108, "auc": 0.54286}
{"epoch": 2, "time_epoch": 175.7262, "eta": 34984.78771, "eta_hours": 9.718, "loss": 3.25758846, "lr": 6e-05, "params": 3434533, "time_iter": 0.0719, "accuracy": 0.14047, "f1": 0.02248, "auc": 0.65086}
{"epoch": 3, "time_epoch": 175.56827, "eta": 34708.24544, "eta_hours": 9.64118, "loss": 3.0351308, "lr": 9e-05, "params": 3434533, "time_iter": 0.07184, "accuracy": 0.19334, "f1": 0.04358, "auc": 0.75925}
{"epoch": 4, "time_epoch": 175.57586, "eta": 34472.38849, "eta_hours": 9.57566, "loss": 2.6307773, "lr": 0.00012, "params": 3434533, "time_iter": 0.07184, "accuracy": 0.30441, "f1": 0.1013, "auc": 0.86183}
{"epoch": 5, "time_epoch": 175.63823, "eta": 34258.64204, "eta_hours": 9.51629, "loss": 2.2174675, "lr": 0.00015, "params": 3434533, "time_iter": 0.07187, "accuracy": 0.39266, "f1": 0.15739, "auc": 0.91202}
{"epoch": 6, "time_epoch": 175.96635, "eta": 34064.8303, "eta_hours": 9.46245, "loss": 1.81408343, "lr": 0.00018, "params": 3434533, "time_iter": 0.072, "accuracy": 0.47575, "f1": 0.22908, "auc": 0.94687}
{"epoch": 7, "time_epoch": 175.76254, "eta": 33870.58839, "eta_hours": 9.4085, "loss": 1.49495069, "lr": 0.00021, "params": 3434533, "time_iter": 0.07192, "accuracy": 0.55625, "f1": 0.329, "auc": 0.96611}
{"epoch": 8, "time_epoch": 175.74497, "eta": 33680.08016, "eta_hours": 9.35558, "loss": 1.25909242, "lr": 0.00024, "params": 3434533, "time_iter": 0.07191, "accuracy": 0.61705, "f1": 0.41772, "auc": 0.97642}
{"epoch": 9, "time_epoch": 175.8495, "eta": 33494.51067, "eta_hours": 9.30403, "loss": 1.07136473, "lr": 0.00027, "params": 3434533, "time_iter": 0.07195, "accuracy": 0.6668, "f1": 0.507, "auc": 0.98276}
{"epoch": 10, "time_epoch": 175.76131, "eta": 33309.19325, "eta_hours": 9.25255, "loss": 0.91636618, "lr": 0.0003, "params": 3434533, "time_iter": 0.07192, "accuracy": 0.71492, "f1": 0.59271, "auc": 0.98685}
{"epoch": 11, "time_epoch": 175.72691, "eta": 33124.92954, "eta_hours": 9.20137, "loss": 0.78371555, "lr": 0.00029998, "params": 3434533, "time_iter": 0.0719, "accuracy": 0.75786, "f1": 0.66769, "auc": 0.9902}
{"epoch": 12, "time_epoch": 175.64987, "eta": 32940.87105, "eta_hours": 9.15024, "loss": 0.66996387, "lr": 0.00029992, "params": 3434533, "time_iter": 0.07187, "accuracy": 0.79641, "f1": 0.7409, "auc": 0.99249}
{"epoch": 13, "time_epoch": 175.60912, "eta": 32757.47241, "eta_hours": 9.0993, "loss": 0.57985379, "lr": 0.00029982, "params": 3434533, "time_iter": 0.07185, "accuracy": 0.82742, "f1": 0.79316, "auc": 0.99429}
{"epoch": 14, "time_epoch": 175.61175, "eta": 32575.14481, "eta_hours": 9.04865, "loss": 0.50340875, "lr": 0.00029967, "params": 3434533, "time_iter": 0.07185, "accuracy": 0.85205, "f1": 0.83082, "auc": 0.99559}
{"epoch": 15, "time_epoch": 175.42169, "eta": 32391.4709, "eta_hours": 8.99763, "loss": 0.4410135, "lr": 0.00029949, "params": 3434533, "time_iter": 0.07178, "accuracy": 0.8704, "f1": 0.85697, "auc": 0.99661}
{"epoch": 16, "time_epoch": 175.98787, "eta": 32214.86265, "eta_hours": 8.94857, "loss": 0.38530786, "lr": 0.00029926, "params": 3434533, "time_iter": 0.07201, "accuracy": 0.8879, "f1": 0.87679, "auc": 0.99733}
{"epoch": 17, "time_epoch": 175.7073, "eta": 32035.48649, "eta_hours": 8.89875, "loss": 0.34380788, "lr": 0.000299, "params": 3434533, "time_iter": 0.07189, "accuracy": 0.8995, "f1": 0.89162, "auc": 0.99782}
{"epoch": 18, "time_epoch": 175.51052, "eta": 31854.62192, "eta_hours": 8.84851, "loss": 0.30878434, "lr": 0.00029869, "params": 3434533, "time_iter": 0.07181, "accuracy": 0.91024, "f1": 0.90462, "auc": 0.9982}
{"epoch": 19, "time_epoch": 175.6785, "eta": 31675.80459, "eta_hours": 8.79883, "loss": 0.28034061, "lr": 0.00029834, "params": 3434533, "time_iter": 0.07188, "accuracy": 0.91836, "f1": 0.91376, "auc": 0.99853}
{"epoch": 20, "time_epoch": 175.68887, "eta": 31497.37451, "eta_hours": 8.74927, "loss": 0.25408033, "lr": 0.00029795, "params": 3434533, "time_iter": 0.07189, "accuracy": 0.92506, "f1": 0.92092, "auc": 0.99877}
{"epoch": 21, "time_epoch": 175.50235, "eta": 31317.68458, "eta_hours": 8.69936, "loss": 0.23258357, "lr": 0.00029753, "params": 3434533, "time_iter": 0.07181, "accuracy": 0.93169, "f1": 0.92787, "auc": 0.99897}
{"epoch": 22, "time_epoch": 175.67276, "eta": 31139.67021, "eta_hours": 8.64991, "loss": 0.21576388, "lr": 0.00029706, "params": 3434533, "time_iter": 0.07188, "accuracy": 0.93523, "f1": 0.93194, "auc": 0.99914}
{"epoch": 23, "time_epoch": 175.4828, "eta": 30960.45792, "eta_hours": 8.60013, "loss": 0.20166998, "lr": 0.00029655, "params": 3434533, "time_iter": 0.0718, "accuracy": 0.93976, "f1": 0.93699, "auc": 0.9992}
{"epoch": 24, "time_epoch": 175.65111, "eta": 30782.72211, "eta_hours": 8.55076, "loss": 0.18752446, "lr": 0.000296, "params": 3434533, "time_iter": 0.07187, "accuracy": 0.9435, "f1": 0.94087, "auc": 0.99934}
{"epoch": 25, "time_epoch": 175.54184, "eta": 30604.4154, "eta_hours": 8.50123, "loss": 0.17197302, "lr": 0.00029541, "params": 3434533, "time_iter": 0.07183, "accuracy": 0.94766, "f1": 0.94602, "auc": 0.99941}
{"epoch": 26, "time_epoch": 175.47693, "eta": 30425.89763, "eta_hours": 8.45164, "loss": 0.16229103, "lr": 0.00029478, "params": 3434533, "time_iter": 0.0718, "accuracy": 0.95129, "f1": 0.94886, "auc": 0.9995}
{"epoch": 27, "time_epoch": 175.66578, "eta": 30248.75714, "eta_hours": 8.40243, "loss": 0.15152959, "lr": 0.00029411, "params": 3434533, "time_iter": 0.07188, "accuracy": 0.95347, "f1": 0.95141, "auc": 0.99956}
{"epoch": 28, "time_epoch": 175.52436, "eta": 30070.88444, "eta_hours": 8.35302, "loss": 0.14347315, "lr": 0.00029341, "params": 3434533, "time_iter": 0.07182, "accuracy": 0.95675, "f1": 0.95492, "auc": 0.9996}
{"epoch": 29, "time_epoch": 175.4566, "eta": 29892.78434, "eta_hours": 8.30355, "loss": 0.13394594, "lr": 0.00029266, "params": 3434533, "time_iter": 0.07179, "accuracy": 0.95923, "f1": 0.95784, "auc": 0.99964}
{"epoch": 30, "time_epoch": 175.39524, "eta": 29714.52027, "eta_hours": 8.25403, "loss": 0.12589445, "lr": 0.00029187, "params": 3434533, "time_iter": 0.07177, "accuracy": 0.96188, "f1": 0.96033, "auc": 0.9997}
{"epoch": 31, "time_epoch": 175.36717, "eta": 29536.28813, "eta_hours": 8.20452, "loss": 0.11840691, "lr": 0.00029105, "params": 3434533, "time_iter": 0.07175, "accuracy": 0.96384, "f1": 0.96283, "auc": 0.99973}
{"epoch": 32, "time_epoch": 175.80083, "eta": 29360.42424, "eta_hours": 8.15567, "loss": 0.11324414, "lr": 0.00029018, "params": 3434533, "time_iter": 0.07193, "accuracy": 0.96512, "f1": 0.96343, "auc": 0.99975}
{"epoch": 33, "time_epoch": 175.84771, "eta": 29184.79292, "eta_hours": 8.10689, "loss": 0.10645799, "lr": 0.00028928, "params": 3434533, "time_iter": 0.07195, "accuracy": 0.96714, "f1": 0.96572, "auc": 0.99978}
{"epoch": 34, "time_epoch": 175.74908, "eta": 29008.68424, "eta_hours": 8.05797, "loss": 0.0994, "lr": 0.00028834, "params": 3434533, "time_iter": 0.07191, "accuracy": 0.96941, "f1": 0.96858, "auc": 0.99982}
{"epoch": 35, "time_epoch": 175.64823, "eta": 28832.13615, "eta_hours": 8.00893, "loss": 0.0950782, "lr": 0.00028737, "params": 3434533, "time_iter": 0.07187, "accuracy": 0.97035, "f1": 0.96929, "auc": 0.99983}
{"epoch": 36, "time_epoch": 175.6761, "eta": 28655.75946, "eta_hours": 7.95993, "loss": 0.0909218, "lr": 0.00028635, "params": 3434533, "time_iter": 0.07188, "accuracy": 0.97183, "f1": 0.97099, "auc": 0.99985}
{"epoch": 37, "time_epoch": 175.69897, "eta": 28479.51715, "eta_hours": 7.91098, "loss": 0.08444185, "lr": 0.0002853, "params": 3434533, "time_iter": 0.07189, "accuracy": 0.97403, "f1": 0.97354, "auc": 0.99987}
{"epoch": 38, "time_epoch": 175.90676, "eta": 28304.16052, "eta_hours": 7.86227, "loss": 0.08356675, "lr": 0.00028421, "params": 3434533, "time_iter": 0.07197, "accuracy": 0.97455, "f1": 0.97348, "auc": 0.99986}
{"epoch": 39, "time_epoch": 175.86246, "eta": 28128.59917, "eta_hours": 7.8135, "loss": 0.07916287, "lr": 0.00028308, "params": 3434533, "time_iter": 0.07196, "accuracy": 0.97618, "f1": 0.97522, "auc": 0.99988}
{"epoch": 40, "time_epoch": 175.66088, "eta": 27952.2414, "eta_hours": 7.76451, "loss": 0.07563295, "lr": 0.00028192, "params": 3434533, "time_iter": 0.07187, "accuracy": 0.97596, "f1": 0.97527, "auc": 0.99989}
{"epoch": 41, "time_epoch": 175.5007, "eta": 27775.31422, "eta_hours": 7.71537, "loss": 0.07303809, "lr": 0.00028072, "params": 3434533, "time_iter": 0.07181, "accuracy": 0.97708, "f1": 0.97681, "auc": 0.9999}
{"epoch": 42, "time_epoch": 175.24431, "eta": 27597.51729, "eta_hours": 7.66598, "loss": 0.06979774, "lr": 0.00027949, "params": 3434533, "time_iter": 0.0717, "accuracy": 0.97835, "f1": 0.97715, "auc": 0.9999}
{"epoch": 43, "time_epoch": 175.63419, "eta": 27421.21868, "eta_hours": 7.61701, "loss": 0.06816453, "lr": 0.00027822, "params": 3434533, "time_iter": 0.07186, "accuracy": 0.97885, "f1": 0.97757, "auc": 0.99991}
{"epoch": 44, "time_epoch": 175.45344, "eta": 27244.32701, "eta_hours": 7.56787, "loss": 0.06506334, "lr": 0.00027691, "params": 3434533, "time_iter": 0.07179, "accuracy": 0.97973, "f1": 0.97893, "auc": 0.99992}
{"epoch": 45, "time_epoch": 175.65794, "eta": 27068.1825, "eta_hours": 7.51894, "loss": 0.06263869, "lr": 0.00027557, "params": 3434533, "time_iter": 0.07187, "accuracy": 0.98023, "f1": 0.97969, "auc": 0.99992}
{"epoch": 46, "time_epoch": 175.59534, "eta": 26891.85492, "eta_hours": 7.46996, "loss": 0.05997521, "lr": 0.0002742, "params": 3434533, "time_iter": 0.07185, "accuracy": 0.98138, "f1": 0.98061, "auc": 0.99993}
{"epoch": 47, "time_epoch": 175.71262, "eta": 26715.92922, "eta_hours": 7.42109, "loss": 0.05959407, "lr": 0.00027279, "params": 3434533, "time_iter": 0.0719, "accuracy": 0.98139, "f1": 0.98094, "auc": 0.99993}
{"epoch": 48, "time_epoch": 175.54891, "eta": 26539.50773, "eta_hours": 7.37209, "loss": 0.05630352, "lr": 0.00027135, "params": 3434533, "time_iter": 0.07183, "accuracy": 0.98239, "f1": 0.98235, "auc": 0.99994}
{"epoch": 49, "time_epoch": 175.6741, "eta": 26363.49673, "eta_hours": 7.32319, "loss": 0.05436699, "lr": 0.00026988, "params": 3434533, "time_iter": 0.07188, "accuracy": 0.98303, "f1": 0.98257, "auc": 0.99994}
{"epoch": 50, "time_epoch": 175.81861, "eta": 26187.92111, "eta_hours": 7.27442, "loss": 0.05644739, "lr": 0.00026837, "params": 3434533, "time_iter": 0.07194, "accuracy": 0.98233, "f1": 0.98197, "auc": 0.99994}
{"epoch": 51, "time_epoch": 175.73866, "eta": 26012.1086, "eta_hours": 7.22559, "loss": 0.04706154, "lr": 0.00026683, "params": 3434533, "time_iter": 0.07191, "accuracy": 0.98536, "f1": 0.98495, "auc": 0.99996}
{"epoch": 52, "time_epoch": 175.60559, "eta": 25835.92981, "eta_hours": 7.17665, "loss": 0.04780786, "lr": 0.00026526, "params": 3434533, "time_iter": 0.07185, "accuracy": 0.98508, "f1": 0.98451, "auc": 0.99995}
{"epoch": 53, "time_epoch": 175.82246, "eta": 25660.35859, "eta_hours": 7.12788, "loss": 0.04495224, "lr": 0.00026366, "params": 3434533, "time_iter": 0.07194, "accuracy": 0.98592, "f1": 0.98582, "auc": 0.99996}
{"epoch": 54, "time_epoch": 175.72755, "eta": 25484.52802, "eta_hours": 7.07904, "loss": 0.04364999, "lr": 0.00026202, "params": 3434533, "time_iter": 0.0719, "accuracy": 0.98648, "f1": 0.98617, "auc": 0.99996}
{"epoch": 55, "time_epoch": 175.81216, "eta": 25308.91871, "eta_hours": 7.03026, "loss": 0.04224111, "lr": 0.00026036, "params": 3434533, "time_iter": 0.07194, "accuracy": 0.98684, "f1": 0.98692, "auc": 0.99996}
{"epoch": 56, "time_epoch": 175.83531, "eta": 25133.36034, "eta_hours": 6.98149, "loss": 0.04183351, "lr": 0.00025866, "params": 3434533, "time_iter": 0.07195, "accuracy": 0.98705, "f1": 0.98689, "auc": 0.99997}
{"epoch": 57, "time_epoch": 175.59397, "eta": 24957.20157, "eta_hours": 6.93256, "loss": 0.04067294, "lr": 0.00025694, "params": 3434533, "time_iter": 0.07185, "accuracy": 0.98743, "f1": 0.98705, "auc": 0.99997}
{"epoch": 58, "time_epoch": 175.80763, "eta": 24781.57255, "eta_hours": 6.88377, "loss": 0.03797766, "lr": 0.00025519, "params": 3434533, "time_iter": 0.07193, "accuracy": 0.98783, "f1": 0.98766, "auc": 0.99997}
{"epoch": 59, "time_epoch": 175.7548, "eta": 24605.8143, "eta_hours": 6.83495, "loss": 0.03608358, "lr": 0.0002534, "params": 3434533, "time_iter": 0.07191, "accuracy": 0.98875, "f1": 0.98842, "auc": 0.99997}
{"epoch": 60, "time_epoch": 175.5489, "eta": 24429.58699, "eta_hours": 6.786, "loss": 0.03496395, "lr": 0.00025159, "params": 3434533, "time_iter": 0.07183, "accuracy": 0.98918, "f1": 0.98883, "auc": 0.99998}
{"epoch": 61, "time_epoch": 175.94607, "eta": 24254.26559, "eta_hours": 6.7373, "loss": 0.03553751, "lr": 0.00024975, "params": 3434533, "time_iter": 0.07199, "accuracy": 0.98913, "f1": 0.98913, "auc": 0.99997}
{"epoch": 62, "time_epoch": 175.89205, "eta": 24078.80687, "eta_hours": 6.68856, "loss": 0.03341553, "lr": 0.00024789, "params": 3434533, "time_iter": 0.07197, "accuracy": 0.98965, "f1": 0.98941, "auc": 0.99997}
{"epoch": 63, "time_epoch": 175.79275, "eta": 23903.12361, "eta_hours": 6.63976, "loss": 0.04104511, "lr": 0.000246, "params": 3434533, "time_iter": 0.07193, "accuracy": 0.9871, "f1": 0.98688, "auc": 0.99996}
{"epoch": 64, "time_epoch": 175.80625, "eta": 23727.46501, "eta_hours": 6.59096, "loss": 0.03636616, "lr": 0.00024408, "params": 3434533, "time_iter": 0.07193, "accuracy": 0.98838, "f1": 0.98831, "auc": 0.99997}
{"epoch": 65, "time_epoch": 175.85733, "eta": 23551.90565, "eta_hours": 6.5422, "loss": 0.03910238, "lr": 0.00024213, "params": 3434533, "time_iter": 0.07195, "accuracy": 0.98775, "f1": 0.9876, "auc": 0.99996}
{"epoch": 66, "time_epoch": 176.13976, "eta": 23376.89803, "eta_hours": 6.49358, "loss": 0.03508979, "lr": 0.00024016, "params": 3434533, "time_iter": 0.07207, "accuracy": 0.98849, "f1": 0.98819, "auc": 0.99998}
{"epoch": 67, "time_epoch": 175.90439, "eta": 23201.40022, "eta_hours": 6.44483, "loss": 0.03271037, "lr": 0.00023817, "params": 3434533, "time_iter": 0.07197, "accuracy": 0.98963, "f1": 0.98951, "auc": 0.99998}
{"epoch": 68, "time_epoch": 176.05441, "eta": 23026.17546, "eta_hours": 6.39616, "loss": 0.03128786, "lr": 0.00023615, "params": 3434533, "time_iter": 0.07204, "accuracy": 0.99031, "f1": 0.98996, "auc": 0.99998}
{"epoch": 69, "time_epoch": 175.73293, "eta": 22850.32996, "eta_hours": 6.34731, "loss": 0.03015596, "lr": 0.00023411, "params": 3434533, "time_iter": 0.0719, "accuracy": 0.99056, "f1": 0.99042, "auc": 0.99998}
{"epoch": 70, "time_epoch": 175.8011, "eta": 22674.61149, "eta_hours": 6.2985, "loss": 0.02924986, "lr": 0.00023204, "params": 3434533, "time_iter": 0.07193, "accuracy": 0.991, "f1": 0.99094, "auc": 0.99997}
{"epoch": 71, "time_epoch": 175.87347, "eta": 22499.01937, "eta_hours": 6.24973, "loss": 0.03019089, "lr": 0.00022995, "params": 3434533, "time_iter": 0.07196, "accuracy": 0.99008, "f1": 0.99015, "auc": 0.99998}
{"epoch": 72, "time_epoch": 175.94189, "eta": 22323.53857, "eta_hours": 6.20098, "loss": 0.02679306, "lr": 0.00022785, "params": 3434533, "time_iter": 0.07199, "accuracy": 0.99125, "f1": 0.9912, "auc": 0.99999}
{"epoch": 73, "time_epoch": 175.92902, "eta": 22148.02341, "eta_hours": 6.15223, "loss": 0.02603866, "lr": 0.00022571, "params": 3434533, "time_iter": 0.07198, "accuracy": 0.99205, "f1": 0.99198, "auc": 0.99998}
{"epoch": 74, "time_epoch": 177.72767, "eta": 21975.49496, "eta_hours": 6.1043, "loss": 0.02610578, "lr": 0.00022356, "params": 3434533, "time_iter": 0.07272, "accuracy": 0.99166, "f1": 0.99132, "auc": 0.99999}
{"epoch": 75, "time_epoch": 181.29091, "eta": 21808.6434, "eta_hours": 6.05796, "loss": 0.02474745, "lr": 0.00022139, "params": 3434533, "time_iter": 0.07418, "accuracy": 0.99267, "f1": 0.99261, "auc": 0.99998}
{"epoch": 76, "time_epoch": 175.66177, "eta": 21632.42478, "eta_hours": 6.00901, "loss": 0.02452958, "lr": 0.0002192, "params": 3434533, "time_iter": 0.07187, "accuracy": 0.99224, "f1": 0.99195, "auc": 0.99999}
{"epoch": 77, "time_epoch": 175.16207, "eta": 21455.43886, "eta_hours": 5.95984, "loss": 0.0235907, "lr": 0.00021699, "params": 3434533, "time_iter": 0.07167, "accuracy": 0.99272, "f1": 0.99255, "auc": 0.99999}
{"epoch": 78, "time_epoch": 175.47588, "eta": 21278.97976, "eta_hours": 5.91083, "loss": 0.02259243, "lr": 0.00021476, "params": 3434533, "time_iter": 0.0718, "accuracy": 0.99284, "f1": 0.99237, "auc": 0.99999}
{"epoch": 79, "time_epoch": 175.33699, "eta": 21102.33689, "eta_hours": 5.86176, "loss": 0.02055321, "lr": 0.00021252, "params": 3434533, "time_iter": 0.07174, "accuracy": 0.99367, "f1": 0.9935, "auc": 0.99999}
{"epoch": 80, "time_epoch": 175.44031, "eta": 20925.87808, "eta_hours": 5.81274, "loss": 0.02092229, "lr": 0.00021025, "params": 3434533, "time_iter": 0.07178, "accuracy": 0.99347, "f1": 0.99328, "auc": 0.99999}
{"epoch": 81, "time_epoch": 175.41579, "eta": 20749.40881, "eta_hours": 5.76372, "loss": 0.01931324, "lr": 0.00020797, "params": 3434533, "time_iter": 0.07177, "accuracy": 0.99384, "f1": 0.99384, "auc": 0.99999}
{"epoch": 82, "time_epoch": 174.11913, "eta": 20571.13711, "eta_hours": 5.7142, "loss": 0.02003189, "lr": 0.00020568, "params": 3434533, "time_iter": 0.07124, "accuracy": 0.99384, "f1": 0.9935, "auc": 0.99999}
{"epoch": 83, "time_epoch": 174.47175, "eta": 20393.45123, "eta_hours": 5.66485, "loss": 0.02032584, "lr": 0.00020337, "params": 3434533, "time_iter": 0.07139, "accuracy": 0.99357, "f1": 0.99341, "auc": 0.99999}
{"epoch": 84, "time_epoch": 174.34654, "eta": 20215.67158, "eta_hours": 5.61546, "loss": 0.01823565, "lr": 0.00020104, "params": 3434533, "time_iter": 0.07134, "accuracy": 0.99434, "f1": 0.99448, "auc": 0.99999}
{"epoch": 85, "time_epoch": 174.1864, "eta": 20037.75949, "eta_hours": 5.56604, "loss": 0.0201778, "lr": 0.0001987, "params": 3434533, "time_iter": 0.07127, "accuracy": 0.9938, "f1": 0.99351, "auc": 0.99999}
{"epoch": 86, "time_epoch": 174.41877, "eta": 19860.23486, "eta_hours": 5.51673, "loss": 0.0176257, "lr": 0.00019635, "params": 3434533, "time_iter": 0.07137, "accuracy": 0.99405, "f1": 0.99395, "auc": 0.99999}
{"epoch": 87, "time_epoch": 174.06307, "eta": 19682.32811, "eta_hours": 5.46731, "loss": 0.01691273, "lr": 0.00019399, "params": 3434533, "time_iter": 0.07122, "accuracy": 0.99477, "f1": 0.99466, "auc": 0.99999}
{"epoch": 88, "time_epoch": 174.3213, "eta": 19504.8298, "eta_hours": 5.41801, "loss": 0.01594151, "lr": 0.00019161, "params": 3434533, "time_iter": 0.07133, "accuracy": 0.99513, "f1": 0.9952, "auc": 0.99999}
{"epoch": 89, "time_epoch": 175.06398, "eta": 19328.3098, "eta_hours": 5.36897, "loss": 0.01671164, "lr": 0.00018922, "params": 3434533, "time_iter": 0.07163, "accuracy": 0.99482, "f1": 0.99475, "auc": 0.99999}
{"epoch": 90, "time_epoch": 174.39594, "eta": 19151.02162, "eta_hours": 5.31973, "loss": 0.01562525, "lr": 0.00018682, "params": 3434533, "time_iter": 0.07136, "accuracy": 0.99517, "f1": 0.99526, "auc": 1.0}
{"epoch": 91, "time_epoch": 174.36712, "eta": 18973.76249, "eta_hours": 5.27049, "loss": 0.01612342, "lr": 0.00018441, "params": 3434533, "time_iter": 0.07134, "accuracy": 0.99491, "f1": 0.99514, "auc": 0.99999}
{"epoch": 92, "time_epoch": 174.46322, "eta": 18796.67612, "eta_hours": 5.2213, "loss": 0.01457472, "lr": 0.00018199, "params": 3434533, "time_iter": 0.07138, "accuracy": 0.99563, "f1": 0.9954, "auc": 0.99999}
{"epoch": 93, "time_epoch": 174.23629, "eta": 18619.38966, "eta_hours": 5.17205, "loss": 0.01359437, "lr": 0.00017957, "params": 3434533, "time_iter": 0.07129, "accuracy": 0.99601, "f1": 0.99608, "auc": 0.99999}
{"epoch": 94, "time_epoch": 174.3675, "eta": 18442.31243, "eta_hours": 5.12286, "loss": 0.01455028, "lr": 0.00017713, "params": 3434533, "time_iter": 0.07135, "accuracy": 0.99551, "f1": 0.99559, "auc": 1.0}
{"epoch": 95, "time_epoch": 174.50532, "eta": 18265.44096, "eta_hours": 5.07373, "loss": 0.0148892, "lr": 0.00017469, "params": 3434533, "time_iter": 0.0714, "accuracy": 0.99552, "f1": 0.99543, "auc": 0.99999}
{"epoch": 96, "time_epoch": 174.52115, "eta": 18088.63509, "eta_hours": 5.02462, "loss": 0.01369601, "lr": 0.00017224, "params": 3434533, "time_iter": 0.07141, "accuracy": 0.99556, "f1": 0.99569, "auc": 1.0}
{"epoch": 97, "time_epoch": 174.46501, "eta": 17911.81741, "eta_hours": 4.9755, "loss": 0.0134932, "lr": 0.00016978, "params": 3434533, "time_iter": 0.07139, "accuracy": 0.99588, "f1": 0.99573, "auc": 1.0}
{"epoch": 98, "time_epoch": 174.67549, "eta": 17735.26199, "eta_hours": 4.92646, "loss": 0.0122248, "lr": 0.00016732, "params": 3434533, "time_iter": 0.07147, "accuracy": 0.99616, "f1": 0.99605, "auc": 1.0}
{"epoch": 99, "time_epoch": 174.21776, "eta": 17558.28645, "eta_hours": 4.8773, "loss": 0.01191909, "lr": 0.00016486, "params": 3434533, "time_iter": 0.07128, "accuracy": 0.99634, "f1": 0.9964, "auc": 1.0}
{"epoch": 100, "time_epoch": 174.39986, "eta": 17381.544, "eta_hours": 4.82821, "loss": 0.01178164, "lr": 0.00016239, "params": 3434533, "time_iter": 0.07136, "accuracy": 0.99632, "f1": 0.99635, "auc": 1.0}
{"epoch": 101, "time_epoch": 174.15297, "eta": 17204.61028, "eta_hours": 4.77906, "loss": 0.01152425, "lr": 0.00015991, "params": 3434533, "time_iter": 0.07126, "accuracy": 0.99638, "f1": 0.99628, "auc": 1.0}
{"epoch": 102, "time_epoch": 174.52464, "eta": 17028.08058, "eta_hours": 4.73002, "loss": 0.01103535, "lr": 0.00015744, "params": 3434533, "time_iter": 0.07141, "accuracy": 0.99646, "f1": 0.99636, "auc": 1.0}
{"epoch": 103, "time_epoch": 174.57199, "eta": 16851.63315, "eta_hours": 4.68101, "loss": 0.00981462, "lr": 0.00015496, "params": 3434533, "time_iter": 0.07143, "accuracy": 0.99689, "f1": 0.99677, "auc": 1.0}
{"epoch": 104, "time_epoch": 174.57892, "eta": 16675.2277, "eta_hours": 4.63201, "loss": 0.00984493, "lr": 0.00015248, "params": 3434533, "time_iter": 0.07143, "accuracy": 0.99703, "f1": 0.99704, "auc": 1.0}
{"epoch": 105, "time_epoch": 174.65398, "eta": 16498.92329, "eta_hours": 4.58303, "loss": 0.0099217, "lr": 0.00015, "params": 3434533, "time_iter": 0.07146, "accuracy": 0.99701, "f1": 0.99719, "auc": 1.0}
{"epoch": 106, "time_epoch": 174.54239, "eta": 16322.55273, "eta_hours": 4.53404, "loss": 0.00962533, "lr": 0.00014752, "params": 3434533, "time_iter": 0.07142, "accuracy": 0.99716, "f1": 0.99714, "auc": 1.0}
{"epoch": 107, "time_epoch": 174.38773, "eta": 16146.08428, "eta_hours": 4.48502, "loss": 0.01034176, "lr": 0.00014504, "params": 3434533, "time_iter": 0.07135, "accuracy": 0.99706, "f1": 0.99698, "auc": 1.0}
{"epoch": 108, "time_epoch": 174.61694, "eta": 15969.84537, "eta_hours": 4.43607, "loss": 0.00995709, "lr": 0.00014256, "params": 3434533, "time_iter": 0.07145, "accuracy": 0.99687, "f1": 0.99693, "auc": 1.0}
{"epoch": 109, "time_epoch": 174.33788, "eta": 15793.40763, "eta_hours": 4.38706, "loss": 0.00944401, "lr": 0.00014009, "params": 3434533, "time_iter": 0.07133, "accuracy": 0.99705, "f1": 0.99697, "auc": 1.0}
{"epoch": 110, "time_epoch": 174.24044, "eta": 15616.92959, "eta_hours": 4.33804, "loss": 0.00839898, "lr": 0.00013761, "params": 3434533, "time_iter": 0.07129, "accuracy": 0.99747, "f1": 0.9974, "auc": 1.0}
{"epoch": 111, "time_epoch": 174.33644, "eta": 15440.56693, "eta_hours": 4.28905, "loss": 0.00839836, "lr": 0.00013514, "params": 3434533, "time_iter": 0.07133, "accuracy": 0.99761, "f1": 0.99758, "auc": 1.0}
{"epoch": 112, "time_epoch": 174.20952, "eta": 15264.14243, "eta_hours": 4.24004, "loss": 0.00830527, "lr": 0.00013268, "params": 3434533, "time_iter": 0.07128, "accuracy": 0.99749, "f1": 0.99752, "auc": 1.0}
{"epoch": 113, "time_epoch": 173.96453, "eta": 15087.57197, "eta_hours": 4.19099, "loss": 0.00772143, "lr": 0.00013022, "params": 3434533, "time_iter": 0.07118, "accuracy": 0.99766, "f1": 0.99765, "auc": 1.0}
{"epoch": 114, "time_epoch": 174.07315, "eta": 14911.12711, "eta_hours": 4.14198, "loss": 0.00820016, "lr": 0.00012776, "params": 3434533, "time_iter": 0.07122, "accuracy": 0.99769, "f1": 0.99786, "auc": 1.0}
{"epoch": 115, "time_epoch": 174.35119, "eta": 14734.92448, "eta_hours": 4.09303, "loss": 0.00672339, "lr": 0.00012531, "params": 3434533, "time_iter": 0.07134, "accuracy": 0.99816, "f1": 0.99827, "auc": 1.0}
{"epoch": 116, "time_epoch": 174.36985, "eta": 14558.76674, "eta_hours": 4.0441, "loss": 0.00667008, "lr": 0.00012287, "params": 3434533, "time_iter": 0.07135, "accuracy": 0.99811, "f1": 0.99807, "auc": 1.0}
{"epoch": 117, "time_epoch": 174.38604, "eta": 14382.65055, "eta_hours": 3.99518, "loss": 0.00690629, "lr": 0.00012043, "params": 3434533, "time_iter": 0.07135, "accuracy": 0.99781, "f1": 0.99784, "auc": 1.0}
{"epoch": 118, "time_epoch": 174.54316, "eta": 14206.67038, "eta_hours": 3.9463, "loss": 0.00627653, "lr": 0.00011801, "params": 3434533, "time_iter": 0.07142, "accuracy": 0.99825, "f1": 0.99821, "auc": 1.0}
{"epoch": 119, "time_epoch": 174.85774, "eta": 14030.92389, "eta_hours": 3.89748, "loss": 0.00661179, "lr": 0.00011559, "params": 3434533, "time_iter": 0.07155, "accuracy": 0.99795, "f1": 0.99802, "auc": 1.0}
{"epoch": 120, "time_epoch": 174.42894, "eta": 13854.91212, "eta_hours": 3.84859, "loss": 0.0064631, "lr": 0.00011318, "params": 3434533, "time_iter": 0.07137, "accuracy": 0.99806, "f1": 0.99806, "auc": 1.0}
{"epoch": 121, "time_epoch": 174.45251, "eta": 13678.94137, "eta_hours": 3.79971, "loss": 0.00634037, "lr": 0.00011078, "params": 3434533, "time_iter": 0.07138, "accuracy": 0.99811, "f1": 0.99829, "auc": 1.0}
{"epoch": 122, "time_epoch": 174.5287, "eta": 13503.04301, "eta_hours": 3.75085, "loss": 0.00590226, "lr": 0.00010839, "params": 3434533, "time_iter": 0.07141, "accuracy": 0.99829, "f1": 0.99836, "auc": 1.0}
{"epoch": 123, "time_epoch": 174.69496, "eta": 13327.26864, "eta_hours": 3.70202, "loss": 0.00583241, "lr": 0.00010601, "params": 3434533, "time_iter": 0.07148, "accuracy": 0.99824, "f1": 0.99828, "auc": 1.0}
{"epoch": 124, "time_epoch": 174.80646, "eta": 13151.57844, "eta_hours": 3.65322, "loss": 0.00552127, "lr": 0.00010365, "params": 3434533, "time_iter": 0.07152, "accuracy": 0.99824, "f1": 0.99837, "auc": 1.0}
{"epoch": 125, "time_epoch": 174.82343, "eta": 12975.91224, "eta_hours": 3.60442, "loss": 0.0049864, "lr": 0.0001013, "params": 3434533, "time_iter": 0.07153, "accuracy": 0.99857, "f1": 0.99861, "auc": 1.0}
{"epoch": 126, "time_epoch": 174.77704, "eta": 12800.23264, "eta_hours": 3.55562, "loss": 0.00568352, "lr": 9.896e-05, "params": 3434533, "time_iter": 0.07151, "accuracy": 0.99841, "f1": 0.99843, "auc": 1.0}
{"epoch": 127, "time_epoch": 174.63518, "eta": 12624.48735, "eta_hours": 3.5068, "loss": 0.00478425, "lr": 9.663e-05, "params": 3434533, "time_iter": 0.07145, "accuracy": 0.99868, "f1": 0.99865, "auc": 1.0}
{"epoch": 128, "time_epoch": 174.69058, "eta": 12448.78976, "eta_hours": 3.458, "loss": 0.00501831, "lr": 9.432e-05, "params": 3434533, "time_iter": 0.07148, "accuracy": 0.99857, "f1": 0.99862, "auc": 1.0}
{"epoch": 129, "time_epoch": 174.61649, "eta": 12273.06777, "eta_hours": 3.40919, "loss": 0.00529385, "lr": 9.203e-05, "params": 3434533, "time_iter": 0.07145, "accuracy": 0.99834, "f1": 0.99815, "auc": 1.0}
{"epoch": 130, "time_epoch": 174.49045, "eta": 12097.29626, "eta_hours": 3.36036, "loss": 0.00457573, "lr": 8.975e-05, "params": 3434533, "time_iter": 0.0714, "accuracy": 0.99864, "f1": 0.99862, "auc": 1.0}
{"epoch": 131, "time_epoch": 174.61801, "eta": 11921.60988, "eta_hours": 3.31156, "loss": 0.00424113, "lr": 8.748e-05, "params": 3434533, "time_iter": 0.07145, "accuracy": 0.99887, "f1": 0.99893, "auc": 1.0}
{"epoch": 132, "time_epoch": 174.52519, "eta": 11745.89281, "eta_hours": 3.26275, "loss": 0.00480791, "lr": 8.524e-05, "params": 3434533, "time_iter": 0.07141, "accuracy": 0.99855, "f1": 0.99852, "auc": 1.0}
{"epoch": 133, "time_epoch": 174.59973, "eta": 11570.23024, "eta_hours": 3.21395, "loss": 0.0039674, "lr": 8.301e-05, "params": 3434533, "time_iter": 0.07144, "accuracy": 0.99879, "f1": 0.99881, "auc": 1.0}
{"epoch": 134, "time_epoch": 174.65232, "eta": 11394.60874, "eta_hours": 3.16517, "loss": 0.00399354, "lr": 8.08e-05, "params": 3434533, "time_iter": 0.07146, "accuracy": 0.99872, "f1": 0.99874, "auc": 1.0}
{"epoch": 135, "time_epoch": 174.55861, "eta": 11218.95739, "eta_hours": 3.11638, "loss": 0.00411825, "lr": 7.861e-05, "params": 3434533, "time_iter": 0.07142, "accuracy": 0.99886, "f1": 0.99886, "auc": 1.0}
{"epoch": 136, "time_epoch": 174.66913, "eta": 11043.37282, "eta_hours": 3.0676, "loss": 0.0036019, "lr": 7.644e-05, "params": 3434533, "time_iter": 0.07147, "accuracy": 0.999, "f1": 0.99904, "auc": 1.0}
{"epoch": 137, "time_epoch": 174.59148, "eta": 10867.76662, "eta_hours": 3.01882, "loss": 0.0038895, "lr": 7.429e-05, "params": 3434533, "time_iter": 0.07144, "accuracy": 0.99882, "f1": 0.99874, "auc": 1.0}
{"epoch": 138, "time_epoch": 174.71069, "eta": 10692.22734, "eta_hours": 2.97006, "loss": 0.00338751, "lr": 7.215e-05, "params": 3434533, "time_iter": 0.07149, "accuracy": 0.999, "f1": 0.99908, "auc": 1.0}
{"epoch": 139, "time_epoch": 174.3851, "eta": 10516.56037, "eta_hours": 2.92127, "loss": 0.00272486, "lr": 7.005e-05, "params": 3434533, "time_iter": 0.07135, "accuracy": 0.99935, "f1": 0.99928, "auc": 1.0}
{"epoch": 140, "time_epoch": 174.47549, "eta": 10340.94939, "eta_hours": 2.87249, "loss": 0.00344151, "lr": 6.796e-05, "params": 3434533, "time_iter": 0.07139, "accuracy": 0.99899, "f1": 0.99908, "auc": 1.0}
{"epoch": 141, "time_epoch": 174.36994, "eta": 10165.3113, "eta_hours": 2.8237, "loss": 0.00275915, "lr": 6.589e-05, "params": 3434533, "time_iter": 0.07135, "accuracy": 0.99922, "f1": 0.99921, "auc": 1.0}
{"epoch": 142, "time_epoch": 174.6174, "eta": 9989.78958, "eta_hours": 2.77494, "loss": 0.00268995, "lr": 6.385e-05, "params": 3434533, "time_iter": 0.07145, "accuracy": 0.99935, "f1": 0.99941, "auc": 1.0}
{"epoch": 143, "time_epoch": 174.38627, "eta": 9814.19054, "eta_hours": 2.72616, "loss": 0.00343647, "lr": 6.183e-05, "params": 3434533, "time_iter": 0.07135, "accuracy": 0.99905, "f1": 0.99903, "auc": 1.0}
{"epoch": 144, "time_epoch": 174.47292, "eta": 9638.64109, "eta_hours": 2.6774, "loss": 0.00275728, "lr": 5.984e-05, "params": 3434533, "time_iter": 0.07139, "accuracy": 0.99928, "f1": 0.99927, "auc": 1.0}
{"epoch": 145, "time_epoch": 174.41387, "eta": 9463.08455, "eta_hours": 2.62863, "loss": 0.00239322, "lr": 5.787e-05, "params": 3434533, "time_iter": 0.07136, "accuracy": 0.9993, "f1": 0.99927, "auc": 1.0}
{"epoch": 146, "time_epoch": 174.50705, "eta": 9287.57715, "eta_hours": 2.57988, "loss": 0.00237922, "lr": 5.592e-05, "params": 3434533, "time_iter": 0.0714, "accuracy": 0.9994, "f1": 0.99943, "auc": 1.0}
{"epoch": 147, "time_epoch": 174.68613, "eta": 9112.14619, "eta_hours": 2.53115, "loss": 0.00229436, "lr": 5.4e-05, "params": 3434533, "time_iter": 0.07148, "accuracy": 0.99939, "f1": 0.99933, "auc": 1.0}
{"epoch": 148, "time_epoch": 174.58939, "eta": 8936.69212, "eta_hours": 2.48241, "loss": 0.00258119, "lr": 5.211e-05, "params": 3434533, "time_iter": 0.07144, "accuracy": 0.9993, "f1": 0.99923, "auc": 1.0}
{"epoch": 149, "time_epoch": 174.50332, "eta": 8761.22088, "eta_hours": 2.43367, "loss": 0.00215163, "lr": 5.025e-05, "params": 3434533, "time_iter": 0.0714, "accuracy": 0.9994, "f1": 0.99953, "auc": 1.0}
{"epoch": 150, "time_epoch": 174.51802, "eta": 8585.76723, "eta_hours": 2.38494, "loss": 0.0022528, "lr": 4.841e-05, "params": 3434533, "time_iter": 0.07141, "accuracy": 0.99939, "f1": 0.99938, "auc": 1.0}
{"epoch": 151, "time_epoch": 174.64735, "eta": 8410.36674, "eta_hours": 2.33621, "loss": 0.00318965, "lr": 4.66e-05, "params": 3434533, "time_iter": 0.07146, "accuracy": 0.99917, "f1": 0.99918, "auc": 1.0}
{"epoch": 152, "time_epoch": 174.36926, "eta": 8234.89066, "eta_hours": 2.28747, "loss": 0.00276704, "lr": 4.481e-05, "params": 3434533, "time_iter": 0.07135, "accuracy": 0.99919, "f1": 0.99925, "auc": 1.0}
{"epoch": 153, "time_epoch": 174.64494, "eta": 8059.51131, "eta_hours": 2.23875, "loss": 0.00212062, "lr": 4.306e-05, "params": 3434533, "time_iter": 0.07146, "accuracy": 0.99942, "f1": 0.99936, "auc": 1.0}
{"epoch": 154, "time_epoch": 174.60305, "eta": 7884.12927, "eta_hours": 2.19004, "loss": 0.00226576, "lr": 4.134e-05, "params": 3434533, "time_iter": 0.07144, "accuracy": 0.99941, "f1": 0.99948, "auc": 1.0}
{"epoch": 155, "time_epoch": 174.67613, "eta": 7708.77783, "eta_hours": 2.14133, "loss": 0.00212351, "lr": 3.964e-05, "params": 3434533, "time_iter": 0.07147, "accuracy": 0.9994, "f1": 0.99935, "auc": 1.0}
{"epoch": 156, "time_epoch": 174.52764, "eta": 7533.39432, "eta_hours": 2.09261, "loss": 0.0018226, "lr": 3.798e-05, "params": 3434533, "time_iter": 0.07141, "accuracy": 0.9995, "f1": 0.99955, "auc": 1.0}
{"epoch": 157, "time_epoch": 174.82571, "eta": 7358.10088, "eta_hours": 2.04392, "loss": 0.00167054, "lr": 3.634e-05, "params": 3434533, "time_iter": 0.07153, "accuracy": 0.99959, "f1": 0.99955, "auc": 1.0}
{"epoch": 158, "time_epoch": 174.56544, "eta": 7182.74621, "eta_hours": 1.99521, "loss": 0.00160533, "lr": 3.474e-05, "params": 3434533, "time_iter": 0.07143, "accuracy": 0.99955, "f1": 0.99954, "auc": 1.0}
{"epoch": 159, "time_epoch": 174.52759, "eta": 7007.39194, "eta_hours": 1.9465, "loss": 0.00176076, "lr": 3.317e-05, "params": 3434533, "time_iter": 0.07141, "accuracy": 0.99957, "f1": 0.99957, "auc": 1.0}
{"epoch": 160, "time_epoch": 174.5688, "eta": 6832.05793, "eta_hours": 1.89779, "loss": 0.00189561, "lr": 3.163e-05, "params": 3434533, "time_iter": 0.07143, "accuracy": 0.99953, "f1": 0.99956, "auc": 1.0}
{"epoch": 161, "time_epoch": 174.3727, "eta": 6656.68736, "eta_hours": 1.84908, "loss": 0.00160198, "lr": 3.012e-05, "params": 3434533, "time_iter": 0.07135, "accuracy": 0.99958, "f1": 0.99962, "auc": 1.0}
{"epoch": 162, "time_epoch": 174.76483, "eta": 6481.41805, "eta_hours": 1.80039, "loss": 0.00157095, "lr": 2.865e-05, "params": 3434533, "time_iter": 0.07151, "accuracy": 0.99958, "f1": 0.9996, "auc": 1.0}
{"epoch": 163, "time_epoch": 174.55358, "eta": 6306.10851, "eta_hours": 1.7517, "loss": 0.00140482, "lr": 2.721e-05, "params": 3434533, "time_iter": 0.07142, "accuracy": 0.99958, "f1": 0.99962, "auc": 1.0}
{"epoch": 164, "time_epoch": 174.44537, "eta": 6130.78519, "eta_hours": 1.703, "loss": 0.00154391, "lr": 2.58e-05, "params": 3434533, "time_iter": 0.07138, "accuracy": 0.99957, "f1": 0.99956, "auc": 1.0}
{"epoch": 165, "time_epoch": 174.47113, "eta": 5955.47772, "eta_hours": 1.6543, "loss": 0.00136305, "lr": 2.443e-05, "params": 3434533, "time_iter": 0.07139, "accuracy": 0.99962, "f1": 0.99967, "auc": 1.0}
{"epoch": 166, "time_epoch": 174.46473, "eta": 5780.17901, "eta_hours": 1.60561, "loss": 0.00105962, "lr": 2.309e-05, "params": 3434533, "time_iter": 0.07138, "accuracy": 0.99969, "f1": 0.99968, "auc": 1.0}
{"epoch": 167, "time_epoch": 174.3358, "eta": 5604.86566, "eta_hours": 1.55691, "loss": 0.00143912, "lr": 2.178e-05, "params": 3434533, "time_iter": 0.07133, "accuracy": 0.9996, "f1": 0.99954, "auc": 1.0}
{"epoch": 168, "time_epoch": 174.63575, "eta": 5429.6189, "eta_hours": 1.50823, "loss": 0.00100675, "lr": 2.051e-05, "params": 3434533, "time_iter": 0.07145, "accuracy": 0.99976, "f1": 0.9998, "auc": 1.0}
{"epoch": 169, "time_epoch": 174.44202, "eta": 5254.34515, "eta_hours": 1.45954, "loss": 0.00112853, "lr": 1.928e-05, "params": 3434533, "time_iter": 0.07138, "accuracy": 0.99968, "f1": 0.99968, "auc": 1.0}
{"epoch": 170, "time_epoch": 174.55609, "eta": 5079.10046, "eta_hours": 1.41086, "loss": 0.00116581, "lr": 1.808e-05, "params": 3434533, "time_iter": 0.07142, "accuracy": 0.99973, "f1": 0.99977, "auc": 1.0}
{"epoch": 171, "time_epoch": 174.42716, "eta": 4903.8428, "eta_hours": 1.36218, "loss": 0.00094122, "lr": 1.692e-05, "params": 3434533, "time_iter": 0.07137, "accuracy": 0.99973, "f1": 0.99972, "auc": 1.0}
{"epoch": 172, "time_epoch": 174.54495, "eta": 4728.61311, "eta_hours": 1.3135, "loss": 0.00110743, "lr": 1.579e-05, "params": 3434533, "time_iter": 0.07142, "accuracy": 0.99976, "f1": 0.99973, "auc": 1.0}
{"epoch": 173, "time_epoch": 174.60506, "eta": 4553.40029, "eta_hours": 1.26483, "loss": 0.00093847, "lr": 1.47e-05, "params": 3434533, "time_iter": 0.07144, "accuracy": 0.99982, "f1": 0.99982, "auc": 1.0}
{"epoch": 174, "time_epoch": 174.46665, "eta": 4378.17463, "eta_hours": 1.21616, "loss": 0.00086803, "lr": 1.365e-05, "params": 3434533, "time_iter": 0.07139, "accuracy": 0.99985, "f1": 0.99982, "auc": 1.0}
{"epoch": 175, "time_epoch": 174.41705, "eta": 4202.95084, "eta_hours": 1.16749, "loss": 0.00101928, "lr": 1.263e-05, "params": 3434533, "time_iter": 0.07137, "accuracy": 0.99976, "f1": 0.99974, "auc": 1.0}
{"epoch": 176, "time_epoch": 174.68505, "eta": 4027.77098, "eta_hours": 1.11883, "loss": 0.00108902, "lr": 1.166e-05, "params": 3434533, "time_iter": 0.07148, "accuracy": 0.99967, "f1": 0.99965, "auc": 1.0}
{"epoch": 177, "time_epoch": 174.50488, "eta": 3852.57442, "eta_hours": 1.07016, "loss": 0.00093696, "lr": 1.072e-05, "params": 3434533, "time_iter": 0.0714, "accuracy": 0.99982, "f1": 0.99983, "auc": 1.0}
{"epoch": 178, "time_epoch": 174.56669, "eta": 3677.39284, "eta_hours": 1.0215, "loss": 0.00071987, "lr": 9.82e-06, "params": 3434533, "time_iter": 0.07143, "accuracy": 0.99983, "f1": 0.99985, "auc": 1.0}
{"epoch": 179, "time_epoch": 174.46259, "eta": 3502.20652, "eta_hours": 0.97284, "loss": 0.00105837, "lr": 8.95e-06, "params": 3434533, "time_iter": 0.07138, "accuracy": 0.99974, "f1": 0.99979, "auc": 1.0}
{"epoch": 180, "time_epoch": 174.53887, "eta": 3327.03621, "eta_hours": 0.92418, "loss": 0.00076422, "lr": 8.13e-06, "params": 3434533, "time_iter": 0.07142, "accuracy": 0.99985, "f1": 0.99981, "auc": 1.0}
{"epoch": 181, "time_epoch": 174.37919, "eta": 3151.85704, "eta_hours": 0.87552, "loss": 0.00073076, "lr": 7.34e-06, "params": 3434533, "time_iter": 0.07135, "accuracy": 0.9999, "f1": 0.99993, "auc": 1.0}
{"epoch": 182, "time_epoch": 174.63787, "eta": 2976.71065, "eta_hours": 0.82686, "loss": 0.00081491, "lr": 6.59e-06, "params": 3434533, "time_iter": 0.07146, "accuracy": 0.99976, "f1": 0.99975, "auc": 1.0}
{"epoch": 183, "time_epoch": 174.64808, "eta": 2801.57067, "eta_hours": 0.77821, "loss": 0.00067009, "lr": 5.89e-06, "params": 3434533, "time_iter": 0.07146, "accuracy": 0.99987, "f1": 0.99987, "auc": 1.0}
{"epoch": 184, "time_epoch": 174.66758, "eta": 2626.43759, "eta_hours": 0.72957, "loss": 0.00076248, "lr": 5.22e-06, "params": 3434533, "time_iter": 0.07147, "accuracy": 0.99982, "f1": 0.9998, "auc": 1.0}
{"epoch": 185, "time_epoch": 174.58269, "eta": 2451.30313, "eta_hours": 0.68092, "loss": 0.00100065, "lr": 4.59e-06, "params": 3434533, "time_iter": 0.07143, "accuracy": 0.99976, "f1": 0.99975, "auc": 1.0}
{"epoch": 186, "time_epoch": 174.65048, "eta": 2276.17928, "eta_hours": 0.63227, "loss": 0.00080678, "lr": 4e-06, "params": 3434533, "time_iter": 0.07146, "accuracy": 0.9998, "f1": 0.9998, "auc": 1.0}
{"epoch": 187, "time_epoch": 174.8149, "eta": 2101.07096, "eta_hours": 0.58363, "loss": 0.00091376, "lr": 3.45e-06, "params": 3434533, "time_iter": 0.07153, "accuracy": 0.99977, "f1": 0.9998, "auc": 1.0}
{"epoch": 188, "time_epoch": 174.1636, "eta": 1925.92784, "eta_hours": 0.53498, "loss": 0.00070437, "lr": 2.94e-06, "params": 3434533, "time_iter": 0.07126, "accuracy": 0.99986, "f1": 0.99985, "auc": 1.0}
{"epoch": 189, "time_epoch": 174.35634, "eta": 1750.80517, "eta_hours": 0.48633, "loss": 0.00070812, "lr": 2.47e-06, "params": 3434533, "time_iter": 0.07134, "accuracy": 0.99985, "f1": 0.99986, "auc": 1.0}
{"epoch": 190, "time_epoch": 174.52637, "eta": 1575.69854, "eta_hours": 0.43769, "loss": 0.00076122, "lr": 2.05e-06, "params": 3434533, "time_iter": 0.07141, "accuracy": 0.99986, "f1": 0.99988, "auc": 1.0}
{"epoch": 191, "time_epoch": 174.45525, "eta": 1400.595, "eta_hours": 0.38905, "loss": 0.00071808, "lr": 1.66e-06, "params": 3434533, "time_iter": 0.07138, "accuracy": 0.99986, "f1": 0.99988, "auc": 1.0}
{"epoch": 192, "time_epoch": 174.53403, "eta": 1225.50102, "eta_hours": 0.34042, "loss": 0.00065638, "lr": 1.31e-06, "params": 3434533, "time_iter": 0.07141, "accuracy": 0.99986, "f1": 0.99988, "auc": 1.0}
{"epoch": 193, "time_epoch": 174.19382, "eta": 1050.4023, "eta_hours": 0.29178, "loss": 0.0006545, "lr": 1e-06, "params": 3434533, "time_iter": 0.07127, "accuracy": 0.99988, "f1": 0.9999, "auc": 1.0}
{"epoch": 194, "time_epoch": 174.61498, "eta": 875.32366, "eta_hours": 0.24315, "loss": 0.00056383, "lr": 7.4e-07, "params": 3434533, "time_iter": 0.07145, "accuracy": 0.9999, "f1": 0.9999, "auc": 1.0}
{"epoch": 195, "time_epoch": 174.6871, "eta": 700.25122, "eta_hours": 0.19451, "loss": 0.00079689, "lr": 5.1e-07, "params": 3434533, "time_iter": 0.07148, "accuracy": 0.99978, "f1": 0.99981, "auc": 1.0}
{"epoch": 196, "time_epoch": 174.76966, "eta": 525.18395, "eta_hours": 0.14588, "loss": 0.00067609, "lr": 3.3e-07, "params": 3434533, "time_iter": 0.07151, "accuracy": 0.99987, "f1": 0.99986, "auc": 1.0}
{"epoch": 197, "time_epoch": 174.64727, "eta": 350.11845, "eta_hours": 0.09726, "loss": 0.00070753, "lr": 1.8e-07, "params": 3434533, "time_iter": 0.07146, "accuracy": 0.99986, "f1": 0.99984, "auc": 1.0}
{"epoch": 198, "time_epoch": 174.38911, "eta": 175.05586, "eta_hours": 0.04863, "loss": 0.00071118, "lr": 8e-08, "params": 3434533, "time_iter": 0.07135, "accuracy": 0.99985, "f1": 0.99983, "auc": 1.0}
{"epoch": 199, "time_epoch": 174.43449, "eta": 0.0, "eta_hours": 0.0, "loss": 0.00062612, "lr": 2e-08, "params": 3434533, "time_iter": 0.07137, "accuracy": 0.99985, "f1": 0.99986, "auc": 1.0}
