{"epoch": 0, "time_epoch": 87.75253, "eta": 8687.50017, "eta_hours": 2.41319, "loss": 1.79677033, "lr": 0.0, "params": 502054, "time_iter": 0.1404, "accuracy": 0.16667, "f1": 0.11026, "accuracy-SBM": 0.16677, "auc": 0.50117}
{"epoch": 1, "time_epoch": 87.72812, "eta": 8598.55182, "eta_hours": 2.38849, "loss": 1.74755089, "lr": 0.0001, "params": 502054, "time_iter": 0.14036, "accuracy": 0.27254, "f1": 0.26899, "accuracy-SBM": 0.27258, "auc": 0.61538}
{"epoch": 2, "time_epoch": 87.33122, "eta": 8497.58367, "eta_hours": 2.36044, "loss": 1.55460187, "lr": 0.0002, "params": 502054, "time_iter": 0.13973, "accuracy": 0.45112, "f1": 0.4508, "accuracy-SBM": 0.45112, "auc": 0.76231}
{"epoch": 3, "time_epoch": 86.92384, "eta": 8393.65689, "eta_hours": 2.33157, "loss": 1.29757467, "lr": 0.0003, "params": 502054, "time_iter": 0.13908, "accuracy": 0.57098, "f1": 0.57092, "accuracy-SBM": 0.57098, "auc": 0.84034}
{"epoch": 4, "time_epoch": 87.07719, "eta": 8299.44492, "eta_hours": 2.3054, "loss": 1.09371407, "lr": 0.0004, "params": 502054, "time_iter": 0.13932, "accuracy": 0.63502, "f1": 0.63501, "accuracy-SBM": 0.63502, "auc": 0.88435}
{"epoch": 5, "time_epoch": 86.07183, "eta": 8191.86067, "eta_hours": 2.27552, "loss": 0.97416545, "lr": 0.0005, "params": 502054, "time_iter": 0.13771, "accuracy": 0.667, "f1": 0.66699, "accuracy-SBM": 0.667, "auc": 0.90742}
{"epoch": 6, "time_epoch": 87.81695, "eta": 8113.60797, "eta_hours": 2.25378, "loss": 0.88782132, "lr": 0.00049986, "params": 502054, "time_iter": 0.14051, "accuracy": 0.69319, "f1": 0.69319, "accuracy-SBM": 0.69319, "auc": 0.92266}
{"epoch": 7, "time_epoch": 86.81516, "eta": 8021.44364, "eta_hours": 2.22818, "loss": 0.84207757, "lr": 0.00049945, "params": 502054, "time_iter": 0.1389, "accuracy": 0.70653, "f1": 0.70653, "accuracy-SBM": 0.70653, "auc": 0.92991}
{"epoch": 8, "time_epoch": 86.49213, "eta": 7927.20178, "eta_hours": 2.202, "loss": 0.8146781, "lr": 0.00049877, "params": 502054, "time_iter": 0.13839, "accuracy": 0.71524, "f1": 0.71524, "accuracy-SBM": 0.71524, "auc": 0.93414}
{"epoch": 9, "time_epoch": 86.32351, "eta": 7832.99227, "eta_hours": 2.17583, "loss": 0.79958872, "lr": 0.00049782, "params": 502054, "time_iter": 0.13812, "accuracy": 0.71955, "f1": 0.71955, "accuracy-SBM": 0.71955, "auc": 0.93636}
{"epoch": 10, "time_epoch": 87.0428, "eta": 7746.03632, "eta_hours": 2.15168, "loss": 0.77399779, "lr": 0.00049659, "params": 502054, "time_iter": 0.13927, "accuracy": 0.72751, "f1": 0.72751, "accuracy-SBM": 0.72751, "auc": 0.94033}
{"epoch": 11, "time_epoch": 87.49393, "eta": 7662.37415, "eta_hours": 2.12844, "loss": 0.75358767, "lr": 0.00049509, "params": 502054, "time_iter": 0.13999, "accuracy": 0.73394, "f1": 0.73394, "accuracy-SBM": 0.73394, "auc": 0.94341}
{"epoch": 12, "time_epoch": 86.77835, "eta": 7573.33364, "eta_hours": 2.1037, "loss": 0.73369443, "lr": 0.00049333, "params": 502054, "time_iter": 0.13885, "accuracy": 0.73943, "f1": 0.73943, "accuracy-SBM": 0.73943, "auc": 0.94633}
{"epoch": 13, "time_epoch": 87.06899, "eta": 7486.40161, "eta_hours": 2.07956, "loss": 0.72517453, "lr": 0.0004913, "params": 502054, "time_iter": 0.13931, "accuracy": 0.7424, "f1": 0.7424, "accuracy-SBM": 0.7424, "auc": 0.94755}
{"epoch": 14, "time_epoch": 86.20074, "eta": 7394.53127, "eta_hours": 2.05404, "loss": 0.71666657, "lr": 0.00048901, "params": 502054, "time_iter": 0.13792, "accuracy": 0.74535, "f1": 0.74535, "accuracy-SBM": 0.74535, "auc": 0.94872}
{"epoch": 15, "time_epoch": 86.66685, "eta": 7305.8167, "eta_hours": 2.02939, "loss": 0.70797899, "lr": 0.00048645, "params": 502054, "time_iter": 0.13867, "accuracy": 0.74852, "f1": 0.74851, "accuracy-SBM": 0.74851, "auc": 0.9499}
{"epoch": 16, "time_epoch": 86.49994, "eta": 7216.52811, "eta_hours": 2.00459, "loss": 0.7009577, "lr": 0.00048364, "params": 502054, "time_iter": 0.1384, "accuracy": 0.7509, "f1": 0.75089, "accuracy-SBM": 0.75089, "auc": 0.95085}
{"epoch": 17, "time_epoch": 87.15856, "eta": 7130.54975, "eta_hours": 1.98071, "loss": 0.69342016, "lr": 0.00048057, "params": 502054, "time_iter": 0.13945, "accuracy": 0.7531, "f1": 0.7531, "accuracy-SBM": 0.7531, "auc": 0.95191}
{"epoch": 18, "time_epoch": 87.12167, "eta": 7044.2899, "eta_hours": 1.95675, "loss": 0.69195896, "lr": 0.00047725, "params": 502054, "time_iter": 0.13939, "accuracy": 0.75308, "f1": 0.75308, "accuracy-SBM": 0.75308, "auc": 0.95213}
{"epoch": 19, "time_epoch": 87.16946, "eta": 6958.13505, "eta_hours": 1.93282, "loss": 0.68669396, "lr": 0.00047368, "params": 502054, "time_iter": 0.13947, "accuracy": 0.75529, "f1": 0.75529, "accuracy-SBM": 0.75529, "auc": 0.95284}
{"epoch": 20, "time_epoch": 87.82231, "eta": 6874.3395, "eta_hours": 1.90954, "loss": 0.68269504, "lr": 0.00046987, "params": 502054, "time_iter": 0.14052, "accuracy": 0.75626, "f1": 0.75626, "accuracy-SBM": 0.75626, "auc": 0.95337}
{"epoch": 21, "time_epoch": 86.98999, "eta": 6787.22692, "eta_hours": 1.88534, "loss": 0.67621615, "lr": 0.00046581, "params": 502054, "time_iter": 0.13918, "accuracy": 0.7583, "f1": 0.7583, "accuracy-SBM": 0.7583, "auc": 0.95425}
{"epoch": 22, "time_epoch": 86.71026, "eta": 6699.18852, "eta_hours": 1.86089, "loss": 0.67286875, "lr": 0.00046152, "params": 502054, "time_iter": 0.13874, "accuracy": 0.75944, "f1": 0.75944, "accuracy-SBM": 0.75944, "auc": 0.95469}
{"epoch": 23, "time_epoch": 87.25864, "eta": 6612.99734, "eta_hours": 1.83694, "loss": 0.6685138, "lr": 0.000457, "params": 502054, "time_iter": 0.13961, "accuracy": 0.76148, "f1": 0.76148, "accuracy-SBM": 0.76148, "auc": 0.95526}
{"epoch": 24, "time_epoch": 87.57427, "eta": 6527.66767, "eta_hours": 1.81324, "loss": 0.6656901, "lr": 0.00045225, "params": 502054, "time_iter": 0.14012, "accuracy": 0.76199, "f1": 0.76199, "accuracy-SBM": 0.76199, "auc": 0.95563}
{"epoch": 25, "time_epoch": 86.04787, "eta": 6437.82097, "eta_hours": 1.78828, "loss": 0.66228058, "lr": 0.00044729, "params": 502054, "time_iter": 0.13768, "accuracy": 0.76313, "f1": 0.76313, "accuracy-SBM": 0.76313, "auc": 0.95608}
{"epoch": 26, "time_epoch": 86.05704, "eta": 6348.28043, "eta_hours": 1.76341, "loss": 0.65893042, "lr": 0.0004421, "params": 502054, "time_iter": 0.13769, "accuracy": 0.76479, "f1": 0.76479, "accuracy-SBM": 0.76479, "auc": 0.95649}
{"epoch": 27, "time_epoch": 87.62672, "eta": 6263.02504, "eta_hours": 1.73973, "loss": 0.65629096, "lr": 0.00043671, "params": 502054, "time_iter": 0.1402, "accuracy": 0.76517, "f1": 0.76517, "accuracy-SBM": 0.76517, "auc": 0.95685}
{"epoch": 28, "time_epoch": 86.63182, "eta": 6175.17033, "eta_hours": 1.71533, "loss": 0.6505274, "lr": 0.00043111, "params": 502054, "time_iter": 0.13861, "accuracy": 0.7667, "f1": 0.7667, "accuracy-SBM": 0.7667, "auc": 0.95764}
{"epoch": 29, "time_epoch": 87.50647, "eta": 6089.438, "eta_hours": 1.69151, "loss": 0.6531503, "lr": 0.00042531, "params": 502054, "time_iter": 0.14001, "accuracy": 0.76648, "f1": 0.76648, "accuracy-SBM": 0.76648, "auc": 0.95726}
{"epoch": 30, "time_epoch": 86.09064, "eta": 6000.43985, "eta_hours": 1.66679, "loss": 0.64761004, "lr": 0.00041932, "params": 502054, "time_iter": 0.13775, "accuracy": 0.76891, "f1": 0.76891, "accuracy-SBM": 0.76891, "auc": 0.95797}
{"epoch": 31, "time_epoch": 87.32942, "eta": 5914.25581, "eta_hours": 1.64285, "loss": 0.64255925, "lr": 0.00041315, "params": 502054, "time_iter": 0.13973, "accuracy": 0.76986, "f1": 0.76986, "accuracy-SBM": 0.76986, "auc": 0.95869}
{"epoch": 32, "time_epoch": 87.73935, "eta": 5828.83464, "eta_hours": 1.61912, "loss": 0.64234086, "lr": 0.00040679, "params": 502054, "time_iter": 0.14038, "accuracy": 0.77015, "f1": 0.77015, "accuracy-SBM": 0.77015, "auc": 0.95868}
{"epoch": 33, "time_epoch": 87.04948, "eta": 5741.93796, "eta_hours": 1.59498, "loss": 0.64093244, "lr": 0.00040027, "params": 502054, "time_iter": 0.13928, "accuracy": 0.77081, "f1": 0.77081, "accuracy-SBM": 0.77081, "auc": 0.95884}
{"epoch": 34, "time_epoch": 88.15672, "eta": 5657.08884, "eta_hours": 1.57141, "loss": 0.63718784, "lr": 0.00039358, "params": 502054, "time_iter": 0.14105, "accuracy": 0.77161, "f1": 0.77161, "accuracy-SBM": 0.77161, "auc": 0.95933}
{"epoch": 35, "time_epoch": 86.78471, "eta": 5569.61684, "eta_hours": 1.54712, "loss": 0.63189443, "lr": 0.00038674, "params": 502054, "time_iter": 0.13886, "accuracy": 0.77329, "f1": 0.77329, "accuracy-SBM": 0.77329, "auc": 0.96}
{"epoch": 36, "time_epoch": 88.40582, "eta": 5484.94226, "eta_hours": 1.5236, "loss": 0.63356377, "lr": 0.00037974, "params": 502054, "time_iter": 0.14145, "accuracy": 0.7734, "f1": 0.7734, "accuracy-SBM": 0.7734, "auc": 0.95978}
{"epoch": 37, "time_epoch": 87.69749, "eta": 5398.9156, "eta_hours": 1.4997, "loss": 0.62927227, "lr": 0.00037261, "params": 502054, "time_iter": 0.14032, "accuracy": 0.7748, "f1": 0.7748, "accuracy-SBM": 0.7748, "auc": 0.96033}
{"epoch": 38, "time_epoch": 87.55978, "eta": 5312.58786, "eta_hours": 1.47572, "loss": 0.62525301, "lr": 0.00036534, "params": 502054, "time_iter": 0.1401, "accuracy": 0.77607, "f1": 0.77607, "accuracy-SBM": 0.77607, "auc": 0.96085}
{"epoch": 39, "time_epoch": 87.11955, "eta": 5225.53817, "eta_hours": 1.45154, "loss": 0.62310102, "lr": 0.00035794, "params": 502054, "time_iter": 0.13939, "accuracy": 0.77695, "f1": 0.77695, "accuracy-SBM": 0.77695, "auc": 0.9611}
{"epoch": 40, "time_epoch": 87.69587, "eta": 5139.31442, "eta_hours": 1.42759, "loss": 0.61851368, "lr": 0.00035042, "params": 502054, "time_iter": 0.14031, "accuracy": 0.77837, "f1": 0.77837, "accuracy-SBM": 0.77837, "auc": 0.96169}
{"epoch": 41, "time_epoch": 87.33904, "eta": 5052.5278, "eta_hours": 1.40348, "loss": 0.61836519, "lr": 0.0003428, "params": 502054, "time_iter": 0.13974, "accuracy": 0.77896, "f1": 0.77896, "accuracy-SBM": 0.77896, "auc": 0.96167}
{"epoch": 42, "time_epoch": 87.10688, "eta": 4965.40774, "eta_hours": 1.37928, "loss": 0.61642056, "lr": 0.00033507, "params": 502054, "time_iter": 0.13937, "accuracy": 0.77956, "f1": 0.77956, "accuracy-SBM": 0.77956, "auc": 0.96194}
{"epoch": 43, "time_epoch": 87.96348, "eta": 4879.37849, "eta_hours": 1.35538, "loss": 0.61270578, "lr": 0.00032725, "params": 502054, "time_iter": 0.14074, "accuracy": 0.78013, "f1": 0.78013, "accuracy-SBM": 0.78013, "auc": 0.96243}
{"epoch": 44, "time_epoch": 87.52325, "eta": 4792.72522, "eta_hours": 1.33131, "loss": 0.60997692, "lr": 0.00031935, "params": 502054, "time_iter": 0.14004, "accuracy": 0.78115, "f1": 0.78114, "accuracy-SBM": 0.78115, "auc": 0.96274}
{"epoch": 45, "time_epoch": 87.30351, "eta": 4705.77617, "eta_hours": 1.30716, "loss": 0.60735821, "lr": 0.00031137, "params": 502054, "time_iter": 0.13969, "accuracy": 0.78211, "f1": 0.78211, "accuracy-SBM": 0.78211, "auc": 0.96307}
{"epoch": 46, "time_epoch": 86.94894, "eta": 4618.4122, "eta_hours": 1.28289, "loss": 0.60595621, "lr": 0.00030332, "params": 502054, "time_iter": 0.13912, "accuracy": 0.78268, "f1": 0.78268, "accuracy-SBM": 0.78268, "auc": 0.96323}
{"epoch": 47, "time_epoch": 87.77469, "eta": 4531.96009, "eta_hours": 1.25888, "loss": 0.60298375, "lr": 0.00029522, "params": 502054, "time_iter": 0.14044, "accuracy": 0.78333, "f1": 0.78333, "accuracy-SBM": 0.78333, "auc": 0.9636}
{"epoch": 48, "time_epoch": 87.12258, "eta": 4444.77527, "eta_hours": 1.23466, "loss": 0.60007956, "lr": 0.00028707, "params": 502054, "time_iter": 0.1394, "accuracy": 0.78477, "f1": 0.78477, "accuracy-SBM": 0.78477, "auc": 0.96393}
{"epoch": 49, "time_epoch": 87.99671, "eta": 4358.46706, "eta_hours": 1.21069, "loss": 0.59765154, "lr": 0.00027887, "params": 502054, "time_iter": 0.14079, "accuracy": 0.78541, "f1": 0.78541, "accuracy-SBM": 0.78541, "auc": 0.96424}
{"epoch": 50, "time_epoch": 88.25617, "eta": 4272.34193, "eta_hours": 1.18676, "loss": 0.59446517, "lr": 0.00027064, "params": 502054, "time_iter": 0.14121, "accuracy": 0.78659, "f1": 0.78658, "accuracy-SBM": 0.78658, "auc": 0.9646}
{"epoch": 51, "time_epoch": 87.48134, "eta": 4185.4196, "eta_hours": 1.16262, "loss": 0.59362143, "lr": 0.0002624, "params": 502054, "time_iter": 0.13997, "accuracy": 0.78677, "f1": 0.78677, "accuracy-SBM": 0.78677, "auc": 0.96472}
{"epoch": 52, "time_epoch": 87.02461, "eta": 4098.07116, "eta_hours": 1.13835, "loss": 0.58799638, "lr": 0.00025413, "params": 502054, "time_iter": 0.13924, "accuracy": 0.78879, "f1": 0.78879, "accuracy-SBM": 0.78879, "auc": 0.96538}
{"epoch": 53, "time_epoch": 87.63636, "eta": 4011.25582, "eta_hours": 1.11424, "loss": 0.58822281, "lr": 0.00024587, "params": 502054, "time_iter": 0.14022, "accuracy": 0.78901, "f1": 0.78901, "accuracy-SBM": 0.78901, "auc": 0.96535}
{"epoch": 54, "time_epoch": 88.53852, "eta": 3925.14877, "eta_hours": 1.09032, "loss": 0.58643538, "lr": 0.0002376, "params": 502054, "time_iter": 0.14166, "accuracy": 0.78907, "f1": 0.78907, "accuracy-SBM": 0.78907, "auc": 0.96557}
{"epoch": 55, "time_epoch": 87.42966, "eta": 3838.08363, "eta_hours": 1.06613, "loss": 0.58393111, "lr": 0.00022936, "params": 502054, "time_iter": 0.13989, "accuracy": 0.79037, "f1": 0.79037, "accuracy-SBM": 0.79037, "auc": 0.96587}
{"epoch": 56, "time_epoch": 87.72826, "eta": 3751.23096, "eta_hours": 1.04201, "loss": 0.58228844, "lr": 0.00022113, "params": 502054, "time_iter": 0.14037, "accuracy": 0.79098, "f1": 0.79098, "accuracy-SBM": 0.79098, "auc": 0.96605}
{"epoch": 57, "time_epoch": 87.52668, "eta": 3664.20213, "eta_hours": 1.01783, "loss": 0.5807605, "lr": 0.00021293, "params": 502054, "time_iter": 0.14004, "accuracy": 0.7918, "f1": 0.7918, "accuracy-SBM": 0.7918, "auc": 0.96622}
{"epoch": 58, "time_epoch": 86.75226, "eta": 3576.61826, "eta_hours": 0.99351, "loss": 0.57643542, "lr": 0.00020478, "params": 502054, "time_iter": 0.1388, "accuracy": 0.7928, "f1": 0.7928, "accuracy-SBM": 0.7928, "auc": 0.96674}
{"epoch": 59, "time_epoch": 88.2536, "eta": 3490.06301, "eta_hours": 0.96946, "loss": 0.57899658, "lr": 0.00019668, "params": 502054, "time_iter": 0.14121, "accuracy": 0.79164, "f1": 0.79164, "accuracy-SBM": 0.79164, "auc": 0.96644}
{"epoch": 60, "time_epoch": 87.89163, "eta": 3403.22065, "eta_hours": 0.94534, "loss": 0.57418181, "lr": 0.00018863, "params": 502054, "time_iter": 0.14063, "accuracy": 0.79422, "f1": 0.79422, "accuracy-SBM": 0.79422, "auc": 0.96698}
{"epoch": 61, "time_epoch": 88.3977, "eta": 3316.65461, "eta_hours": 0.92129, "loss": 0.57463499, "lr": 0.00018065, "params": 502054, "time_iter": 0.14144, "accuracy": 0.79339, "f1": 0.79339, "accuracy-SBM": 0.79339, "auc": 0.96693}
{"epoch": 62, "time_epoch": 88.2707, "eta": 3229.95584, "eta_hours": 0.89721, "loss": 0.57145047, "lr": 0.00017275, "params": 502054, "time_iter": 0.14123, "accuracy": 0.79466, "f1": 0.79466, "accuracy-SBM": 0.79466, "auc": 0.96731}
{"epoch": 63, "time_epoch": 88.14654, "eta": 3143.1381, "eta_hours": 0.87309, "loss": 0.57203808, "lr": 0.00016493, "params": 502054, "time_iter": 0.14103, "accuracy": 0.79448, "f1": 0.79448, "accuracy-SBM": 0.79448, "auc": 0.96723}
{"epoch": 64, "time_epoch": 87.41909, "eta": 3055.88778, "eta_hours": 0.84886, "loss": 0.56608787, "lr": 0.0001572, "params": 502054, "time_iter": 0.13987, "accuracy": 0.79669, "f1": 0.79669, "accuracy-SBM": 0.79669, "auc": 0.96791}
{"epoch": 65, "time_epoch": 88.01125, "eta": 2968.9374, "eta_hours": 0.8247, "loss": 0.56238597, "lr": 0.00014958, "params": 502054, "time_iter": 0.14082, "accuracy": 0.79768, "f1": 0.79768, "accuracy-SBM": 0.79768, "auc": 0.96834}
{"epoch": 66, "time_epoch": 87.3401, "eta": 2881.62478, "eta_hours": 0.80045, "loss": 0.56294819, "lr": 0.00014206, "params": 502054, "time_iter": 0.13974, "accuracy": 0.79742, "f1": 0.79742, "accuracy-SBM": 0.79742, "auc": 0.96827}
{"epoch": 67, "time_epoch": 87.79675, "eta": 2794.52625, "eta_hours": 0.77626, "loss": 0.56045788, "lr": 0.00013466, "params": 502054, "time_iter": 0.14047, "accuracy": 0.79845, "f1": 0.79845, "accuracy-SBM": 0.79845, "auc": 0.96855}
{"epoch": 68, "time_epoch": 88.62594, "eta": 2707.78001, "eta_hours": 0.75216, "loss": 0.55889828, "lr": 0.00012739, "params": 502054, "time_iter": 0.1418, "accuracy": 0.79894, "f1": 0.79894, "accuracy-SBM": 0.79894, "auc": 0.96872}
{"epoch": 69, "time_epoch": 87.2063, "eta": 2620.37165, "eta_hours": 0.72788, "loss": 0.55997891, "lr": 0.00012026, "params": 502054, "time_iter": 0.13953, "accuracy": 0.79847, "f1": 0.79847, "accuracy-SBM": 0.79847, "auc": 0.9686}
{"epoch": 70, "time_epoch": 87.9847, "eta": 2533.28691, "eta_hours": 0.70369, "loss": 0.5591542, "lr": 0.00011326, "params": 502054, "time_iter": 0.14078, "accuracy": 0.79861, "f1": 0.79861, "accuracy-SBM": 0.79861, "auc": 0.96872}
{"epoch": 71, "time_epoch": 88.59457, "eta": 2446.41436, "eta_hours": 0.67956, "loss": 0.55586659, "lr": 0.00010642, "params": 502054, "time_iter": 0.14175, "accuracy": 0.8, "f1": 0.8, "accuracy-SBM": 0.8, "auc": 0.96906}
{"epoch": 72, "time_epoch": 88.02151, "eta": 2359.28267, "eta_hours": 0.65536, "loss": 0.55325576, "lr": 9.973e-05, "params": 502054, "time_iter": 0.14083, "accuracy": 0.80074, "f1": 0.80073, "accuracy-SBM": 0.80073, "auc": 0.96937}
{"epoch": 73, "time_epoch": 87.84564, "eta": 2272.06513, "eta_hours": 0.63113, "loss": 0.55185118, "lr": 9.321e-05, "params": 502054, "time_iter": 0.14055, "accuracy": 0.80145, "f1": 0.80145, "accuracy-SBM": 0.80145, "auc": 0.96952}
{"epoch": 74, "time_epoch": 88.31401, "eta": 2184.98698, "eta_hours": 0.60694, "loss": 0.5514754, "lr": 8.685e-05, "params": 502054, "time_iter": 0.1413, "accuracy": 0.8012, "f1": 0.8012, "accuracy-SBM": 0.8012, "auc": 0.96957}
{"epoch": 75, "time_epoch": 87.79865, "eta": 2097.71355, "eta_hours": 0.5827, "loss": 0.54957561, "lr": 8.068e-05, "params": 502054, "time_iter": 0.14048, "accuracy": 0.80216, "f1": 0.80216, "accuracy-SBM": 0.80216, "auc": 0.96976}
{"epoch": 76, "time_epoch": 88.42651, "eta": 2010.61403, "eta_hours": 0.5585, "loss": 0.54742083, "lr": 7.469e-05, "params": 502054, "time_iter": 0.14148, "accuracy": 0.80333, "f1": 0.80333, "accuracy-SBM": 0.80333, "auc": 0.97}
{"epoch": 77, "time_epoch": 87.55081, "eta": 1923.23349, "eta_hours": 0.53423, "loss": 0.54843564, "lr": 6.889e-05, "params": 502054, "time_iter": 0.14008, "accuracy": 0.80277, "f1": 0.80277, "accuracy-SBM": 0.80277, "auc": 0.96989}
{"epoch": 78, "time_epoch": 87.72529, "eta": 1835.89502, "eta_hours": 0.50997, "loss": 0.54717809, "lr": 6.329e-05, "params": 502054, "time_iter": 0.14036, "accuracy": 0.80281, "f1": 0.80281, "accuracy-SBM": 0.80281, "auc": 0.97003}
{"epoch": 79, "time_epoch": 87.46921, "eta": 1748.48285, "eta_hours": 0.48569, "loss": 0.54466036, "lr": 5.79e-05, "params": 502054, "time_iter": 0.13995, "accuracy": 0.80401, "f1": 0.804, "accuracy-SBM": 0.80401, "auc": 0.97031}
{"epoch": 80, "time_epoch": 86.75981, "eta": 1660.90288, "eta_hours": 0.46136, "loss": 0.54356534, "lr": 5.271e-05, "params": 502054, "time_iter": 0.13882, "accuracy": 0.80431, "f1": 0.80431, "accuracy-SBM": 0.80431, "auc": 0.97043}
{"epoch": 81, "time_epoch": 87.2374, "eta": 1573.44775, "eta_hours": 0.43707, "loss": 0.5433737, "lr": 4.775e-05, "params": 502054, "time_iter": 0.13958, "accuracy": 0.80452, "f1": 0.80452, "accuracy-SBM": 0.80452, "auc": 0.97043}
{"epoch": 82, "time_epoch": 87.63694, "eta": 1486.07969, "eta_hours": 0.4128, "loss": 0.54209416, "lr": 4.3e-05, "params": 502054, "time_iter": 0.14022, "accuracy": 0.80479, "f1": 0.80479, "accuracy-SBM": 0.80479, "auc": 0.9706}
{"epoch": 83, "time_epoch": 87.72072, "eta": 1398.7212, "eta_hours": 0.38853, "loss": 0.54225778, "lr": 3.848e-05, "params": 502054, "time_iter": 0.14035, "accuracy": 0.8048, "f1": 0.8048, "accuracy-SBM": 0.8048, "auc": 0.97057}
{"epoch": 84, "time_epoch": 87.11278, "eta": 1311.24689, "eta_hours": 0.36424, "loss": 0.54031736, "lr": 3.419e-05, "params": 502054, "time_iter": 0.13938, "accuracy": 0.80576, "f1": 0.80576, "accuracy-SBM": 0.80576, "auc": 0.97078}
{"epoch": 85, "time_epoch": 87.06499, "eta": 1223.77322, "eta_hours": 0.33994, "loss": 0.54035076, "lr": 3.013e-05, "params": 502054, "time_iter": 0.1393, "accuracy": 0.8055, "f1": 0.80549, "accuracy-SBM": 0.8055, "auc": 0.97077}
{"epoch": 86, "time_epoch": 86.87606, "eta": 1136.28071, "eta_hours": 0.31563, "loss": 0.53851181, "lr": 2.632e-05, "params": 502054, "time_iter": 0.139, "accuracy": 0.80617, "f1": 0.80617, "accuracy-SBM": 0.80617, "auc": 0.97098}
{"epoch": 87, "time_epoch": 87.00994, "eta": 1048.82046, "eta_hours": 0.29134, "loss": 0.53933255, "lr": 2.275e-05, "params": 502054, "time_iter": 0.13922, "accuracy": 0.80622, "f1": 0.80622, "accuracy-SBM": 0.80622, "auc": 0.97087}
{"epoch": 88, "time_epoch": 87.08646, "eta": 961.37979, "eta_hours": 0.26705, "loss": 0.53877713, "lr": 1.943e-05, "params": 502054, "time_iter": 0.13934, "accuracy": 0.80567, "f1": 0.80567, "accuracy-SBM": 0.80567, "auc": 0.97097}
{"epoch": 89, "time_epoch": 87.38495, "eta": 873.98016, "eta_hours": 0.24277, "loss": 0.53764641, "lr": 1.636e-05, "params": 502054, "time_iter": 0.13982, "accuracy": 0.80633, "f1": 0.80633, "accuracy-SBM": 0.80633, "auc": 0.97108}
{"epoch": 90, "time_epoch": 86.84047, "eta": 786.527, "eta_hours": 0.21848, "loss": 0.53698766, "lr": 1.355e-05, "params": 502054, "time_iter": 0.13894, "accuracy": 0.80653, "f1": 0.80653, "accuracy-SBM": 0.80654, "auc": 0.97114}
{"epoch": 91, "time_epoch": 87.18075, "eta": 699.11676, "eta_hours": 0.1942, "loss": 0.53611053, "lr": 1.099e-05, "params": 502054, "time_iter": 0.13949, "accuracy": 0.80665, "f1": 0.80665, "accuracy-SBM": 0.80665, "auc": 0.97124}
{"epoch": 92, "time_epoch": 87.12078, "eta": 611.70693, "eta_hours": 0.16992, "loss": 0.53628922, "lr": 8.7e-06, "params": 502054, "time_iter": 0.13939, "accuracy": 0.80723, "f1": 0.80723, "accuracy-SBM": 0.80723, "auc": 0.97122}
{"epoch": 93, "time_epoch": 86.74455, "eta": 524.27923, "eta_hours": 0.14563, "loss": 0.53670647, "lr": 6.67e-06, "params": 502054, "time_iter": 0.13879, "accuracy": 0.8065, "f1": 0.8065, "accuracy-SBM": 0.8065, "auc": 0.97118}
{"epoch": 94, "time_epoch": 87.22205, "eta": 436.89106, "eta_hours": 0.12136, "loss": 0.53557402, "lr": 4.91e-06, "params": 502054, "time_iter": 0.13956, "accuracy": 0.80743, "f1": 0.80743, "accuracy-SBM": 0.80743, "auc": 0.9713}
{"epoch": 95, "time_epoch": 86.98817, "eta": 349.49659, "eta_hours": 0.09708, "loss": 0.53742, "lr": 3.41e-06, "params": 502054, "time_iter": 0.13918, "accuracy": 0.8068, "f1": 0.8068, "accuracy-SBM": 0.8068, "auc": 0.97109}
{"epoch": 96, "time_epoch": 87.76327, "eta": 262.13448, "eta_hours": 0.07282, "loss": 0.53688573, "lr": 2.18e-06, "params": 502054, "time_iter": 0.14042, "accuracy": 0.80671, "f1": 0.80671, "accuracy-SBM": 0.80671, "auc": 0.97117}
{"epoch": 97, "time_epoch": 86.58007, "eta": 174.74003, "eta_hours": 0.04854, "loss": 0.53474518, "lr": 1.23e-06, "params": 502054, "time_iter": 0.13853, "accuracy": 0.80755, "f1": 0.80755, "accuracy-SBM": 0.80755, "auc": 0.97139}
{"epoch": 98, "time_epoch": 88.8689, "eta": 87.38516, "eta_hours": 0.02427, "loss": 0.53631371, "lr": 5.5e-07, "params": 502054, "time_iter": 0.14219, "accuracy": 0.8069, "f1": 0.8069, "accuracy-SBM": 0.8069, "auc": 0.97122}
{"epoch": 99, "time_epoch": 86.35704, "eta": 0.0, "eta_hours": 0.0, "loss": 0.53644316, "lr": 1.4e-07, "params": 502054, "time_iter": 0.13817, "accuracy": 0.80665, "f1": 0.80665, "accuracy-SBM": 0.80665, "auc": 0.97121}
