{"epoch": 0, "time_epoch": 29.10431, "eta": 2881.32636, "eta_hours": 0.80037, "loss": 0.20145771, "lr": 0.0, "params": 337201, "time_iter": 0.09299, "accuracy": 0.45658, "precision": 0.17226, "recall": 0.54625, "f1": 0.26192, "auc": 0.48806, "accuracy-SBM": 0.49181}
{"epoch": 1, "time_epoch": 25.82431, "eta": 2691.50224, "eta_hours": 0.74764, "loss": 0.17610343, "lr": 0.0001, "params": 337201, "time_iter": 0.08251, "accuracy": 0.72316, "precision": 0.35839, "recall": 0.71916, "f1": 0.47838, "auc": 0.80196, "accuracy-SBM": 0.72159}
{"epoch": 2, "time_epoch": 25.82375, "eta": 2610.99315, "eta_hours": 0.72528, "loss": 0.1465795, "lr": 0.0002, "params": 337201, "time_iter": 0.0825, "accuracy": 0.82611, "precision": 0.5046, "recall": 0.81409, "f1": 0.62303, "auc": 0.87433, "accuracy-SBM": 0.82138}
{"epoch": 3, "time_epoch": 25.94432, "eta": 2560.72035, "eta_hours": 0.71131, "loss": 0.12990432, "lr": 0.0003, "params": 337201, "time_iter": 0.08289, "accuracy": 0.83652, "precision": 0.52338, "recall": 0.82705, "f1": 0.64107, "auc": 0.89656, "accuracy-SBM": 0.8328}
{"epoch": 4, "time_epoch": 26.09238, "eta": 2522.99217, "eta_hours": 0.70083, "loss": 0.11883442, "lr": 0.0004, "params": 337201, "time_iter": 0.08336, "accuracy": 0.8416, "precision": 0.53304, "recall": 0.82785, "f1": 0.64851, "auc": 0.90701, "accuracy-SBM": 0.8362}
{"epoch": 5, "time_epoch": 26.0197, "eta": 2488.00386, "eta_hours": 0.69111, "loss": 0.11404835, "lr": 0.0005, "params": 337201, "time_iter": 0.08313, "accuracy": 0.84038, "precision": 0.53064, "recall": 0.82908, "f1": 0.64711, "auc": 0.91153, "accuracy-SBM": 0.83594}
{"epoch": 6, "time_epoch": 26.12394, "eta": 2456.96294, "eta_hours": 0.68249, "loss": 0.11000886, "lr": 0.00049986, "params": 337201, "time_iter": 0.08346, "accuracy": 0.84161, "precision": 0.53281, "recall": 0.83375, "f1": 0.65015, "auc": 0.91602, "accuracy-SBM": 0.83852}
{"epoch": 7, "time_epoch": 26.19036, "eta": 2427.91515, "eta_hours": 0.67442, "loss": 0.10642153, "lr": 0.00049945, "params": 337201, "time_iter": 0.08368, "accuracy": 0.84677, "precision": 0.54278, "recall": 0.83699, "f1": 0.65852, "auc": 0.92054, "accuracy-SBM": 0.84293}
{"epoch": 8, "time_epoch": 26.00765, "eta": 2397.65491, "eta_hours": 0.66602, "loss": 0.10321067, "lr": 0.00049877, "params": 337201, "time_iter": 0.08309, "accuracy": 0.84814, "precision": 0.54511, "recall": 0.8439, "f1": 0.66237, "auc": 0.92445, "accuracy-SBM": 0.84647}
{"epoch": 9, "time_epoch": 25.85122, "eta": 2366.83734, "eta_hours": 0.65745, "loss": 0.10185614, "lr": 0.00049782, "params": 337201, "time_iter": 0.08259, "accuracy": 0.85033, "precision": 0.54956, "recall": 0.84331, "f1": 0.66546, "auc": 0.92586, "accuracy-SBM": 0.84757}
{"epoch": 10, "time_epoch": 26.07152, "eta": 2338.70517, "eta_hours": 0.64964, "loss": 0.0997259, "lr": 0.00049659, "params": 337201, "time_iter": 0.0833, "accuracy": 0.85165, "precision": 0.5519, "recall": 0.84829, "f1": 0.66873, "auc": 0.92862, "accuracy-SBM": 0.85033}
{"epoch": 11, "time_epoch": 25.72302, "eta": 2308.36077, "eta_hours": 0.64121, "loss": 0.0992153, "lr": 0.00049509, "params": 337201, "time_iter": 0.08218, "accuracy": 0.85277, "precision": 0.55421, "recall": 0.8482, "f1": 0.67039, "auc": 0.92902, "accuracy-SBM": 0.85098}
{"epoch": 12, "time_epoch": 26.0254, "eta": 2280.751, "eta_hours": 0.63354, "loss": 0.09818104, "lr": 0.00049333, "params": 337201, "time_iter": 0.08315, "accuracy": 0.85335, "precision": 0.55529, "recall": 0.84967, "f1": 0.67164, "auc": 0.93026, "accuracy-SBM": 0.8519}
{"epoch": 13, "time_epoch": 25.80867, "eta": 2252.0362, "eta_hours": 0.62557, "loss": 0.0978009, "lr": 0.0004913, "params": 337201, "time_iter": 0.08246, "accuracy": 0.85318, "precision": 0.55485, "recall": 0.85106, "f1": 0.67175, "auc": 0.93062, "accuracy-SBM": 0.85235}
{"epoch": 14, "time_epoch": 26.15312, "eta": 2225.66078, "eta_hours": 0.61824, "loss": 0.09739416, "lr": 0.00048901, "params": 337201, "time_iter": 0.08356, "accuracy": 0.85427, "precision": 0.55722, "recall": 0.84908, "f1": 0.67287, "auc": 0.93104, "accuracy-SBM": 0.85223}
{"epoch": 15, "time_epoch": 25.92756, "eta": 2198.12895, "eta_hours": 0.61059, "loss": 0.09706119, "lr": 0.00048645, "params": 337201, "time_iter": 0.08284, "accuracy": 0.85408, "precision": 0.55672, "recall": 0.85076, "f1": 0.67303, "auc": 0.93142, "accuracy-SBM": 0.85278}
{"epoch": 16, "time_epoch": 26.05554, "eta": 2171.41072, "eta_hours": 0.60317, "loss": 0.09722613, "lr": 0.00048364, "params": 337201, "time_iter": 0.08324, "accuracy": 0.85369, "precision": 0.55592, "recall": 0.85074, "f1": 0.67243, "auc": 0.93112, "accuracy-SBM": 0.85253}
{"epoch": 17, "time_epoch": 25.94246, "eta": 2144.25094, "eta_hours": 0.59563, "loss": 0.09673311, "lr": 0.00048057, "params": 337201, "time_iter": 0.08288, "accuracy": 0.8538, "precision": 0.556, "recall": 0.85263, "f1": 0.67308, "auc": 0.93176, "accuracy-SBM": 0.85334}
{"epoch": 18, "time_epoch": 25.79215, "eta": 2116.5785, "eta_hours": 0.58794, "loss": 0.09633234, "lr": 0.00047725, "params": 337201, "time_iter": 0.0824, "accuracy": 0.85474, "precision": 0.55795, "recall": 0.85242, "f1": 0.67445, "auc": 0.93227, "accuracy-SBM": 0.85383}
{"epoch": 19, "time_epoch": 26.025, "eta": 2090.02549, "eta_hours": 0.58056, "loss": 0.09612588, "lr": 0.00047368, "params": 337201, "time_iter": 0.08315, "accuracy": 0.85463, "precision": 0.55768, "recall": 0.85297, "f1": 0.67442, "auc": 0.93257, "accuracy-SBM": 0.85398}
{"epoch": 20, "time_epoch": 25.87118, "eta": 2062.94412, "eta_hours": 0.57304, "loss": 0.09601127, "lr": 0.00046987, "params": 337201, "time_iter": 0.08266, "accuracy": 0.85432, "precision": 0.55695, "recall": 0.85428, "f1": 0.67429, "auc": 0.9327, "accuracy-SBM": 0.85431}
{"epoch": 21, "time_epoch": 25.81176, "eta": 2035.76209, "eta_hours": 0.56549, "loss": 0.0958781, "lr": 0.00046581, "params": 337201, "time_iter": 0.08247, "accuracy": 0.8551, "precision": 0.55866, "recall": 0.85299, "f1": 0.67514, "auc": 0.93281, "accuracy-SBM": 0.85427}
{"epoch": 22, "time_epoch": 25.81089, "eta": 2008.69633, "eta_hours": 0.55797, "loss": 0.09557694, "lr": 0.00046152, "params": 337201, "time_iter": 0.08246, "accuracy": 0.85533, "precision": 0.55904, "recall": 0.85426, "f1": 0.67582, "auc": 0.93326, "accuracy-SBM": 0.85491}
{"epoch": 23, "time_epoch": 25.58193, "eta": 1981.01007, "eta_hours": 0.55028, "loss": 0.09533237, "lr": 0.000457, "params": 337201, "time_iter": 0.08173, "accuracy": 0.85603, "precision": 0.56053, "recall": 0.85365, "f1": 0.67672, "auc": 0.93357, "accuracy-SBM": 0.8551}
{"epoch": 24, "time_epoch": 25.70694, "eta": 1953.86721, "eta_hours": 0.54274, "loss": 0.0950768, "lr": 0.00045225, "params": 337201, "time_iter": 0.08213, "accuracy": 0.85547, "precision": 0.55919, "recall": 0.85594, "f1": 0.67645, "auc": 0.93391, "accuracy-SBM": 0.85565}
{"epoch": 25, "time_epoch": 25.69321, "eta": 1926.79573, "eta_hours": 0.53522, "loss": 0.09466913, "lr": 0.00044729, "params": 337201, "time_iter": 0.08209, "accuracy": 0.85621, "precision": 0.56069, "recall": 0.85632, "f1": 0.67767, "auc": 0.9345, "accuracy-SBM": 0.85625}
{"epoch": 26, "time_epoch": 25.71664, "eta": 1899.88967, "eta_hours": 0.52775, "loss": 0.09425938, "lr": 0.0004421, "params": 337201, "time_iter": 0.08216, "accuracy": 0.85637, "precision": 0.56089, "recall": 0.85807, "f1": 0.67836, "auc": 0.93508, "accuracy-SBM": 0.85704}
{"epoch": 27, "time_epoch": 25.60222, "eta": 1872.77437, "eta_hours": 0.52022, "loss": 0.09412228, "lr": 0.00043671, "params": 337201, "time_iter": 0.0818, "accuracy": 0.85728, "precision": 0.56286, "recall": 0.85736, "f1": 0.67957, "auc": 0.93526, "accuracy-SBM": 0.85731}
{"epoch": 28, "time_epoch": 25.46284, "eta": 1845.42216, "eta_hours": 0.51262, "loss": 0.09374579, "lr": 0.00043111, "params": 337201, "time_iter": 0.08135, "accuracy": 0.85734, "precision": 0.56275, "recall": 0.86015, "f1": 0.68037, "auc": 0.93579, "accuracy-SBM": 0.85844}
{"epoch": 29, "time_epoch": 25.70128, "eta": 1818.75228, "eta_hours": 0.50521, "loss": 0.09328724, "lr": 0.00042531, "params": 337201, "time_iter": 0.08211, "accuracy": 0.85756, "precision": 0.56318, "recall": 0.86053, "f1": 0.6808, "auc": 0.93643, "accuracy-SBM": 0.85873}
{"epoch": 30, "time_epoch": 25.55155, "eta": 1791.81161, "eta_hours": 0.49773, "loss": 0.09286748, "lr": 0.00041932, "params": 337201, "time_iter": 0.08163, "accuracy": 0.85939, "precision": 0.56709, "recall": 0.85978, "f1": 0.68341, "auc": 0.937, "accuracy-SBM": 0.85954}
{"epoch": 31, "time_epoch": 25.83084, "eta": 1765.55126, "eta_hours": 0.49043, "loss": 0.0928605, "lr": 0.00041315, "params": 337201, "time_iter": 0.08253, "accuracy": 0.85877, "precision": 0.56574, "recall": 0.86025, "f1": 0.68258, "auc": 0.937, "accuracy-SBM": 0.85935}
{"epoch": 32, "time_epoch": 25.84973, "eta": 1739.3553, "eta_hours": 0.48315, "loss": 0.09242395, "lr": 0.00040679, "params": 337201, "time_iter": 0.08259, "accuracy": 0.85956, "precision": 0.56727, "recall": 0.86177, "f1": 0.68417, "auc": 0.93761, "accuracy-SBM": 0.86043}
{"epoch": 33, "time_epoch": 25.61748, "eta": 1712.72886, "eta_hours": 0.47576, "loss": 0.09223104, "lr": 0.00040027, "params": 337201, "time_iter": 0.08184, "accuracy": 0.85935, "precision": 0.56678, "recall": 0.86226, "f1": 0.68397, "auc": 0.93787, "accuracy-SBM": 0.86049}
{"epoch": 34, "time_epoch": 26.04419, "eta": 1686.95253, "eta_hours": 0.4686, "loss": 0.09195084, "lr": 0.00039358, "params": 337201, "time_iter": 0.08321, "accuracy": 0.85983, "precision": 0.56773, "recall": 0.86304, "f1": 0.68491, "auc": 0.9382, "accuracy-SBM": 0.86109}
{"epoch": 35, "time_epoch": 25.73952, "eta": 1660.61969, "eta_hours": 0.46128, "loss": 0.09193908, "lr": 0.00038674, "params": 337201, "time_iter": 0.08223, "accuracy": 0.86089, "precision": 0.5701, "recall": 0.86186, "f1": 0.68625, "auc": 0.9382, "accuracy-SBM": 0.86127}
{"epoch": 36, "time_epoch": 25.72412, "eta": 1634.29269, "eta_hours": 0.45397, "loss": 0.09164763, "lr": 0.00037974, "params": 337201, "time_iter": 0.08219, "accuracy": 0.8612, "precision": 0.5707, "recall": 0.8623, "f1": 0.68683, "auc": 0.93865, "accuracy-SBM": 0.86163}
{"epoch": 37, "time_epoch": 25.91625, "eta": 1608.3109, "eta_hours": 0.44675, "loss": 0.09135655, "lr": 0.00037261, "params": 337201, "time_iter": 0.0828, "accuracy": 0.86106, "precision": 0.57023, "recall": 0.86422, "f1": 0.6871, "auc": 0.93907, "accuracy-SBM": 0.8623}
{"epoch": 38, "time_epoch": 25.65834, "eta": 1581.92907, "eta_hours": 0.43942, "loss": 0.09120247, "lr": 0.00036534, "params": 337201, "time_iter": 0.08198, "accuracy": 0.86145, "precision": 0.57104, "recall": 0.86453, "f1": 0.68779, "auc": 0.93932, "accuracy-SBM": 0.86266}
{"epoch": 39, "time_epoch": 25.8297, "eta": 1555.84046, "eta_hours": 0.43218, "loss": 0.09128402, "lr": 0.00035794, "params": 337201, "time_iter": 0.08252, "accuracy": 0.86167, "precision": 0.57159, "recall": 0.86359, "f1": 0.68789, "auc": 0.93915, "accuracy-SBM": 0.86242}
{"epoch": 40, "time_epoch": 25.76011, "eta": 1529.66434, "eta_hours": 0.42491, "loss": 0.0910975, "lr": 0.00035042, "params": 337201, "time_iter": 0.0823, "accuracy": 0.86157, "precision": 0.57137, "recall": 0.86377, "f1": 0.68778, "auc": 0.93939, "accuracy-SBM": 0.86244}
{"epoch": 41, "time_epoch": 25.97227, "eta": 1503.80101, "eta_hours": 0.41772, "loss": 0.09084085, "lr": 0.0003428, "params": 337201, "time_iter": 0.08298, "accuracy": 0.8621, "precision": 0.57238, "recall": 0.86502, "f1": 0.68891, "auc": 0.93982, "accuracy-SBM": 0.86325}
{"epoch": 42, "time_epoch": 25.96059, "eta": 1477.91713, "eta_hours": 0.41053, "loss": 0.09099597, "lr": 0.00033507, "params": 337201, "time_iter": 0.08294, "accuracy": 0.86101, "precision": 0.57007, "recall": 0.86493, "f1": 0.6872, "auc": 0.93954, "accuracy-SBM": 0.86255}
{"epoch": 43, "time_epoch": 25.79998, "eta": 1451.82535, "eta_hours": 0.40328, "loss": 0.09080198, "lr": 0.00032725, "params": 337201, "time_iter": 0.08243, "accuracy": 0.86161, "precision": 0.57132, "recall": 0.86515, "f1": 0.68819, "auc": 0.93983, "accuracy-SBM": 0.863}
{"epoch": 44, "time_epoch": 25.96368, "eta": 1425.94662, "eta_hours": 0.3961, "loss": 0.09069303, "lr": 0.00031935, "params": 337201, "time_iter": 0.08295, "accuracy": 0.86199, "precision": 0.57209, "recall": 0.8657, "f1": 0.68891, "auc": 0.93994, "accuracy-SBM": 0.86345}
{"epoch": 45, "time_epoch": 25.91946, "eta": 1400.01229, "eta_hours": 0.38889, "loss": 0.09067357, "lr": 0.00031137, "params": 337201, "time_iter": 0.08281, "accuracy": 0.8624, "precision": 0.57304, "recall": 0.86491, "f1": 0.68935, "auc": 0.93998, "accuracy-SBM": 0.86339}
{"epoch": 46, "time_epoch": 25.75335, "eta": 1373.89128, "eta_hours": 0.38164, "loss": 0.09048333, "lr": 0.00030332, "params": 337201, "time_iter": 0.08228, "accuracy": 0.86251, "precision": 0.57323, "recall": 0.86538, "f1": 0.68964, "auc": 0.94017, "accuracy-SBM": 0.86364}
{"epoch": 47, "time_epoch": 25.94885, "eta": 1347.99737, "eta_hours": 0.37444, "loss": 0.09046939, "lr": 0.00029522, "params": 337201, "time_iter": 0.0829, "accuracy": 0.86263, "precision": 0.57348, "recall": 0.86536, "f1": 0.68982, "auc": 0.94025, "accuracy-SBM": 0.8637}
{"epoch": 48, "time_epoch": 25.86624, "eta": 1322.01524, "eta_hours": 0.36723, "loss": 0.09047167, "lr": 0.00028707, "params": 337201, "time_iter": 0.08264, "accuracy": 0.86142, "precision": 0.57073, "recall": 0.86715, "f1": 0.68838, "auc": 0.94025, "accuracy-SBM": 0.86367}
{"epoch": 49, "time_epoch": 26.04171, "eta": 1296.21321, "eta_hours": 0.36006, "loss": 0.09030606, "lr": 0.00027887, "params": 337201, "time_iter": 0.0832, "accuracy": 0.86277, "precision": 0.5737, "recall": 0.86622, "f1": 0.69025, "auc": 0.94043, "accuracy-SBM": 0.86412}
{"epoch": 50, "time_epoch": 25.92186, "eta": 1270.28664, "eta_hours": 0.35286, "loss": 0.09025302, "lr": 0.00027064, "params": 337201, "time_iter": 0.08282, "accuracy": 0.86192, "precision": 0.5718, "recall": 0.86707, "f1": 0.68914, "auc": 0.9405, "accuracy-SBM": 0.86394}
{"epoch": 51, "time_epoch": 25.86588, "eta": 1244.30857, "eta_hours": 0.34564, "loss": 0.09019612, "lr": 0.0002624, "params": 337201, "time_iter": 0.08264, "accuracy": 0.86199, "precision": 0.57193, "recall": 0.86738, "f1": 0.68933, "auc": 0.94057, "accuracy-SBM": 0.86411}
{"epoch": 52, "time_epoch": 26.04897, "eta": 1218.49711, "eta_hours": 0.33847, "loss": 0.09008415, "lr": 0.00025413, "params": 337201, "time_iter": 0.08322, "accuracy": 0.86234, "precision": 0.57268, "recall": 0.86723, "f1": 0.68982, "auc": 0.94073, "accuracy-SBM": 0.86426}
{"epoch": 53, "time_epoch": 25.86131, "eta": 1192.51698, "eta_hours": 0.33125, "loss": 0.09010865, "lr": 0.00024587, "params": 337201, "time_iter": 0.08262, "accuracy": 0.86257, "precision": 0.57325, "recall": 0.8665, "f1": 0.69001, "auc": 0.94071, "accuracy-SBM": 0.86411}
{"epoch": 54, "time_epoch": 25.99703, "eta": 1166.65222, "eta_hours": 0.32407, "loss": 0.0899318, "lr": 0.0002376, "params": 337201, "time_iter": 0.08306, "accuracy": 0.86359, "precision": 0.57549, "recall": 0.8661, "f1": 0.69151, "auc": 0.94095, "accuracy-SBM": 0.86458}
{"epoch": 55, "time_epoch": 25.90498, "eta": 1140.71041, "eta_hours": 0.31686, "loss": 0.0899892, "lr": 0.00022936, "params": 337201, "time_iter": 0.08276, "accuracy": 0.86317, "precision": 0.57459, "recall": 0.86593, "f1": 0.6908, "auc": 0.94082, "accuracy-SBM": 0.86425}
{"epoch": 56, "time_epoch": 26.05757, "eta": 1114.885, "eta_hours": 0.30969, "loss": 0.08978244, "lr": 0.00022113, "params": 337201, "time_iter": 0.08325, "accuracy": 0.86312, "precision": 0.57427, "recall": 0.86801, "f1": 0.69123, "auc": 0.94116, "accuracy-SBM": 0.86504}
{"epoch": 57, "time_epoch": 26.0631, "eta": 1089.0556, "eta_hours": 0.30252, "loss": 0.08976721, "lr": 0.00021293, "params": 337201, "time_iter": 0.08327, "accuracy": 0.86344, "precision": 0.57508, "recall": 0.8668, "f1": 0.69143, "auc": 0.94117, "accuracy-SBM": 0.86476}
{"epoch": 58, "time_epoch": 26.02128, "eta": 1063.18921, "eta_hours": 0.29533, "loss": 0.08978744, "lr": 0.00020478, "params": 337201, "time_iter": 0.08314, "accuracy": 0.86204, "precision": 0.57192, "recall": 0.86844, "f1": 0.68966, "auc": 0.94112, "accuracy-SBM": 0.86455}
{"epoch": 59, "time_epoch": 25.96794, "eta": 1037.2821, "eta_hours": 0.28813, "loss": 0.08974498, "lr": 0.00019668, "params": 337201, "time_iter": 0.08296, "accuracy": 0.86279, "precision": 0.57363, "recall": 0.8673, "f1": 0.69054, "auc": 0.9412, "accuracy-SBM": 0.86456}
{"epoch": 60, "time_epoch": 25.92245, "eta": 1011.34391, "eta_hours": 0.28093, "loss": 0.08966105, "lr": 0.00018863, "params": 337201, "time_iter": 0.08282, "accuracy": 0.86267, "precision": 0.57325, "recall": 0.86866, "f1": 0.69069, "auc": 0.94131, "accuracy-SBM": 0.86502}
{"epoch": 61, "time_epoch": 25.89047, "eta": 985.38663, "eta_hours": 0.27372, "loss": 0.08960547, "lr": 0.00018065, "params": 337201, "time_iter": 0.08272, "accuracy": 0.86352, "precision": 0.57522, "recall": 0.86719, "f1": 0.69165, "auc": 0.9414, "accuracy-SBM": 0.86496}
{"epoch": 62, "time_epoch": 25.92393, "eta": 959.45111, "eta_hours": 0.26651, "loss": 0.08952796, "lr": 0.00017275, "params": 337201, "time_iter": 0.08282, "accuracy": 0.86311, "precision": 0.57428, "recall": 0.86793, "f1": 0.69121, "auc": 0.94146, "accuracy-SBM": 0.86501}
{"epoch": 63, "time_epoch": 25.8521, "eta": 933.47556, "eta_hours": 0.2593, "loss": 0.08948998, "lr": 0.00016493, "params": 337201, "time_iter": 0.08259, "accuracy": 0.86389, "precision": 0.57597, "recall": 0.86776, "f1": 0.69238, "auc": 0.94151, "accuracy-SBM": 0.86541}
{"epoch": 64, "time_epoch": 25.89506, "eta": 907.52693, "eta_hours": 0.25209, "loss": 0.08935547, "lr": 0.0001572, "params": 337201, "time_iter": 0.08273, "accuracy": 0.86379, "precision": 0.57573, "recall": 0.86806, "f1": 0.6923, "auc": 0.94168, "accuracy-SBM": 0.86547}
{"epoch": 65, "time_epoch": 25.83335, "eta": 881.54814, "eta_hours": 0.24487, "loss": 0.08940852, "lr": 0.00014958, "params": 337201, "time_iter": 0.08253, "accuracy": 0.86363, "precision": 0.57536, "recall": 0.86834, "f1": 0.69212, "auc": 0.94162, "accuracy-SBM": 0.86548}
{"epoch": 66, "time_epoch": 25.98812, "eta": 855.64992, "eta_hours": 0.23768, "loss": 0.08933112, "lr": 0.00014206, "params": 337201, "time_iter": 0.08303, "accuracy": 0.86374, "precision": 0.57566, "recall": 0.8677, "f1": 0.69214, "auc": 0.94171, "accuracy-SBM": 0.8653}
{"epoch": 67, "time_epoch": 26.02231, "eta": 829.76515, "eta_hours": 0.23049, "loss": 0.08924485, "lr": 0.00013466, "params": 337201, "time_iter": 0.08314, "accuracy": 0.86362, "precision": 0.5753, "recall": 0.86872, "f1": 0.6922, "auc": 0.94185, "accuracy-SBM": 0.86563}
{"epoch": 68, "time_epoch": 25.97346, "eta": 803.85444, "eta_hours": 0.22329, "loss": 0.08930317, "lr": 0.00012739, "params": 337201, "time_iter": 0.08298, "accuracy": 0.86357, "precision": 0.57526, "recall": 0.86799, "f1": 0.69194, "auc": 0.94176, "accuracy-SBM": 0.86531}
{"epoch": 69, "time_epoch": 26.15862, "eta": 778.02129, "eta_hours": 0.21612, "loss": 0.08917408, "lr": 0.00012026, "params": 337201, "time_iter": 0.08357, "accuracy": 0.86372, "precision": 0.57553, "recall": 0.86857, "f1": 0.69232, "auc": 0.94195, "accuracy-SBM": 0.86563}
{"epoch": 70, "time_epoch": 25.73793, "eta": 752.00715, "eta_hours": 0.20889, "loss": 0.08906761, "lr": 0.00011326, "params": 337201, "time_iter": 0.08223, "accuracy": 0.86361, "precision": 0.57524, "recall": 0.86905, "f1": 0.69226, "auc": 0.94206, "accuracy-SBM": 0.86575}
{"epoch": 71, "time_epoch": 25.8104, "eta": 726.02886, "eta_hours": 0.20167, "loss": 0.08904108, "lr": 0.00010642, "params": 337201, "time_iter": 0.08246, "accuracy": 0.86396, "precision": 0.57599, "recall": 0.86896, "f1": 0.69278, "auc": 0.94214, "accuracy-SBM": 0.86592}
{"epoch": 72, "time_epoch": 25.864, "eta": 700.07499, "eta_hours": 0.19447, "loss": 0.08904068, "lr": 9.973e-05, "params": 337201, "time_iter": 0.08263, "accuracy": 0.86364, "precision": 0.57533, "recall": 0.86878, "f1": 0.69224, "auc": 0.9421, "accuracy-SBM": 0.86566}
{"epoch": 73, "time_epoch": 25.66702, "eta": 674.05435, "eta_hours": 0.18724, "loss": 0.08898965, "lr": 9.321e-05, "params": 337201, "time_iter": 0.082, "accuracy": 0.86358, "precision": 0.57513, "recall": 0.86933, "f1": 0.69227, "auc": 0.94216, "accuracy-SBM": 0.86584}
{"epoch": 74, "time_epoch": 25.88875, "eta": 648.11704, "eta_hours": 0.18003, "loss": 0.08896494, "lr": 8.685e-05, "params": 337201, "time_iter": 0.08271, "accuracy": 0.86349, "precision": 0.57494, "recall": 0.86937, "f1": 0.69214, "auc": 0.94222, "accuracy-SBM": 0.8658}
{"epoch": 75, "time_epoch": 25.9045, "eta": 622.18599, "eta_hours": 0.17283, "loss": 0.08895316, "lr": 8.068e-05, "params": 337201, "time_iter": 0.08276, "accuracy": 0.86363, "precision": 0.57518, "recall": 0.86992, "f1": 0.6925, "auc": 0.94221, "accuracy-SBM": 0.8661}
{"epoch": 76, "time_epoch": 25.68768, "eta": 596.19086, "eta_hours": 0.16561, "loss": 0.08881185, "lr": 7.469e-05, "params": 337201, "time_iter": 0.08207, "accuracy": 0.86366, "precision": 0.57525, "recall": 0.87008, "f1": 0.69259, "auc": 0.9424, "accuracy-SBM": 0.86618}
{"epoch": 77, "time_epoch": 25.93464, "eta": 570.27327, "eta_hours": 0.15841, "loss": 0.08879109, "lr": 6.889e-05, "params": 337201, "time_iter": 0.08286, "accuracy": 0.86411, "precision": 0.57632, "recall": 0.86895, "f1": 0.69301, "auc": 0.94243, "accuracy-SBM": 0.86601}
{"epoch": 78, "time_epoch": 25.73469, "eta": 544.30209, "eta_hours": 0.1512, "loss": 0.08884208, "lr": 6.329e-05, "params": 337201, "time_iter": 0.08222, "accuracy": 0.86361, "precision": 0.57519, "recall": 0.86942, "f1": 0.69234, "auc": 0.94234, "accuracy-SBM": 0.86589}
{"epoch": 79, "time_epoch": 25.81258, "eta": 518.3563, "eta_hours": 0.14399, "loss": 0.08883091, "lr": 5.79e-05, "params": 337201, "time_iter": 0.08247, "accuracy": 0.86415, "precision": 0.57637, "recall": 0.86937, "f1": 0.69318, "auc": 0.9424, "accuracy-SBM": 0.8662}
{"epoch": 80, "time_epoch": 26.02668, "eta": 492.46402, "eta_hours": 0.1368, "loss": 0.08875559, "lr": 5.271e-05, "params": 337201, "time_iter": 0.08315, "accuracy": 0.86413, "precision": 0.57636, "recall": 0.869, "f1": 0.69306, "auc": 0.94246, "accuracy-SBM": 0.86604}
{"epoch": 81, "time_epoch": 25.91038, "eta": 466.54294, "eta_hours": 0.1296, "loss": 0.08860485, "lr": 4.775e-05, "params": 337201, "time_iter": 0.08278, "accuracy": 0.8644, "precision": 0.57682, "recall": 0.87019, "f1": 0.69377, "auc": 0.94273, "accuracy-SBM": 0.86667}
{"epoch": 82, "time_epoch": 25.89826, "eta": 440.61963, "eta_hours": 0.12239, "loss": 0.08861892, "lr": 4.3e-05, "params": 337201, "time_iter": 0.08274, "accuracy": 0.86427, "precision": 0.5766, "recall": 0.86971, "f1": 0.69345, "auc": 0.94266, "accuracy-SBM": 0.86641}
{"epoch": 83, "time_epoch": 25.79892, "eta": 414.67799, "eta_hours": 0.11519, "loss": 0.08859346, "lr": 3.848e-05, "params": 337201, "time_iter": 0.08242, "accuracy": 0.86391, "precision": 0.57572, "recall": 0.87068, "f1": 0.69313, "auc": 0.94265, "accuracy-SBM": 0.86657}
{"epoch": 84, "time_epoch": 25.81244, "eta": 388.7421, "eta_hours": 0.10798, "loss": 0.08849546, "lr": 3.419e-05, "params": 337201, "time_iter": 0.08247, "accuracy": 0.86428, "precision": 0.57654, "recall": 0.87059, "f1": 0.69369, "auc": 0.94284, "accuracy-SBM": 0.86676}
{"epoch": 85, "time_epoch": 25.77228, "eta": 362.80254, "eta_hours": 0.10078, "loss": 0.08857209, "lr": 3.013e-05, "params": 337201, "time_iter": 0.08234, "accuracy": 0.8641, "precision": 0.5762, "recall": 0.87007, "f1": 0.69327, "auc": 0.94272, "accuracy-SBM": 0.86645}
{"epoch": 86, "time_epoch": 25.71721, "eta": 336.8586, "eta_hours": 0.09357, "loss": 0.08852261, "lr": 2.632e-05, "params": 337201, "time_iter": 0.08216, "accuracy": 0.86435, "precision": 0.57671, "recall": 0.87025, "f1": 0.69371, "auc": 0.94279, "accuracy-SBM": 0.86667}
{"epoch": 87, "time_epoch": 26.03045, "eta": 310.96252, "eta_hours": 0.08638, "loss": 0.08848864, "lr": 2.275e-05, "params": 337201, "time_iter": 0.08316, "accuracy": 0.86431, "precision": 0.57667, "recall": 0.86993, "f1": 0.69357, "auc": 0.94283, "accuracy-SBM": 0.86652}
{"epoch": 88, "time_epoch": 25.7083, "eta": 285.02361, "eta_hours": 0.07917, "loss": 0.08840409, "lr": 1.943e-05, "params": 337201, "time_iter": 0.08214, "accuracy": 0.86418, "precision": 0.57633, "recall": 0.87047, "f1": 0.6935, "auc": 0.94294, "accuracy-SBM": 0.86665}
{"epoch": 89, "time_epoch": 25.93667, "eta": 259.1152, "eta_hours": 0.07198, "loss": 0.08842063, "lr": 1.636e-05, "params": 337201, "time_iter": 0.08286, "accuracy": 0.86432, "precision": 0.57665, "recall": 0.87014, "f1": 0.69363, "auc": 0.94292, "accuracy-SBM": 0.86661}
{"epoch": 90, "time_epoch": 25.88625, "eta": 233.20118, "eta_hours": 0.06478, "loss": 0.08836492, "lr": 1.355e-05, "params": 337201, "time_iter": 0.0827, "accuracy": 0.8648, "precision": 0.57766, "recall": 0.87048, "f1": 0.69446, "auc": 0.94302, "accuracy-SBM": 0.86703}
{"epoch": 91, "time_epoch": 25.84753, "eta": 207.2844, "eta_hours": 0.05758, "loss": 0.08837676, "lr": 1.099e-05, "params": 337201, "time_iter": 0.08258, "accuracy": 0.86435, "precision": 0.57667, "recall": 0.87077, "f1": 0.69384, "auc": 0.94297, "accuracy-SBM": 0.86687}
{"epoch": 92, "time_epoch": 25.90138, "eta": 181.37316, "eta_hours": 0.05038, "loss": 0.08834807, "lr": 8.7e-06, "params": 337201, "time_iter": 0.08275, "accuracy": 0.86443, "precision": 0.57688, "recall": 0.87035, "f1": 0.69386, "auc": 0.94305, "accuracy-SBM": 0.86676}
{"epoch": 93, "time_epoch": 25.77047, "eta": 155.45377, "eta_hours": 0.04318, "loss": 0.08835148, "lr": 6.67e-06, "params": 337201, "time_iter": 0.08233, "accuracy": 0.86462, "precision": 0.57728, "recall": 0.87052, "f1": 0.6942, "auc": 0.94303, "accuracy-SBM": 0.86694}
{"epoch": 94, "time_epoch": 25.9721, "eta": 129.54813, "eta_hours": 0.03599, "loss": 0.08834115, "lr": 4.91e-06, "params": 337201, "time_iter": 0.08298, "accuracy": 0.86452, "precision": 0.57703, "recall": 0.87068, "f1": 0.69408, "auc": 0.94302, "accuracy-SBM": 0.86694}
{"epoch": 95, "time_epoch": 25.77659, "eta": 103.63296, "eta_hours": 0.02879, "loss": 0.08828471, "lr": 3.41e-06, "params": 337201, "time_iter": 0.08235, "accuracy": 0.86472, "precision": 0.57746, "recall": 0.87083, "f1": 0.69443, "auc": 0.9431, "accuracy-SBM": 0.86712}
{"epoch": 96, "time_epoch": 25.93633, "eta": 77.72559, "eta_hours": 0.02159, "loss": 0.08830592, "lr": 2.18e-06, "params": 337201, "time_iter": 0.08286, "accuracy": 0.86454, "precision": 0.5771, "recall": 0.8705, "f1": 0.69407, "auc": 0.94306, "accuracy-SBM": 0.86688}
{"epoch": 97, "time_epoch": 25.91751, "eta": 51.81724, "eta_hours": 0.01439, "loss": 0.08831, "lr": 1.23e-06, "params": 337201, "time_iter": 0.0828, "accuracy": 0.86432, "precision": 0.57659, "recall": 0.87084, "f1": 0.6938, "auc": 0.94306, "accuracy-SBM": 0.86688}
{"epoch": 98, "time_epoch": 25.813, "eta": 25.90766, "eta_hours": 0.0072, "loss": 0.08833233, "lr": 5.5e-07, "params": 337201, "time_iter": 0.08247, "accuracy": 0.86433, "precision": 0.57663, "recall": 0.87056, "f1": 0.69375, "auc": 0.94303, "accuracy-SBM": 0.86678}
{"epoch": 99, "time_epoch": 25.99054, "eta": 0.0, "eta_hours": 0.0, "loss": 0.08829316, "lr": 1.4e-07, "params": 337201, "time_iter": 0.08304, "accuracy": 0.86433, "precision": 0.57665, "recall": 0.8704, "f1": 0.69371, "auc": 0.94309, "accuracy-SBM": 0.86672}
