{"epoch": 0, "time_epoch": 188.80165, "eta": 37571.52893, "eta_hours": 10.43654, "loss": 3.6119309, "lr": 0.0, "params": 3434533, "time_iter": 0.07725, "accuracy": 0.02854, "f1": 0.00773, "auc": 0.50128}
{"epoch": 1, "time_epoch": 177.30418, "eta": 36244.47783, "eta_hours": 10.06791, "loss": 3.45506365, "lr": 3e-05, "params": 3434533, "time_iter": 0.07255, "accuracy": 0.11105, "f1": 0.01572, "auc": 0.54827}
{"epoch": 2, "time_epoch": 176.34768, "eta": 35621.11453, "eta_hours": 9.89475, "loss": 3.26411841, "lr": 6e-05, "params": 3434533, "time_iter": 0.07216, "accuracy": 0.13799, "f1": 0.02032, "auc": 0.64827}
{"epoch": 3, "time_epoch": 176.60166, "eta": 35233.70407, "eta_hours": 9.78714, "loss": 3.03883722, "lr": 9e-05, "params": 3434533, "time_iter": 0.07226, "accuracy": 0.18982, "f1": 0.04286, "auc": 0.76297}
{"epoch": 4, "time_epoch": 176.40601, "eta": 34922.98673, "eta_hours": 9.70083, "loss": 2.63592468, "lr": 0.00012, "params": 3434533, "time_iter": 0.07218, "accuracy": 0.30173, "f1": 0.10338, "auc": 0.8602}
{"epoch": 5, "time_epoch": 176.60815, "eta": 34663.57558, "eta_hours": 9.62877, "loss": 2.19263171, "lr": 0.00015, "params": 3434533, "time_iter": 0.07226, "accuracy": 0.40001, "f1": 0.162, "auc": 0.91661}
{"epoch": 6, "time_epoch": 176.77085, "eta": 34432.30819, "eta_hours": 9.56453, "loss": 1.80580156, "lr": 0.00018, "params": 3434533, "time_iter": 0.07233, "accuracy": 0.47738, "f1": 0.2269, "auc": 0.94798}
{"epoch": 7, "time_epoch": 176.11021, "eta": 34198.80958, "eta_hours": 9.49967, "loss": 1.50858185, "lr": 0.00021, "params": 3434533, "time_iter": 0.07206, "accuracy": 0.55205, "f1": 0.32538, "auc": 0.96539}
{"epoch": 8, "time_epoch": 176.87764, "eta": 33994.35054, "eta_hours": 9.44288, "loss": 1.27750935, "lr": 0.00024, "params": 3434533, "time_iter": 0.07237, "accuracy": 0.61293, "f1": 0.41612, "auc": 0.9754}
{"epoch": 9, "time_epoch": 176.37922, "eta": 33785.93792, "eta_hours": 9.38498, "loss": 1.09195169, "lr": 0.00027, "params": 3434533, "time_iter": 0.07217, "accuracy": 0.66371, "f1": 0.50526, "auc": 0.98171}
{"epoch": 10, "time_epoch": 176.61671, "eta": 33587.43006, "eta_hours": 9.32984, "loss": 0.94926997, "lr": 0.0003, "params": 3434533, "time_iter": 0.07227, "accuracy": 0.70453, "f1": 0.58099, "auc": 0.98565}
{"epoch": 11, "time_epoch": 176.55621, "eta": 33391.62289, "eta_hours": 9.27545, "loss": 0.79993311, "lr": 0.00029998, "params": 3434533, "time_iter": 0.07224, "accuracy": 0.75315, "f1": 0.66145, "auc": 0.98967}
{"epoch": 12, "time_epoch": 176.62985, "eta": 33199.83668, "eta_hours": 9.22218, "loss": 0.68176324, "lr": 0.00029992, "params": 3434533, "time_iter": 0.07227, "accuracy": 0.79179, "f1": 0.73359, "auc": 0.99242}
{"epoch": 13, "time_epoch": 176.527, "eta": 33008.84921, "eta_hours": 9.16912, "loss": 0.5853001, "lr": 0.00029982, "params": 3434533, "time_iter": 0.07223, "accuracy": 0.82454, "f1": 0.78894, "auc": 0.99432}
{"epoch": 14, "time_epoch": 177.88213, "eta": 32836.5031, "eta_hours": 9.12125, "loss": 0.50513176, "lr": 0.00029967, "params": 3434533, "time_iter": 0.07278, "accuracy": 0.8509, "f1": 0.82742, "auc": 0.9956}
{"epoch": 15, "time_epoch": 177.26439, "eta": 32656.36089, "eta_hours": 9.07121, "loss": 0.4418901, "lr": 0.00029949, "params": 3434533, "time_iter": 0.07253, "accuracy": 0.87029, "f1": 0.85488, "auc": 0.99655}
{"epoch": 16, "time_epoch": 177.78069, "eta": 32482.11517, "eta_hours": 9.02281, "loss": 0.39006001, "lr": 0.00029926, "params": 3434533, "time_iter": 0.07274, "accuracy": 0.88647, "f1": 0.87578, "auc": 0.99723}
{"epoch": 17, "time_epoch": 177.29995, "eta": 32302.61582, "eta_hours": 8.97295, "loss": 0.35084172, "lr": 0.000299, "params": 3434533, "time_iter": 0.07254, "accuracy": 0.8978, "f1": 0.88923, "auc": 0.99771}
{"epoch": 18, "time_epoch": 176.35974, "eta": 32114.39128, "eta_hours": 8.92066, "loss": 0.32089136, "lr": 0.00029869, "params": 3434533, "time_iter": 0.07216, "accuracy": 0.90586, "f1": 0.89936, "auc": 0.99813}
{"epoch": 19, "time_epoch": 177.32178, "eta": 31936.0115, "eta_hours": 8.87111, "loss": 0.28767998, "lr": 0.00029834, "params": 3434533, "time_iter": 0.07255, "accuracy": 0.91513, "f1": 0.91024, "auc": 0.99843}
{"epoch": 20, "time_epoch": 177.27644, "eta": 31757.34609, "eta_hours": 8.82149, "loss": 0.26418766, "lr": 0.00029795, "params": 3434533, "time_iter": 0.07254, "accuracy": 0.92219, "f1": 0.9178, "auc": 0.99867}
{"epoch": 21, "time_epoch": 177.12367, "eta": 31577.57084, "eta_hours": 8.77155, "loss": 0.24388638, "lr": 0.00029753, "params": 3434533, "time_iter": 0.07247, "accuracy": 0.92714, "f1": 0.92343, "auc": 0.99884}
{"epoch": 22, "time_epoch": 176.00504, "eta": 31389.41762, "eta_hours": 8.71928, "loss": 0.22727256, "lr": 0.00029706, "params": 3434533, "time_iter": 0.07202, "accuracy": 0.93192, "f1": 0.92845, "auc": 0.99902}
{"epoch": 23, "time_epoch": 177.0159, "eta": 31209.68973, "eta_hours": 8.66936, "loss": 0.20733365, "lr": 0.00029655, "params": 3434533, "time_iter": 0.07243, "accuracy": 0.93754, "f1": 0.93517, "auc": 0.99919}
{"epoch": 24, "time_epoch": 177.81182, "eta": 31035.75018, "eta_hours": 8.62104, "loss": 0.19279205, "lr": 0.000296, "params": 3434533, "time_iter": 0.07275, "accuracy": 0.94207, "f1": 0.93995, "auc": 0.99927}
{"epoch": 25, "time_epoch": 178.28306, "eta": 30864.6665, "eta_hours": 8.57352, "loss": 0.18257837, "lr": 0.00029541, "params": 3434533, "time_iter": 0.07295, "accuracy": 0.94445, "f1": 0.94225, "auc": 0.99938}
{"epoch": 26, "time_epoch": 176.82025, "eta": 30683.67669, "eta_hours": 8.52324, "loss": 0.1686415, "lr": 0.00029478, "params": 3434533, "time_iter": 0.07235, "accuracy": 0.9494, "f1": 0.94747, "auc": 0.99944}
{"epoch": 27, "time_epoch": 178.98951, "eta": 30516.31019, "eta_hours": 8.47675, "loss": 0.15914401, "lr": 0.00029411, "params": 3434533, "time_iter": 0.07324, "accuracy": 0.95142, "f1": 0.94998, "auc": 0.99952}
{"epoch": 28, "time_epoch": 177.54871, "eta": 30339.6463, "eta_hours": 8.42768, "loss": 0.14755691, "lr": 0.00029341, "params": 3434533, "time_iter": 0.07265, "accuracy": 0.95504, "f1": 0.95357, "auc": 0.99959}
{"epoch": 29, "time_epoch": 177.55521, "eta": 30162.96027, "eta_hours": 8.3786, "loss": 0.13815501, "lr": 0.00029266, "params": 3434533, "time_iter": 0.07265, "accuracy": 0.9578, "f1": 0.95582, "auc": 0.99963}
{"epoch": 30, "time_epoch": 177.86113, "eta": 29987.88592, "eta_hours": 8.32997, "loss": 0.13197924, "lr": 0.00029187, "params": 3434533, "time_iter": 0.07277, "accuracy": 0.96027, "f1": 0.95865, "auc": 0.99965}
{"epoch": 31, "time_epoch": 176.83438, "eta": 29807.24695, "eta_hours": 8.27979, "loss": 0.12956752, "lr": 0.00029105, "params": 3434533, "time_iter": 0.07235, "accuracy": 0.96083, "f1": 0.95921, "auc": 0.99968}
{"epoch": 32, "time_epoch": 177.96875, "eta": 29632.57918, "eta_hours": 8.23127, "loss": 0.11796424, "lr": 0.00029018, "params": 3434533, "time_iter": 0.07282, "accuracy": 0.96444, "f1": 0.96379, "auc": 0.99973}
{"epoch": 33, "time_epoch": 176.62047, "eta": 29451.13443, "eta_hours": 8.18087, "loss": 0.11285358, "lr": 0.00028928, "params": 3434533, "time_iter": 0.07227, "accuracy": 0.96513, "f1": 0.96399, "auc": 0.99974}
{"epoch": 34, "time_epoch": 177.77473, "eta": 29275.4069, "eta_hours": 8.13206, "loss": 0.10691421, "lr": 0.00028834, "params": 3434533, "time_iter": 0.07274, "accuracy": 0.96711, "f1": 0.96641, "auc": 0.99976}
{"epoch": 35, "time_epoch": 177.70775, "eta": 29099.2605, "eta_hours": 8.08313, "loss": 0.09891148, "lr": 0.00028737, "params": 3434533, "time_iter": 0.07271, "accuracy": 0.96996, "f1": 0.96921, "auc": 0.99981}
{"epoch": 36, "time_epoch": 176.61244, "eta": 28918.20442, "eta_hours": 8.03283, "loss": 0.09574354, "lr": 0.00028635, "params": 3434533, "time_iter": 0.07226, "accuracy": 0.96994, "f1": 0.96882, "auc": 0.99983}
{"epoch": 37, "time_epoch": 183.6388, "eta": 28767.33668, "eta_hours": 7.99093, "loss": 0.09172481, "lr": 0.0002853, "params": 3434533, "time_iter": 0.07514, "accuracy": 0.97217, "f1": 0.97153, "auc": 0.99983}
{"epoch": 38, "time_epoch": 179.59871, "eta": 28598.11007, "eta_hours": 7.94392, "loss": 0.08453951, "lr": 0.00028421, "params": 3434533, "time_iter": 0.07349, "accuracy": 0.974, "f1": 0.97274, "auc": 0.99987}
{"epoch": 39, "time_epoch": 176.91942, "eta": 28417.64769, "eta_hours": 7.89379, "loss": 0.08104301, "lr": 0.00028308, "params": 3434533, "time_iter": 0.07239, "accuracy": 0.97532, "f1": 0.97479, "auc": 0.99987}
{"epoch": 40, "time_epoch": 177.86119, "eta": 28241.01037, "eta_hours": 7.84473, "loss": 0.07731093, "lr": 0.00028192, "params": 3434533, "time_iter": 0.07277, "accuracy": 0.97615, "f1": 0.97571, "auc": 0.99989}
{"epoch": 41, "time_epoch": 177.85613, "eta": 28064.29572, "eta_hours": 7.79564, "loss": 0.07440763, "lr": 0.00028072, "params": 3434533, "time_iter": 0.07277, "accuracy": 0.97687, "f1": 0.97609, "auc": 0.99988}
{"epoch": 42, "time_epoch": 178.47493, "eta": 27889.78734, "eta_hours": 7.74716, "loss": 0.07095695, "lr": 0.00027949, "params": 3434533, "time_iter": 0.07303, "accuracy": 0.97793, "f1": 0.97689, "auc": 0.9999}
{"epoch": 43, "time_epoch": 177.8727, "eta": 27712.96346, "eta_hours": 7.69805, "loss": 0.06695394, "lr": 0.00027822, "params": 3434533, "time_iter": 0.07278, "accuracy": 0.97965, "f1": 0.9793, "auc": 0.99991}
{"epoch": 44, "time_epoch": 177.22476, "eta": 27533.86117, "eta_hours": 7.64829, "loss": 0.06669729, "lr": 0.00027691, "params": 3434533, "time_iter": 0.07251, "accuracy": 0.97931, "f1": 0.97946, "auc": 0.99991}
{"epoch": 45, "time_epoch": 179.64508, "eta": 27362.94332, "eta_hours": 7.60082, "loss": 0.06366885, "lr": 0.00027557, "params": 3434533, "time_iter": 0.0735, "accuracy": 0.97963, "f1": 0.97931, "auc": 0.99993}
{"epoch": 46, "time_epoch": 177.07715, "eta": 27183.29469, "eta_hours": 7.55092, "loss": 0.06023945, "lr": 0.0002742, "params": 3434533, "time_iter": 0.07245, "accuracy": 0.98115, "f1": 0.98089, "auc": 0.99993}
{"epoch": 47, "time_epoch": 181.08026, "eta": 27016.42969, "eta_hours": 7.50456, "loss": 0.06029218, "lr": 0.00027279, "params": 3434533, "time_iter": 0.07409, "accuracy": 0.98098, "f1": 0.98089, "auc": 0.99993}
{"epoch": 48, "time_epoch": 181.15665, "eta": 26849.21991, "eta_hours": 7.45812, "loss": 0.05574008, "lr": 0.00027135, "params": 3434533, "time_iter": 0.07412, "accuracy": 0.98272, "f1": 0.98243, "auc": 0.99994}
{"epoch": 49, "time_epoch": 176.70639, "eta": 26668.10148, "eta_hours": 7.40781, "loss": 0.05185315, "lr": 0.00026988, "params": 3434533, "time_iter": 0.0723, "accuracy": 0.98352, "f1": 0.98308, "auc": 0.99995}
{"epoch": 50, "time_epoch": 175.48485, "eta": 26483.58725, "eta_hours": 7.35655, "loss": 0.05140881, "lr": 0.00026837, "params": 3434533, "time_iter": 0.0718, "accuracy": 0.98364, "f1": 0.98317, "auc": 0.99995}
{"epoch": 51, "time_epoch": 175.07715, "eta": 26298.25991, "eta_hours": 7.30507, "loss": 0.04918331, "lr": 0.00026683, "params": 3434533, "time_iter": 0.07164, "accuracy": 0.98445, "f1": 0.98444, "auc": 0.99995}
{"epoch": 52, "time_epoch": 174.99847, "eta": 26113.10116, "eta_hours": 7.25364, "loss": 0.04766388, "lr": 0.00026526, "params": 3434533, "time_iter": 0.0716, "accuracy": 0.98487, "f1": 0.98438, "auc": 0.99996}
{"epoch": 53, "time_epoch": 175.39564, "eta": 25929.39253, "eta_hours": 7.20261, "loss": 0.04690309, "lr": 0.00026366, "params": 3434533, "time_iter": 0.07177, "accuracy": 0.98529, "f1": 0.98472, "auc": 0.99996}
{"epoch": 54, "time_epoch": 174.59306, "eta": 25743.87031, "eta_hours": 7.15108, "loss": 0.0449998, "lr": 0.00026202, "params": 3434533, "time_iter": 0.07144, "accuracy": 0.98575, "f1": 0.98558, "auc": 0.99996}
{"epoch": 55, "time_epoch": 176.55611, "eta": 25563.78627, "eta_hours": 7.10105, "loss": 0.04419913, "lr": 0.00026036, "params": 3434533, "time_iter": 0.07224, "accuracy": 0.98621, "f1": 0.98596, "auc": 0.99996}
{"epoch": 56, "time_epoch": 175.79569, "eta": 25381.91828, "eta_hours": 7.05053, "loss": 0.04157131, "lr": 0.00025866, "params": 3434533, "time_iter": 0.07193, "accuracy": 0.98656, "f1": 0.98598, "auc": 0.99997}
{"epoch": 57, "time_epoch": 175.79611, "eta": 25200.26072, "eta_hours": 7.00007, "loss": 0.04067123, "lr": 0.00025694, "params": 3434533, "time_iter": 0.07193, "accuracy": 0.98729, "f1": 0.98694, "auc": 0.99997}
{"epoch": 58, "time_epoch": 176.18183, "eta": 25019.72366, "eta_hours": 6.94992, "loss": 0.04030733, "lr": 0.00025519, "params": 3434533, "time_iter": 0.07209, "accuracy": 0.98735, "f1": 0.9873, "auc": 0.99997}
{"epoch": 59, "time_epoch": 174.87467, "eta": 24836.28173, "eta_hours": 6.89897, "loss": 0.03765444, "lr": 0.0002534, "params": 3434533, "time_iter": 0.07155, "accuracy": 0.98792, "f1": 0.98797, "auc": 0.99997}
{"epoch": 60, "time_epoch": 175.15344, "eta": 24653.75593, "eta_hours": 6.84827, "loss": 0.035871, "lr": 0.00025159, "params": 3434533, "time_iter": 0.07167, "accuracy": 0.98887, "f1": 0.98849, "auc": 0.99997}
{"epoch": 61, "time_epoch": 175.14872, "eta": 24471.45744, "eta_hours": 6.79763, "loss": 0.03510354, "lr": 0.00024975, "params": 3434533, "time_iter": 0.07166, "accuracy": 0.98914, "f1": 0.98887, "auc": 0.99997}
{"epoch": 62, "time_epoch": 175.69692, "eta": 24290.57803, "eta_hours": 6.74738, "loss": 0.03361295, "lr": 0.00024789, "params": 3434533, "time_iter": 0.07189, "accuracy": 0.98957, "f1": 0.98923, "auc": 0.99998}
{"epoch": 63, "time_epoch": 175.92696, "eta": 24110.34941, "eta_hours": 6.69732, "loss": 0.03441823, "lr": 0.000246, "params": 3434533, "time_iter": 0.07198, "accuracy": 0.98903, "f1": 0.98889, "auc": 0.99998}
{"epoch": 64, "time_epoch": 175.87144, "eta": 23930.13784, "eta_hours": 6.64726, "loss": 0.03415733, "lr": 0.00024408, "params": 3434533, "time_iter": 0.07196, "accuracy": 0.98932, "f1": 0.98946, "auc": 0.99998}
{"epoch": 65, "time_epoch": 176.66931, "eta": 23751.67772, "eta_hours": 6.59769, "loss": 0.03350079, "lr": 0.00024213, "params": 3434533, "time_iter": 0.07229, "accuracy": 0.98935, "f1": 0.98887, "auc": 0.99998}
{"epoch": 66, "time_epoch": 176.07792, "eta": 23572.09709, "eta_hours": 6.5478, "loss": 0.02998312, "lr": 0.00024016, "params": 3434533, "time_iter": 0.07204, "accuracy": 0.99078, "f1": 0.99086, "auc": 0.99998}
{"epoch": 67, "time_epoch": 175.54666, "eta": 23391.58822, "eta_hours": 6.49766, "loss": 0.02921665, "lr": 0.00023817, "params": 3434533, "time_iter": 0.07183, "accuracy": 0.99101, "f1": 0.99094, "auc": 0.99998}
{"epoch": 68, "time_epoch": 182.2225, "eta": 23223.89759, "eta_hours": 6.45108, "loss": 0.02773097, "lr": 0.00023615, "params": 3434533, "time_iter": 0.07456, "accuracy": 0.99168, "f1": 0.99138, "auc": 0.99998}
{"epoch": 69, "time_epoch": 178.06799, "eta": 23048.07627, "eta_hours": 6.40224, "loss": 0.02778177, "lr": 0.00023411, "params": 3434533, "time_iter": 0.07286, "accuracy": 0.99146, "f1": 0.99119, "auc": 0.99998}
{"epoch": 70, "time_epoch": 175.08891, "eta": 22866.77894, "eta_hours": 6.35188, "loss": 0.02644607, "lr": 0.00023204, "params": 3434533, "time_iter": 0.07164, "accuracy": 0.99169, "f1": 0.99144, "auc": 0.99999}
{"epoch": 71, "time_epoch": 176.06749, "eta": 22687.39378, "eta_hours": 6.30205, "loss": 0.02569776, "lr": 0.00022995, "params": 3434533, "time_iter": 0.07204, "accuracy": 0.99198, "f1": 0.99198, "auc": 0.99998}
{"epoch": 72, "time_epoch": 175.44772, "eta": 22507.02128, "eta_hours": 6.25195, "loss": 0.02514288, "lr": 0.00022785, "params": 3434533, "time_iter": 0.07179, "accuracy": 0.99173, "f1": 0.99163, "auc": 0.99998}
{"epoch": 73, "time_epoch": 175.5758, "eta": 22326.99997, "eta_hours": 6.20194, "loss": 0.02435889, "lr": 0.00022571, "params": 3434533, "time_iter": 0.07184, "accuracy": 0.99229, "f1": 0.99208, "auc": 0.99999}
{"epoch": 74, "time_epoch": 175.69281, "eta": 22147.29222, "eta_hours": 6.15203, "loss": 0.02377969, "lr": 0.00022356, "params": 3434533, "time_iter": 0.07189, "accuracy": 0.99261, "f1": 0.99255, "auc": 0.99999}
{"epoch": 75, "time_epoch": 176.02023, "eta": 21968.22434, "eta_hours": 6.10228, "loss": 0.02260479, "lr": 0.00022139, "params": 3434533, "time_iter": 0.07202, "accuracy": 0.99284, "f1": 0.99275, "auc": 0.99999}
{"epoch": 76, "time_epoch": 176.26996, "eta": 21789.63453, "eta_hours": 6.05268, "loss": 0.02485556, "lr": 0.0002192, "params": 3434533, "time_iter": 0.07212, "accuracy": 0.99229, "f1": 0.99206, "auc": 0.99999}
{"epoch": 77, "time_epoch": 176.02078, "eta": 21610.71447, "eta_hours": 6.00298, "loss": 0.02224903, "lr": 0.00021699, "params": 3434533, "time_iter": 0.07202, "accuracy": 0.99325, "f1": 0.9932, "auc": 0.99999}
{"epoch": 78, "time_epoch": 176.2825, "eta": 21432.26866, "eta_hours": 5.95341, "loss": 0.02112134, "lr": 0.00021476, "params": 3434533, "time_iter": 0.07213, "accuracy": 0.99354, "f1": 0.99343, "auc": 0.99999}
{"epoch": 79, "time_epoch": 175.74213, "eta": 21253.06639, "eta_hours": 5.90363, "loss": 0.02281975, "lr": 0.00021252, "params": 3434533, "time_iter": 0.07191, "accuracy": 0.99316, "f1": 0.99325, "auc": 0.99999}
{"epoch": 80, "time_epoch": 176.1712, "eta": 21074.57991, "eta_hours": 5.85405, "loss": 0.02158179, "lr": 0.00021025, "params": 3434533, "time_iter": 0.07208, "accuracy": 0.99332, "f1": 0.99326, "auc": 0.99999}
{"epoch": 81, "time_epoch": 176.94108, "eta": 20897.25778, "eta_hours": 5.80479, "loss": 0.02030131, "lr": 0.00020797, "params": 3434533, "time_iter": 0.0724, "accuracy": 0.9938, "f1": 0.99391, "auc": 0.99999}
{"epoch": 82, "time_epoch": 175.78562, "eta": 20718.31605, "eta_hours": 5.75509, "loss": 0.01981087, "lr": 0.00020568, "params": 3434533, "time_iter": 0.07193, "accuracy": 0.994, "f1": 0.99416, "auc": 0.99999}
{"epoch": 83, "time_epoch": 175.58152, "eta": 20539.16762, "eta_hours": 5.70532, "loss": 0.01773073, "lr": 0.00020337, "params": 3434533, "time_iter": 0.07184, "accuracy": 0.99455, "f1": 0.99443, "auc": 0.99999}
{"epoch": 84, "time_epoch": 175.56791, "eta": 20360.0847, "eta_hours": 5.65558, "loss": 0.01824864, "lr": 0.00020104, "params": 3434533, "time_iter": 0.07184, "accuracy": 0.99435, "f1": 0.99422, "auc": 0.99999}
{"epoch": 85, "time_epoch": 176.56008, "eta": 20182.39873, "eta_hours": 5.60622, "loss": 0.01761165, "lr": 0.0001987, "params": 3434533, "time_iter": 0.07224, "accuracy": 0.99444, "f1": 0.99461, "auc": 0.99999}
{"epoch": 86, "time_epoch": 176.0672, "eta": 20004.09847, "eta_hours": 5.55669, "loss": 0.01810901, "lr": 0.00019635, "params": 3434533, "time_iter": 0.07204, "accuracy": 0.99442, "f1": 0.99462, "auc": 0.99999}
{"epoch": 87, "time_epoch": 175.90015, "eta": 19825.63635, "eta_hours": 5.50712, "loss": 0.01680455, "lr": 0.00019399, "params": 3434533, "time_iter": 0.07197, "accuracy": 0.99459, "f1": 0.99459, "auc": 0.99999}
{"epoch": 88, "time_epoch": 176.7438, "eta": 19648.28398, "eta_hours": 5.45786, "loss": 0.01603387, "lr": 0.00019161, "params": 3434533, "time_iter": 0.07232, "accuracy": 0.99501, "f1": 0.99521, "auc": 0.99999}
{"epoch": 89, "time_epoch": 175.54713, "eta": 19469.48254, "eta_hours": 5.40819, "loss": 0.01544302, "lr": 0.00018922, "params": 3434533, "time_iter": 0.07183, "accuracy": 0.99512, "f1": 0.99519, "auc": 0.99999}
{"epoch": 90, "time_epoch": 176.08135, "eta": 19291.39252, "eta_hours": 5.35872, "loss": 0.01567032, "lr": 0.00018682, "params": 3434533, "time_iter": 0.07205, "accuracy": 0.99533, "f1": 0.99534, "auc": 0.99999}
{"epoch": 91, "time_epoch": 176.80084, "eta": 19114.19078, "eta_hours": 5.3095, "loss": 0.01514548, "lr": 0.00018441, "params": 3434533, "time_iter": 0.07234, "accuracy": 0.99517, "f1": 0.99512, "auc": 1.0}
{"epoch": 92, "time_epoch": 175.30847, "eta": 18935.28064, "eta_hours": 5.2598, "loss": 0.01414455, "lr": 0.00018199, "params": 3434533, "time_iter": 0.07173, "accuracy": 0.99545, "f1": 0.99541, "auc": 1.0}
{"epoch": 93, "time_epoch": 175.47501, "eta": 18756.63493, "eta_hours": 5.21018, "loss": 0.01408617, "lr": 0.00017957, "params": 3434533, "time_iter": 0.0718, "accuracy": 0.99564, "f1": 0.99538, "auc": 0.99999}
{"epoch": 94, "time_epoch": 179.9728, "eta": 18583.0272, "eta_hours": 5.16195, "loss": 0.01324184, "lr": 0.00017713, "params": 3434533, "time_iter": 0.07364, "accuracy": 0.99579, "f1": 0.99568, "auc": 1.0}
{"epoch": 95, "time_epoch": 180.66537, "eta": 18410.03716, "eta_hours": 5.1139, "loss": 0.01308911, "lr": 0.00017469, "params": 3434533, "time_iter": 0.07392, "accuracy": 0.99613, "f1": 0.99616, "auc": 1.0}
{"epoch": 96, "time_epoch": 181.12963, "eta": 18237.38184, "eta_hours": 5.06594, "loss": 0.01125046, "lr": 0.00017224, "params": 3434533, "time_iter": 0.07411, "accuracy": 0.99661, "f1": 0.99647, "auc": 1.0}
{"epoch": 97, "time_epoch": 181.45451, "eta": 18064.89172, "eta_hours": 5.01803, "loss": 0.01235735, "lr": 0.00016978, "params": 3434533, "time_iter": 0.07424, "accuracy": 0.99591, "f1": 0.99581, "auc": 1.0}
{"epoch": 98, "time_epoch": 180.37863, "eta": 17891.12289, "eta_hours": 4.96976, "loss": 0.0126172, "lr": 0.00016732, "params": 3434533, "time_iter": 0.0738, "accuracy": 0.99634, "f1": 0.99636, "auc": 1.0}
{"epoch": 99, "time_epoch": 181.85588, "eta": 17718.69911, "eta_hours": 4.92186, "loss": 0.01343696, "lr": 0.00016486, "params": 3434533, "time_iter": 0.07441, "accuracy": 0.99584, "f1": 0.99603, "auc": 1.0}
{"epoch": 100, "time_epoch": 180.83371, "eta": 17545.08662, "eta_hours": 4.87364, "loss": 0.01199163, "lr": 0.00016239, "params": 3434533, "time_iter": 0.07399, "accuracy": 0.99625, "f1": 0.99637, "auc": 1.0}
{"epoch": 101, "time_epoch": 178.14734, "eta": 17368.75152, "eta_hours": 4.82465, "loss": 0.01113856, "lr": 0.00015991, "params": 3434533, "time_iter": 0.07289, "accuracy": 0.99666, "f1": 0.99653, "auc": 1.0}
{"epoch": 102, "time_epoch": 176.2407, "eta": 17190.58566, "eta_hours": 4.77516, "loss": 0.01067568, "lr": 0.00015744, "params": 3434533, "time_iter": 0.07211, "accuracy": 0.99684, "f1": 0.99675, "auc": 1.0}
{"epoch": 103, "time_epoch": 176.2713, "eta": 17012.48506, "eta_hours": 4.72569, "loss": 0.01024784, "lr": 0.00015496, "params": 3434533, "time_iter": 0.07212, "accuracy": 0.99688, "f1": 0.9968, "auc": 1.0}
{"epoch": 104, "time_epoch": 175.95419, "eta": 16834.1324, "eta_hours": 4.67615, "loss": 0.01051068, "lr": 0.00015248, "params": 3434533, "time_iter": 0.07199, "accuracy": 0.99666, "f1": 0.99656, "auc": 1.0}
{"epoch": 105, "time_epoch": 175.5615, "eta": 16655.47677, "eta_hours": 4.62652, "loss": 0.01046649, "lr": 0.00015, "params": 3434533, "time_iter": 0.07183, "accuracy": 0.99668, "f1": 0.99664, "auc": 1.0}
{"epoch": 106, "time_epoch": 175.30091, "eta": 16476.65246, "eta_hours": 4.57685, "loss": 0.00959789, "lr": 0.00014752, "params": 3434533, "time_iter": 0.07173, "accuracy": 0.99729, "f1": 0.99722, "auc": 1.0}
{"epoch": 107, "time_epoch": 176.55201, "eta": 16298.95916, "eta_hours": 4.52749, "loss": 0.00849514, "lr": 0.00014504, "params": 3434533, "time_iter": 0.07224, "accuracy": 0.99747, "f1": 0.99752, "auc": 1.0}
{"epoch": 108, "time_epoch": 176.00391, "eta": 16120.82922, "eta_hours": 4.47801, "loss": 0.00910757, "lr": 0.00014256, "params": 3434533, "time_iter": 0.07201, "accuracy": 0.99715, "f1": 0.9971, "auc": 1.0}
{"epoch": 109, "time_epoch": 176.12219, "eta": 15942.8347, "eta_hours": 4.42857, "loss": 0.00856198, "lr": 0.00014009, "params": 3434533, "time_iter": 0.07206, "accuracy": 0.99737, "f1": 0.9973, "auc": 1.0}
{"epoch": 110, "time_epoch": 175.54414, "eta": 15764.41044, "eta_hours": 4.379, "loss": 0.00763664, "lr": 0.00013761, "params": 3434533, "time_iter": 0.07183, "accuracy": 0.99762, "f1": 0.99775, "auc": 1.0}
{"epoch": 111, "time_epoch": 175.1692, "eta": 15585.74302, "eta_hours": 4.32937, "loss": 0.00811353, "lr": 0.00013514, "params": 3434533, "time_iter": 0.07167, "accuracy": 0.99761, "f1": 0.99759, "auc": 1.0}
{"epoch": 112, "time_epoch": 175.74834, "eta": 15407.5834, "eta_hours": 4.27988, "loss": 0.00776541, "lr": 0.00013268, "params": 3434533, "time_iter": 0.07191, "accuracy": 0.99792, "f1": 0.99773, "auc": 1.0}
{"epoch": 113, "time_epoch": 176.11967, "eta": 15229.7462, "eta_hours": 4.23049, "loss": 0.00716728, "lr": 0.00013022, "params": 3434533, "time_iter": 0.07206, "accuracy": 0.99801, "f1": 0.99799, "auc": 1.0}
{"epoch": 114, "time_epoch": 176.09337, "eta": 15051.91943, "eta_hours": 4.18109, "loss": 0.0071988, "lr": 0.00012776, "params": 3434533, "time_iter": 0.07205, "accuracy": 0.9978, "f1": 0.99768, "auc": 1.0}
{"epoch": 115, "time_epoch": 175.60709, "eta": 14873.77042, "eta_hours": 4.1316, "loss": 0.00747512, "lr": 0.00012531, "params": 3434533, "time_iter": 0.07185, "accuracy": 0.99775, "f1": 0.99792, "auc": 1.0}
{"epoch": 116, "time_epoch": 175.57838, "eta": 14695.64449, "eta_hours": 4.08212, "loss": 0.00673206, "lr": 0.00012287, "params": 3434533, "time_iter": 0.07184, "accuracy": 0.99803, "f1": 0.99798, "auc": 1.0}
{"epoch": 117, "time_epoch": 175.78901, "eta": 14517.70811, "eta_hours": 4.0327, "loss": 0.00635409, "lr": 0.00012043, "params": 3434533, "time_iter": 0.07193, "accuracy": 0.99816, "f1": 0.99818, "auc": 1.0}
{"epoch": 118, "time_epoch": 175.54689, "eta": 14339.64301, "eta_hours": 3.98323, "loss": 0.00649453, "lr": 0.00011801, "params": 3434533, "time_iter": 0.07183, "accuracy": 0.99802, "f1": 0.998, "auc": 1.0}
{"epoch": 119, "time_epoch": 175.97439, "eta": 14161.90489, "eta_hours": 3.93386, "loss": 0.00649337, "lr": 0.00011559, "params": 3434533, "time_iter": 0.072, "accuracy": 0.99807, "f1": 0.99808, "auc": 1.0}
{"epoch": 120, "time_epoch": 176.83813, "eta": 13984.75984, "eta_hours": 3.88466, "loss": 0.00615313, "lr": 0.00011318, "params": 3434533, "time_iter": 0.07236, "accuracy": 0.99809, "f1": 0.99809, "auc": 1.0}
{"epoch": 121, "time_epoch": 175.81595, "eta": 13806.96631, "eta_hours": 3.83527, "loss": 0.00608062, "lr": 0.00011078, "params": 3434533, "time_iter": 0.07194, "accuracy": 0.99818, "f1": 0.99816, "auc": 1.0}
{"epoch": 122, "time_epoch": 176.53281, "eta": 13629.6537, "eta_hours": 3.78601, "loss": 0.00545097, "lr": 0.00010839, "params": 3434533, "time_iter": 0.07223, "accuracy": 0.99845, "f1": 0.99843, "auc": 1.0}
{"epoch": 123, "time_epoch": 175.75635, "eta": 13451.87777, "eta_hours": 3.73663, "loss": 0.00514063, "lr": 0.00010601, "params": 3434533, "time_iter": 0.07191, "accuracy": 0.99861, "f1": 0.9986, "auc": 1.0}
{"epoch": 124, "time_epoch": 176.67789, "eta": 13274.68708, "eta_hours": 3.68741, "loss": 0.00563548, "lr": 0.00010365, "params": 3434533, "time_iter": 0.07229, "accuracy": 0.99853, "f1": 0.99849, "auc": 1.0}
{"epoch": 125, "time_epoch": 175.87493, "eta": 13097.03294, "eta_hours": 3.63806, "loss": 0.00513285, "lr": 0.0001013, "params": 3434533, "time_iter": 0.07196, "accuracy": 0.99836, "f1": 0.99844, "auc": 1.0}
{"epoch": 126, "time_epoch": 176.43288, "eta": 12919.72754, "eta_hours": 3.58881, "loss": 0.00504895, "lr": 9.896e-05, "params": 3434533, "time_iter": 0.07219, "accuracy": 0.99848, "f1": 0.99856, "auc": 1.0}
{"epoch": 127, "time_epoch": 175.76909, "eta": 12742.06239, "eta_hours": 3.53946, "loss": 0.00505447, "lr": 9.663e-05, "params": 3434533, "time_iter": 0.07192, "accuracy": 0.99843, "f1": 0.99843, "auc": 1.0}
{"epoch": 128, "time_epoch": 175.46227, "eta": 12564.25777, "eta_hours": 3.49007, "loss": 0.00432118, "lr": 9.432e-05, "params": 3434533, "time_iter": 0.07179, "accuracy": 0.9988, "f1": 0.9988, "auc": 1.0}
{"epoch": 129, "time_epoch": 175.58867, "eta": 12386.55724, "eta_hours": 3.44071, "loss": 0.00407508, "lr": 9.203e-05, "params": 3434533, "time_iter": 0.07184, "accuracy": 0.99894, "f1": 0.99898, "auc": 1.0}
{"epoch": 130, "time_epoch": 176.76211, "eta": 12209.50703, "eta_hours": 3.39153, "loss": 0.00487228, "lr": 8.975e-05, "params": 3434533, "time_iter": 0.07232, "accuracy": 0.99858, "f1": 0.99855, "auc": 1.0}
{"epoch": 131, "time_epoch": 176.73367, "eta": 12032.44653, "eta_hours": 3.34235, "loss": 0.00418287, "lr": 8.748e-05, "params": 3434533, "time_iter": 0.07231, "accuracy": 0.99872, "f1": 0.99878, "auc": 1.0}
{"epoch": 132, "time_epoch": 175.57008, "eta": 11854.80477, "eta_hours": 3.293, "loss": 0.00389281, "lr": 8.524e-05, "params": 3434533, "time_iter": 0.07184, "accuracy": 0.9989, "f1": 0.99897, "auc": 1.0}
{"epoch": 133, "time_epoch": 176.36756, "eta": 11677.58673, "eta_hours": 3.24377, "loss": 0.00429996, "lr": 8.301e-05, "params": 3434533, "time_iter": 0.07216, "accuracy": 0.9987, "f1": 0.99875, "auc": 1.0}
{"epoch": 134, "time_epoch": 175.59661, "eta": 11500.01008, "eta_hours": 3.19445, "loss": 0.00369022, "lr": 8.08e-05, "params": 3434533, "time_iter": 0.07185, "accuracy": 0.99895, "f1": 0.99896, "auc": 1.0}
{"epoch": 135, "time_epoch": 179.03429, "eta": 11324.08029, "eta_hours": 3.14558, "loss": 0.00420973, "lr": 7.861e-05, "params": 3434533, "time_iter": 0.07325, "accuracy": 0.99882, "f1": 0.99889, "auc": 1.0}
{"epoch": 136, "time_epoch": 175.69629, "eta": 11146.57018, "eta_hours": 3.09627, "loss": 0.00349845, "lr": 7.644e-05, "params": 3434533, "time_iter": 0.07189, "accuracy": 0.99894, "f1": 0.99892, "auc": 1.0}
{"epoch": 137, "time_epoch": 176.60602, "eta": 10969.49509, "eta_hours": 3.04708, "loss": 0.00335367, "lr": 7.429e-05, "params": 3434533, "time_iter": 0.07226, "accuracy": 0.99916, "f1": 0.9992, "auc": 1.0}
{"epoch": 138, "time_epoch": 175.94197, "eta": 10792.13532, "eta_hours": 2.99782, "loss": 0.00365675, "lr": 7.215e-05, "params": 3434533, "time_iter": 0.07199, "accuracy": 0.99884, "f1": 0.99902, "auc": 1.0}
{"epoch": 139, "time_epoch": 175.86635, "eta": 10614.76339, "eta_hours": 2.94855, "loss": 0.00333668, "lr": 7.005e-05, "params": 3434533, "time_iter": 0.07196, "accuracy": 0.99903, "f1": 0.99913, "auc": 1.0}
{"epoch": 140, "time_epoch": 175.93088, "eta": 10437.43983, "eta_hours": 2.89929, "loss": 0.00282982, "lr": 6.796e-05, "params": 3434533, "time_iter": 0.07198, "accuracy": 0.99918, "f1": 0.99924, "auc": 1.0}
{"epoch": 141, "time_epoch": 176.15273, "eta": 10260.22649, "eta_hours": 2.85006, "loss": 0.00315036, "lr": 6.589e-05, "params": 3434533, "time_iter": 0.07208, "accuracy": 0.99912, "f1": 0.9991, "auc": 1.0}
{"epoch": 142, "time_epoch": 175.47635, "eta": 10082.75838, "eta_hours": 2.80077, "loss": 0.0023695, "lr": 6.385e-05, "params": 3434533, "time_iter": 0.0718, "accuracy": 0.99946, "f1": 0.99947, "auc": 1.0}
{"epoch": 143, "time_epoch": 176.88711, "eta": 9905.86657, "eta_hours": 2.75163, "loss": 0.00244966, "lr": 6.183e-05, "params": 3434533, "time_iter": 0.07238, "accuracy": 0.9994, "f1": 0.99933, "auc": 1.0}
{"epoch": 144, "time_epoch": 175.08649, "eta": 9728.29182, "eta_hours": 2.7023, "loss": 0.00240191, "lr": 5.984e-05, "params": 3434533, "time_iter": 0.07164, "accuracy": 0.99928, "f1": 0.9993, "auc": 1.0}
{"epoch": 145, "time_epoch": 175.30284, "eta": 9550.83119, "eta_hours": 2.65301, "loss": 0.00265515, "lr": 5.787e-05, "params": 3434533, "time_iter": 0.07173, "accuracy": 0.99927, "f1": 0.99936, "auc": 1.0}
{"epoch": 146, "time_epoch": 176.74656, "eta": 9373.92043, "eta_hours": 2.60387, "loss": 0.00236933, "lr": 5.592e-05, "params": 3434533, "time_iter": 0.07232, "accuracy": 0.99934, "f1": 0.99934, "auc": 1.0}
{"epoch": 147, "time_epoch": 175.9805, "eta": 9196.74274, "eta_hours": 2.55465, "loss": 0.00240467, "lr": 5.4e-05, "params": 3434533, "time_iter": 0.07201, "accuracy": 0.99931, "f1": 0.99931, "auc": 1.0}
{"epoch": 148, "time_epoch": 175.96901, "eta": 9019.57718, "eta_hours": 2.50544, "loss": 0.00248715, "lr": 5.211e-05, "params": 3434533, "time_iter": 0.072, "accuracy": 0.99931, "f1": 0.99936, "auc": 1.0}
{"epoch": 149, "time_epoch": 177.17118, "eta": 8842.8283, "eta_hours": 2.45634, "loss": 0.00220217, "lr": 5.025e-05, "params": 3434533, "time_iter": 0.07249, "accuracy": 0.99934, "f1": 0.99938, "auc": 1.0}
{"epoch": 150, "time_epoch": 176.74438, "eta": 8665.93533, "eta_hours": 2.4072, "loss": 0.00204712, "lr": 4.841e-05, "params": 3434533, "time_iter": 0.07232, "accuracy": 0.99936, "f1": 0.99946, "auc": 1.0}
{"epoch": 151, "time_epoch": 176.84675, "eta": 8489.07664, "eta_hours": 2.35808, "loss": 0.001939, "lr": 4.66e-05, "params": 3434533, "time_iter": 0.07236, "accuracy": 0.99948, "f1": 0.99947, "auc": 1.0}
{"epoch": 152, "time_epoch": 175.24568, "eta": 8311.72628, "eta_hours": 2.30881, "loss": 0.00238399, "lr": 4.481e-05, "params": 3434533, "time_iter": 0.0717, "accuracy": 0.99934, "f1": 0.99941, "auc": 1.0}
{"epoch": 153, "time_epoch": 176.67341, "eta": 8134.82971, "eta_hours": 2.25967, "loss": 0.00189802, "lr": 4.306e-05, "params": 3434533, "time_iter": 0.07229, "accuracy": 0.99951, "f1": 0.99951, "auc": 1.0}
{"epoch": 154, "time_epoch": 176.73277, "eta": 7957.95326, "eta_hours": 2.21054, "loss": 0.00195346, "lr": 4.134e-05, "params": 3434533, "time_iter": 0.07231, "accuracy": 0.99946, "f1": 0.99943, "auc": 1.0}
{"epoch": 155, "time_epoch": 175.9365, "eta": 7780.85406, "eta_hours": 2.16135, "loss": 0.00199036, "lr": 3.964e-05, "params": 3434533, "time_iter": 0.07199, "accuracy": 0.99946, "f1": 0.99947, "auc": 1.0}
{"epoch": 156, "time_epoch": 176.74729, "eta": 7603.99173, "eta_hours": 2.11222, "loss": 0.00150088, "lr": 3.798e-05, "params": 3434533, "time_iter": 0.07232, "accuracy": 0.99963, "f1": 0.99969, "auc": 1.0}
{"epoch": 157, "time_epoch": 176.05195, "eta": 7426.94603, "eta_hours": 2.06304, "loss": 0.00162967, "lr": 3.634e-05, "params": 3434533, "time_iter": 0.07203, "accuracy": 0.9996, "f1": 0.99963, "auc": 1.0}
{"epoch": 158, "time_epoch": 175.50343, "eta": 7249.77138, "eta_hours": 2.01383, "loss": 0.00158763, "lr": 3.474e-05, "params": 3434533, "time_iter": 0.07181, "accuracy": 0.99955, "f1": 0.99955, "auc": 1.0}
{"epoch": 159, "time_epoch": 175.73764, "eta": 7072.67617, "eta_hours": 1.96463, "loss": 0.00161033, "lr": 3.317e-05, "params": 3434533, "time_iter": 0.07191, "accuracy": 0.99953, "f1": 0.99949, "auc": 1.0}
{"epoch": 160, "time_epoch": 175.90592, "eta": 6895.6386, "eta_hours": 1.91546, "loss": 0.00128922, "lr": 3.163e-05, "params": 3434533, "time_iter": 0.07197, "accuracy": 0.99968, "f1": 0.99967, "auc": 1.0}
{"epoch": 161, "time_epoch": 175.81526, "eta": 6718.59373, "eta_hours": 1.86628, "loss": 0.001494, "lr": 3.012e-05, "params": 3434533, "time_iter": 0.07194, "accuracy": 0.99963, "f1": 0.99962, "auc": 1.0}
{"epoch": 162, "time_epoch": 176.00823, "eta": 6541.60774, "eta_hours": 1.81711, "loss": 0.00150447, "lr": 2.865e-05, "params": 3434533, "time_iter": 0.07202, "accuracy": 0.99958, "f1": 0.99967, "auc": 1.0}
{"epoch": 163, "time_epoch": 176.2109, "eta": 6364.67817, "eta_hours": 1.76797, "loss": 0.00133583, "lr": 2.721e-05, "params": 3434533, "time_iter": 0.0721, "accuracy": 0.99964, "f1": 0.99965, "auc": 1.0}
{"epoch": 164, "time_epoch": 175.67237, "eta": 6187.64308, "eta_hours": 1.71879, "loss": 0.00112031, "lr": 2.58e-05, "params": 3434533, "time_iter": 0.07188, "accuracy": 0.99977, "f1": 0.99978, "auc": 1.0}
{"epoch": 165, "time_epoch": 176.84066, "eta": 6010.8637, "eta_hours": 1.66968, "loss": 0.0013768, "lr": 2.443e-05, "params": 3434533, "time_iter": 0.07236, "accuracy": 0.99959, "f1": 0.99959, "auc": 1.0}
{"epoch": 166, "time_epoch": 176.66802, "eta": 5834.04946, "eta_hours": 1.62057, "loss": 0.00119928, "lr": 2.309e-05, "params": 3434533, "time_iter": 0.07229, "accuracy": 0.99971, "f1": 0.99972, "auc": 1.0}
{"epoch": 167, "time_epoch": 176.1977, "eta": 5657.14738, "eta_hours": 1.57143, "loss": 0.00079008, "lr": 2.178e-05, "params": 3434533, "time_iter": 0.07209, "accuracy": 0.99991, "f1": 0.9999, "auc": 1.0}
{"epoch": 168, "time_epoch": 176.14533, "eta": 5480.24403, "eta_hours": 1.52229, "loss": 0.00118309, "lr": 2.051e-05, "params": 3434533, "time_iter": 0.07207, "accuracy": 0.99967, "f1": 0.99967, "auc": 1.0}
{"epoch": 169, "time_epoch": 176.01456, "eta": 5303.32653, "eta_hours": 1.47315, "loss": 0.00096651, "lr": 1.928e-05, "params": 3434533, "time_iter": 0.07202, "accuracy": 0.99982, "f1": 0.99984, "auc": 1.0}
{"epoch": 170, "time_epoch": 176.6748, "eta": 5126.53155, "eta_hours": 1.42404, "loss": 0.00093115, "lr": 1.808e-05, "params": 3434533, "time_iter": 0.07229, "accuracy": 0.9998, "f1": 0.99983, "auc": 1.0}
{"epoch": 171, "time_epoch": 175.79297, "eta": 4949.59442, "eta_hours": 1.37489, "loss": 0.00105547, "lr": 1.692e-05, "params": 3434533, "time_iter": 0.07193, "accuracy": 0.99974, "f1": 0.99973, "auc": 1.0}
{"epoch": 172, "time_epoch": 175.41557, "eta": 4772.61161, "eta_hours": 1.32573, "loss": 0.00088301, "lr": 1.579e-05, "params": 3434533, "time_iter": 0.07177, "accuracy": 0.99983, "f1": 0.99983, "auc": 1.0}
{"epoch": 173, "time_epoch": 176.07137, "eta": 4595.74481, "eta_hours": 1.2766, "loss": 0.00083427, "lr": 1.47e-05, "params": 3434533, "time_iter": 0.07204, "accuracy": 0.99987, "f1": 0.99991, "auc": 1.0}
{"epoch": 174, "time_epoch": 175.8043, "eta": 4418.84895, "eta_hours": 1.22746, "loss": 0.00107996, "lr": 1.365e-05, "params": 3434533, "time_iter": 0.07193, "accuracy": 0.99969, "f1": 0.99976, "auc": 1.0}
{"epoch": 175, "time_epoch": 175.79156, "eta": 4241.96376, "eta_hours": 1.17832, "loss": 0.0009656, "lr": 1.263e-05, "params": 3434533, "time_iter": 0.07193, "accuracy": 0.9998, "f1": 0.99977, "auc": 1.0}
{"epoch": 176, "time_epoch": 176.03114, "eta": 4065.12205, "eta_hours": 1.1292, "loss": 0.0007853, "lr": 1.166e-05, "params": 3434533, "time_iter": 0.07203, "accuracy": 0.99987, "f1": 0.99988, "auc": 1.0}
{"epoch": 177, "time_epoch": 175.81287, "eta": 3888.26248, "eta_hours": 1.08007, "loss": 0.00095014, "lr": 1.072e-05, "params": 3434533, "time_iter": 0.07194, "accuracy": 0.99974, "f1": 0.99973, "auc": 1.0}
{"epoch": 178, "time_epoch": 175.27183, "eta": 3711.35113, "eta_hours": 1.03093, "loss": 0.00115089, "lr": 9.82e-06, "params": 3434533, "time_iter": 0.07172, "accuracy": 0.99976, "f1": 0.99973, "auc": 1.0}
{"epoch": 179, "time_epoch": 176.46145, "eta": 3534.59017, "eta_hours": 0.98183, "loss": 0.00081672, "lr": 8.95e-06, "params": 3434533, "time_iter": 0.0722, "accuracy": 0.99982, "f1": 0.99984, "auc": 1.0}
{"epoch": 180, "time_epoch": 175.87903, "eta": 3357.77138, "eta_hours": 0.93271, "loss": 0.00070887, "lr": 8.13e-06, "params": 3434533, "time_iter": 0.07196, "accuracy": 0.99983, "f1": 0.99984, "auc": 1.0}
{"epoch": 181, "time_epoch": 175.92717, "eta": 3180.96769, "eta_hours": 0.8836, "loss": 0.00086454, "lr": 7.34e-06, "params": 3434533, "time_iter": 0.07198, "accuracy": 0.9998, "f1": 0.99982, "auc": 1.0}
{"epoch": 182, "time_epoch": 176.67089, "eta": 3004.24266, "eta_hours": 0.83451, "loss": 0.00081148, "lr": 6.59e-06, "params": 3434533, "time_iter": 0.07229, "accuracy": 0.99982, "f1": 0.9998, "auc": 1.0}
{"epoch": 183, "time_epoch": 176.04826, "eta": 2827.46408, "eta_hours": 0.78541, "loss": 0.00084722, "lr": 5.89e-06, "params": 3434533, "time_iter": 0.07203, "accuracy": 0.99981, "f1": 0.99983, "auc": 1.0}
{"epoch": 184, "time_epoch": 176.26191, "eta": 2650.71071, "eta_hours": 0.73631, "loss": 0.00082174, "lr": 5.22e-06, "params": 3434533, "time_iter": 0.07212, "accuracy": 0.99985, "f1": 0.99988, "auc": 1.0}
{"epoch": 185, "time_epoch": 175.71332, "eta": 2473.92134, "eta_hours": 0.6872, "loss": 0.00080129, "lr": 4.59e-06, "params": 3434533, "time_iter": 0.0719, "accuracy": 0.99985, "f1": 0.99985, "auc": 1.0}
{"epoch": 186, "time_epoch": 176.51419, "eta": 2297.19915, "eta_hours": 0.63811, "loss": 0.00062307, "lr": 4e-06, "params": 3434533, "time_iter": 0.07222, "accuracy": 0.99987, "f1": 0.99986, "auc": 1.0}
{"epoch": 187, "time_epoch": 176.73837, "eta": 2120.49349, "eta_hours": 0.58903, "loss": 0.00073242, "lr": 3.45e-06, "params": 3434533, "time_iter": 0.07232, "accuracy": 0.99986, "f1": 0.99982, "auc": 1.0}
{"epoch": 188, "time_epoch": 175.38632, "eta": 1943.70879, "eta_hours": 0.53992, "loss": 0.00073388, "lr": 2.94e-06, "params": 3434533, "time_iter": 0.07176, "accuracy": 0.99988, "f1": 0.9999, "auc": 1.0}
{"epoch": 189, "time_epoch": 175.58125, "eta": 1766.94907, "eta_hours": 0.49082, "loss": 0.00077119, "lr": 2.47e-06, "params": 3434533, "time_iter": 0.07184, "accuracy": 0.99986, "f1": 0.99984, "auc": 1.0}
{"epoch": 190, "time_epoch": 175.25608, "eta": 1590.18636, "eta_hours": 0.44172, "loss": 0.00078196, "lr": 2.05e-06, "params": 3434533, "time_iter": 0.07171, "accuracy": 0.99983, "f1": 0.99988, "auc": 1.0}
{"epoch": 191, "time_epoch": 177.00621, "eta": 1413.51227, "eta_hours": 0.39264, "loss": 0.00073605, "lr": 1.66e-06, "params": 3434533, "time_iter": 0.07242, "accuracy": 0.99983, "f1": 0.99984, "auc": 1.0}
{"epoch": 192, "time_epoch": 177.09361, "eta": 1236.83791, "eta_hours": 0.34357, "loss": 0.00076103, "lr": 1.31e-06, "params": 3434533, "time_iter": 0.07246, "accuracy": 0.9998, "f1": 0.99982, "auc": 1.0}
{"epoch": 193, "time_epoch": 181.49269, "eta": 1060.29528, "eta_hours": 0.29453, "loss": 0.00065871, "lr": 1e-06, "params": 3434533, "time_iter": 0.07426, "accuracy": 0.9999, "f1": 0.99988, "auc": 1.0}
{"epoch": 194, "time_epoch": 192.7269, "eta": 883.98994, "eta_hours": 0.24555, "loss": 0.00087737, "lr": 7.4e-07, "params": 3434533, "time_iter": 0.07886, "accuracy": 0.99974, "f1": 0.99978, "auc": 1.0}
{"epoch": 195, "time_epoch": 180.30626, "eta": 707.26355, "eta_hours": 0.19646, "loss": 0.00059704, "lr": 5.1e-07, "params": 3434533, "time_iter": 0.07378, "accuracy": 0.99985, "f1": 0.99988, "auc": 1.0}
{"epoch": 196, "time_epoch": 176.62261, "eta": 530.44472, "eta_hours": 0.14735, "loss": 0.00066014, "lr": 3.3e-07, "params": 3434533, "time_iter": 0.07227, "accuracy": 0.99988, "f1": 0.99988, "auc": 1.0}
{"epoch": 197, "time_epoch": 180.1072, "eta": 353.66307, "eta_hours": 0.09824, "loss": 0.00066535, "lr": 1.8e-07, "params": 3434533, "time_iter": 0.07369, "accuracy": 0.99987, "f1": 0.99989, "auc": 1.0}
{"epoch": 198, "time_epoch": 185.06869, "eta": 176.87293, "eta_hours": 0.04913, "loss": 0.00052083, "lr": 8e-08, "params": 3434533, "time_iter": 0.07572, "accuracy": 0.99991, "f1": 0.99992, "auc": 1.0}
{"epoch": 199, "time_epoch": 180.42624, "eta": 0.0, "eta_hours": 0.0, "loss": 0.00061137, "lr": 2e-08, "params": 3434533, "time_iter": 0.07382, "accuracy": 0.99988, "f1": 0.9999, "auc": 1.0}
