{"epoch": 0, "time_epoch": 28.6388, "eta": 2835.24164, "eta_hours": 0.78757, "loss": 0.20174695, "lr": 0.0, "params": 337201, "time_iter": 0.0915, "accuracy": 0.61863, "precision": 0.16474, "recall": 0.28512, "f1": 0.20882, "auc": 0.48428, "accuracy-SBM": 0.48762}
{"epoch": 1, "time_epoch": 26.20699, "eta": 2687.44408, "eta_hours": 0.74651, "loss": 0.1794256, "lr": 0.0001, "params": 337201, "time_iter": 0.08373, "accuracy": 0.70504, "precision": 0.3396, "recall": 0.7103, "f1": 0.45951, "auc": 0.79011, "accuracy-SBM": 0.70711}
{"epoch": 2, "time_epoch": 26.11645, "eta": 2617.77935, "eta_hours": 0.72716, "loss": 0.14845412, "lr": 0.0002, "params": 337201, "time_iter": 0.08344, "accuracy": 0.82375, "precision": 0.50045, "recall": 0.81829, "f1": 0.62107, "auc": 0.87166, "accuracy-SBM": 0.8216}
{"epoch": 3, "time_epoch": 26.10786, "eta": 2569.68258, "eta_hours": 0.7138, "loss": 0.13402415, "lr": 0.0003, "params": 337201, "time_iter": 0.08341, "accuracy": 0.82908, "precision": 0.50984, "recall": 0.82239, "f1": 0.62945, "auc": 0.89085, "accuracy-SBM": 0.82645}
{"epoch": 4, "time_epoch": 26.15709, "eta": 2531.31683, "eta_hours": 0.70314, "loss": 0.12298539, "lr": 0.0004, "params": 337201, "time_iter": 0.08357, "accuracy": 0.83347, "precision": 0.51769, "recall": 0.82761, "f1": 0.63695, "auc": 0.90239, "accuracy-SBM": 0.83117}
{"epoch": 5, "time_epoch": 26.233, "eta": 2498.20984, "eta_hours": 0.69395, "loss": 0.11317361, "lr": 0.0005, "params": 337201, "time_iter": 0.08381, "accuracy": 0.83989, "precision": 0.52942, "recall": 0.83615, "f1": 0.64834, "auc": 0.91317, "accuracy-SBM": 0.83842}
{"epoch": 6, "time_epoch": 25.82776, "eta": 2461.68295, "eta_hours": 0.6838, "loss": 0.10603167, "lr": 0.00049986, "params": 337201, "time_iter": 0.08252, "accuracy": 0.84584, "precision": 0.54051, "recall": 0.84508, "f1": 0.65932, "auc": 0.92184, "accuracy-SBM": 0.84554}
{"epoch": 7, "time_epoch": 25.84533, "eta": 2428.03289, "eta_hours": 0.67445, "loss": 0.10419722, "lr": 0.00049945, "params": 337201, "time_iter": 0.08257, "accuracy": 0.84436, "precision": 0.53756, "recall": 0.84645, "f1": 0.65753, "auc": 0.92306, "accuracy-SBM": 0.84518}
{"epoch": 8, "time_epoch": 25.93494, "eta": 2397.02326, "eta_hours": 0.66584, "loss": 0.10138208, "lr": 0.00049877, "params": 337201, "time_iter": 0.08286, "accuracy": 0.84979, "precision": 0.54815, "recall": 0.84821, "f1": 0.66594, "auc": 0.92698, "accuracy-SBM": 0.84917}
{"epoch": 9, "time_epoch": 25.90095, "eta": 2366.72268, "eta_hours": 0.65742, "loss": 0.10013735, "lr": 0.00049782, "params": 337201, "time_iter": 0.08275, "accuracy": 0.8502, "precision": 0.54889, "recall": 0.84946, "f1": 0.66687, "auc": 0.92818, "accuracy-SBM": 0.84991}
{"epoch": 10, "time_epoch": 25.88969, "eta": 2337.13093, "eta_hours": 0.6492, "loss": 0.09942552, "lr": 0.00049659, "params": 337201, "time_iter": 0.08271, "accuracy": 0.851, "precision": 0.55046, "recall": 0.85031, "f1": 0.66829, "auc": 0.92889, "accuracy-SBM": 0.85073}
{"epoch": 11, "time_epoch": 25.79378, "eta": 2307.45283, "eta_hours": 0.64096, "loss": 0.09863843, "lr": 0.00049509, "params": 337201, "time_iter": 0.08241, "accuracy": 0.85212, "precision": 0.55276, "recall": 0.84991, "f1": 0.66986, "auc": 0.92972, "accuracy-SBM": 0.85125}
{"epoch": 12, "time_epoch": 25.89523, "eta": 2279.05126, "eta_hours": 0.63307, "loss": 0.09795567, "lr": 0.00049333, "params": 337201, "time_iter": 0.08273, "accuracy": 0.85338, "precision": 0.55529, "recall": 0.85039, "f1": 0.67187, "auc": 0.93056, "accuracy-SBM": 0.8522}
{"epoch": 13, "time_epoch": 25.76043, "eta": 2250.1797, "eta_hours": 0.62505, "loss": 0.09745635, "lr": 0.0004913, "params": 337201, "time_iter": 0.0823, "accuracy": 0.85369, "precision": 0.55591, "recall": 0.85091, "f1": 0.67248, "auc": 0.93113, "accuracy-SBM": 0.8526}
{"epoch": 14, "time_epoch": 25.77597, "eta": 2221.81102, "eta_hours": 0.61717, "loss": 0.0964975, "lr": 0.00048901, "params": 337201, "time_iter": 0.08235, "accuracy": 0.85525, "precision": 0.55898, "recall": 0.85289, "f1": 0.67535, "auc": 0.93243, "accuracy-SBM": 0.85433}
{"epoch": 15, "time_epoch": 25.90415, "eta": 2194.43933, "eta_hours": 0.60957, "loss": 0.09561314, "lr": 0.00048645, "params": 337201, "time_iter": 0.08276, "accuracy": 0.8562, "precision": 0.56083, "recall": 0.8545, "f1": 0.6772, "auc": 0.93363, "accuracy-SBM": 0.85553}
{"epoch": 16, "time_epoch": 25.8828, "eta": 2167.1361, "eta_hours": 0.60198, "loss": 0.09534885, "lr": 0.00048364, "params": 337201, "time_iter": 0.08269, "accuracy": 0.85518, "precision": 0.55847, "recall": 0.85752, "f1": 0.67642, "auc": 0.93389, "accuracy-SBM": 0.8561}
{"epoch": 17, "time_epoch": 26.25625, "eta": 2141.69192, "eta_hours": 0.59491, "loss": 0.09419073, "lr": 0.00048057, "params": 337201, "time_iter": 0.08389, "accuracy": 0.85773, "precision": 0.56372, "recall": 0.85825, "f1": 0.68048, "auc": 0.93544, "accuracy-SBM": 0.85793}
{"epoch": 18, "time_epoch": 25.91697, "eta": 2114.71586, "eta_hours": 0.58742, "loss": 0.093813, "lr": 0.00047725, "params": 337201, "time_iter": 0.0828, "accuracy": 0.85779, "precision": 0.56374, "recall": 0.85941, "f1": 0.68086, "auc": 0.9359, "accuracy-SBM": 0.85842}
{"epoch": 19, "time_epoch": 25.52689, "eta": 2086.28541, "eta_hours": 0.57952, "loss": 0.09366797, "lr": 0.00047368, "params": 337201, "time_iter": 0.08156, "accuracy": 0.85716, "precision": 0.56234, "recall": 0.86053, "f1": 0.68019, "auc": 0.93607, "accuracy-SBM": 0.85848}
{"epoch": 20, "time_epoch": 25.68757, "eta": 2058.73595, "eta_hours": 0.57187, "loss": 0.09325331, "lr": 0.00046987, "params": 337201, "time_iter": 0.08207, "accuracy": 0.85902, "precision": 0.56629, "recall": 0.85993, "f1": 0.68288, "auc": 0.93664, "accuracy-SBM": 0.85938}
{"epoch": 21, "time_epoch": 25.61568, "eta": 2031.10087, "eta_hours": 0.56419, "loss": 0.09310959, "lr": 0.00046581, "params": 337201, "time_iter": 0.08184, "accuracy": 0.85903, "precision": 0.56625, "recall": 0.86055, "f1": 0.68304, "auc": 0.93682, "accuracy-SBM": 0.85962}
{"epoch": 22, "time_epoch": 25.53519, "eta": 2003.37193, "eta_hours": 0.55649, "loss": 0.09281653, "lr": 0.00046152, "params": 337201, "time_iter": 0.08158, "accuracy": 0.85931, "precision": 0.5668, "recall": 0.86097, "f1": 0.68358, "auc": 0.93719, "accuracy-SBM": 0.85996}
{"epoch": 23, "time_epoch": 26.04514, "eta": 1977.44063, "eta_hours": 0.54929, "loss": 0.09258567, "lr": 0.000457, "params": 337201, "time_iter": 0.08321, "accuracy": 0.85981, "precision": 0.56785, "recall": 0.86123, "f1": 0.68443, "auc": 0.93749, "accuracy-SBM": 0.86037}
{"epoch": 24, "time_epoch": 25.88077, "eta": 1951.00711, "eta_hours": 0.54195, "loss": 0.09231059, "lr": 0.00045225, "params": 337201, "time_iter": 0.08269, "accuracy": 0.85995, "precision": 0.56814, "recall": 0.86138, "f1": 0.68468, "auc": 0.93789, "accuracy-SBM": 0.86051}
{"epoch": 25, "time_epoch": 25.99633, "eta": 1924.94502, "eta_hours": 0.53471, "loss": 0.09220923, "lr": 0.00044729, "params": 337201, "time_iter": 0.08306, "accuracy": 0.85986, "precision": 0.56781, "recall": 0.86275, "f1": 0.68487, "auc": 0.93801, "accuracy-SBM": 0.86099}
{"epoch": 26, "time_epoch": 26.02458, "eta": 1898.96418, "eta_hours": 0.52749, "loss": 0.09198373, "lr": 0.0004421, "params": 337201, "time_iter": 0.08315, "accuracy": 0.86019, "precision": 0.56847, "recall": 0.86337, "f1": 0.68555, "auc": 0.93828, "accuracy-SBM": 0.86144}
{"epoch": 27, "time_epoch": 25.9287, "eta": 1872.73366, "eta_hours": 0.5202, "loss": 0.09182996, "lr": 0.00043671, "params": 337201, "time_iter": 0.08284, "accuracy": 0.86056, "precision": 0.56924, "recall": 0.86342, "f1": 0.68613, "auc": 0.93851, "accuracy-SBM": 0.86168}
{"epoch": 28, "time_epoch": 25.97614, "eta": 1846.6401, "eta_hours": 0.51296, "loss": 0.09180765, "lr": 0.00043111, "params": 337201, "time_iter": 0.08299, "accuracy": 0.86053, "precision": 0.56922, "recall": 0.86295, "f1": 0.68596, "auc": 0.93846, "accuracy-SBM": 0.86148}
{"epoch": 29, "time_epoch": 25.85991, "eta": 1820.28318, "eta_hours": 0.50563, "loss": 0.09171191, "lr": 0.00042531, "params": 337201, "time_iter": 0.08262, "accuracy": 0.86041, "precision": 0.56888, "recall": 0.8639, "f1": 0.68602, "auc": 0.93864, "accuracy-SBM": 0.86178}
{"epoch": 30, "time_epoch": 26.01436, "eta": 1794.30209, "eta_hours": 0.49842, "loss": 0.09160129, "lr": 0.00041932, "params": 337201, "time_iter": 0.08311, "accuracy": 0.86101, "precision": 0.57021, "recall": 0.86333, "f1": 0.6868, "auc": 0.93874, "accuracy-SBM": 0.86192}
{"epoch": 31, "time_epoch": 25.81162, "eta": 1767.88809, "eta_hours": 0.49108, "loss": 0.0915032, "lr": 0.00041315, "params": 337201, "time_iter": 0.08247, "accuracy": 0.8609, "precision": 0.56984, "recall": 0.86491, "f1": 0.68703, "auc": 0.93889, "accuracy-SBM": 0.86248}
{"epoch": 32, "time_epoch": 25.92413, "eta": 1741.73903, "eta_hours": 0.48382, "loss": 0.09126958, "lr": 0.00040679, "params": 337201, "time_iter": 0.08282, "accuracy": 0.86109, "precision": 0.57027, "recall": 0.86444, "f1": 0.6872, "auc": 0.93923, "accuracy-SBM": 0.8624}
{"epoch": 33, "time_epoch": 25.89056, "eta": 1715.53804, "eta_hours": 0.47654, "loss": 0.09151661, "lr": 0.00040027, "params": 337201, "time_iter": 0.08272, "accuracy": 0.86055, "precision": 0.56913, "recall": 0.86431, "f1": 0.68633, "auc": 0.93887, "accuracy-SBM": 0.86203}
{"epoch": 34, "time_epoch": 25.8694, "eta": 1689.3155, "eta_hours": 0.46925, "loss": 0.09111392, "lr": 0.00039358, "params": 337201, "time_iter": 0.08265, "accuracy": 0.86141, "precision": 0.57096, "recall": 0.86439, "f1": 0.68768, "auc": 0.9394, "accuracy-SBM": 0.86258}
{"epoch": 35, "time_epoch": 25.98187, "eta": 1663.31253, "eta_hours": 0.46203, "loss": 0.09115163, "lr": 0.00038674, "params": 337201, "time_iter": 0.08301, "accuracy": 0.86115, "precision": 0.57039, "recall": 0.86465, "f1": 0.68735, "auc": 0.93936, "accuracy-SBM": 0.86252}
{"epoch": 36, "time_epoch": 25.85165, "eta": 1637.08897, "eta_hours": 0.45475, "loss": 0.09111284, "lr": 0.00037974, "params": 337201, "time_iter": 0.08259, "accuracy": 0.86129, "precision": 0.57062, "recall": 0.86527, "f1": 0.68771, "auc": 0.93939, "accuracy-SBM": 0.86285}
{"epoch": 37, "time_epoch": 26.00277, "eta": 1611.13154, "eta_hours": 0.44754, "loss": 0.09086353, "lr": 0.00037261, "params": 337201, "time_iter": 0.08308, "accuracy": 0.86185, "precision": 0.57188, "recall": 0.86469, "f1": 0.68844, "auc": 0.93973, "accuracy-SBM": 0.86297}
{"epoch": 38, "time_epoch": 26.10205, "eta": 1585.32707, "eta_hours": 0.44037, "loss": 0.09101992, "lr": 0.00036534, "params": 337201, "time_iter": 0.08339, "accuracy": 0.86218, "precision": 0.57265, "recall": 0.86414, "f1": 0.68882, "auc": 0.93953, "accuracy-SBM": 0.86295}
{"epoch": 39, "time_epoch": 25.93981, "eta": 1559.26437, "eta_hours": 0.43313, "loss": 0.09085604, "lr": 0.00035794, "params": 337201, "time_iter": 0.08287, "accuracy": 0.86176, "precision": 0.5716, "recall": 0.86542, "f1": 0.68848, "auc": 0.93977, "accuracy-SBM": 0.8632}
{"epoch": 40, "time_epoch": 25.92405, "eta": 1533.18498, "eta_hours": 0.42588, "loss": 0.0907139, "lr": 0.00035042, "params": 337201, "time_iter": 0.08282, "accuracy": 0.86165, "precision": 0.57136, "recall": 0.86566, "f1": 0.68837, "auc": 0.93995, "accuracy-SBM": 0.86323}
{"epoch": 41, "time_epoch": 25.89304, "eta": 1507.07017, "eta_hours": 0.41863, "loss": 0.09053567, "lr": 0.0003428, "params": 337201, "time_iter": 0.08273, "accuracy": 0.86233, "precision": 0.5728, "recall": 0.86585, "f1": 0.68948, "auc": 0.94017, "accuracy-SBM": 0.86371}
{"epoch": 42, "time_epoch": 25.9129, "eta": 1480.99198, "eta_hours": 0.41139, "loss": 0.09055037, "lr": 0.00033507, "params": 337201, "time_iter": 0.08279, "accuracy": 0.8623, "precision": 0.57273, "recall": 0.86574, "f1": 0.68939, "auc": 0.94018, "accuracy-SBM": 0.86365}
{"epoch": 43, "time_epoch": 26.02144, "eta": 1455.05946, "eta_hours": 0.40418, "loss": 0.09055246, "lr": 0.00032725, "params": 337201, "time_iter": 0.08314, "accuracy": 0.86202, "precision": 0.57213, "recall": 0.8658, "f1": 0.68898, "auc": 0.94011, "accuracy-SBM": 0.86351}
{"epoch": 44, "time_epoch": 25.85001, "eta": 1428.91346, "eta_hours": 0.39692, "loss": 0.09043388, "lr": 0.00031935, "params": 337201, "time_iter": 0.08259, "accuracy": 0.86206, "precision": 0.57215, "recall": 0.86649, "f1": 0.68921, "auc": 0.94029, "accuracy-SBM": 0.8638}
{"epoch": 45, "time_epoch": 25.94465, "eta": 1402.89143, "eta_hours": 0.38969, "loss": 0.09029627, "lr": 0.00031137, "params": 337201, "time_iter": 0.08289, "accuracy": 0.86251, "precision": 0.57313, "recall": 0.86629, "f1": 0.68986, "auc": 0.94044, "accuracy-SBM": 0.86399}
{"epoch": 46, "time_epoch": 25.84354, "eta": 1376.75868, "eta_hours": 0.38243, "loss": 0.09037249, "lr": 0.00030332, "params": 337201, "time_iter": 0.08257, "accuracy": 0.86282, "precision": 0.57382, "recall": 0.86616, "f1": 0.69031, "auc": 0.94039, "accuracy-SBM": 0.86413}
{"epoch": 47, "time_epoch": 25.44806, "eta": 1350.20953, "eta_hours": 0.37506, "loss": 0.09024096, "lr": 0.00029522, "params": 337201, "time_iter": 0.0813, "accuracy": 0.86255, "precision": 0.57319, "recall": 0.86671, "f1": 0.69003, "auc": 0.94059, "accuracy-SBM": 0.86419}
{"epoch": 48, "time_epoch": 25.64698, "eta": 1323.91237, "eta_hours": 0.36775, "loss": 0.0900713, "lr": 0.00028707, "params": 337201, "time_iter": 0.08194, "accuracy": 0.86308, "precision": 0.57428, "recall": 0.86712, "f1": 0.69095, "auc": 0.9408, "accuracy-SBM": 0.86467}
{"epoch": 49, "time_epoch": 25.74789, "eta": 1297.74213, "eta_hours": 0.36048, "loss": 0.09014145, "lr": 0.00027887, "params": 337201, "time_iter": 0.08226, "accuracy": 0.86292, "precision": 0.574, "recall": 0.86655, "f1": 0.69057, "auc": 0.94069, "accuracy-SBM": 0.86435}
{"epoch": 50, "time_epoch": 25.75425, "eta": 1271.59455, "eta_hours": 0.35322, "loss": 0.09004624, "lr": 0.00027064, "params": 337201, "time_iter": 0.08228, "accuracy": 0.86255, "precision": 0.57317, "recall": 0.86675, "f1": 0.69003, "auc": 0.9408, "accuracy-SBM": 0.8642}
{"epoch": 51, "time_epoch": 25.98878, "eta": 1245.6786, "eta_hours": 0.34602, "loss": 0.09002795, "lr": 0.0002624, "params": 337201, "time_iter": 0.08303, "accuracy": 0.86284, "precision": 0.57379, "recall": 0.86688, "f1": 0.69052, "auc": 0.94084, "accuracy-SBM": 0.86443}
{"epoch": 52, "time_epoch": 25.905, "eta": 1219.6856, "eta_hours": 0.3388, "loss": 0.08991267, "lr": 0.00025413, "params": 337201, "time_iter": 0.08276, "accuracy": 0.86289, "precision": 0.57383, "recall": 0.86757, "f1": 0.69077, "auc": 0.94101, "accuracy-SBM": 0.86473}
{"epoch": 53, "time_epoch": 26.11689, "eta": 1193.87637, "eta_hours": 0.33163, "loss": 0.08989615, "lr": 0.00024587, "params": 337201, "time_iter": 0.08344, "accuracy": 0.86294, "precision": 0.57392, "recall": 0.86763, "f1": 0.69086, "auc": 0.94099, "accuracy-SBM": 0.86478}
{"epoch": 54, "time_epoch": 25.91097, "eta": 1167.88746, "eta_hours": 0.32441, "loss": 0.0899591, "lr": 0.0002376, "params": 337201, "time_iter": 0.08278, "accuracy": 0.86249, "precision": 0.57298, "recall": 0.8675, "f1": 0.69013, "auc": 0.94094, "accuracy-SBM": 0.86446}
{"epoch": 55, "time_epoch": 25.87883, "eta": 1141.87608, "eta_hours": 0.31719, "loss": 0.08974334, "lr": 0.00022936, "params": 337201, "time_iter": 0.08268, "accuracy": 0.86316, "precision": 0.57434, "recall": 0.86822, "f1": 0.69134, "auc": 0.94125, "accuracy-SBM": 0.86514}
{"epoch": 56, "time_epoch": 25.97037, "eta": 1115.93842, "eta_hours": 0.30998, "loss": 0.08971773, "lr": 0.00022113, "params": 337201, "time_iter": 0.08297, "accuracy": 0.86326, "precision": 0.57465, "recall": 0.8674, "f1": 0.69131, "auc": 0.94121, "accuracy-SBM": 0.86489}
{"epoch": 57, "time_epoch": 25.84426, "eta": 1089.9083, "eta_hours": 0.30275, "loss": 0.0896242, "lr": 0.00021293, "params": 337201, "time_iter": 0.08257, "accuracy": 0.86334, "precision": 0.57473, "recall": 0.86827, "f1": 0.69165, "auc": 0.94142, "accuracy-SBM": 0.86528}
{"epoch": 58, "time_epoch": 26.07787, "eta": 1064.04683, "eta_hours": 0.29557, "loss": 0.08957079, "lr": 0.00020478, "params": 337201, "time_iter": 0.08332, "accuracy": 0.86315, "precision": 0.57432, "recall": 0.86825, "f1": 0.69134, "auc": 0.94146, "accuracy-SBM": 0.86515}
{"epoch": 59, "time_epoch": 25.89312, "eta": 1038.05497, "eta_hours": 0.28835, "loss": 0.08958766, "lr": 0.00019668, "params": 337201, "time_iter": 0.08273, "accuracy": 0.86323, "precision": 0.57451, "recall": 0.86798, "f1": 0.69139, "auc": 0.94138, "accuracy-SBM": 0.86509}
{"epoch": 60, "time_epoch": 26.09578, "eta": 1012.19592, "eta_hours": 0.28117, "loss": 0.08948966, "lr": 0.00018863, "params": 337201, "time_iter": 0.08337, "accuracy": 0.86316, "precision": 0.57428, "recall": 0.86898, "f1": 0.69154, "auc": 0.94155, "accuracy-SBM": 0.86545}
{"epoch": 61, "time_epoch": 26.27346, "eta": 986.43813, "eta_hours": 0.27401, "loss": 0.08950776, "lr": 0.00018065, "params": 337201, "time_iter": 0.08394, "accuracy": 0.86292, "precision": 0.57373, "recall": 0.86938, "f1": 0.69127, "auc": 0.94155, "accuracy-SBM": 0.86546}
{"epoch": 62, "time_epoch": 26.05382, "eta": 960.53498, "eta_hours": 0.26682, "loss": 0.08939301, "lr": 0.00017275, "params": 337201, "time_iter": 0.08324, "accuracy": 0.86349, "precision": 0.575, "recall": 0.86894, "f1": 0.69205, "auc": 0.94168, "accuracy-SBM": 0.86563}
{"epoch": 63, "time_epoch": 25.97791, "eta": 934.58443, "eta_hours": 0.25961, "loss": 0.08932616, "lr": 0.00016493, "params": 337201, "time_iter": 0.083, "accuracy": 0.86334, "precision": 0.57464, "recall": 0.86927, "f1": 0.6919, "auc": 0.94173, "accuracy-SBM": 0.86567}
{"epoch": 64, "time_epoch": 25.90618, "eta": 908.59441, "eta_hours": 0.25239, "loss": 0.08926257, "lr": 0.0001572, "params": 337201, "time_iter": 0.08277, "accuracy": 0.86342, "precision": 0.57478, "recall": 0.86945, "f1": 0.69205, "auc": 0.94185, "accuracy-SBM": 0.86579}
{"epoch": 65, "time_epoch": 25.8825, "eta": 882.59472, "eta_hours": 0.24517, "loss": 0.08925282, "lr": 0.00014958, "params": 337201, "time_iter": 0.08269, "accuracy": 0.86356, "precision": 0.57513, "recall": 0.86903, "f1": 0.69218, "auc": 0.94188, "accuracy-SBM": 0.86571}
{"epoch": 66, "time_epoch": 26.05704, "eta": 856.6845, "eta_hours": 0.23797, "loss": 0.08921282, "lr": 0.00014206, "params": 337201, "time_iter": 0.08325, "accuracy": 0.86398, "precision": 0.57605, "recall": 0.86888, "f1": 0.69279, "auc": 0.94191, "accuracy-SBM": 0.8659}
{"epoch": 67, "time_epoch": 25.8799, "eta": 830.68661, "eta_hours": 0.23075, "loss": 0.08913827, "lr": 0.00013466, "params": 337201, "time_iter": 0.08268, "accuracy": 0.86382, "precision": 0.57567, "recall": 0.86915, "f1": 0.6926, "auc": 0.94199, "accuracy-SBM": 0.86591}
{"epoch": 68, "time_epoch": 25.9942, "eta": 804.74349, "eta_hours": 0.22354, "loss": 0.08909476, "lr": 0.00012739, "params": 337201, "time_iter": 0.08305, "accuracy": 0.86381, "precision": 0.57568, "recall": 0.86894, "f1": 0.69254, "auc": 0.94205, "accuracy-SBM": 0.86583}
{"epoch": 69, "time_epoch": 25.9145, "eta": 778.76475, "eta_hours": 0.21632, "loss": 0.08894364, "lr": 0.00012026, "params": 337201, "time_iter": 0.08279, "accuracy": 0.86379, "precision": 0.57553, "recall": 0.87004, "f1": 0.69279, "auc": 0.94226, "accuracy-SBM": 0.86625}
{"epoch": 70, "time_epoch": 25.90975, "eta": 752.78588, "eta_hours": 0.20911, "loss": 0.08896668, "lr": 0.00011326, "params": 337201, "time_iter": 0.08278, "accuracy": 0.86404, "precision": 0.5761, "recall": 0.8697, "f1": 0.69309, "auc": 0.94223, "accuracy-SBM": 0.86626}
{"epoch": 71, "time_epoch": 26.06228, "eta": 726.86825, "eta_hours": 0.20191, "loss": 0.08894643, "lr": 0.00010642, "params": 337201, "time_iter": 0.08327, "accuracy": 0.86346, "precision": 0.57483, "recall": 0.86994, "f1": 0.69224, "auc": 0.9422, "accuracy-SBM": 0.86601}
{"epoch": 72, "time_epoch": 25.8909, "eta": 700.88326, "eta_hours": 0.19469, "loss": 0.0888595, "lr": 9.973e-05, "params": 337201, "time_iter": 0.08272, "accuracy": 0.86393, "precision": 0.57579, "recall": 0.87038, "f1": 0.69308, "auc": 0.94238, "accuracy-SBM": 0.86646}
{"epoch": 73, "time_epoch": 26.05998, "eta": 674.96023, "eta_hours": 0.18749, "loss": 0.08877872, "lr": 9.321e-05, "params": 337201, "time_iter": 0.08326, "accuracy": 0.86438, "precision": 0.57677, "recall": 0.87028, "f1": 0.69375, "auc": 0.94246, "accuracy-SBM": 0.86669}
{"epoch": 74, "time_epoch": 25.86864, "eta": 648.96976, "eta_hours": 0.18027, "loss": 0.08881782, "lr": 8.685e-05, "params": 337201, "time_iter": 0.08265, "accuracy": 0.86424, "precision": 0.57653, "recall": 0.86971, "f1": 0.6934, "auc": 0.94241, "accuracy-SBM": 0.86639}
{"epoch": 75, "time_epoch": 25.43525, "eta": 622.84565, "eta_hours": 0.17301, "loss": 0.08873406, "lr": 8.068e-05, "params": 337201, "time_iter": 0.08126, "accuracy": 0.86392, "precision": 0.5758, "recall": 0.87021, "f1": 0.69303, "auc": 0.94254, "accuracy-SBM": 0.86639}
{"epoch": 76, "time_epoch": 25.65026, "eta": 596.80364, "eta_hours": 0.16578, "loss": 0.08870923, "lr": 7.469e-05, "params": 337201, "time_iter": 0.08195, "accuracy": 0.864, "precision": 0.57593, "recall": 0.87054, "f1": 0.69323, "auc": 0.94255, "accuracy-SBM": 0.86657}
{"epoch": 77, "time_epoch": 25.57596, "eta": 570.75073, "eta_hours": 0.15854, "loss": 0.08863804, "lr": 6.889e-05, "params": 337201, "time_iter": 0.08171, "accuracy": 0.86425, "precision": 0.57646, "recall": 0.87053, "f1": 0.69361, "auc": 0.94261, "accuracy-SBM": 0.86671}
{"epoch": 78, "time_epoch": 25.7711, "eta": 544.76176, "eta_hours": 0.15132, "loss": 0.08860864, "lr": 6.329e-05, "params": 337201, "time_iter": 0.08234, "accuracy": 0.86439, "precision": 0.57674, "recall": 0.87085, "f1": 0.69392, "auc": 0.9427, "accuracy-SBM": 0.86693}
{"epoch": 79, "time_epoch": 26.09764, "eta": 518.85987, "eta_hours": 0.14413, "loss": 0.08858122, "lr": 5.79e-05, "params": 337201, "time_iter": 0.08338, "accuracy": 0.86438, "precision": 0.5767, "recall": 0.87093, "f1": 0.69391, "auc": 0.94276, "accuracy-SBM": 0.86695}
{"epoch": 80, "time_epoch": 25.85314, "eta": 492.8958, "eta_hours": 0.13692, "loss": 0.08852529, "lr": 5.271e-05, "params": 337201, "time_iter": 0.0826, "accuracy": 0.86454, "precision": 0.57711, "recall": 0.87043, "f1": 0.69405, "auc": 0.94281, "accuracy-SBM": 0.86686}
{"epoch": 81, "time_epoch": 26.05023, "eta": 466.9777, "eta_hours": 0.12972, "loss": 0.0884889, "lr": 4.775e-05, "params": 337201, "time_iter": 0.08323, "accuracy": 0.86425, "precision": 0.57649, "recall": 0.87023, "f1": 0.69354, "auc": 0.94289, "accuracy-SBM": 0.8666}
{"epoch": 82, "time_epoch": 25.94983, "eta": 441.03585, "eta_hours": 0.12251, "loss": 0.08847491, "lr": 4.3e-05, "params": 337201, "time_iter": 0.08291, "accuracy": 0.86467, "precision": 0.57741, "recall": 0.87034, "f1": 0.69424, "auc": 0.94283, "accuracy-SBM": 0.8669}
{"epoch": 83, "time_epoch": 26.04778, "eta": 415.11247, "eta_hours": 0.11531, "loss": 0.08853286, "lr": 3.848e-05, "params": 337201, "time_iter": 0.08322, "accuracy": 0.86473, "precision": 0.5775, "recall": 0.87058, "f1": 0.69438, "auc": 0.94277, "accuracy-SBM": 0.86703}
{"epoch": 84, "time_epoch": 26.04092, "eta": 389.18495, "eta_hours": 0.10811, "loss": 0.08845875, "lr": 3.419e-05, "params": 337201, "time_iter": 0.0832, "accuracy": 0.86462, "precision": 0.57724, "recall": 0.87075, "f1": 0.69425, "auc": 0.94285, "accuracy-SBM": 0.86703}
{"epoch": 85, "time_epoch": 25.90448, "eta": 363.23258, "eta_hours": 0.1009, "loss": 0.08841201, "lr": 3.013e-05, "params": 337201, "time_iter": 0.08276, "accuracy": 0.86442, "precision": 0.57682, "recall": 0.87067, "f1": 0.69391, "auc": 0.94288, "accuracy-SBM": 0.86687}
{"epoch": 86, "time_epoch": 26.08308, "eta": 337.308, "eta_hours": 0.0937, "loss": 0.08834679, "lr": 2.632e-05, "params": 337201, "time_iter": 0.08333, "accuracy": 0.8649, "precision": 0.57787, "recall": 0.87054, "f1": 0.69464, "auc": 0.94304, "accuracy-SBM": 0.86711}
{"epoch": 87, "time_epoch": 25.89947, "eta": 311.35478, "eta_hours": 0.08649, "loss": 0.08835384, "lr": 2.275e-05, "params": 337201, "time_iter": 0.08275, "accuracy": 0.86442, "precision": 0.57679, "recall": 0.87098, "f1": 0.69399, "auc": 0.94301, "accuracy-SBM": 0.867}
{"epoch": 88, "time_epoch": 26.02275, "eta": 285.41801, "eta_hours": 0.07928, "loss": 0.08835324, "lr": 1.943e-05, "params": 337201, "time_iter": 0.08314, "accuracy": 0.86446, "precision": 0.57688, "recall": 0.87101, "f1": 0.69407, "auc": 0.94299, "accuracy-SBM": 0.86704}
{"epoch": 89, "time_epoch": 26.02158, "eta": 259.47919, "eta_hours": 0.07208, "loss": 0.08833041, "lr": 1.636e-05, "params": 337201, "time_iter": 0.08314, "accuracy": 0.86492, "precision": 0.57794, "recall": 0.87039, "f1": 0.69464, "auc": 0.94304, "accuracy-SBM": 0.86707}
{"epoch": 90, "time_epoch": 25.81865, "eta": 233.51849, "eta_hours": 0.06487, "loss": 0.08824979, "lr": 1.355e-05, "params": 337201, "time_iter": 0.08249, "accuracy": 0.86458, "precision": 0.57709, "recall": 0.87145, "f1": 0.69436, "auc": 0.94316, "accuracy-SBM": 0.86728}
{"epoch": 91, "time_epoch": 25.94051, "eta": 207.57147, "eta_hours": 0.05766, "loss": 0.08827576, "lr": 1.099e-05, "params": 337201, "time_iter": 0.08288, "accuracy": 0.86466, "precision": 0.5773, "recall": 0.87109, "f1": 0.6944, "auc": 0.9431, "accuracy-SBM": 0.86719}
{"epoch": 92, "time_epoch": 25.87271, "eta": 181.61949, "eta_hours": 0.05045, "loss": 0.08819464, "lr": 8.7e-06, "params": 337201, "time_iter": 0.08266, "accuracy": 0.86427, "precision": 0.57637, "recall": 0.8719, "f1": 0.69398, "auc": 0.94322, "accuracy-SBM": 0.86727}
{"epoch": 93, "time_epoch": 26.02809, "eta": 155.67911, "eta_hours": 0.04324, "loss": 0.08834678, "lr": 6.67e-06, "params": 337201, "time_iter": 0.08316, "accuracy": 0.86462, "precision": 0.57727, "recall": 0.8705, "f1": 0.69419, "auc": 0.943, "accuracy-SBM": 0.86693}
{"epoch": 94, "time_epoch": 25.96003, "eta": 129.7333, "eta_hours": 0.03604, "loss": 0.08825173, "lr": 4.91e-06, "params": 337201, "time_iter": 0.08294, "accuracy": 0.86426, "precision": 0.57639, "recall": 0.87144, "f1": 0.69385, "auc": 0.94312, "accuracy-SBM": 0.86708}
{"epoch": 95, "time_epoch": 25.93809, "eta": 103.78628, "eta_hours": 0.02883, "loss": 0.08822287, "lr": 3.41e-06, "params": 337201, "time_iter": 0.08287, "accuracy": 0.86485, "precision": 0.57771, "recall": 0.87114, "f1": 0.69471, "auc": 0.94321, "accuracy-SBM": 0.86732}
{"epoch": 96, "time_epoch": 25.99611, "eta": 77.84125, "eta_hours": 0.02162, "loss": 0.08824405, "lr": 2.18e-06, "params": 337201, "time_iter": 0.08305, "accuracy": 0.86465, "precision": 0.57724, "recall": 0.87142, "f1": 0.69446, "auc": 0.94315, "accuracy-SBM": 0.86731}
{"epoch": 97, "time_epoch": 25.92023, "eta": 51.89362, "eta_hours": 0.01441, "loss": 0.08818023, "lr": 1.23e-06, "params": 337201, "time_iter": 0.08281, "accuracy": 0.86449, "precision": 0.57691, "recall": 0.87123, "f1": 0.69416, "auc": 0.94325, "accuracy-SBM": 0.86714}
{"epoch": 98, "time_epoch": 25.76173, "eta": 25.94494, "eta_hours": 0.00721, "loss": 0.08822749, "lr": 5.5e-07, "params": 337201, "time_iter": 0.08231, "accuracy": 0.86447, "precision": 0.57683, "recall": 0.87154, "f1": 0.6942, "auc": 0.94319, "accuracy-SBM": 0.86725}
{"epoch": 99, "time_epoch": 25.97237, "eta": 0.0, "eta_hours": 0.0, "loss": 0.08819337, "lr": 1.4e-07, "params": 337201, "time_iter": 0.08298, "accuracy": 0.86457, "precision": 0.57706, "recall": 0.8715, "f1": 0.69435, "auc": 0.94321, "accuracy-SBM": 0.86729}
