{"epoch": 0, "time_epoch": 30.05473, "eta": 2975.41779, "eta_hours": 0.8265, "loss": 0.20215517, "lr": 0.0, "params": 337201, "time_iter": 0.09602, "accuracy": 0.17652, "precision": 0.17652, "recall": 1.0, "f1": 0.30007, "auc": 0.49843, "accuracy-SBM": 0.5}
{"epoch": 1, "time_epoch": 26.53296, "eta": 2772.79661, "eta_hours": 0.77022, "loss": 0.17624469, "lr": 0.0001, "params": 337201, "time_iter": 0.08477, "accuracy": 0.69281, "precision": 0.34153, "recall": 0.79771, "f1": 0.47829, "auc": 0.81807, "accuracy-SBM": 0.73402}
{"epoch": 2, "time_epoch": 26.55884, "eta": 2688.40417, "eta_hours": 0.74678, "loss": 0.14624886, "lr": 0.0002, "params": 337201, "time_iter": 0.08485, "accuracy": 0.83633, "precision": 0.523, "recall": 0.82755, "f1": 0.64094, "auc": 0.88018, "accuracy-SBM": 0.83288}
{"epoch": 3, "time_epoch": 26.3836, "eta": 2628.7228, "eta_hours": 0.7302, "loss": 0.13040078, "lr": 0.0003, "params": 337201, "time_iter": 0.08429, "accuracy": 0.84128, "precision": 0.53217, "recall": 0.834, "f1": 0.64974, "auc": 0.89966, "accuracy-SBM": 0.83842}
{"epoch": 4, "time_epoch": 26.59994, "eta": 2586.47104, "eta_hours": 0.71846, "loss": 0.11963432, "lr": 0.0004, "params": 337201, "time_iter": 0.08498, "accuracy": 0.84384, "precision": 0.53708, "recall": 0.8354, "f1": 0.65382, "auc": 0.90899, "accuracy-SBM": 0.84053}
{"epoch": 5, "time_epoch": 26.36662, "eta": 2545.78118, "eta_hours": 0.70716, "loss": 0.11280561, "lr": 0.0005, "params": 337201, "time_iter": 0.08424, "accuracy": 0.84494, "precision": 0.53927, "recall": 0.83473, "f1": 0.65523, "auc": 0.91447, "accuracy-SBM": 0.84093}
{"epoch": 6, "time_epoch": 26.18484, "eta": 2506.76868, "eta_hours": 0.69632, "loss": 0.10701863, "lr": 0.00049986, "params": 337201, "time_iter": 0.08366, "accuracy": 0.84766, "precision": 0.54432, "recall": 0.84115, "f1": 0.66094, "auc": 0.92109, "accuracy-SBM": 0.8451}
{"epoch": 7, "time_epoch": 26.44276, "eta": 2473.9291, "eta_hours": 0.6872, "loss": 0.10365677, "lr": 0.00049945, "params": 337201, "time_iter": 0.08448, "accuracy": 0.85016, "precision": 0.54912, "recall": 0.84483, "f1": 0.66561, "auc": 0.9249, "accuracy-SBM": 0.84807}
{"epoch": 8, "time_epoch": 26.44509, "eta": 2442.53459, "eta_hours": 0.67848, "loss": 0.10157096, "lr": 0.00049877, "params": 337201, "time_iter": 0.08449, "accuracy": 0.85123, "precision": 0.55114, "recall": 0.84705, "f1": 0.66778, "auc": 0.92704, "accuracy-SBM": 0.84959}
{"epoch": 9, "time_epoch": 26.42874, "eta": 2411.98283, "eta_hours": 0.67, "loss": 0.10027074, "lr": 0.00049782, "params": 337201, "time_iter": 0.08444, "accuracy": 0.85102, "precision": 0.5505, "recall": 0.85011, "f1": 0.66826, "auc": 0.92829, "accuracy-SBM": 0.85066}
{"epoch": 10, "time_epoch": 26.50371, "eta": 2382.78729, "eta_hours": 0.66189, "loss": 0.09929133, "lr": 0.00049659, "params": 337201, "time_iter": 0.08468, "accuracy": 0.85246, "precision": 0.55346, "recall": 0.84969, "f1": 0.6703, "auc": 0.92938, "accuracy-SBM": 0.85137}
{"epoch": 11, "time_epoch": 26.32642, "eta": 2352.74025, "eta_hours": 0.65354, "loss": 0.09864156, "lr": 0.00049509, "params": 337201, "time_iter": 0.08411, "accuracy": 0.85318, "precision": 0.55492, "recall": 0.84998, "f1": 0.67147, "auc": 0.9299, "accuracy-SBM": 0.85192}
{"epoch": 12, "time_epoch": 26.56365, "eta": 2324.85322, "eta_hours": 0.64579, "loss": 0.09786143, "lr": 0.00049333, "params": 337201, "time_iter": 0.08487, "accuracy": 0.85329, "precision": 0.55498, "recall": 0.85233, "f1": 0.67224, "auc": 0.93085, "accuracy-SBM": 0.85292}
{"epoch": 13, "time_epoch": 26.72935, "eta": 2298.17314, "eta_hours": 0.63838, "loss": 0.09736951, "lr": 0.0004913, "params": 337201, "time_iter": 0.0854, "accuracy": 0.853, "precision": 0.55434, "recall": 0.85299, "f1": 0.67197, "auc": 0.9314, "accuracy-SBM": 0.853}
{"epoch": 14, "time_epoch": 26.31062, "eta": 2269.11368, "eta_hours": 0.63031, "loss": 0.09690263, "lr": 0.00048901, "params": 337201, "time_iter": 0.08406, "accuracy": 0.85446, "precision": 0.5573, "recall": 0.8535, "f1": 0.6743, "auc": 0.93192, "accuracy-SBM": 0.85408}
{"epoch": 15, "time_epoch": 26.42763, "eta": 2241.01217, "eta_hours": 0.6225, "loss": 0.09616294, "lr": 0.00048645, "params": 337201, "time_iter": 0.08443, "accuracy": 0.85524, "precision": 0.55882, "recall": 0.85456, "f1": 0.67575, "auc": 0.9329, "accuracy-SBM": 0.85497}
{"epoch": 16, "time_epoch": 26.211, "eta": 2212.04989, "eta_hours": 0.61446, "loss": 0.09545989, "lr": 0.00048364, "params": 337201, "time_iter": 0.08374, "accuracy": 0.85514, "precision": 0.55844, "recall": 0.85676, "f1": 0.67616, "auc": 0.93375, "accuracy-SBM": 0.85577}
{"epoch": 17, "time_epoch": 27.00816, "eta": 2187.02484, "eta_hours": 0.60751, "loss": 0.09494876, "lr": 0.00048057, "params": 337201, "time_iter": 0.08629, "accuracy": 0.85664, "precision": 0.56166, "recall": 0.85542, "f1": 0.67809, "auc": 0.93443, "accuracy-SBM": 0.85616}
{"epoch": 18, "time_epoch": 26.43678, "eta": 2159.35515, "eta_hours": 0.59982, "loss": 0.09426366, "lr": 0.00047725, "params": 337201, "time_iter": 0.08446, "accuracy": 0.8577, "precision": 0.56362, "recall": 0.85872, "f1": 0.68056, "auc": 0.93535, "accuracy-SBM": 0.8581}
{"epoch": 19, "time_epoch": 26.49087, "eta": 2132.02512, "eta_hours": 0.59223, "loss": 0.09396286, "lr": 0.00047368, "params": 337201, "time_iter": 0.08464, "accuracy": 0.85768, "precision": 0.56362, "recall": 0.85808, "f1": 0.68036, "auc": 0.9357, "accuracy-SBM": 0.85784}
{"epoch": 20, "time_epoch": 26.6323, "eta": 2105.30704, "eta_hours": 0.58481, "loss": 0.09363287, "lr": 0.00046987, "params": 337201, "time_iter": 0.08509, "accuracy": 0.85845, "precision": 0.56515, "recall": 0.85908, "f1": 0.68179, "auc": 0.93619, "accuracy-SBM": 0.85869}
{"epoch": 21, "time_epoch": 26.21456, "eta": 2077.11567, "eta_hours": 0.57698, "loss": 0.09302978, "lr": 0.00046581, "params": 337201, "time_iter": 0.08375, "accuracy": 0.85961, "precision": 0.56748, "recall": 0.86061, "f1": 0.68396, "auc": 0.93699, "accuracy-SBM": 0.86001}
{"epoch": 22, "time_epoch": 26.45259, "eta": 2049.89309, "eta_hours": 0.56941, "loss": 0.09282916, "lr": 0.00046152, "params": 337201, "time_iter": 0.08451, "accuracy": 0.85944, "precision": 0.56714, "recall": 0.86021, "f1": 0.68359, "auc": 0.93721, "accuracy-SBM": 0.85974}
{"epoch": 23, "time_epoch": 26.23024, "eta": 2022.03056, "eta_hours": 0.56168, "loss": 0.09267287, "lr": 0.000457, "params": 337201, "time_iter": 0.0838, "accuracy": 0.85966, "precision": 0.56753, "recall": 0.86124, "f1": 0.6842, "auc": 0.93738, "accuracy-SBM": 0.86028}
{"epoch": 24, "time_epoch": 26.30316, "eta": 1994.51737, "eta_hours": 0.55403, "loss": 0.09244065, "lr": 0.00045225, "params": 337201, "time_iter": 0.08404, "accuracy": 0.85918, "precision": 0.56638, "recall": 0.86278, "f1": 0.68384, "auc": 0.93771, "accuracy-SBM": 0.86059}
{"epoch": 25, "time_epoch": 26.64934, "eta": 1968.08255, "eta_hours": 0.54669, "loss": 0.09230702, "lr": 0.00044729, "params": 337201, "time_iter": 0.08514, "accuracy": 0.86036, "precision": 0.56898, "recall": 0.86161, "f1": 0.68537, "auc": 0.93789, "accuracy-SBM": 0.86085}
{"epoch": 26, "time_epoch": 26.471, "eta": 1941.14966, "eta_hours": 0.53921, "loss": 0.09231821, "lr": 0.0004421, "params": 337201, "time_iter": 0.08457, "accuracy": 0.86009, "precision": 0.56842, "recall": 0.86149, "f1": 0.68492, "auc": 0.93779, "accuracy-SBM": 0.86064}
{"epoch": 27, "time_epoch": 26.70897, "eta": 1914.86168, "eta_hours": 0.53191, "loss": 0.09192234, "lr": 0.00043671, "params": 337201, "time_iter": 0.08533, "accuracy": 0.86043, "precision": 0.569, "recall": 0.86318, "f1": 0.68587, "auc": 0.93838, "accuracy-SBM": 0.86151}
{"epoch": 28, "time_epoch": 26.3052, "eta": 1887.55614, "eta_hours": 0.52432, "loss": 0.09175089, "lr": 0.00043111, "params": 337201, "time_iter": 0.08404, "accuracy": 0.86074, "precision": 0.56964, "recall": 0.86339, "f1": 0.6864, "auc": 0.93859, "accuracy-SBM": 0.86178}
{"epoch": 29, "time_epoch": 26.83714, "eta": 1861.55847, "eta_hours": 0.5171, "loss": 0.09169489, "lr": 0.00042531, "params": 337201, "time_iter": 0.08574, "accuracy": 0.86064, "precision": 0.56941, "recall": 0.86334, "f1": 0.68623, "auc": 0.93869, "accuracy-SBM": 0.8617}
{"epoch": 30, "time_epoch": 26.29752, "eta": 1834.30557, "eta_hours": 0.50953, "loss": 0.09168694, "lr": 0.00041932, "params": 337201, "time_iter": 0.08402, "accuracy": 0.86085, "precision": 0.56986, "recall": 0.8634, "f1": 0.68657, "auc": 0.93866, "accuracy-SBM": 0.86185}
{"epoch": 31, "time_epoch": 26.59278, "eta": 1807.7398, "eta_hours": 0.50215, "loss": 0.09155134, "lr": 0.00041315, "params": 337201, "time_iter": 0.08496, "accuracy": 0.86075, "precision": 0.56961, "recall": 0.86386, "f1": 0.68654, "auc": 0.93887, "accuracy-SBM": 0.86197}
{"epoch": 32, "time_epoch": 26.67198, "eta": 1781.33319, "eta_hours": 0.49481, "loss": 0.09140199, "lr": 0.00040679, "params": 337201, "time_iter": 0.08521, "accuracy": 0.86054, "precision": 0.56908, "recall": 0.86482, "f1": 0.68645, "auc": 0.93905, "accuracy-SBM": 0.86222}
{"epoch": 33, "time_epoch": 26.46125, "eta": 1754.5019, "eta_hours": 0.48736, "loss": 0.09132128, "lr": 0.00040027, "params": 337201, "time_iter": 0.08454, "accuracy": 0.86102, "precision": 0.57015, "recall": 0.86424, "f1": 0.68705, "auc": 0.93915, "accuracy-SBM": 0.86228}
{"epoch": 34, "time_epoch": 26.27344, "eta": 1727.34297, "eta_hours": 0.47982, "loss": 0.09116233, "lr": 0.00039358, "params": 337201, "time_iter": 0.08394, "accuracy": 0.86082, "precision": 0.56969, "recall": 0.86469, "f1": 0.68685, "auc": 0.93931, "accuracy-SBM": 0.86234}
{"epoch": 35, "time_epoch": 26.6906, "eta": 1700.97486, "eta_hours": 0.47249, "loss": 0.09115419, "lr": 0.00038674, "params": 337201, "time_iter": 0.08527, "accuracy": 0.86136, "precision": 0.57086, "recall": 0.86433, "f1": 0.68759, "auc": 0.93935, "accuracy-SBM": 0.86253}
{"epoch": 36, "time_epoch": 26.46744, "eta": 1674.20934, "eta_hours": 0.46506, "loss": 0.09101689, "lr": 0.00037974, "params": 337201, "time_iter": 0.08456, "accuracy": 0.86095, "precision": 0.56984, "recall": 0.86591, "f1": 0.68735, "auc": 0.93952, "accuracy-SBM": 0.8629}
{"epoch": 37, "time_epoch": 26.52564, "eta": 1647.55446, "eta_hours": 0.45765, "loss": 0.09093488, "lr": 0.00037261, "params": 337201, "time_iter": 0.08475, "accuracy": 0.86163, "precision": 0.57133, "recall": 0.86558, "f1": 0.68832, "auc": 0.93967, "accuracy-SBM": 0.86318}
{"epoch": 38, "time_epoch": 26.41909, "eta": 1620.73955, "eta_hours": 0.45021, "loss": 0.09077593, "lr": 0.00036534, "params": 337201, "time_iter": 0.08441, "accuracy": 0.86182, "precision": 0.57175, "recall": 0.86537, "f1": 0.68856, "auc": 0.93985, "accuracy-SBM": 0.86321}
{"epoch": 39, "time_epoch": 26.4257, "eta": 1593.95435, "eta_hours": 0.44277, "loss": 0.09083241, "lr": 0.00035794, "params": 337201, "time_iter": 0.08443, "accuracy": 0.86153, "precision": 0.57109, "recall": 0.86566, "f1": 0.68818, "auc": 0.93979, "accuracy-SBM": 0.86315}
{"epoch": 40, "time_epoch": 26.50623, "eta": 1567.30256, "eta_hours": 0.43536, "loss": 0.09075928, "lr": 0.00035042, "params": 337201, "time_iter": 0.08468, "accuracy": 0.86151, "precision": 0.57099, "recall": 0.86629, "f1": 0.6883, "auc": 0.93987, "accuracy-SBM": 0.86338}
{"epoch": 41, "time_epoch": 26.42367, "eta": 1540.5437, "eta_hours": 0.42793, "loss": 0.09062218, "lr": 0.0003428, "params": 337201, "time_iter": 0.08442, "accuracy": 0.86167, "precision": 0.57137, "recall": 0.86602, "f1": 0.6885, "auc": 0.94006, "accuracy-SBM": 0.86338}
{"epoch": 42, "time_epoch": 26.76828, "eta": 1514.25724, "eta_hours": 0.42063, "loss": 0.09051542, "lr": 0.00033507, "params": 337201, "time_iter": 0.08552, "accuracy": 0.86233, "precision": 0.57285, "recall": 0.86531, "f1": 0.68934, "auc": 0.94019, "accuracy-SBM": 0.8635}
{"epoch": 43, "time_epoch": 26.82399, "eta": 1488.01979, "eta_hours": 0.41334, "loss": 0.09056305, "lr": 0.00032725, "params": 337201, "time_iter": 0.0857, "accuracy": 0.86119, "precision": 0.57021, "recall": 0.86745, "f1": 0.6881, "auc": 0.9401, "accuracy-SBM": 0.86365}
{"epoch": 44, "time_epoch": 26.70172, "eta": 1461.60682, "eta_hours": 0.406, "loss": 0.09038206, "lr": 0.00031935, "params": 337201, "time_iter": 0.08531, "accuracy": 0.86202, "precision": 0.57202, "recall": 0.86693, "f1": 0.68925, "auc": 0.94036, "accuracy-SBM": 0.86395}
{"epoch": 45, "time_epoch": 26.36179, "eta": 1434.78224, "eta_hours": 0.39855, "loss": 0.09047013, "lr": 0.00031137, "params": 337201, "time_iter": 0.08422, "accuracy": 0.86179, "precision": 0.57163, "recall": 0.866, "f1": 0.68868, "auc": 0.94029, "accuracy-SBM": 0.86345}
{"epoch": 46, "time_epoch": 26.83038, "eta": 1408.50578, "eta_hours": 0.39125, "loss": 0.0902159, "lr": 0.00030332, "params": 337201, "time_iter": 0.08572, "accuracy": 0.86225, "precision": 0.57248, "recall": 0.86737, "f1": 0.68973, "auc": 0.94064, "accuracy-SBM": 0.86426}
{"epoch": 47, "time_epoch": 26.54908, "eta": 1381.90148, "eta_hours": 0.38386, "loss": 0.09018535, "lr": 0.00029522, "params": 337201, "time_iter": 0.08482, "accuracy": 0.86231, "precision": 0.57267, "recall": 0.86672, "f1": 0.68966, "auc": 0.9406, "accuracy-SBM": 0.86404}
{"epoch": 48, "time_epoch": 26.80904, "eta": 1355.57001, "eta_hours": 0.37655, "loss": 0.09008259, "lr": 0.00028707, "params": 337201, "time_iter": 0.08565, "accuracy": 0.86258, "precision": 0.57321, "recall": 0.86706, "f1": 0.69016, "auc": 0.94079, "accuracy-SBM": 0.86434}
{"epoch": 49, "time_epoch": 26.81801, "eta": 1329.22842, "eta_hours": 0.36923, "loss": 0.09002591, "lr": 0.00027887, "params": 337201, "time_iter": 0.08568, "accuracy": 0.86275, "precision": 0.57358, "recall": 0.86706, "f1": 0.69043, "auc": 0.94083, "accuracy-SBM": 0.86444}
{"epoch": 50, "time_epoch": 26.3772, "eta": 1302.44461, "eta_hours": 0.36179, "loss": 0.08996035, "lr": 0.00027064, "params": 337201, "time_iter": 0.08427, "accuracy": 0.86303, "precision": 0.57423, "recall": 0.86663, "f1": 0.69076, "auc": 0.94093, "accuracy-SBM": 0.86445}
{"epoch": 51, "time_epoch": 26.62357, "eta": 1275.90386, "eta_hours": 0.35442, "loss": 0.08995338, "lr": 0.0002624, "params": 337201, "time_iter": 0.08506, "accuracy": 0.86259, "precision": 0.57318, "recall": 0.86754, "f1": 0.69029, "auc": 0.94096, "accuracy-SBM": 0.86453}
{"epoch": 52, "time_epoch": 26.33408, "eta": 1249.10327, "eta_hours": 0.34697, "loss": 0.09001352, "lr": 0.00025413, "params": 337201, "time_iter": 0.08413, "accuracy": 0.86247, "precision": 0.57299, "recall": 0.86693, "f1": 0.68996, "auc": 0.9408, "accuracy-SBM": 0.86422}
{"epoch": 53, "time_epoch": 26.37735, "eta": 1222.35682, "eta_hours": 0.33954, "loss": 0.08983509, "lr": 0.00024587, "params": 337201, "time_iter": 0.08427, "accuracy": 0.86402, "precision": 0.57639, "recall": 0.86636, "f1": 0.69224, "auc": 0.94113, "accuracy-SBM": 0.86494}
{"epoch": 54, "time_epoch": 26.92415, "eta": 1196.07116, "eta_hours": 0.33224, "loss": 0.08972554, "lr": 0.0002376, "params": 337201, "time_iter": 0.08602, "accuracy": 0.86316, "precision": 0.57435, "recall": 0.86827, "f1": 0.69137, "auc": 0.94128, "accuracy-SBM": 0.86517}
{"epoch": 55, "time_epoch": 26.51352, "eta": 1169.44008, "eta_hours": 0.32484, "loss": 0.08973625, "lr": 0.00022936, "params": 337201, "time_iter": 0.08471, "accuracy": 0.8626, "precision": 0.57313, "recall": 0.86832, "f1": 0.6905, "auc": 0.94123, "accuracy-SBM": 0.86485}
{"epoch": 56, "time_epoch": 26.39941, "eta": 1142.72703, "eta_hours": 0.31742, "loss": 0.08972914, "lr": 0.00022113, "params": 337201, "time_iter": 0.08434, "accuracy": 0.86296, "precision": 0.574, "recall": 0.86747, "f1": 0.69086, "auc": 0.94123, "accuracy-SBM": 0.86473}
{"epoch": 57, "time_epoch": 26.63203, "eta": 1116.19325, "eta_hours": 0.31005, "loss": 0.08959082, "lr": 0.00021293, "params": 337201, "time_iter": 0.08509, "accuracy": 0.86303, "precision": 0.57408, "recall": 0.86812, "f1": 0.69113, "auc": 0.94143, "accuracy-SBM": 0.86503}
{"epoch": 58, "time_epoch": 26.407, "eta": 1089.49976, "eta_hours": 0.30264, "loss": 0.08946656, "lr": 0.00020478, "params": 337201, "time_iter": 0.08437, "accuracy": 0.863, "precision": 0.57394, "recall": 0.86885, "f1": 0.69125, "auc": 0.94155, "accuracy-SBM": 0.8653}
{"epoch": 59, "time_epoch": 26.44166, "eta": 1062.83892, "eta_hours": 0.29523, "loss": 0.08953493, "lr": 0.00019668, "params": 337201, "time_iter": 0.08448, "accuracy": 0.86252, "precision": 0.57291, "recall": 0.86885, "f1": 0.69051, "auc": 0.94148, "accuracy-SBM": 0.86501}
{"epoch": 60, "time_epoch": 26.31805, "eta": 1036.10624, "eta_hours": 0.28781, "loss": 0.08942095, "lr": 0.00018863, "params": 337201, "time_iter": 0.08408, "accuracy": 0.86293, "precision": 0.57375, "recall": 0.8693, "f1": 0.69126, "auc": 0.94168, "accuracy-SBM": 0.86543}
{"epoch": 61, "time_epoch": 26.5125, "eta": 1009.50612, "eta_hours": 0.28042, "loss": 0.08936385, "lr": 0.00018065, "params": 337201, "time_iter": 0.0847, "accuracy": 0.86255, "precision": 0.57289, "recall": 0.86976, "f1": 0.69078, "auc": 0.94174, "accuracy-SBM": 0.86538}
{"epoch": 62, "time_epoch": 26.26161, "eta": 982.76143, "eta_hours": 0.27299, "loss": 0.08926416, "lr": 0.00017275, "params": 337201, "time_iter": 0.0839, "accuracy": 0.86363, "precision": 0.57531, "recall": 0.86881, "f1": 0.69223, "auc": 0.94187, "accuracy-SBM": 0.86567}
{"epoch": 63, "time_epoch": 26.55887, "eta": 956.19904, "eta_hours": 0.26561, "loss": 0.08931043, "lr": 0.00016493, "params": 337201, "time_iter": 0.08485, "accuracy": 0.86351, "precision": 0.5751, "recall": 0.86819, "f1": 0.69189, "auc": 0.94175, "accuracy-SBM": 0.86535}
{"epoch": 64, "time_epoch": 26.82171, "eta": 929.77829, "eta_hours": 0.25827, "loss": 0.08917444, "lr": 0.0001572, "params": 337201, "time_iter": 0.08569, "accuracy": 0.86331, "precision": 0.57449, "recall": 0.87013, "f1": 0.69206, "auc": 0.94198, "accuracy-SBM": 0.86599}
{"epoch": 65, "time_epoch": 26.33956, "eta": 903.09701, "eta_hours": 0.25086, "loss": 0.0891899, "lr": 0.00014958, "params": 337201, "time_iter": 0.08415, "accuracy": 0.86348, "precision": 0.57487, "recall": 0.86985, "f1": 0.69224, "auc": 0.94194, "accuracy-SBM": 0.86598}
{"epoch": 66, "time_epoch": 26.74163, "eta": 876.62397, "eta_hours": 0.24351, "loss": 0.08908287, "lr": 0.00014206, "params": 337201, "time_iter": 0.08544, "accuracy": 0.86349, "precision": 0.57489, "recall": 0.87001, "f1": 0.69231, "auc": 0.94206, "accuracy-SBM": 0.86605}
{"epoch": 67, "time_epoch": 26.36046, "eta": 849.96365, "eta_hours": 0.2361, "loss": 0.08902696, "lr": 0.00013466, "params": 337201, "time_iter": 0.08422, "accuracy": 0.86358, "precision": 0.57511, "recall": 0.86968, "f1": 0.69237, "auc": 0.94218, "accuracy-SBM": 0.86598}
{"epoch": 68, "time_epoch": 26.4489, "eta": 823.35176, "eta_hours": 0.22871, "loss": 0.08898861, "lr": 0.00012739, "params": 337201, "time_iter": 0.0845, "accuracy": 0.86361, "precision": 0.57525, "recall": 0.86897, "f1": 0.69224, "auc": 0.94221, "accuracy-SBM": 0.86571}
{"epoch": 69, "time_epoch": 26.39315, "eta": 796.72063, "eta_hours": 0.22131, "loss": 0.08897898, "lr": 0.00012026, "params": 337201, "time_iter": 0.08432, "accuracy": 0.86372, "precision": 0.5755, "recall": 0.86882, "f1": 0.69237, "auc": 0.94219, "accuracy-SBM": 0.86573}
{"epoch": 70, "time_epoch": 26.3706, "eta": 770.087, "eta_hours": 0.21391, "loss": 0.0888797, "lr": 0.00011326, "params": 337201, "time_iter": 0.08425, "accuracy": 0.86393, "precision": 0.57588, "recall": 0.86949, "f1": 0.69286, "auc": 0.94236, "accuracy-SBM": 0.86611}
{"epoch": 71, "time_epoch": 26.55742, "eta": 743.53332, "eta_hours": 0.20654, "loss": 0.08884313, "lr": 0.00010642, "params": 337201, "time_iter": 0.08485, "accuracy": 0.864, "precision": 0.57601, "recall": 0.86983, "f1": 0.69306, "auc": 0.9424, "accuracy-SBM": 0.86629}
{"epoch": 72, "time_epoch": 26.1139, "eta": 716.8155, "eta_hours": 0.19912, "loss": 0.08884423, "lr": 9.973e-05, "params": 337201, "time_iter": 0.08343, "accuracy": 0.86392, "precision": 0.57592, "recall": 0.869, "f1": 0.69274, "auc": 0.94235, "accuracy-SBM": 0.86592}
{"epoch": 73, "time_epoch": 26.6365, "eta": 690.29762, "eta_hours": 0.19175, "loss": 0.08878015, "lr": 9.321e-05, "params": 337201, "time_iter": 0.0851, "accuracy": 0.86375, "precision": 0.57546, "recall": 0.86985, "f1": 0.69267, "auc": 0.94248, "accuracy-SBM": 0.86615}
{"epoch": 74, "time_epoch": 26.673, "eta": 663.78874, "eta_hours": 0.18439, "loss": 0.08864601, "lr": 8.685e-05, "params": 337201, "time_iter": 0.08522, "accuracy": 0.86425, "precision": 0.57649, "recall": 0.87026, "f1": 0.69355, "auc": 0.94263, "accuracy-SBM": 0.86661}
{"epoch": 75, "time_epoch": 26.52755, "eta": 637.22961, "eta_hours": 0.17701, "loss": 0.08869012, "lr": 8.068e-05, "params": 337201, "time_iter": 0.08475, "accuracy": 0.86411, "precision": 0.57622, "recall": 0.87014, "f1": 0.69331, "auc": 0.94258, "accuracy-SBM": 0.86648}
{"epoch": 76, "time_epoch": 26.69309, "eta": 610.72075, "eta_hours": 0.16964, "loss": 0.08859604, "lr": 7.469e-05, "params": 337201, "time_iter": 0.08528, "accuracy": 0.86369, "precision": 0.57528, "recall": 0.87036, "f1": 0.69271, "auc": 0.94269, "accuracy-SBM": 0.86631}
{"epoch": 77, "time_epoch": 26.3661, "eta": 584.11494, "eta_hours": 0.16225, "loss": 0.08859483, "lr": 6.889e-05, "params": 337201, "time_iter": 0.08424, "accuracy": 0.86439, "precision": 0.57685, "recall": 0.86986, "f1": 0.69368, "auc": 0.94272, "accuracy-SBM": 0.86654}
{"epoch": 78, "time_epoch": 26.43717, "eta": 557.53409, "eta_hours": 0.15487, "loss": 0.08844326, "lr": 6.329e-05, "params": 337201, "time_iter": 0.08446, "accuracy": 0.86432, "precision": 0.57655, "recall": 0.87128, "f1": 0.69392, "auc": 0.94291, "accuracy-SBM": 0.86705}
{"epoch": 79, "time_epoch": 26.66451, "eta": 531.01366, "eta_hours": 0.1475, "loss": 0.08852802, "lr": 5.79e-05, "params": 337201, "time_iter": 0.08519, "accuracy": 0.86392, "precision": 0.57568, "recall": 0.87129, "f1": 0.69329, "auc": 0.94278, "accuracy-SBM": 0.86682}
{"epoch": 80, "time_epoch": 26.60127, "eta": 504.47485, "eta_hours": 0.14013, "loss": 0.0884367, "lr": 5.271e-05, "params": 337201, "time_iter": 0.08499, "accuracy": 0.86436, "precision": 0.57669, "recall": 0.87069, "f1": 0.69383, "auc": 0.94289, "accuracy-SBM": 0.86685}
{"epoch": 81, "time_epoch": 26.66667, "eta": 477.94886, "eta_hours": 0.13276, "loss": 0.08839553, "lr": 4.775e-05, "params": 337201, "time_iter": 0.0852, "accuracy": 0.86386, "precision": 0.57556, "recall": 0.87121, "f1": 0.69317, "auc": 0.94297, "accuracy-SBM": 0.86674}
{"epoch": 82, "time_epoch": 26.35104, "eta": 451.35484, "eta_hours": 0.12538, "loss": 0.08840803, "lr": 4.3e-05, "params": 337201, "time_iter": 0.08419, "accuracy": 0.86436, "precision": 0.57666, "recall": 0.87101, "f1": 0.69391, "auc": 0.94292, "accuracy-SBM": 0.86697}
{"epoch": 83, "time_epoch": 26.32446, "eta": 424.76154, "eta_hours": 0.11799, "loss": 0.08834333, "lr": 3.848e-05, "params": 337201, "time_iter": 0.0841, "accuracy": 0.864, "precision": 0.57584, "recall": 0.87148, "f1": 0.69347, "auc": 0.94301, "accuracy-SBM": 0.86694}
{"epoch": 84, "time_epoch": 26.46487, "eta": 398.19935, "eta_hours": 0.11061, "loss": 0.08831224, "lr": 3.419e-05, "params": 337201, "time_iter": 0.08455, "accuracy": 0.86427, "precision": 0.57641, "recall": 0.87154, "f1": 0.6939, "auc": 0.94308, "accuracy-SBM": 0.86713}
{"epoch": 85, "time_epoch": 26.28877, "eta": 371.61075, "eta_hours": 0.10323, "loss": 0.08829086, "lr": 3.013e-05, "params": 337201, "time_iter": 0.08399, "accuracy": 0.86444, "precision": 0.5768, "recall": 0.87122, "f1": 0.69408, "auc": 0.94306, "accuracy-SBM": 0.8671}
{"epoch": 86, "time_epoch": 26.38403, "eta": 345.04327, "eta_hours": 0.09585, "loss": 0.08834083, "lr": 2.632e-05, "params": 337201, "time_iter": 0.08429, "accuracy": 0.86404, "precision": 0.5759, "recall": 0.87174, "f1": 0.69359, "auc": 0.94302, "accuracy-SBM": 0.86707}
{"epoch": 87, "time_epoch": 26.19823, "eta": 318.45464, "eta_hours": 0.08846, "loss": 0.0882539, "lr": 2.275e-05, "params": 337201, "time_iter": 0.0837, "accuracy": 0.86467, "precision": 0.57733, "recall": 0.87111, "f1": 0.69443, "auc": 0.94313, "accuracy-SBM": 0.8672}
{"epoch": 88, "time_epoch": 26.46007, "eta": 291.90713, "eta_hours": 0.08109, "loss": 0.08826621, "lr": 1.943e-05, "params": 337201, "time_iter": 0.08454, "accuracy": 0.86421, "precision": 0.57627, "recall": 0.87162, "f1": 0.69382, "auc": 0.9431, "accuracy-SBM": 0.86712}
{"epoch": 89, "time_epoch": 26.37498, "eta": 265.35212, "eta_hours": 0.07371, "loss": 0.0881415, "lr": 1.636e-05, "params": 337201, "time_iter": 0.08427, "accuracy": 0.86443, "precision": 0.57674, "recall": 0.87161, "f1": 0.69416, "auc": 0.94328, "accuracy-SBM": 0.86725}
{"epoch": 90, "time_epoch": 26.70246, "eta": 238.83344, "eta_hours": 0.06634, "loss": 0.08812837, "lr": 1.355e-05, "params": 337201, "time_iter": 0.08531, "accuracy": 0.86441, "precision": 0.57674, "recall": 0.87132, "f1": 0.69407, "auc": 0.94332, "accuracy-SBM": 0.86713}
{"epoch": 91, "time_epoch": 26.39204, "eta": 212.28379, "eta_hours": 0.05897, "loss": 0.08811709, "lr": 1.099e-05, "params": 337201, "time_iter": 0.08432, "accuracy": 0.86426, "precision": 0.57639, "recall": 0.87154, "f1": 0.69388, "auc": 0.94332, "accuracy-SBM": 0.86712}
{"epoch": 92, "time_epoch": 26.28054, "eta": 185.72912, "eta_hours": 0.05159, "loss": 0.08813134, "lr": 8.7e-06, "params": 337201, "time_iter": 0.08396, "accuracy": 0.86423, "precision": 0.57627, "recall": 0.87219, "f1": 0.694, "auc": 0.94332, "accuracy-SBM": 0.86736}
{"epoch": 93, "time_epoch": 26.83695, "eta": 159.21581, "eta_hours": 0.04423, "loss": 0.08819635, "lr": 6.67e-06, "params": 337201, "time_iter": 0.08574, "accuracy": 0.86468, "precision": 0.5773, "recall": 0.87145, "f1": 0.69452, "auc": 0.94321, "accuracy-SBM": 0.86734}
{"epoch": 94, "time_epoch": 26.56463, "eta": 132.68135, "eta_hours": 0.03686, "loss": 0.08807668, "lr": 4.91e-06, "params": 337201, "time_iter": 0.08487, "accuracy": 0.86461, "precision": 0.57715, "recall": 0.87145, "f1": 0.69441, "auc": 0.94339, "accuracy-SBM": 0.8673}
{"epoch": 95, "time_epoch": 26.45304, "eta": 106.14161, "eta_hours": 0.02948, "loss": 0.08820725, "lr": 3.41e-06, "params": 337201, "time_iter": 0.08451, "accuracy": 0.86451, "precision": 0.57695, "recall": 0.87137, "f1": 0.69423, "auc": 0.94317, "accuracy-SBM": 0.86721}
{"epoch": 96, "time_epoch": 26.09151, "eta": 79.59248, "eta_hours": 0.02211, "loss": 0.08813062, "lr": 2.18e-06, "params": 337201, "time_iter": 0.08336, "accuracy": 0.86405, "precision": 0.57591, "recall": 0.8718, "f1": 0.69362, "auc": 0.94329, "accuracy-SBM": 0.86709}
{"epoch": 97, "time_epoch": 26.40542, "eta": 53.05909, "eta_hours": 0.01474, "loss": 0.08813726, "lr": 1.23e-06, "params": 337201, "time_iter": 0.08436, "accuracy": 0.86436, "precision": 0.57656, "recall": 0.87183, "f1": 0.6941, "auc": 0.94325, "accuracy-SBM": 0.86729}
{"epoch": 98, "time_epoch": 26.53531, "eta": 26.52961, "eta_hours": 0.00737, "loss": 0.08802897, "lr": 5.5e-07, "params": 337201, "time_iter": 0.08478, "accuracy": 0.86445, "precision": 0.57675, "recall": 0.87202, "f1": 0.69429, "auc": 0.94345, "accuracy-SBM": 0.86742}
{"epoch": 99, "time_epoch": 26.33918, "eta": 0.0, "eta_hours": 0.0, "loss": 0.08803131, "lr": 1.4e-07, "params": 337201, "time_iter": 0.08415, "accuracy": 0.86445, "precision": 0.57678, "recall": 0.8717, "f1": 0.69422, "auc": 0.94344, "accuracy-SBM": 0.8673}
