{"epoch": 0, "time_epoch": 84.20486, "eta": 8336.28118, "eta_hours": 2.31563, "loss": 1.79817887, "lr": 0.0, "params": 502054, "time_iter": 0.13473, "accuracy": 0.16703, "f1": 0.129, "accuracy-SBM": 0.16715, "auc": 0.49977}
{"epoch": 1, "time_epoch": 81.36303, "eta": 8112.82679, "eta_hours": 2.25356, "loss": 1.74554077, "lr": 0.0001, "params": 502054, "time_iter": 0.13018, "accuracy": 0.27709, "f1": 0.27217, "accuracy-SBM": 0.27707, "auc": 0.6215}
{"epoch": 2, "time_epoch": 81.33076, "eta": 7983.05646, "eta_hours": 2.21752, "loss": 1.49984535, "lr": 0.0002, "params": 502054, "time_iter": 0.13013, "accuracy": 0.49169, "f1": 0.49122, "accuracy-SBM": 0.49166, "auc": 0.78728}
{"epoch": 3, "time_epoch": 81.67089, "eta": 7885.66909, "eta_hours": 2.19046, "loss": 1.26083503, "lr": 0.0003, "params": 502054, "time_iter": 0.13067, "accuracy": 0.59337, "f1": 0.59332, "accuracy-SBM": 0.59336, "auc": 0.85112}
{"epoch": 4, "time_epoch": 81.41795, "eta": 7789.7624, "eta_hours": 2.16382, "loss": 1.03692996, "lr": 0.0004, "params": 502054, "time_iter": 0.13027, "accuracy": 0.66119, "f1": 0.66118, "accuracy-SBM": 0.66118, "auc": 0.89603}
{"epoch": 5, "time_epoch": 81.54163, "eta": 7700.62293, "eta_hours": 2.13906, "loss": 0.8929755, "lr": 0.0005, "params": 502054, "time_iter": 0.13047, "accuracy": 0.69713, "f1": 0.69712, "accuracy-SBM": 0.69712, "auc": 0.92301}
{"epoch": 6, "time_epoch": 81.4379, "eta": 7612.27618, "eta_hours": 2.11452, "loss": 0.828411, "lr": 0.00049986, "params": 502054, "time_iter": 0.1303, "accuracy": 0.71374, "f1": 0.71373, "accuracy-SBM": 0.71373, "auc": 0.93317}
{"epoch": 7, "time_epoch": 81.75565, "eta": 7529.31075, "eta_hours": 2.09148, "loss": 0.7905963, "lr": 0.00049945, "params": 502054, "time_iter": 0.13081, "accuracy": 0.72416, "f1": 0.72416, "accuracy-SBM": 0.72416, "auc": 0.93862}
{"epoch": 8, "time_epoch": 81.1071, "eta": 7440.05661, "eta_hours": 2.06668, "loss": 0.76476514, "lr": 0.00049877, "params": 502054, "time_iter": 0.12977, "accuracy": 0.7312, "f1": 0.7312, "accuracy-SBM": 0.7312, "auc": 0.94227}
{"epoch": 9, "time_epoch": 81.39552, "eta": 7355.02768, "eta_hours": 2.04306, "loss": 0.74556629, "lr": 0.00049782, "params": 502054, "time_iter": 0.13023, "accuracy": 0.73692, "f1": 0.73692, "accuracy-SBM": 0.73692, "auc": 0.94493}
{"epoch": 10, "time_epoch": 81.93633, "eta": 7275.03502, "eta_hours": 2.02084, "loss": 0.73259543, "lr": 0.00049659, "params": 502054, "time_iter": 0.1311, "accuracy": 0.74107, "f1": 0.74107, "accuracy-SBM": 0.74107, "auc": 0.94666}
{"epoch": 11, "time_epoch": 81.69027, "eta": 7192.91393, "eta_hours": 1.99803, "loss": 0.72510013, "lr": 0.00049509, "params": 502054, "time_iter": 0.1307, "accuracy": 0.74335, "f1": 0.74335, "accuracy-SBM": 0.74335, "auc": 0.94765}
{"epoch": 12, "time_epoch": 81.31942, "eta": 7108.37733, "eta_hours": 1.97455, "loss": 0.71533267, "lr": 0.00049333, "params": 502054, "time_iter": 0.13011, "accuracy": 0.74639, "f1": 0.74639, "accuracy-SBM": 0.74639, "auc": 0.94894}
{"epoch": 13, "time_epoch": 81.53849, "eta": 7025.64598, "eta_hours": 1.95157, "loss": 0.70816667, "lr": 0.0004913, "params": 502054, "time_iter": 0.13046, "accuracy": 0.74852, "f1": 0.74851, "accuracy-SBM": 0.74852, "auc": 0.94996}
{"epoch": 14, "time_epoch": 81.66664, "eta": 6943.79987, "eta_hours": 1.92883, "loss": 0.70195189, "lr": 0.00048901, "params": 502054, "time_iter": 0.13067, "accuracy": 0.75062, "f1": 0.75061, "accuracy-SBM": 0.75061, "auc": 0.95079}
{"epoch": 15, "time_epoch": 81.38333, "eta": 6860.48883, "eta_hours": 1.90569, "loss": 0.69532832, "lr": 0.00048645, "params": 502054, "time_iter": 0.13021, "accuracy": 0.75252, "f1": 0.75252, "accuracy-SBM": 0.75252, "auc": 0.95172}
{"epoch": 16, "time_epoch": 81.34131, "eta": 6777.19944, "eta_hours": 1.88256, "loss": 0.69303854, "lr": 0.00048364, "params": 502054, "time_iter": 0.13015, "accuracy": 0.75353, "f1": 0.75353, "accuracy-SBM": 0.75354, "auc": 0.95196}
{"epoch": 17, "time_epoch": 81.50131, "eta": 6694.8554, "eta_hours": 1.85968, "loss": 0.6840635, "lr": 0.00048057, "params": 502054, "time_iter": 0.1304, "accuracy": 0.75662, "f1": 0.75661, "accuracy-SBM": 0.75661, "auc": 0.95319}
{"epoch": 18, "time_epoch": 82.0822, "eta": 6615.07647, "eta_hours": 1.83752, "loss": 0.68049775, "lr": 0.00047725, "params": 502054, "time_iter": 0.13133, "accuracy": 0.75702, "f1": 0.75702, "accuracy-SBM": 0.75702, "auc": 0.95368}
{"epoch": 19, "time_epoch": 81.86816, "eta": 6534.21107, "eta_hours": 1.81506, "loss": 0.67294283, "lr": 0.00047368, "params": 502054, "time_iter": 0.13099, "accuracy": 0.75991, "f1": 0.75991, "accuracy-SBM": 0.75991, "auc": 0.9547}
{"epoch": 20, "time_epoch": 81.84193, "eta": 6453.15147, "eta_hours": 1.79254, "loss": 0.66948477, "lr": 0.00046987, "params": 502054, "time_iter": 0.13095, "accuracy": 0.76135, "f1": 0.76135, "accuracy-SBM": 0.76135, "auc": 0.95513}
{"epoch": 21, "time_epoch": 81.66946, "eta": 6371.40929, "eta_hours": 1.76984, "loss": 0.66628867, "lr": 0.00046581, "params": 502054, "time_iter": 0.13067, "accuracy": 0.7623, "f1": 0.7623, "accuracy-SBM": 0.7623, "auc": 0.95558}
{"epoch": 22, "time_epoch": 82.21668, "eta": 6291.5054, "eta_hours": 1.74764, "loss": 0.66437839, "lr": 0.00046152, "params": 502054, "time_iter": 0.13155, "accuracy": 0.7625, "f1": 0.7625, "accuracy-SBM": 0.7625, "auc": 0.95583}
{"epoch": 23, "time_epoch": 81.77193, "eta": 6210.00043, "eta_hours": 1.725, "loss": 0.65976521, "lr": 0.000457, "params": 502054, "time_iter": 0.13084, "accuracy": 0.76441, "f1": 0.76441, "accuracy-SBM": 0.76441, "auc": 0.95643}
{"epoch": 24, "time_epoch": 82.61944, "eta": 6131.01663, "eta_hours": 1.70306, "loss": 0.65672146, "lr": 0.00045225, "params": 502054, "time_iter": 0.13219, "accuracy": 0.76486, "f1": 0.76486, "accuracy-SBM": 0.76486, "auc": 0.95686}
{"epoch": 25, "time_epoch": 81.73445, "eta": 6049.23434, "eta_hours": 1.68034, "loss": 0.65433047, "lr": 0.00044729, "params": 502054, "time_iter": 0.13078, "accuracy": 0.76609, "f1": 0.76608, "accuracy-SBM": 0.76608, "auc": 0.95713}
{"epoch": 26, "time_epoch": 82.2465, "eta": 5968.84001, "eta_hours": 1.65801, "loss": 0.6490491, "lr": 0.0004421, "params": 502054, "time_iter": 0.13159, "accuracy": 0.76821, "f1": 0.76821, "accuracy-SBM": 0.76821, "auc": 0.95782}
{"epoch": 27, "time_epoch": 81.5138, "eta": 5886.4293, "eta_hours": 1.63512, "loss": 0.64403935, "lr": 0.00043671, "params": 502054, "time_iter": 0.13042, "accuracy": 0.77024, "f1": 0.77024, "accuracy-SBM": 0.77024, "auc": 0.95846}
{"epoch": 28, "time_epoch": 82.30807, "eta": 5806.02505, "eta_hours": 1.61278, "loss": 0.64266588, "lr": 0.00043111, "params": 502054, "time_iter": 0.13169, "accuracy": 0.77016, "f1": 0.77016, "accuracy-SBM": 0.77016, "auc": 0.95866}
{"epoch": 29, "time_epoch": 81.9363, "eta": 5724.62641, "eta_hours": 1.59017, "loss": 0.63993953, "lr": 0.00042531, "params": 502054, "time_iter": 0.1311, "accuracy": 0.77107, "f1": 0.77107, "accuracy-SBM": 0.77107, "auc": 0.95899}
{"epoch": 30, "time_epoch": 81.85134, "eta": 5643.00398, "eta_hours": 1.5675, "loss": 0.63642688, "lr": 0.00041932, "params": 502054, "time_iter": 0.13096, "accuracy": 0.7722, "f1": 0.7722, "accuracy-SBM": 0.7722, "auc": 0.95944}
{"epoch": 31, "time_epoch": 81.76961, "eta": 5561.19357, "eta_hours": 1.54478, "loss": 0.63355212, "lr": 0.00041315, "params": 502054, "time_iter": 0.13083, "accuracy": 0.77363, "f1": 0.77363, "accuracy-SBM": 0.77363, "auc": 0.95979}
{"epoch": 32, "time_epoch": 81.83536, "eta": 5479.51914, "eta_hours": 1.52209, "loss": 0.63343685, "lr": 0.00040679, "params": 502054, "time_iter": 0.13094, "accuracy": 0.77293, "f1": 0.77293, "accuracy-SBM": 0.77293, "auc": 0.95983}
{"epoch": 33, "time_epoch": 81.79839, "eta": 5397.76346, "eta_hours": 1.49938, "loss": 0.62763809, "lr": 0.00040027, "params": 502054, "time_iter": 0.13088, "accuracy": 0.77543, "f1": 0.77543, "accuracy-SBM": 0.77543, "auc": 0.96054}
{"epoch": 34, "time_epoch": 81.6396, "eta": 5315.71043, "eta_hours": 1.47659, "loss": 0.62751627, "lr": 0.00039358, "params": 502054, "time_iter": 0.13062, "accuracy": 0.77507, "f1": 0.77507, "accuracy-SBM": 0.77507, "auc": 0.96059}
{"epoch": 35, "time_epoch": 81.9207, "eta": 5234.18013, "eta_hours": 1.45394, "loss": 0.62376463, "lr": 0.00038674, "params": 502054, "time_iter": 0.13107, "accuracy": 0.77637, "f1": 0.77637, "accuracy-SBM": 0.77637, "auc": 0.96104}
{"epoch": 36, "time_epoch": 81.37874, "eta": 5151.70591, "eta_hours": 1.43103, "loss": 0.6222265, "lr": 0.00037974, "params": 502054, "time_iter": 0.13021, "accuracy": 0.77704, "f1": 0.77704, "accuracy-SBM": 0.77704, "auc": 0.96123}
{"epoch": 37, "time_epoch": 82.46612, "eta": 5071.0635, "eta_hours": 1.40863, "loss": 0.61970039, "lr": 0.00037261, "params": 502054, "time_iter": 0.13195, "accuracy": 0.77825, "f1": 0.77825, "accuracy-SBM": 0.77825, "auc": 0.96152}
{"epoch": 38, "time_epoch": 81.62601, "eta": 4989.01355, "eta_hours": 1.38584, "loss": 0.6155549, "lr": 0.00036534, "params": 502054, "time_iter": 0.1306, "accuracy": 0.77897, "f1": 0.77896, "accuracy-SBM": 0.77896, "auc": 0.96207}
{"epoch": 39, "time_epoch": 82.0896, "eta": 4907.68018, "eta_hours": 1.36324, "loss": 0.61346582, "lr": 0.00035794, "params": 502054, "time_iter": 0.13134, "accuracy": 0.77991, "f1": 0.77991, "accuracy-SBM": 0.77991, "auc": 0.96231}
{"epoch": 40, "time_epoch": 81.88816, "eta": 4826.02005, "eta_hours": 1.34056, "loss": 0.61232107, "lr": 0.00035042, "params": 502054, "time_iter": 0.13102, "accuracy": 0.78044, "f1": 0.78044, "accuracy-SBM": 0.78044, "auc": 0.96245}
{"epoch": 41, "time_epoch": 81.65737, "eta": 4744.03034, "eta_hours": 1.31779, "loss": 0.60964597, "lr": 0.0003428, "params": 502054, "time_iter": 0.13065, "accuracy": 0.78195, "f1": 0.78194, "accuracy-SBM": 0.78195, "auc": 0.96277}
{"epoch": 42, "time_epoch": 81.50837, "eta": 4661.85858, "eta_hours": 1.29496, "loss": 0.60690308, "lr": 0.00033507, "params": 502054, "time_iter": 0.13041, "accuracy": 0.78226, "f1": 0.78225, "accuracy-SBM": 0.78225, "auc": 0.96313}
{"epoch": 43, "time_epoch": 81.81125, "eta": 4580.10246, "eta_hours": 1.27225, "loss": 0.60505158, "lr": 0.00032725, "params": 502054, "time_iter": 0.1309, "accuracy": 0.78276, "f1": 0.78276, "accuracy-SBM": 0.78276, "auc": 0.96334}
{"epoch": 44, "time_epoch": 82.6634, "eta": 4499.38541, "eta_hours": 1.24983, "loss": 0.60408732, "lr": 0.00031935, "params": 502054, "time_iter": 0.13226, "accuracy": 0.78293, "f1": 0.78293, "accuracy-SBM": 0.78293, "auc": 0.96348}
{"epoch": 45, "time_epoch": 81.87412, "eta": 4417.65718, "eta_hours": 1.22713, "loss": 0.59872146, "lr": 0.00031137, "params": 502054, "time_iter": 0.131, "accuracy": 0.78528, "f1": 0.78527, "accuracy-SBM": 0.78528, "auc": 0.96412}
{"epoch": 46, "time_epoch": 81.71147, "eta": 4335.73934, "eta_hours": 1.20437, "loss": 0.59748272, "lr": 0.00030332, "params": 502054, "time_iter": 0.13074, "accuracy": 0.7859, "f1": 0.7859, "accuracy-SBM": 0.7859, "auc": 0.96425}
{"epoch": 47, "time_epoch": 81.65363, "eta": 4253.76742, "eta_hours": 1.1816, "loss": 0.59382774, "lr": 0.00029522, "params": 502054, "time_iter": 0.13065, "accuracy": 0.78699, "f1": 0.78699, "accuracy-SBM": 0.78699, "auc": 0.9647}
{"epoch": 48, "time_epoch": 81.99849, "eta": 4172.16745, "eta_hours": 1.15894, "loss": 0.59098613, "lr": 0.00028707, "params": 502054, "time_iter": 0.1312, "accuracy": 0.78821, "f1": 0.78821, "accuracy-SBM": 0.78821, "auc": 0.96501}
{"epoch": 49, "time_epoch": 81.52226, "eta": 4090.07529, "eta_hours": 1.13613, "loss": 0.59020485, "lr": 0.00027887, "params": 502054, "time_iter": 0.13044, "accuracy": 0.78821, "f1": 0.78821, "accuracy-SBM": 0.78821, "auc": 0.96512}
{"epoch": 50, "time_epoch": 82.42938, "eta": 4008.87704, "eta_hours": 1.11358, "loss": 0.58748907, "lr": 0.00027064, "params": 502054, "time_iter": 0.13189, "accuracy": 0.78893, "f1": 0.78893, "accuracy-SBM": 0.78893, "auc": 0.96546}
{"epoch": 51, "time_epoch": 81.59328, "eta": 3926.85965, "eta_hours": 1.09079, "loss": 0.58626352, "lr": 0.0002624, "params": 502054, "time_iter": 0.13055, "accuracy": 0.78938, "f1": 0.78938, "accuracy-SBM": 0.78938, "auc": 0.96559}
{"epoch": 52, "time_epoch": 81.83013, "eta": 3845.0683, "eta_hours": 1.06807, "loss": 0.58357549, "lr": 0.00025413, "params": 502054, "time_iter": 0.13093, "accuracy": 0.79075, "f1": 0.79075, "accuracy-SBM": 0.79075, "auc": 0.96588}
{"epoch": 53, "time_epoch": 82.00614, "eta": 3763.42545, "eta_hours": 1.0454, "loss": 0.57924671, "lr": 0.00024587, "params": 502054, "time_iter": 0.13121, "accuracy": 0.79186, "f1": 0.79186, "accuracy-SBM": 0.79186, "auc": 0.96642}
{"epoch": 54, "time_epoch": 81.873, "eta": 3681.66046, "eta_hours": 1.02268, "loss": 0.57861217, "lr": 0.0002376, "params": 502054, "time_iter": 0.131, "accuracy": 0.79219, "f1": 0.79219, "accuracy-SBM": 0.79219, "auc": 0.9665}
{"epoch": 55, "time_epoch": 82.36275, "eta": 3600.27641, "eta_hours": 1.00008, "loss": 0.57559214, "lr": 0.00022936, "params": 502054, "time_iter": 0.13178, "accuracy": 0.7935, "f1": 0.7935, "accuracy-SBM": 0.7935, "auc": 0.96682}
{"epoch": 56, "time_epoch": 81.73814, "eta": 3518.38682, "eta_hours": 0.97733, "loss": 0.57254768, "lr": 0.00022113, "params": 502054, "time_iter": 0.13078, "accuracy": 0.79431, "f1": 0.79431, "accuracy-SBM": 0.7943, "auc": 0.96718}
{"epoch": 57, "time_epoch": 81.20402, "eta": 3436.11568, "eta_hours": 0.95448, "loss": 0.57056004, "lr": 0.00021293, "params": 502054, "time_iter": 0.12993, "accuracy": 0.79503, "f1": 0.79502, "accuracy-SBM": 0.79503, "auc": 0.96741}
{"epoch": 58, "time_epoch": 81.66445, "eta": 3354.20067, "eta_hours": 0.93172, "loss": 0.57171401, "lr": 0.00020478, "params": 502054, "time_iter": 0.13066, "accuracy": 0.79459, "f1": 0.79458, "accuracy-SBM": 0.79458, "auc": 0.96728}
{"epoch": 59, "time_epoch": 81.80504, "eta": 3272.38775, "eta_hours": 0.909, "loss": 0.56784346, "lr": 0.00019668, "params": 502054, "time_iter": 0.13089, "accuracy": 0.79578, "f1": 0.79578, "accuracy-SBM": 0.79578, "auc": 0.96773}
{"epoch": 60, "time_epoch": 81.66197, "eta": 3190.48361, "eta_hours": 0.88625, "loss": 0.56351437, "lr": 0.00018863, "params": 502054, "time_iter": 0.13066, "accuracy": 0.79716, "f1": 0.79716, "accuracy-SBM": 0.79716, "auc": 0.96821}
{"epoch": 61, "time_epoch": 81.40962, "eta": 3108.43261, "eta_hours": 0.86345, "loss": 0.56380195, "lr": 0.00018065, "params": 502054, "time_iter": 0.13026, "accuracy": 0.79723, "f1": 0.79722, "accuracy-SBM": 0.79723, "auc": 0.96817}
{"epoch": 62, "time_epoch": 81.74175, "eta": 3026.59704, "eta_hours": 0.84072, "loss": 0.5594986, "lr": 0.00017275, "params": 502054, "time_iter": 0.13079, "accuracy": 0.79856, "f1": 0.79856, "accuracy-SBM": 0.79856, "auc": 0.96868}
{"epoch": 63, "time_epoch": 81.60818, "eta": 2944.68927, "eta_hours": 0.81797, "loss": 0.55953408, "lr": 0.00016493, "params": 502054, "time_iter": 0.13057, "accuracy": 0.79901, "f1": 0.79901, "accuracy-SBM": 0.79901, "auc": 0.96864}
{"epoch": 64, "time_epoch": 81.14003, "eta": 2862.53863, "eta_hours": 0.79515, "loss": 0.55665294, "lr": 0.0001572, "params": 502054, "time_iter": 0.12982, "accuracy": 0.80045, "f1": 0.80045, "accuracy-SBM": 0.80045, "auc": 0.96897}
{"epoch": 65, "time_epoch": 81.00234, "eta": 2780.34768, "eta_hours": 0.77232, "loss": 0.55588891, "lr": 0.00014958, "params": 502054, "time_iter": 0.1296, "accuracy": 0.79966, "f1": 0.79966, "accuracy-SBM": 0.79966, "auc": 0.96907}
{"epoch": 66, "time_epoch": 81.47917, "eta": 2698.42708, "eta_hours": 0.74956, "loss": 0.55490574, "lr": 0.00014206, "params": 502054, "time_iter": 0.13037, "accuracy": 0.80029, "f1": 0.80029, "accuracy-SBM": 0.80029, "auc": 0.96917}
{"epoch": 67, "time_epoch": 81.13416, "eta": 2616.3571, "eta_hours": 0.72677, "loss": 0.55231209, "lr": 0.00013466, "params": 502054, "time_iter": 0.12981, "accuracy": 0.8013, "f1": 0.8013, "accuracy-SBM": 0.8013, "auc": 0.96947}
{"epoch": 68, "time_epoch": 81.44853, "eta": 2534.45548, "eta_hours": 0.70402, "loss": 0.55049265, "lr": 0.00012739, "params": 502054, "time_iter": 0.13032, "accuracy": 0.80187, "f1": 0.80187, "accuracy-SBM": 0.80187, "auc": 0.96967}
{"epoch": 69, "time_epoch": 81.0691, "eta": 2452.4042, "eta_hours": 0.68122, "loss": 0.54846553, "lr": 0.00012026, "params": 502054, "time_iter": 0.12971, "accuracy": 0.80274, "f1": 0.80274, "accuracy-SBM": 0.80274, "auc": 0.9699}
{"epoch": 70, "time_epoch": 81.22505, "eta": 2370.44428, "eta_hours": 0.65846, "loss": 0.5483034, "lr": 0.00011326, "params": 502054, "time_iter": 0.12996, "accuracy": 0.80318, "f1": 0.80318, "accuracy-SBM": 0.80318, "auc": 0.9699}
{"epoch": 71, "time_epoch": 81.05024, "eta": 2288.43679, "eta_hours": 0.63568, "loss": 0.54633517, "lr": 0.00010642, "params": 502054, "time_iter": 0.12968, "accuracy": 0.80347, "f1": 0.80347, "accuracy-SBM": 0.80347, "auc": 0.97012}
{"epoch": 72, "time_epoch": 81.24101, "eta": 2206.52609, "eta_hours": 0.61292, "loss": 0.54446225, "lr": 9.973e-05, "params": 502054, "time_iter": 0.12999, "accuracy": 0.80411, "f1": 0.80411, "accuracy-SBM": 0.80411, "auc": 0.97034}
{"epoch": 73, "time_epoch": 81.68515, "eta": 2124.78954, "eta_hours": 0.59022, "loss": 0.542363, "lr": 9.321e-05, "params": 502054, "time_iter": 0.1307, "accuracy": 0.80452, "f1": 0.80452, "accuracy-SBM": 0.80452, "auc": 0.97057}
{"epoch": 74, "time_epoch": 81.48453, "eta": 2042.98748, "eta_hours": 0.5675, "loss": 0.54068404, "lr": 8.685e-05, "params": 502054, "time_iter": 0.13038, "accuracy": 0.80542, "f1": 0.80542, "accuracy-SBM": 0.80542, "auc": 0.97076}
{"epoch": 75, "time_epoch": 83.13964, "eta": 1961.71645, "eta_hours": 0.54492, "loss": 0.54207111, "lr": 8.068e-05, "params": 502054, "time_iter": 0.13302, "accuracy": 0.80499, "f1": 0.80499, "accuracy-SBM": 0.80499, "auc": 0.97059}
{"epoch": 76, "time_epoch": 81.61878, "eta": 1879.9426, "eta_hours": 0.52221, "loss": 0.54002658, "lr": 7.469e-05, "params": 502054, "time_iter": 0.13059, "accuracy": 0.80555, "f1": 0.80555, "accuracy-SBM": 0.80556, "auc": 0.97081}
{"epoch": 77, "time_epoch": 81.51805, "eta": 1798.14431, "eta_hours": 0.49948, "loss": 0.5397508, "lr": 6.889e-05, "params": 502054, "time_iter": 0.13043, "accuracy": 0.8054, "f1": 0.8054, "accuracy-SBM": 0.8054, "auc": 0.97084}
{"epoch": 78, "time_epoch": 81.8058, "eta": 1716.42961, "eta_hours": 0.47679, "loss": 0.53548912, "lr": 6.329e-05, "params": 502054, "time_iter": 0.13089, "accuracy": 0.80711, "f1": 0.80711, "accuracy-SBM": 0.80711, "auc": 0.9713}
{"epoch": 79, "time_epoch": 82.28255, "eta": 1634.83182, "eta_hours": 0.45412, "loss": 0.53459703, "lr": 5.79e-05, "params": 502054, "time_iter": 0.13165, "accuracy": 0.8072, "f1": 0.8072, "accuracy-SBM": 0.8072, "auc": 0.97141}
{"epoch": 80, "time_epoch": 81.91366, "eta": 1553.13059, "eta_hours": 0.43143, "loss": 0.53544041, "lr": 5.271e-05, "params": 502054, "time_iter": 0.13106, "accuracy": 0.80769, "f1": 0.80769, "accuracy-SBM": 0.80769, "auc": 0.97129}
{"epoch": 81, "time_epoch": 82.17972, "eta": 1471.48258, "eta_hours": 0.40875, "loss": 0.53429317, "lr": 4.775e-05, "params": 502054, "time_iter": 0.13149, "accuracy": 0.80791, "f1": 0.80791, "accuracy-SBM": 0.80791, "auc": 0.97142}
{"epoch": 82, "time_epoch": 82.51625, "eta": 1389.89069, "eta_hours": 0.38608, "loss": 0.53297385, "lr": 4.3e-05, "params": 502054, "time_iter": 0.13203, "accuracy": 0.80838, "f1": 0.80838, "accuracy-SBM": 0.80838, "auc": 0.97156}
{"epoch": 83, "time_epoch": 81.50182, "eta": 1308.08357, "eta_hours": 0.36336, "loss": 0.53294348, "lr": 3.848e-05, "params": 502054, "time_iter": 0.1304, "accuracy": 0.80839, "f1": 0.80839, "accuracy-SBM": 0.80839, "auc": 0.97157}
{"epoch": 84, "time_epoch": 83.043, "eta": 1226.5556, "eta_hours": 0.34071, "loss": 0.53077357, "lr": 3.419e-05, "params": 502054, "time_iter": 0.13287, "accuracy": 0.80904, "f1": 0.80904, "accuracy-SBM": 0.80904, "auc": 0.97181}
{"epoch": 85, "time_epoch": 81.92538, "eta": 1144.81046, "eta_hours": 0.318, "loss": 0.530307, "lr": 3.013e-05, "params": 502054, "time_iter": 0.13108, "accuracy": 0.80891, "f1": 0.80891, "accuracy-SBM": 0.80891, "auc": 0.97188}
{"epoch": 86, "time_epoch": 81.34734, "eta": 1062.9748, "eta_hours": 0.29527, "loss": 0.52991326, "lr": 2.632e-05, "params": 502054, "time_iter": 0.13016, "accuracy": 0.80891, "f1": 0.80891, "accuracy-SBM": 0.80891, "auc": 0.97191}
{"epoch": 87, "time_epoch": 81.77265, "eta": 981.20824, "eta_hours": 0.27256, "loss": 0.52840578, "lr": 2.275e-05, "params": 502054, "time_iter": 0.13084, "accuracy": 0.80968, "f1": 0.80968, "accuracy-SBM": 0.80968, "auc": 0.97207}
{"epoch": 88, "time_epoch": 81.84689, "eta": 899.45072, "eta_hours": 0.24985, "loss": 0.52685361, "lr": 1.943e-05, "params": 502054, "time_iter": 0.13096, "accuracy": 0.81045, "f1": 0.81044, "accuracy-SBM": 0.81045, "auc": 0.97222}
{"epoch": 89, "time_epoch": 82.02765, "eta": 817.71129, "eta_hours": 0.22714, "loss": 0.52752676, "lr": 1.636e-05, "params": 502054, "time_iter": 0.13124, "accuracy": 0.81045, "f1": 0.81045, "accuracy-SBM": 0.81045, "auc": 0.97215}
{"epoch": 90, "time_epoch": 81.4862, "eta": 735.91198, "eta_hours": 0.20442, "loss": 0.52835492, "lr": 1.355e-05, "params": 502054, "time_iter": 0.13038, "accuracy": 0.80984, "f1": 0.80984, "accuracy-SBM": 0.80984, "auc": 0.97207}
{"epoch": 91, "time_epoch": 81.81326, "eta": 654.14792, "eta_hours": 0.18171, "loss": 0.52560296, "lr": 1.099e-05, "params": 502054, "time_iter": 0.1309, "accuracy": 0.81113, "f1": 0.81113, "accuracy-SBM": 0.81113, "auc": 0.97236}
{"epoch": 92, "time_epoch": 82.40259, "eta": 572.42716, "eta_hours": 0.15901, "loss": 0.52701278, "lr": 8.7e-06, "params": 502054, "time_iter": 0.13184, "accuracy": 0.81056, "f1": 0.81056, "accuracy-SBM": 0.81056, "auc": 0.9722}
{"epoch": 93, "time_epoch": 82.01649, "eta": 490.66725, "eta_hours": 0.1363, "loss": 0.52693439, "lr": 6.67e-06, "params": 502054, "time_iter": 0.13123, "accuracy": 0.81017, "f1": 0.81017, "accuracy-SBM": 0.81017, "auc": 0.97221}
{"epoch": 94, "time_epoch": 81.67465, "eta": 408.88394, "eta_hours": 0.11358, "loss": 0.52684289, "lr": 4.91e-06, "params": 502054, "time_iter": 0.13068, "accuracy": 0.81035, "f1": 0.81035, "accuracy-SBM": 0.81035, "auc": 0.97223}
{"epoch": 95, "time_epoch": 82.16087, "eta": 327.12315, "eta_hours": 0.09087, "loss": 0.5266133, "lr": 3.41e-06, "params": 502054, "time_iter": 0.13146, "accuracy": 0.81069, "f1": 0.81069, "accuracy-SBM": 0.81069, "auc": 0.97224}
{"epoch": 96, "time_epoch": 82.19313, "eta": 245.35512, "eta_hours": 0.06815, "loss": 0.52624481, "lr": 2.18e-06, "params": 502054, "time_iter": 0.13151, "accuracy": 0.81009, "f1": 0.81009, "accuracy-SBM": 0.81009, "auc": 0.9723}
{"epoch": 97, "time_epoch": 82.03707, "eta": 163.57522, "eta_hours": 0.04544, "loss": 0.52481058, "lr": 1.23e-06, "params": 502054, "time_iter": 0.13126, "accuracy": 0.81128, "f1": 0.81128, "accuracy-SBM": 0.81128, "auc": 0.97244}
{"epoch": 98, "time_epoch": 82.23761, "eta": 81.79216, "eta_hours": 0.02272, "loss": 0.52639457, "lr": 5.5e-07, "params": 502054, "time_iter": 0.13158, "accuracy": 0.81063, "f1": 0.81063, "accuracy-SBM": 0.81063, "auc": 0.97227}
{"epoch": 99, "time_epoch": 80.98655, "eta": 0.0, "eta_hours": 0.0, "loss": 0.52595931, "lr": 1.4e-07, "params": 502054, "time_iter": 0.12958, "accuracy": 0.81047, "f1": 0.81047, "accuracy-SBM": 0.81047, "auc": 0.97232}
