{"epoch": 0, "time_epoch": 85.8203, "eta": 8496.20978, "eta_hours": 2.36006, "loss": 0.72302749, "lr": 0.0, "params": 558625, "time_iter": 0.0834, "accuracy": 0.04821, "precision": 0.03763, "recall": 0.99351, "f1": 0.07251, "auc": 0.51741}
{"epoch": 1, "time_epoch": 82.006, "eta": 8223.48864, "eta_hours": 2.2843, "loss": 0.46042471, "lr": 2e-05, "params": 558625, "time_iter": 0.07969, "accuracy": 0.87997, "precision": 0.04428, "recall": 0.10714, "f1": 0.06266, "auc": 0.52154}
{"epoch": 2, "time_epoch": 80.14556, "eta": 8017.75663, "eta_hours": 2.22715, "loss": 0.17129993, "lr": 4e-05, "params": 558625, "time_iter": 0.07789, "accuracy": 0.96255, "precision": 0.0, "recall": 0.0, "f1": 0.0, "auc": 0.63389}
{"epoch": 3, "time_epoch": 82.80644, "eta": 7938.67905, "eta_hours": 2.20519, "loss": 0.14367288, "lr": 6e-05, "params": 558625, "time_iter": 0.08047, "accuracy": 0.96255, "precision": 0.5, "recall": 0.00162, "f1": 0.00324, "auc": 0.72441}
{"epoch": 4, "time_epoch": 80.07274, "eta": 7806.16962, "eta_hours": 2.16838, "loss": 0.13610773, "lr": 8e-05, "params": 558625, "time_iter": 0.07782, "accuracy": 0.96313, "precision": 0.65079, "recall": 0.03328, "f1": 0.06332, "auc": 0.75845}
{"epoch": 5, "time_epoch": 79.62837, "eta": 7684.17731, "eta_hours": 2.13449, "loss": 0.13173951, "lr": 0.0001, "params": 558625, "time_iter": 0.07738, "accuracy": 0.9635, "precision": 0.5896, "recall": 0.08279, "f1": 0.1452, "auc": 0.77432}
{"epoch": 6, "time_epoch": 80.63214, "eta": 7587.62483, "eta_hours": 2.10767, "loss": 0.12654775, "lr": 9.997e-05, "params": 558625, "time_iter": 0.07836, "accuracy": 0.9648, "precision": 0.62416, "recall": 0.15097, "f1": 0.24314, "auc": 0.79519}
{"epoch": 7, "time_epoch": 80.7227, "eta": 7496.09378, "eta_hours": 2.08225, "loss": 0.12235141, "lr": 9.989e-05, "params": 558625, "time_iter": 0.07845, "accuracy": 0.96575, "precision": 0.63092, "recall": 0.20536, "f1": 0.30986, "auc": 0.80897}
{"epoch": 8, "time_epoch": 80.71085, "eta": 7406.8448, "eta_hours": 2.05746, "loss": 0.11928899, "lr": 9.975e-05, "params": 558625, "time_iter": 0.07844, "accuracy": 0.96626, "precision": 0.63927, "recall": 0.22727, "f1": 0.33533, "auc": 0.82068}
{"epoch": 9, "time_epoch": 80.59722, "eta": 7318.28078, "eta_hours": 2.03286, "loss": 0.11621401, "lr": 9.956e-05, "params": 558625, "time_iter": 0.07833, "accuracy": 0.96754, "precision": 0.66335, "recall": 0.27029, "f1": 0.38408, "auc": 0.82624}
{"epoch": 10, "time_epoch": 79.23624, "eta": 7220.15368, "eta_hours": 2.0056, "loss": 0.11379749, "lr": 9.932e-05, "params": 558625, "time_iter": 0.077, "accuracy": 0.96796, "precision": 0.66421, "recall": 0.29221, "f1": 0.40586, "auc": 0.83287}
{"epoch": 11, "time_epoch": 81.41679, "eta": 7141.16576, "eta_hours": 1.98366, "loss": 0.11323725, "lr": 9.902e-05, "params": 558625, "time_iter": 0.07912, "accuracy": 0.96799, "precision": 0.66302, "recall": 0.29545, "f1": 0.40876, "auc": 0.83619}
{"epoch": 12, "time_epoch": 81.55961, "eta": 7062.76001, "eta_hours": 1.96188, "loss": 0.11036222, "lr": 9.867e-05, "params": 558625, "time_iter": 0.07926, "accuracy": 0.9693, "precision": 0.69072, "recall": 0.3263, "f1": 0.44322, "auc": 0.8461}
{"epoch": 13, "time_epoch": 81.78988, "eta": 6985.31818, "eta_hours": 1.94037, "loss": 0.10889488, "lr": 9.826e-05, "params": 558625, "time_iter": 0.07948, "accuracy": 0.96933, "precision": 0.70236, "recall": 0.31412, "f1": 0.4341, "auc": 0.85449}
{"epoch": 14, "time_epoch": 81.63685, "eta": 6906.42949, "eta_hours": 1.91845, "loss": 0.10738465, "lr": 9.78e-05, "params": 558625, "time_iter": 0.07934, "accuracy": 0.96921, "precision": 0.68977, "recall": 0.32305, "f1": 0.44002, "auc": 0.85804}
{"epoch": 15, "time_epoch": 81.33412, "eta": 6825.60793, "eta_hours": 1.896, "loss": 0.10604463, "lr": 9.729e-05, "params": 558625, "time_iter": 0.07904, "accuracy": 0.96976, "precision": 0.70256, "recall": 0.3336, "f1": 0.45239, "auc": 0.86275}
{"epoch": 16, "time_epoch": 81.02875, "eta": 6743.23513, "eta_hours": 1.87312, "loss": 0.10291142, "lr": 9.673e-05, "params": 558625, "time_iter": 0.07875, "accuracy": 0.9703, "precision": 0.71357, "recall": 0.34578, "f1": 0.46583, "auc": 0.87652}
{"epoch": 17, "time_epoch": 81.7625, "eta": 6664.3543, "eta_hours": 1.85121, "loss": 0.10131186, "lr": 9.611e-05, "params": 558625, "time_iter": 0.07946, "accuracy": 0.97106, "precision": 0.72082, "recall": 0.37094, "f1": 0.48982, "auc": 0.87919}
{"epoch": 18, "time_epoch": 82.13795, "eta": 6586.77075, "eta_hours": 1.82966, "loss": 0.1002767, "lr": 9.545e-05, "params": 558625, "time_iter": 0.07982, "accuracy": 0.97094, "precision": 0.71698, "recall": 0.37013, "f1": 0.48822, "auc": 0.88331}
{"epoch": 19, "time_epoch": 82.83161, "eta": 6511.50642, "eta_hours": 1.80875, "loss": 0.0993187, "lr": 9.474e-05, "params": 558625, "time_iter": 0.0805, "accuracy": 0.9714, "precision": 0.71429, "recall": 0.39367, "f1": 0.50759, "auc": 0.88605}
{"epoch": 20, "time_epoch": 82.88238, "eta": 6435.71237, "eta_hours": 1.7877, "loss": 0.09723972, "lr": 9.397e-05, "params": 558625, "time_iter": 0.08055, "accuracy": 0.97219, "precision": 0.75039, "recall": 0.38555, "f1": 0.50938, "auc": 0.89682}
{"epoch": 21, "time_epoch": 82.40713, "eta": 6357.58893, "eta_hours": 1.766, "loss": 0.0972756, "lr": 9.316e-05, "params": 558625, "time_iter": 0.08008, "accuracy": 0.97125, "precision": 0.71733, "recall": 0.38312, "f1": 0.49947, "auc": 0.89756}
{"epoch": 22, "time_epoch": 83.11603, "eta": 6281.46628, "eta_hours": 1.74485, "loss": 0.09514226, "lr": 9.23e-05, "params": 558625, "time_iter": 0.08077, "accuracy": 0.97149, "precision": 0.71554, "recall": 0.3961, "f1": 0.50993, "auc": 0.90315}
{"epoch": 23, "time_epoch": 82.27148, "eta": 6202.08646, "eta_hours": 1.7228, "loss": 0.09395406, "lr": 9.14e-05, "params": 558625, "time_iter": 0.07995, "accuracy": 0.97243, "precision": 0.74146, "recall": 0.40503, "f1": 0.52388, "auc": 0.90283}
{"epoch": 24, "time_epoch": 82.77227, "eta": 6123.97767, "eta_hours": 1.7011, "loss": 0.09112604, "lr": 9.045e-05, "params": 558625, "time_iter": 0.08044, "accuracy": 0.97295, "precision": 0.75599, "recall": 0.4099, "f1": 0.53158, "auc": 0.91519}
{"epoch": 25, "time_epoch": 82.991, "eta": 6046.1327, "eta_hours": 1.67948, "loss": 0.09089662, "lr": 8.946e-05, "params": 558625, "time_iter": 0.08065, "accuracy": 0.9728, "precision": 0.75338, "recall": 0.40666, "f1": 0.5282, "auc": 0.91509}
{"epoch": 26, "time_epoch": 83.66793, "eta": 5969.73674, "eta_hours": 1.65826, "loss": 0.08926614, "lr": 8.842e-05, "params": 558625, "time_iter": 0.08131, "accuracy": 0.97319, "precision": 0.75144, "recall": 0.42451, "f1": 0.54253, "auc": 0.92298}
{"epoch": 27, "time_epoch": 83.58761, "eta": 5892.61483, "eta_hours": 1.63684, "loss": 0.08773739, "lr": 8.734e-05, "params": 558625, "time_iter": 0.08123, "accuracy": 0.97416, "precision": 0.76751, "recall": 0.44481, "f1": 0.56321, "auc": 0.92314}
{"epoch": 28, "time_epoch": 82.42966, "eta": 5812.21203, "eta_hours": 1.6145, "loss": 0.08675308, "lr": 8.622e-05, "params": 558625, "time_iter": 0.08011, "accuracy": 0.97337, "precision": 0.75501, "recall": 0.42776, "f1": 0.54611, "auc": 0.93023}
{"epoch": 29, "time_epoch": 81.82043, "eta": 5730.25256, "eta_hours": 1.59174, "loss": 0.08537426, "lr": 8.506e-05, "params": 558625, "time_iter": 0.07951, "accuracy": 0.97447, "precision": 0.77222, "recall": 0.4513, "f1": 0.56967, "auc": 0.92992}
{"epoch": 30, "time_epoch": 81.50324, "eta": 5647.59607, "eta_hours": 1.56878, "loss": 0.08447511, "lr": 8.386e-05, "params": 558625, "time_iter": 0.07921, "accuracy": 0.9738, "precision": 0.76204, "recall": 0.43669, "f1": 0.55521, "auc": 0.93654}
{"epoch": 31, "time_epoch": 81.78827, "eta": 5565.61734, "eta_hours": 1.546, "loss": 0.0824354, "lr": 8.263e-05, "params": 558625, "time_iter": 0.07948, "accuracy": 0.9752, "precision": 0.77733, "recall": 0.47321, "f1": 0.58829, "auc": 0.93892}
{"epoch": 32, "time_epoch": 80.63742, "eta": 5481.31357, "eta_hours": 1.52259, "loss": 0.08205646, "lr": 8.136e-05, "params": 558625, "time_iter": 0.07836, "accuracy": 0.9748, "precision": 0.77047, "recall": 0.46591, "f1": 0.58068, "auc": 0.93855}
{"epoch": 33, "time_epoch": 81.8783, "eta": 5399.63424, "eta_hours": 1.4999, "loss": 0.08064473, "lr": 8.005e-05, "params": 558625, "time_iter": 0.07957, "accuracy": 0.97547, "precision": 0.78296, "recall": 0.47727, "f1": 0.59304, "auc": 0.9421}
{"epoch": 34, "time_epoch": 87.2407, "eta": 5327.90229, "eta_hours": 1.47997, "loss": 0.0789976, "lr": 7.872e-05, "params": 558625, "time_iter": 0.08478, "accuracy": 0.97486, "precision": 0.7654, "recall": 0.47403, "f1": 0.58546, "auc": 0.9492}
{"epoch": 35, "time_epoch": 98.88007, "eta": 5276.00094, "eta_hours": 1.46556, "loss": 0.07769671, "lr": 7.735e-05, "params": 558625, "time_iter": 0.09609, "accuracy": 0.97617, "precision": 0.78866, "recall": 0.49675, "f1": 0.60956, "auc": 0.94899}
{"epoch": 36, "time_epoch": 98.5275, "eta": 5220.9599, "eta_hours": 1.45027, "loss": 0.07992911, "lr": 7.595e-05, "params": 558625, "time_iter": 0.09575, "accuracy": 0.97502, "precision": 0.77406, "recall": 0.46997, "f1": 0.58485, "auc": 0.94611}
{"epoch": 37, "time_epoch": 96.66448, "eta": 5160.59042, "eta_hours": 1.4335, "loss": 0.07451985, "lr": 7.452e-05, "params": 558625, "time_iter": 0.09394, "accuracy": 0.97651, "precision": 0.7858, "recall": 0.51218, "f1": 0.62015, "auc": 0.95514}
{"epoch": 38, "time_epoch": 96.9172, "eta": 5098.75494, "eta_hours": 1.41632, "loss": 0.07502382, "lr": 7.307e-05, "params": 558625, "time_iter": 0.09419, "accuracy": 0.97641, "precision": 0.78288, "recall": 0.51218, "f1": 0.61923, "auc": 0.95451}
{"epoch": 39, "time_epoch": 97.44576, "eta": 5035.95821, "eta_hours": 1.39888, "loss": 0.07633321, "lr": 7.159e-05, "params": 558625, "time_iter": 0.0947, "accuracy": 0.97638, "precision": 0.79279, "recall": 0.5, "f1": 0.61324, "auc": 0.95247}
{"epoch": 40, "time_epoch": 98.00831, "eta": 4972.28081, "eta_hours": 1.38119, "loss": 0.07289322, "lr": 7.008e-05, "params": 558625, "time_iter": 0.09525, "accuracy": 0.97635, "precision": 0.78375, "recall": 0.50893, "f1": 0.61713, "auc": 0.95709}
{"epoch": 41, "time_epoch": 98.15616, "eta": 4907.17278, "eta_hours": 1.3631, "loss": 0.07124721, "lr": 6.856e-05, "params": 558625, "time_iter": 0.09539, "accuracy": 0.97669, "precision": 0.78046, "recall": 0.52516, "f1": 0.62785, "auc": 0.96142}
{"epoch": 42, "time_epoch": 97.8111, "eta": 4840.07022, "eta_hours": 1.34446, "loss": 0.07117206, "lr": 6.701e-05, "params": 558625, "time_iter": 0.09505, "accuracy": 0.9772, "precision": 0.79753, "recall": 0.52435, "f1": 0.63271, "auc": 0.9613}
{"epoch": 43, "time_epoch": 97.86026, "eta": 4771.63439, "eta_hours": 1.32545, "loss": 0.06874202, "lr": 6.545e-05, "params": 558625, "time_iter": 0.0951, "accuracy": 0.97863, "precision": 0.81601, "recall": 0.55438, "f1": 0.66022, "auc": 0.96323}
{"epoch": 44, "time_epoch": 98.13815, "eta": 4702.23044, "eta_hours": 1.30618, "loss": 0.07000932, "lr": 6.387e-05, "params": 558625, "time_iter": 0.09537, "accuracy": 0.97787, "precision": 0.80144, "recall": 0.54383, "f1": 0.64797, "auc": 0.96228}
{"epoch": 45, "time_epoch": 97.14739, "eta": 4630.41412, "eta_hours": 1.28623, "loss": 0.06840235, "lr": 6.227e-05, "params": 558625, "time_iter": 0.09441, "accuracy": 0.97769, "precision": 0.79363, "recall": 0.54627, "f1": 0.64712, "auc": 0.96445}
{"epoch": 46, "time_epoch": 97.71074, "eta": 4558.15515, "eta_hours": 1.26615, "loss": 0.0667274, "lr": 6.066e-05, "params": 558625, "time_iter": 0.09496, "accuracy": 0.97766, "precision": 0.78662, "recall": 0.55357, "f1": 0.64983, "auc": 0.96743}
{"epoch": 47, "time_epoch": 99.27148, "eta": 4486.52649, "eta_hours": 1.24626, "loss": 0.06527553, "lr": 5.904e-05, "params": 558625, "time_iter": 0.09647, "accuracy": 0.97827, "precision": 0.8081, "recall": 0.55032, "f1": 0.65476, "auc": 0.96983}
{"epoch": 48, "time_epoch": 105.42128, "eta": 4420.17036, "eta_hours": 1.22783, "loss": 0.06499657, "lr": 5.741e-05, "params": 558625, "time_iter": 0.10245, "accuracy": 0.97796, "precision": 0.80579, "recall": 0.54221, "f1": 0.64823, "auc": 0.97239}
{"epoch": 49, "time_epoch": 93.15608, "eta": 4339.98642, "eta_hours": 1.20555, "loss": 0.0627137, "lr": 5.577e-05, "params": 558625, "time_iter": 0.09053, "accuracy": 0.97903, "precision": 0.80518, "recall": 0.58036, "f1": 0.67453, "auc": 0.97372}
{"epoch": 50, "time_epoch": 80.10655, "eta": 4246.75599, "eta_hours": 1.17965, "loss": 0.06308938, "lr": 5.413e-05, "params": 558625, "time_iter": 0.07785, "accuracy": 0.97921, "precision": 0.81713, "recall": 0.57305, "f1": 0.67366, "auc": 0.97338}
{"epoch": 51, "time_epoch": 80.10331, "eta": 4154.02734, "eta_hours": 1.1539, "loss": 0.06121135, "lr": 5.248e-05, "params": 558625, "time_iter": 0.07785, "accuracy": 0.97945, "precision": 0.81663, "recall": 0.58198, "f1": 0.67962, "auc": 0.97532}
{"epoch": 52, "time_epoch": 80.37597, "eta": 4062.0169, "eta_hours": 1.12834, "loss": 0.05898029, "lr": 5.083e-05, "params": 558625, "time_iter": 0.07811, "accuracy": 0.98012, "precision": 0.81898, "recall": 0.60227, "f1": 0.69411, "auc": 0.97741}
{"epoch": 53, "time_epoch": 81.13571, "eta": 3971.08456, "eta_hours": 1.10308, "loss": 0.06079761, "lr": 4.917e-05, "params": 558625, "time_iter": 0.07885, "accuracy": 0.97906, "precision": 0.80471, "recall": 0.58198, "f1": 0.67546, "auc": 0.97681}
{"epoch": 54, "time_epoch": 79.61525, "eta": 3879.26444, "eta_hours": 1.07757, "loss": 0.05720986, "lr": 4.752e-05, "params": 558625, "time_iter": 0.07737, "accuracy": 0.98076, "precision": 0.83389, "recall": 0.60714, "f1": 0.70268, "auc": 0.97819}
{"epoch": 55, "time_epoch": 80.57694, "eta": 3788.63583, "eta_hours": 1.0524, "loss": 0.05892171, "lr": 4.587e-05, "params": 558625, "time_iter": 0.07831, "accuracy": 0.98009, "precision": 0.81808, "recall": 0.60227, "f1": 0.69378, "auc": 0.97679}
{"epoch": 56, "time_epoch": 80.58177, "eta": 3698.36356, "eta_hours": 1.02732, "loss": 0.05806687, "lr": 4.423e-05, "params": 558625, "time_iter": 0.07831, "accuracy": 0.98085, "precision": 0.82717, "recall": 0.61769, "f1": 0.70725, "auc": 0.97963}
{"epoch": 57, "time_epoch": 80.95983, "eta": 3608.6992, "eta_hours": 1.00242, "loss": 0.05741119, "lr": 4.259e-05, "params": 558625, "time_iter": 0.07868, "accuracy": 0.98082, "precision": 0.82628, "recall": 0.61769, "f1": 0.70692, "auc": 0.97743}
{"epoch": 58, "time_epoch": 80.95278, "eta": 3519.32501, "eta_hours": 0.97759, "loss": 0.0577721, "lr": 4.096e-05, "params": 558625, "time_iter": 0.07867, "accuracy": 0.98076, "precision": 0.82876, "recall": 0.61282, "f1": 0.70462, "auc": 0.97988}
{"epoch": 59, "time_epoch": 81.75397, "eta": 3430.76567, "eta_hours": 0.95299, "loss": 0.0549024, "lr": 3.934e-05, "params": 558625, "time_iter": 0.07945, "accuracy": 0.98125, "precision": 0.82403, "recall": 0.63474, "f1": 0.7171, "auc": 0.98198}
{"epoch": 60, "time_epoch": 80.03379, "eta": 3341.32966, "eta_hours": 0.92815, "loss": 0.05496582, "lr": 3.773e-05, "params": 558625, "time_iter": 0.07778, "accuracy": 0.98128, "precision": 0.82906, "recall": 0.62987, "f1": 0.71587, "auc": 0.98206}
{"epoch": 61, "time_epoch": 81.54702, "eta": 3253.12442, "eta_hours": 0.90365, "loss": 0.05304313, "lr": 3.613e-05, "params": 558625, "time_iter": 0.07925, "accuracy": 0.98134, "precision": 0.81531, "recall": 0.64854, "f1": 0.72242, "auc": 0.98338}
{"epoch": 62, "time_epoch": 81.6795, "eta": 3165.20835, "eta_hours": 0.87922, "loss": 0.05414796, "lr": 3.455e-05, "params": 558625, "time_iter": 0.07938, "accuracy": 0.98161, "precision": 0.82896, "recall": 0.64123, "f1": 0.72311, "auc": 0.98336}
{"epoch": 63, "time_epoch": 83.80805, "eta": 3078.68449, "eta_hours": 0.85519, "loss": 0.05140461, "lr": 3.299e-05, "params": 558625, "time_iter": 0.08145, "accuracy": 0.98246, "precision": 0.83728, "recall": 0.6599, "f1": 0.73808, "auc": 0.98528}
{"epoch": 64, "time_epoch": 82.29951, "eta": 2991.4319, "eta_hours": 0.83095, "loss": 0.05095209, "lr": 3.144e-05, "params": 558625, "time_iter": 0.07998, "accuracy": 0.98149, "precision": 0.81433, "recall": 0.65503, "f1": 0.72605, "auc": 0.98491}
{"epoch": 65, "time_epoch": 83.53036, "eta": 2904.96347, "eta_hours": 0.80693, "loss": 0.05117811, "lr": 2.992e-05, "params": 558625, "time_iter": 0.08118, "accuracy": 0.98295, "precision": 0.84839, "recall": 0.66315, "f1": 0.74442, "auc": 0.98388}
{"epoch": 66, "time_epoch": 82.63898, "eta": 2818.14371, "eta_hours": 0.78282, "loss": 0.05095686, "lr": 2.841e-05, "params": 558625, "time_iter": 0.08031, "accuracy": 0.98295, "precision": 0.8441, "recall": 0.66802, "f1": 0.74581, "auc": 0.98435}
{"epoch": 67, "time_epoch": 82.31763, "eta": 2731.29569, "eta_hours": 0.75869, "loss": 0.05106068, "lr": 2.693e-05, "params": 558625, "time_iter": 0.08, "accuracy": 0.98243, "precision": 0.83781, "recall": 0.65828, "f1": 0.73727, "auc": 0.98574}
{"epoch": 68, "time_epoch": 83.01381, "eta": 2644.89176, "eta_hours": 0.73469, "loss": 0.0492966, "lr": 2.548e-05, "params": 558625, "time_iter": 0.08067, "accuracy": 0.9834, "precision": 0.85655, "recall": 0.66883, "f1": 0.75114, "auc": 0.98569}
{"epoch": 69, "time_epoch": 82.16101, "eta": 2558.21921, "eta_hours": 0.71062, "loss": 0.04909098, "lr": 2.405e-05, "params": 558625, "time_iter": 0.07985, "accuracy": 0.98347, "precision": 0.85318, "recall": 0.67451, "f1": 0.7534, "auc": 0.98577}
{"epoch": 70, "time_epoch": 83.58162, "eta": 2472.254, "eta_hours": 0.68674, "loss": 0.0496449, "lr": 2.265e-05, "params": 558625, "time_iter": 0.08123, "accuracy": 0.9831, "precision": 0.83532, "recall": 0.68344, "f1": 0.75179, "auc": 0.98662}
{"epoch": 71, "time_epoch": 82.6019, "eta": 2385.97399, "eta_hours": 0.66277, "loss": 0.04740358, "lr": 2.128e-05, "params": 558625, "time_iter": 0.08027, "accuracy": 0.9838, "precision": 0.84776, "recall": 0.69156, "f1": 0.76173, "auc": 0.98774}
{"epoch": 72, "time_epoch": 82.62514, "eta": 2299.80335, "eta_hours": 0.63883, "loss": 0.04713814, "lr": 1.995e-05, "params": 558625, "time_iter": 0.0803, "accuracy": 0.98325, "precision": 0.83813, "recall": 0.68506, "f1": 0.75391, "auc": 0.98772}
{"epoch": 73, "time_epoch": 82.87117, "eta": 2213.81497, "eta_hours": 0.61495, "loss": 0.04962251, "lr": 1.864e-05, "params": 558625, "time_iter": 0.08054, "accuracy": 0.98377, "precision": 0.85253, "recall": 0.68506, "f1": 0.75968, "auc": 0.98641}
{"epoch": 74, "time_epoch": 82.75644, "eta": 2127.87148, "eta_hours": 0.59108, "loss": 0.04635497, "lr": 1.737e-05, "params": 558625, "time_iter": 0.08042, "accuracy": 0.98453, "precision": 0.85686, "recall": 0.70455, "f1": 0.77327, "auc": 0.98752}
{"epoch": 75, "time_epoch": 83.93882, "eta": 2042.38524, "eta_hours": 0.56733, "loss": 0.04820809, "lr": 1.614e-05, "params": 558625, "time_iter": 0.08157, "accuracy": 0.9838, "precision": 0.85196, "recall": 0.68669, "f1": 0.76045, "auc": 0.9868}
{"epoch": 76, "time_epoch": 82.50961, "eta": 1956.51228, "eta_hours": 0.54348, "loss": 0.0462269, "lr": 1.494e-05, "params": 558625, "time_iter": 0.08018, "accuracy": 0.98438, "precision": 0.8641, "recall": 0.69156, "f1": 0.76826, "auc": 0.98755}
{"epoch": 77, "time_epoch": 84.43713, "eta": 1871.26923, "eta_hours": 0.5198, "loss": 0.04385423, "lr": 1.378e-05, "params": 558625, "time_iter": 0.08206, "accuracy": 0.98468, "precision": 0.85616, "recall": 0.71023, "f1": 0.7764, "auc": 0.98867}
{"epoch": 78, "time_epoch": 84.37123, "eta": 1786.02906, "eta_hours": 0.49612, "loss": 0.04377995, "lr": 1.266e-05, "params": 558625, "time_iter": 0.08199, "accuracy": 0.98462, "precision": 0.85519, "recall": 0.70942, "f1": 0.77551, "auc": 0.98958}
{"epoch": 79, "time_epoch": 84.5326, "eta": 1700.85096, "eta_hours": 0.47246, "loss": 0.04537865, "lr": 1.158e-05, "params": 558625, "time_iter": 0.08215, "accuracy": 0.98444, "precision": 0.85019, "recall": 0.70942, "f1": 0.77345, "auc": 0.9879}
{"epoch": 80, "time_epoch": 82.9687, "eta": 1615.32195, "eta_hours": 0.4487, "loss": 0.0425629, "lr": 1.054e-05, "params": 558625, "time_iter": 0.08063, "accuracy": 0.98584, "precision": 0.87329, "recall": 0.72727, "f1": 0.79362, "auc": 0.98989}
{"epoch": 81, "time_epoch": 81.31988, "eta": 1529.49346, "eta_hours": 0.42486, "loss": 0.04390687, "lr": 9.55e-06, "params": 558625, "time_iter": 0.07903, "accuracy": 0.98499, "precision": 0.86106, "recall": 0.71429, "f1": 0.78083, "auc": 0.98926}
{"epoch": 82, "time_epoch": 80.62364, "eta": 1443.631, "eta_hours": 0.40101, "loss": 0.04555288, "lr": 8.6e-06, "params": 558625, "time_iter": 0.07835, "accuracy": 0.98447, "precision": 0.86086, "recall": 0.69805, "f1": 0.77095, "auc": 0.9893}
{"epoch": 83, "time_epoch": 81.2458, "eta": 1358.01178, "eta_hours": 0.37723, "loss": 0.04313408, "lr": 7.7e-06, "params": 558625, "time_iter": 0.07896, "accuracy": 0.98471, "precision": 0.86125, "recall": 0.70536, "f1": 0.77555, "auc": 0.99022}
{"epoch": 84, "time_epoch": 80.47466, "eta": 1272.35938, "eta_hours": 0.35343, "loss": 0.04333728, "lr": 6.84e-06, "params": 558625, "time_iter": 0.07821, "accuracy": 0.98571, "precision": 0.8699, "recall": 0.72727, "f1": 0.79222, "auc": 0.98999}
{"epoch": 85, "time_epoch": 80.71443, "eta": 1186.86643, "eta_hours": 0.32969, "loss": 0.04206357, "lr": 6.03e-06, "params": 558625, "time_iter": 0.07844, "accuracy": 0.98538, "precision": 0.86002, "recall": 0.72808, "f1": 0.78857, "auc": 0.99101}
{"epoch": 86, "time_epoch": 81.16415, "eta": 1101.55053, "eta_hours": 0.30599, "loss": 0.04235827, "lr": 5.26e-06, "params": 558625, "time_iter": 0.07888, "accuracy": 0.98553, "precision": 0.87725, "recall": 0.71347, "f1": 0.78693, "auc": 0.99134}
{"epoch": 87, "time_epoch": 80.91106, "eta": 1016.29447, "eta_hours": 0.2823, "loss": 0.04200715, "lr": 4.55e-06, "params": 558625, "time_iter": 0.07863, "accuracy": 0.98502, "precision": 0.8619, "recall": 0.71429, "f1": 0.78118, "auc": 0.99093}
{"epoch": 88, "time_epoch": 80.74418, "eta": 931.11543, "eta_hours": 0.25864, "loss": 0.04222039, "lr": 3.89e-06, "params": 558625, "time_iter": 0.07847, "accuracy": 0.98538, "precision": 0.86071, "recall": 0.72727, "f1": 0.78839, "auc": 0.99079}
{"epoch": 89, "time_epoch": 81.06805, "eta": 846.07093, "eta_hours": 0.23502, "loss": 0.04202399, "lr": 3.27e-06, "params": 558625, "time_iter": 0.07878, "accuracy": 0.98568, "precision": 0.87195, "recall": 0.72403, "f1": 0.79113, "auc": 0.99039}
{"epoch": 90, "time_epoch": 89.03227, "eta": 761.90149, "eta_hours": 0.21164, "loss": 0.04144679, "lr": 2.71e-06, "params": 558625, "time_iter": 0.08652, "accuracy": 0.98629, "precision": 0.88397, "recall": 0.72971, "f1": 0.79947, "auc": 0.99048}
{"epoch": 91, "time_epoch": 100.17523, "eta": 678.59529, "eta_hours": 0.1885, "loss": 0.04122803, "lr": 2.2e-06, "params": 558625, "time_iter": 0.09735, "accuracy": 0.98629, "precision": 0.87226, "recall": 0.74269, "f1": 0.80228, "auc": 0.99074}
{"epoch": 92, "time_epoch": 100.02529, "eta": 594.91503, "eta_hours": 0.16525, "loss": 0.04164327, "lr": 1.74e-06, "params": 558625, "time_iter": 0.09721, "accuracy": 0.98562, "precision": 0.87389, "recall": 0.71997, "f1": 0.7895, "auc": 0.99135}
{"epoch": 93, "time_epoch": 102.93954, "eta": 511.07302, "eta_hours": 0.14196, "loss": 0.04083355, "lr": 1.33e-06, "params": 558625, "time_iter": 0.10004, "accuracy": 0.98581, "precision": 0.86187, "recall": 0.73945, "f1": 0.79598, "auc": 0.99132}
{"epoch": 94, "time_epoch": 100.8978, "eta": 426.7215, "eta_hours": 0.11853, "loss": 0.04099228, "lr": 9.8e-07, "params": 558625, "time_iter": 0.09805, "accuracy": 0.98605, "precision": 0.86635, "recall": 0.74188, "f1": 0.7993, "auc": 0.99099}
{"epoch": 95, "time_epoch": 101.72375, "eta": 342.05968, "eta_hours": 0.09502, "loss": 0.04243657, "lr": 6.8e-07, "params": 558625, "time_iter": 0.09886, "accuracy": 0.98571, "precision": 0.86776, "recall": 0.72971, "f1": 0.79277, "auc": 0.99141}
{"epoch": 96, "time_epoch": 101.09496, "eta": 257.02662, "eta_hours": 0.0714, "loss": 0.04140089, "lr": 4.4e-07, "params": 558625, "time_iter": 0.09825, "accuracy": 0.98602, "precision": 0.86622, "recall": 0.74107, "f1": 0.79878, "auc": 0.99104}
{"epoch": 97, "time_epoch": 101.2931, "eta": 171.6698, "eta_hours": 0.04769, "loss": 0.04150096, "lr": 2.5e-07, "params": 558625, "time_iter": 0.09844, "accuracy": 0.98635, "precision": 0.88496, "recall": 0.73052, "f1": 0.80036, "auc": 0.9906}
{"epoch": 98, "time_epoch": 101.87682, "eta": 85.99694, "eta_hours": 0.02389, "loss": 0.04184672, "lr": 1.1e-07, "params": 558625, "time_iter": 0.09901, "accuracy": 0.98578, "precision": 0.87305, "recall": 0.72565, "f1": 0.79255, "auc": 0.99006}
{"epoch": 99, "time_epoch": 101.98314, "eta": 0.0, "eta_hours": 0.0, "loss": 0.04131146, "lr": 3e-08, "params": 558625, "time_iter": 0.09911, "accuracy": 0.98526, "precision": 0.86582, "recall": 0.71753, "f1": 0.78473, "auc": 0.991}
