{"epoch": 0, "time_epoch": 202.3633, "eta": 20033.96626, "eta_hours": 5.56499, "loss": 0.70108389, "lr": 0.0, "params": 9744496, "time_iter": 0.29542, "accuracy": 0.48519, "ap": 0.02078, "auc": 0.50214}
{"epoch": 1, "time_epoch": 171.28025, "eta": 18308.53353, "eta_hours": 5.0857, "loss": 0.34397219, "lr": 0.0001, "params": 9744496, "time_iter": 0.25004, "accuracy": 0.91498, "ap": 0.02992, "auc": 0.54344}
{"epoch": 2, "time_epoch": 169.45174, "eta": 17560.08066, "eta_hours": 4.8778, "loss": 0.06755291, "lr": 0.0002, "params": 9744496, "time_iter": 0.24737, "accuracy": 0.97975, "ap": 0.04334, "auc": 0.62807}
{"epoch": 3, "time_epoch": 169.69123, "eta": 17106.87611, "eta_hours": 4.75191, "loss": 0.04841151, "lr": 0.0003, "params": 9744496, "time_iter": 0.24772, "accuracy": 0.98115, "ap": 0.08282, "auc": 0.74137}
{"epoch": 4, "time_epoch": 170.42321, "eta": 16780.98452, "eta_hours": 4.66138, "loss": 0.04480247, "lr": 0.0004, "params": 9744496, "time_iter": 0.24879, "accuracy": 0.98206, "ap": 0.11171, "auc": 0.79972}
{"epoch": 5, "time_epoch": 169.78137, "eta": 16496.86031, "eta_hours": 4.58246, "loss": 0.04282198, "lr": 0.0005, "params": 9744496, "time_iter": 0.24786, "accuracy": 0.98275, "ap": 0.13776, "auc": 0.82591}
{"epoch": 6, "time_epoch": 171.79912, "eta": 16272.21277, "eta_hours": 4.52006, "loss": 0.04119275, "lr": 0.00049986, "params": 9744496, "time_iter": 0.2508, "accuracy": 0.98319, "ap": 0.15928, "auc": 0.84682}
{"epoch": 7, "time_epoch": 170.93897, "eta": 16050.88558, "eta_hours": 4.45858, "loss": 0.04000267, "lr": 0.00049945, "params": 9744496, "time_iter": 0.24955, "accuracy": 0.98363, "ap": 0.17827, "auc": 0.85787}
{"epoch": 8, "time_epoch": 169.57254, "eta": 15826.9396, "eta_hours": 4.39637, "loss": 0.03904314, "lr": 0.00049877, "params": 9744496, "time_iter": 0.24755, "accuracy": 0.984, "ap": 0.19477, "auc": 0.86554}
{"epoch": 9, "time_epoch": 170.11963, "eta": 15618.79211, "eta_hours": 4.33855, "loss": 0.03818337, "lr": 0.00049782, "params": 9744496, "time_iter": 0.24835, "accuracy": 0.98435, "ap": 0.21258, "auc": 0.8741}
{"epoch": 10, "time_epoch": 168.235, "eta": 15402.31043, "eta_hours": 4.27842, "loss": 0.0375303, "lr": 0.00049659, "params": 9744496, "time_iter": 0.2456, "accuracy": 0.98456, "ap": 0.22382, "auc": 0.87842}
{"epoch": 11, "time_epoch": 169.1919, "eta": 15200.88717, "eta_hours": 4.22247, "loss": 0.0367569, "lr": 0.00049509, "params": 9744496, "time_iter": 0.247, "accuracy": 0.98483, "ap": 0.24086, "auc": 0.88352}
{"epoch": 12, "time_epoch": 170.23685, "eta": 15011.41567, "eta_hours": 4.16984, "loss": 0.03603919, "lr": 0.00049333, "params": 9744496, "time_iter": 0.24852, "accuracy": 0.98511, "ap": 0.25372, "auc": 0.88922}
{"epoch": 13, "time_epoch": 169.9532, "eta": 14822.94956, "eta_hours": 4.11749, "loss": 0.03541572, "lr": 0.0004913, "params": 9744496, "time_iter": 0.24811, "accuracy": 0.98533, "ap": 0.27012, "auc": 0.89342}
{"epoch": 14, "time_epoch": 169.48892, "eta": 14634.32093, "eta_hours": 4.06509, "loss": 0.03494145, "lr": 0.00048901, "params": 9744496, "time_iter": 0.24743, "accuracy": 0.98558, "ap": 0.27983, "auc": 0.89718}
{"epoch": 15, "time_epoch": 171.29684, "eta": 14457.57634, "eta_hours": 4.01599, "loss": 0.03432222, "lr": 0.00048645, "params": 9744496, "time_iter": 0.25007, "accuracy": 0.98578, "ap": 0.29246, "auc": 0.90072}
{"epoch": 16, "time_epoch": 169.57087, "eta": 14273.04587, "eta_hours": 3.96473, "loss": 0.03384345, "lr": 0.00048364, "params": 9744496, "time_iter": 0.24755, "accuracy": 0.98598, "ap": 0.30348, "auc": 0.90381}
{"epoch": 17, "time_epoch": 171.27661, "eta": 14097.94817, "eta_hours": 3.9161, "loss": 0.03333645, "lr": 0.00048057, "params": 9744496, "time_iter": 0.25004, "accuracy": 0.98615, "ap": 0.31719, "auc": 0.90779}
{"epoch": 18, "time_epoch": 170.89742, "eta": 13921.63615, "eta_hours": 3.86712, "loss": 0.0328966, "lr": 0.00047725, "params": 9744496, "time_iter": 0.24949, "accuracy": 0.98634, "ap": 0.32321, "auc": 0.91028}
{"epoch": 19, "time_epoch": 169.66611, "eta": 13740.94034, "eta_hours": 3.81693, "loss": 0.03247275, "lr": 0.00047368, "params": 9744496, "time_iter": 0.24769, "accuracy": 0.98651, "ap": 0.33654, "auc": 0.91352}
{"epoch": 20, "time_epoch": 171.79427, "eta": 13569.30091, "eta_hours": 3.76925, "loss": 0.03207124, "lr": 0.00046987, "params": 9744496, "time_iter": 0.25079, "accuracy": 0.98666, "ap": 0.34783, "auc": 0.91646}
{"epoch": 21, "time_epoch": 171.04484, "eta": 13394.99032, "eta_hours": 3.72083, "loss": 0.03175301, "lr": 0.00046581, "params": 9744496, "time_iter": 0.2497, "accuracy": 0.98681, "ap": 0.35419, "auc": 0.91804}
{"epoch": 22, "time_epoch": 170.69422, "eta": 13219.7899, "eta_hours": 3.67216, "loss": 0.03141088, "lr": 0.00046152, "params": 9744496, "time_iter": 0.24919, "accuracy": 0.98692, "ap": 0.36141, "auc": 0.92139}
{"epoch": 23, "time_epoch": 172.27837, "eta": 13049.98147, "eta_hours": 3.62499, "loss": 0.03096117, "lr": 0.000457, "params": 9744496, "time_iter": 0.2515, "accuracy": 0.98708, "ap": 0.37768, "auc": 0.92418}
{"epoch": 24, "time_epoch": 170.16368, "eta": 12873.63138, "eta_hours": 3.57601, "loss": 0.03062797, "lr": 0.00045225, "params": 9744496, "time_iter": 0.24841, "accuracy": 0.98725, "ap": 0.38359, "auc": 0.92606}
{"epoch": 25, "time_epoch": 170.96591, "eta": 12700.04044, "eta_hours": 3.52779, "loss": 0.03031071, "lr": 0.00044729, "params": 9744496, "time_iter": 0.24959, "accuracy": 0.98744, "ap": 0.39224, "auc": 0.92755}
{"epoch": 26, "time_epoch": 171.1025, "eta": 12527.01325, "eta_hours": 3.47973, "loss": 0.03004922, "lr": 0.0004421, "params": 9744496, "time_iter": 0.24978, "accuracy": 0.98751, "ap": 0.39931, "auc": 0.92951}
{"epoch": 27, "time_epoch": 169.89088, "eta": 12351.00794, "eta_hours": 3.43084, "loss": 0.02975134, "lr": 0.00043671, "params": 9744496, "time_iter": 0.24802, "accuracy": 0.98759, "ap": 0.40703, "auc": 0.93165}
{"epoch": 28, "time_epoch": 171.32987, "eta": 12178.94736, "eta_hours": 3.38304, "loss": 0.02945321, "lr": 0.00043111, "params": 9744496, "time_iter": 0.25012, "accuracy": 0.98778, "ap": 0.41375, "auc": 0.9331}
{"epoch": 29, "time_epoch": 170.44856, "eta": 12004.87911, "eta_hours": 3.33469, "loss": 0.02919346, "lr": 0.00042531, "params": 9744496, "time_iter": 0.24883, "accuracy": 0.98782, "ap": 0.42254, "auc": 0.93601}
{"epoch": 30, "time_epoch": 169.27173, "eta": 11828.42497, "eta_hours": 3.28567, "loss": 0.02889636, "lr": 0.00041932, "params": 9744496, "time_iter": 0.24711, "accuracy": 0.98792, "ap": 0.42965, "auc": 0.93677}
{"epoch": 31, "time_epoch": 172.34492, "eta": 11658.95028, "eta_hours": 3.2386, "loss": 0.02864521, "lr": 0.00041315, "params": 9744496, "time_iter": 0.2516, "accuracy": 0.98809, "ap": 0.43406, "auc": 0.93888}
{"epoch": 32, "time_epoch": 170.02398, "eta": 11484.58942, "eta_hours": 3.19016, "loss": 0.02838889, "lr": 0.00040679, "params": 9744496, "time_iter": 0.24821, "accuracy": 0.9882, "ap": 0.44308, "auc": 0.94045}
{"epoch": 33, "time_epoch": 171.44736, "eta": 11313.2467, "eta_hours": 3.14257, "loss": 0.02814182, "lr": 0.00040027, "params": 9744496, "time_iter": 0.25029, "accuracy": 0.9883, "ap": 0.44683, "auc": 0.94132}
{"epoch": 34, "time_epoch": 171.99362, "eta": 11142.91248, "eta_hours": 3.09525, "loss": 0.02789385, "lr": 0.00039358, "params": 9744496, "time_iter": 0.25109, "accuracy": 0.98842, "ap": 0.45386, "auc": 0.94325}
{"epoch": 35, "time_epoch": 170.74572, "eta": 10970.26759, "eta_hours": 3.0473, "loss": 0.02764469, "lr": 0.00038674, "params": 9744496, "time_iter": 0.24926, "accuracy": 0.98853, "ap": 0.46342, "auc": 0.94529}
{"epoch": 36, "time_epoch": 172.31307, "eta": 10800.39408, "eta_hours": 3.00011, "loss": 0.02740234, "lr": 0.00037974, "params": 9744496, "time_iter": 0.25155, "accuracy": 0.98864, "ap": 0.46755, "auc": 0.94681}
{"epoch": 37, "time_epoch": 170.41885, "eta": 10627.3016, "eta_hours": 2.95203, "loss": 0.02714013, "lr": 0.00037261, "params": 9744496, "time_iter": 0.24879, "accuracy": 0.98879, "ap": 0.47512, "auc": 0.94801}
{"epoch": 38, "time_epoch": 170.17098, "eta": 10453.95855, "eta_hours": 2.90388, "loss": 0.02692311, "lr": 0.00036534, "params": 9744496, "time_iter": 0.24842, "accuracy": 0.98879, "ap": 0.4813, "auc": 0.9491}
{"epoch": 39, "time_epoch": 171.97303, "eta": 10283.47717, "eta_hours": 2.85652, "loss": 0.02668077, "lr": 0.00035794, "params": 9744496, "time_iter": 0.25106, "accuracy": 0.98896, "ap": 0.48698, "auc": 0.95141}
{"epoch": 40, "time_epoch": 170.40339, "eta": 10110.66428, "eta_hours": 2.80852, "loss": 0.02643423, "lr": 0.00035042, "params": 9744496, "time_iter": 0.24876, "accuracy": 0.98901, "ap": 0.49589, "auc": 0.95217}
{"epoch": 41, "time_epoch": 172.97387, "eta": 9941.51584, "eta_hours": 2.76153, "loss": 0.0262233, "lr": 0.0003428, "params": 9744496, "time_iter": 0.25252, "accuracy": 0.98913, "ap": 0.50194, "auc": 0.95344}
{"epoch": 42, "time_epoch": 172.61987, "eta": 9771.72021, "eta_hours": 2.71437, "loss": 0.02599797, "lr": 0.00033507, "params": 9744496, "time_iter": 0.252, "accuracy": 0.98922, "ap": 0.50552, "auc": 0.95486}
{"epoch": 43, "time_epoch": 169.71777, "eta": 9598.10263, "eta_hours": 2.66614, "loss": 0.02580152, "lr": 0.00032725, "params": 9744496, "time_iter": 0.24776, "accuracy": 0.9893, "ap": 0.51048, "auc": 0.95566}
{"epoch": 44, "time_epoch": 171.26996, "eta": 9426.55548, "eta_hours": 2.61849, "loss": 0.02553891, "lr": 0.00031935, "params": 9744496, "time_iter": 0.25003, "accuracy": 0.98943, "ap": 0.51875, "auc": 0.9574}
{"epoch": 45, "time_epoch": 170.35669, "eta": 9253.9483, "eta_hours": 2.57054, "loss": 0.02532926, "lr": 0.00031137, "params": 9744496, "time_iter": 0.2487, "accuracy": 0.98956, "ap": 0.5252, "auc": 0.95859}
{"epoch": 46, "time_epoch": 170.50051, "eta": 9081.59906, "eta_hours": 2.52267, "loss": 0.02512067, "lr": 0.00030332, "params": 9744496, "time_iter": 0.24891, "accuracy": 0.98957, "ap": 0.53103, "auc": 0.95924}
{"epoch": 47, "time_epoch": 171.41997, "eta": 8910.32293, "eta_hours": 2.47509, "loss": 0.02492371, "lr": 0.00029522, "params": 9744496, "time_iter": 0.25025, "accuracy": 0.98961, "ap": 0.53796, "auc": 0.96034}
{"epoch": 48, "time_epoch": 170.74654, "eta": 8738.34001, "eta_hours": 2.42732, "loss": 0.02469203, "lr": 0.00028707, "params": 9744496, "time_iter": 0.24927, "accuracy": 0.98988, "ap": 0.54286, "auc": 0.96158}
{"epoch": 49, "time_epoch": 171.20335, "eta": 8566.86336, "eta_hours": 2.37968, "loss": 0.02448718, "lr": 0.00027887, "params": 9744496, "time_iter": 0.24993, "accuracy": 0.98984, "ap": 0.54902, "auc": 0.96283}
{"epoch": 50, "time_epoch": 171.49781, "eta": 8395.68035, "eta_hours": 2.33213, "loss": 0.02435318, "lr": 0.00027064, "params": 9744496, "time_iter": 0.25036, "accuracy": 0.98993, "ap": 0.5553, "auc": 0.96346}
{"epoch": 51, "time_epoch": 170.45134, "eta": 8223.51925, "eta_hours": 2.28431, "loss": 0.02407125, "lr": 0.0002624, "params": 9744496, "time_iter": 0.24883, "accuracy": 0.99002, "ap": 0.56064, "auc": 0.96423}
{"epoch": 52, "time_epoch": 171.76538, "eta": 8052.58795, "eta_hours": 2.23683, "loss": 0.02387989, "lr": 0.00025413, "params": 9744496, "time_iter": 0.25075, "accuracy": 0.99007, "ap": 0.56344, "auc": 0.96552}
{"epoch": 53, "time_epoch": 170.38938, "eta": 7880.45361, "eta_hours": 2.18901, "loss": 0.02371028, "lr": 0.00024587, "params": 9744496, "time_iter": 0.24874, "accuracy": 0.99021, "ap": 0.56954, "auc": 0.96647}
{"epoch": 54, "time_epoch": 170.38751, "eta": 7708.38119, "eta_hours": 2.14122, "loss": 0.02350442, "lr": 0.0002376, "params": 9744496, "time_iter": 0.24874, "accuracy": 0.99032, "ap": 0.57287, "auc": 0.96735}
{"epoch": 55, "time_epoch": 172.12543, "eta": 7537.73446, "eta_hours": 2.09382, "loss": 0.02333067, "lr": 0.00022936, "params": 9744496, "time_iter": 0.25128, "accuracy": 0.99035, "ap": 0.58007, "auc": 0.96838}
{"epoch": 56, "time_epoch": 169.7353, "eta": 7365.23277, "eta_hours": 2.0459, "loss": 0.02313437, "lr": 0.00022113, "params": 9744496, "time_iter": 0.24779, "accuracy": 0.99045, "ap": 0.58415, "auc": 0.96906}
{"epoch": 57, "time_epoch": 169.61644, "eta": 7192.74039, "eta_hours": 1.99798, "loss": 0.02292005, "lr": 0.00021293, "params": 9744496, "time_iter": 0.24762, "accuracy": 0.99055, "ap": 0.59216, "auc": 0.96982}
{"epoch": 58, "time_epoch": 171.60973, "eta": 7021.73067, "eta_hours": 1.95048, "loss": 0.02277948, "lr": 0.00020478, "params": 9744496, "time_iter": 0.25053, "accuracy": 0.99057, "ap": 0.59467, "auc": 0.97036}
{"epoch": 59, "time_epoch": 170.34633, "eta": 6849.85868, "eta_hours": 1.90274, "loss": 0.02257349, "lr": 0.00019668, "params": 9744496, "time_iter": 0.24868, "accuracy": 0.99063, "ap": 0.59872, "auc": 0.9712}
{"epoch": 60, "time_epoch": 173.75643, "eta": 6680.21695, "eta_hours": 1.85562, "loss": 0.02238098, "lr": 0.00018863, "params": 9744496, "time_iter": 0.25366, "accuracy": 0.99074, "ap": 0.60528, "auc": 0.97222}
{"epoch": 61, "time_epoch": 172.32377, "eta": 6509.5644, "eta_hours": 1.80821, "loss": 0.02223164, "lr": 0.00018065, "params": 9744496, "time_iter": 0.25157, "accuracy": 0.99089, "ap": 0.60827, "auc": 0.97277}
{"epoch": 62, "time_epoch": 169.682, "eta": 6337.30728, "eta_hours": 1.76036, "loss": 0.02206638, "lr": 0.00017275, "params": 9744496, "time_iter": 0.24771, "accuracy": 0.99087, "ap": 0.61215, "auc": 0.97332}
{"epoch": 63, "time_epoch": 170.73023, "eta": 6165.72026, "eta_hours": 1.7127, "loss": 0.02191625, "lr": 0.00016493, "params": 9744496, "time_iter": 0.24924, "accuracy": 0.99099, "ap": 0.61911, "auc": 0.9739}
{"epoch": 64, "time_epoch": 169.80047, "eta": 5993.65896, "eta_hours": 1.66491, "loss": 0.02173998, "lr": 0.0001572, "params": 9744496, "time_iter": 0.24788, "accuracy": 0.99102, "ap": 0.62078, "auc": 0.97496}
{"epoch": 65, "time_epoch": 169.76613, "eta": 5821.64848, "eta_hours": 1.61712, "loss": 0.02158458, "lr": 0.00014958, "params": 9744496, "time_iter": 0.24783, "accuracy": 0.99105, "ap": 0.62462, "auc": 0.97529}
{"epoch": 66, "time_epoch": 170.66029, "eta": 5650.14541, "eta_hours": 1.56948, "loss": 0.02141743, "lr": 0.00014206, "params": 9744496, "time_iter": 0.24914, "accuracy": 0.99115, "ap": 0.6314, "auc": 0.97572}
{"epoch": 67, "time_epoch": 170.13142, "eta": 5478.41824, "eta_hours": 1.52178, "loss": 0.02126844, "lr": 0.00013466, "params": 9744496, "time_iter": 0.24837, "accuracy": 0.99117, "ap": 0.63533, "auc": 0.97637}
{"epoch": 68, "time_epoch": 171.68459, "eta": 5307.43513, "eta_hours": 1.47429, "loss": 0.02113406, "lr": 0.00012739, "params": 9744496, "time_iter": 0.25063, "accuracy": 0.99127, "ap": 0.63678, "auc": 0.97689}
{"epoch": 69, "time_epoch": 172.08758, "eta": 5136.60469, "eta_hours": 1.42683, "loss": 0.02094446, "lr": 0.00012026, "params": 9744496, "time_iter": 0.25122, "accuracy": 0.99128, "ap": 0.64158, "auc": 0.97725}
{"epoch": 70, "time_epoch": 170.26987, "eta": 4964.99639, "eta_hours": 1.37917, "loss": 0.02086331, "lr": 0.00011326, "params": 9744496, "time_iter": 0.24857, "accuracy": 0.99142, "ap": 0.64246, "auc": 0.97779}
{"epoch": 71, "time_epoch": 172.16736, "eta": 4794.16318, "eta_hours": 1.33171, "loss": 0.02074491, "lr": 0.00010642, "params": 9744496, "time_iter": 0.25134, "accuracy": 0.99145, "ap": 0.6475, "auc": 0.97805}
{"epoch": 72, "time_epoch": 170.23797, "eta": 4622.5798, "eta_hours": 1.28405, "loss": 0.02059759, "lr": 9.973e-05, "params": 9744496, "time_iter": 0.24852, "accuracy": 0.9915, "ap": 0.65201, "auc": 0.97862}
{"epoch": 73, "time_epoch": 170.58536, "eta": 4451.15485, "eta_hours": 1.23643, "loss": 0.02042389, "lr": 9.321e-05, "params": 9744496, "time_iter": 0.24903, "accuracy": 0.99159, "ap": 0.65676, "auc": 0.97912}
{"epoch": 74, "time_epoch": 172.40416, "eta": 4280.35855, "eta_hours": 1.18899, "loss": 0.02033946, "lr": 8.685e-05, "params": 9744496, "time_iter": 0.25168, "accuracy": 0.99159, "ap": 0.6608, "auc": 0.97931}
{"epoch": 75, "time_epoch": 170.9429, "eta": 4109.05849, "eta_hours": 1.14141, "loss": 0.02021828, "lr": 8.068e-05, "params": 9744496, "time_iter": 0.24955, "accuracy": 0.99173, "ap": 0.66223, "auc": 0.97963}
{"epoch": 76, "time_epoch": 171.58533, "eta": 3937.9596, "eta_hours": 1.09388, "loss": 0.02011104, "lr": 7.469e-05, "params": 9744496, "time_iter": 0.25049, "accuracy": 0.99181, "ap": 0.66697, "auc": 0.98013}
{"epoch": 77, "time_epoch": 172.22982, "eta": 3767.03002, "eta_hours": 1.0464, "loss": 0.02000943, "lr": 6.889e-05, "params": 9744496, "time_iter": 0.25143, "accuracy": 0.99175, "ap": 0.66752, "auc": 0.98026}
{"epoch": 78, "time_epoch": 170.23079, "eta": 3595.53613, "eta_hours": 0.99876, "loss": 0.01989419, "lr": 6.329e-05, "params": 9744496, "time_iter": 0.24851, "accuracy": 0.99186, "ap": 0.66988, "auc": 0.98055}
{"epoch": 79, "time_epoch": 172.3987, "eta": 3424.6158, "eta_hours": 0.95128, "loss": 0.01979601, "lr": 5.79e-05, "params": 9744496, "time_iter": 0.25168, "accuracy": 0.99185, "ap": 0.67378, "auc": 0.98075}
{"epoch": 80, "time_epoch": 170.46684, "eta": 3253.20581, "eta_hours": 0.90367, "loss": 0.01973372, "lr": 5.271e-05, "params": 9744496, "time_iter": 0.24886, "accuracy": 0.99185, "ap": 0.6742, "auc": 0.98093}
{"epoch": 81, "time_epoch": 169.37693, "eta": 3081.57958, "eta_hours": 0.85599, "loss": 0.01962792, "lr": 4.775e-05, "params": 9744496, "time_iter": 0.24727, "accuracy": 0.99193, "ap": 0.67758, "auc": 0.98137}
{"epoch": 82, "time_epoch": 171.46242, "eta": 2910.43469, "eta_hours": 0.80845, "loss": 0.01957228, "lr": 4.3e-05, "params": 9744496, "time_iter": 0.25031, "accuracy": 0.99191, "ap": 0.67709, "auc": 0.98146}
{"epoch": 83, "time_epoch": 170.31606, "eta": 2739.06389, "eta_hours": 0.76085, "loss": 0.01952148, "lr": 3.848e-05, "params": 9744496, "time_iter": 0.24864, "accuracy": 0.99194, "ap": 0.67963, "auc": 0.98195}
{"epoch": 84, "time_epoch": 171.76332, "eta": 2567.97331, "eta_hours": 0.71333, "loss": 0.01943905, "lr": 3.419e-05, "params": 9744496, "time_iter": 0.25075, "accuracy": 0.9919, "ap": 0.68309, "auc": 0.98191}
{"epoch": 85, "time_epoch": 172.22582, "eta": 2396.94237, "eta_hours": 0.66582, "loss": 0.01938511, "lr": 3.013e-05, "params": 9744496, "time_iter": 0.25142, "accuracy": 0.99203, "ap": 0.68471, "auc": 0.98217}
{"epoch": 86, "time_epoch": 171.26268, "eta": 2225.74005, "eta_hours": 0.61826, "loss": 0.019311, "lr": 2.632e-05, "params": 9744496, "time_iter": 0.25002, "accuracy": 0.99208, "ap": 0.68728, "auc": 0.98245}
{"epoch": 87, "time_epoch": 172.52846, "eta": 2054.70896, "eta_hours": 0.57075, "loss": 0.01925478, "lr": 2.275e-05, "params": 9744496, "time_iter": 0.25187, "accuracy": 0.99208, "ap": 0.68522, "auc": 0.98243}
{"epoch": 88, "time_epoch": 170.48749, "eta": 1883.39197, "eta_hours": 0.52316, "loss": 0.01924355, "lr": 1.943e-05, "params": 9744496, "time_iter": 0.24889, "accuracy": 0.9921, "ap": 0.68599, "auc": 0.98238}
{"epoch": 89, "time_epoch": 170.73823, "eta": 1712.12127, "eta_hours": 0.47559, "loss": 0.01918882, "lr": 1.636e-05, "params": 9744496, "time_iter": 0.24925, "accuracy": 0.99211, "ap": 0.6899, "auc": 0.98263}
{"epoch": 90, "time_epoch": 172.25697, "eta": 1541.01248, "eta_hours": 0.42806, "loss": 0.01910619, "lr": 1.355e-05, "params": 9744496, "time_iter": 0.25147, "accuracy": 0.99213, "ap": 0.69074, "auc": 0.98292}
{"epoch": 91, "time_epoch": 170.13452, "eta": 1369.69417, "eta_hours": 0.38047, "loss": 0.01910661, "lr": 1.099e-05, "params": 9744496, "time_iter": 0.24837, "accuracy": 0.99213, "ap": 0.693, "auc": 0.98294}
{"epoch": 92, "time_epoch": 171.47023, "eta": 1198.50185, "eta_hours": 0.33292, "loss": 0.01904025, "lr": 8.7e-06, "params": 9744496, "time_iter": 0.25032, "accuracy": 0.99217, "ap": 0.69128, "auc": 0.98305}
{"epoch": 93, "time_epoch": 171.44147, "eta": 1027.30178, "eta_hours": 0.28536, "loss": 0.01904751, "lr": 6.67e-06, "params": 9744496, "time_iter": 0.25028, "accuracy": 0.99212, "ap": 0.69124, "auc": 0.98313}
{"epoch": 94, "time_epoch": 170.02894, "eta": 856.02229, "eta_hours": 0.23778, "loss": 0.01905473, "lr": 4.91e-06, "params": 9744496, "time_iter": 0.24822, "accuracy": 0.9921, "ap": 0.69337, "auc": 0.98305}
{"epoch": 95, "time_epoch": 172.53277, "eta": 684.87318, "eta_hours": 0.19024, "loss": 0.01900759, "lr": 3.41e-06, "params": 9744496, "time_iter": 0.25187, "accuracy": 0.99222, "ap": 0.69122, "auc": 0.98311}
{"epoch": 96, "time_epoch": 172.47587, "eta": 513.69378, "eta_hours": 0.14269, "loss": 0.01896861, "lr": 2.18e-06, "params": 9744496, "time_iter": 0.25179, "accuracy": 0.99219, "ap": 0.69608, "auc": 0.98303}
{"epoch": 97, "time_epoch": 170.78569, "eta": 342.45343, "eta_hours": 0.09513, "loss": 0.01899658, "lr": 1.23e-06, "params": 9744496, "time_iter": 0.24932, "accuracy": 0.99225, "ap": 0.69161, "auc": 0.98291}
{"epoch": 98, "time_epoch": 171.58289, "eta": 171.23031, "eta_hours": 0.04756, "loss": 0.01898128, "lr": 5.5e-07, "params": 9744496, "time_iter": 0.25049, "accuracy": 0.99223, "ap": 0.69294, "auc": 0.98312}
{"epoch": 99, "time_epoch": 169.83494, "eta": 0.0, "eta_hours": 0.0, "loss": 0.01899001, "lr": 1.4e-07, "params": 9744496, "time_iter": 0.24793, "accuracy": 0.99222, "ap": 0.69354, "auc": 0.98302}
