{"epoch": 0, "time_epoch": 203.39396, "eta": 20136.0019, "eta_hours": 5.59333, "loss": 0.69660282, "lr": 0.0, "params": 9744496, "time_iter": 0.29693, "accuracy": 0.49975, "ap": 0.02018, "auc": 0.51235}
{"epoch": 1, "time_epoch": 171.95792, "eta": 18392.24181, "eta_hours": 5.10896, "loss": 0.34224861, "lr": 0.0001, "params": 9744496, "time_iter": 0.25103, "accuracy": 0.91705, "ap": 0.02951, "auc": 0.53898}
{"epoch": 2, "time_epoch": 169.63534, "eta": 17621.2533, "eta_hours": 4.89479, "loss": 0.06766419, "lr": 0.0002, "params": 9744496, "time_iter": 0.24764, "accuracy": 0.97978, "ap": 0.0436, "auc": 0.62504}
{"epoch": 3, "time_epoch": 169.89874, "eta": 17157.26288, "eta_hours": 4.76591, "loss": 0.04862919, "lr": 0.0003, "params": 9744496, "time_iter": 0.24803, "accuracy": 0.98116, "ap": 0.08225, "auc": 0.7369}
{"epoch": 4, "time_epoch": 171.36684, "eta": 16838.803, "eta_hours": 4.67745, "loss": 0.04499865, "lr": 0.0004, "params": 9744496, "time_iter": 0.25017, "accuracy": 0.98201, "ap": 0.11103, "auc": 0.79567}
{"epoch": 5, "time_epoch": 170.62736, "eta": 16557.78903, "eta_hours": 4.59939, "loss": 0.04287986, "lr": 0.0005, "params": 9744496, "time_iter": 0.24909, "accuracy": 0.98263, "ap": 0.13709, "auc": 0.82562}
{"epoch": 6, "time_epoch": 174.6671, "eta": 16361.98486, "eta_hours": 4.545, "loss": 0.04136458, "lr": 0.00049986, "params": 9744496, "time_iter": 0.25499, "accuracy": 0.98311, "ap": 0.15678, "auc": 0.84348}
{"epoch": 7, "time_epoch": 174.67943, "eta": 16171.60677, "eta_hours": 4.49211, "loss": 0.0401535, "lr": 0.00049945, "params": 9744496, "time_iter": 0.25501, "accuracy": 0.9836, "ap": 0.17447, "auc": 0.8562}
{"epoch": 8, "time_epoch": 173.19074, "eta": 15969.66493, "eta_hours": 4.43602, "loss": 0.03906647, "lr": 0.00049877, "params": 9744496, "time_iter": 0.25283, "accuracy": 0.98396, "ap": 0.19513, "auc": 0.86471}
{"epoch": 9, "time_epoch": 174.70752, "eta": 15787.12441, "eta_hours": 4.38531, "loss": 0.03813174, "lr": 0.00049782, "params": 9744496, "time_iter": 0.25505, "accuracy": 0.98426, "ap": 0.21253, "auc": 0.87296}
{"epoch": 10, "time_epoch": 172.70599, "eta": 15589.81386, "eta_hours": 4.3305, "loss": 0.03738122, "lr": 0.00049659, "params": 9744496, "time_iter": 0.25213, "accuracy": 0.98459, "ap": 0.22447, "auc": 0.87907}
{"epoch": 11, "time_epoch": 172.62734, "eta": 15396.0273, "eta_hours": 4.27667, "loss": 0.03669148, "lr": 0.00049509, "params": 9744496, "time_iter": 0.25201, "accuracy": 0.98478, "ap": 0.23837, "auc": 0.88355}
{"epoch": 12, "time_epoch": 174.51854, "eta": 15218.15248, "eta_hours": 4.22726, "loss": 0.03601281, "lr": 0.00049333, "params": 9744496, "time_iter": 0.25477, "accuracy": 0.98511, "ap": 0.2548, "auc": 0.88869}
{"epoch": 13, "time_epoch": 173.06682, "eta": 15031.83941, "eta_hours": 4.17551, "loss": 0.0354062, "lr": 0.0004913, "params": 9744496, "time_iter": 0.25265, "accuracy": 0.98542, "ap": 0.26808, "auc": 0.89357}
{"epoch": 14, "time_epoch": 167.86926, "eta": 14817.83968, "eta_hours": 4.11607, "loss": 0.03490632, "lr": 0.00048901, "params": 9744496, "time_iter": 0.24506, "accuracy": 0.98555, "ap": 0.27918, "auc": 0.89608}
{"epoch": 15, "time_epoch": 170.36215, "eta": 14622.69395, "eta_hours": 4.06186, "loss": 0.03430588, "lr": 0.00048645, "params": 9744496, "time_iter": 0.2487, "accuracy": 0.98576, "ap": 0.29248, "auc": 0.90016}
{"epoch": 16, "time_epoch": 170.25214, "eta": 14429.92681, "eta_hours": 4.00831, "loss": 0.03374439, "lr": 0.00048364, "params": 9744496, "time_iter": 0.24854, "accuracy": 0.98599, "ap": 0.30624, "auc": 0.904}
{"epoch": 17, "time_epoch": 170.21949, "eta": 14239.51258, "eta_hours": 3.95542, "loss": 0.03331626, "lr": 0.00048057, "params": 9744496, "time_iter": 0.2485, "accuracy": 0.98615, "ap": 0.31498, "auc": 0.9076}
{"epoch": 18, "time_epoch": 171.52953, "eta": 14056.80905, "eta_hours": 3.90467, "loss": 0.03297801, "lr": 0.00047725, "params": 9744496, "time_iter": 0.25041, "accuracy": 0.98615, "ap": 0.32346, "auc": 0.90945}
{"epoch": 19, "time_epoch": 169.65491, "eta": 13867.72444, "eta_hours": 3.85215, "loss": 0.0324551, "lr": 0.00047368, "params": 9744496, "time_iter": 0.24767, "accuracy": 0.98646, "ap": 0.33839, "auc": 0.91299}
{"epoch": 20, "time_epoch": 171.41832, "eta": 13687.12404, "eta_hours": 3.80198, "loss": 0.03204831, "lr": 0.00046987, "params": 9744496, "time_iter": 0.25025, "accuracy": 0.98669, "ap": 0.34917, "auc": 0.91632}
{"epoch": 21, "time_epoch": 169.31661, "eta": 13499.90685, "eta_hours": 3.74997, "loss": 0.03169756, "lr": 0.00046581, "params": 9744496, "time_iter": 0.24718, "accuracy": 0.98681, "ap": 0.35588, "auc": 0.9188}
{"epoch": 22, "time_epoch": 169.26072, "eta": 13314.05913, "eta_hours": 3.69835, "loss": 0.03275498, "lr": 0.00046152, "params": 9744496, "time_iter": 0.2471, "accuracy": 0.98626, "ap": 0.33307, "auc": 0.91328}
{"epoch": 23, "time_epoch": 170.99027, "eta": 13135.07057, "eta_hours": 3.64863, "loss": 0.03385783, "lr": 0.000457, "params": 9744496, "time_iter": 0.24962, "accuracy": 0.98582, "ap": 0.30853, "auc": 0.90809}
{"epoch": 24, "time_epoch": 169.16347, "eta": 12951.24149, "eta_hours": 3.59757, "loss": 0.03319555, "lr": 0.00045225, "params": 9744496, "time_iter": 0.24695, "accuracy": 0.98603, "ap": 0.32484, "auc": 0.91159}
{"epoch": 25, "time_epoch": 170.6109, "eta": 12772.66013, "eta_hours": 3.54796, "loss": 0.03217124, "lr": 0.00044729, "params": 9744496, "time_iter": 0.24907, "accuracy": 0.98641, "ap": 0.34978, "auc": 0.91799}
{"epoch": 26, "time_epoch": 170.71042, "eta": 12594.93825, "eta_hours": 3.49859, "loss": 0.03167994, "lr": 0.0004421, "params": 9744496, "time_iter": 0.24921, "accuracy": 0.98671, "ap": 0.3618, "auc": 0.92049}
{"epoch": 27, "time_epoch": 168.41419, "eta": 12411.81261, "eta_hours": 3.44773, "loss": 0.03124894, "lr": 0.00043671, "params": 9744496, "time_iter": 0.24586, "accuracy": 0.98692, "ap": 0.37368, "auc": 0.92385}
{"epoch": 28, "time_epoch": 170.48445, "eta": 12234.7701, "eta_hours": 3.39855, "loss": 0.03064823, "lr": 0.00043111, "params": 9744496, "time_iter": 0.24888, "accuracy": 0.98715, "ap": 0.38965, "auc": 0.92662}
{"epoch": 29, "time_epoch": 168.01245, "eta": 12052.3968, "eta_hours": 3.34789, "loss": 0.03031196, "lr": 0.00042531, "params": 9744496, "time_iter": 0.24527, "accuracy": 0.98731, "ap": 0.39662, "auc": 0.92928}
{"epoch": 30, "time_epoch": 168.04162, "eta": 11871.01494, "eta_hours": 3.2975, "loss": 0.02997879, "lr": 0.00041932, "params": 9744496, "time_iter": 0.24532, "accuracy": 0.98745, "ap": 0.40429, "auc": 0.93099}
{"epoch": 31, "time_epoch": 170.04208, "eta": 11694.7178, "eta_hours": 3.24853, "loss": 0.02970183, "lr": 0.00041315, "params": 9744496, "time_iter": 0.24824, "accuracy": 0.98758, "ap": 0.4132, "auc": 0.93301}
{"epoch": 32, "time_epoch": 169.19595, "eta": 11517.08188, "eta_hours": 3.19919, "loss": 0.02957716, "lr": 0.00040679, "params": 9744496, "time_iter": 0.247, "accuracy": 0.98758, "ap": 0.41511, "auc": 0.9339}
{"epoch": 33, "time_epoch": 173.53941, "eta": 11348.37384, "eta_hours": 3.15233, "loss": 0.02946281, "lr": 0.00040027, "params": 9744496, "time_iter": 0.25334, "accuracy": 0.98768, "ap": 0.41817, "auc": 0.93504}
{"epoch": 34, "time_epoch": 175.32803, "eta": 11182.71144, "eta_hours": 3.10631, "loss": 0.02921334, "lr": 0.00039358, "params": 9744496, "time_iter": 0.25595, "accuracy": 0.98777, "ap": 0.42784, "auc": 0.9368}
{"epoch": 35, "time_epoch": 174.09628, "eta": 11014.32229, "eta_hours": 3.05953, "loss": 0.0287438, "lr": 0.00038674, "params": 9744496, "time_iter": 0.25416, "accuracy": 0.98798, "ap": 0.43681, "auc": 0.93978}
{"epoch": 36, "time_epoch": 174.26284, "eta": 10845.90824, "eta_hours": 3.01275, "loss": 0.02846314, "lr": 0.00037974, "params": 9744496, "time_iter": 0.2544, "accuracy": 0.9881, "ap": 0.44407, "auc": 0.94085}
{"epoch": 37, "time_epoch": 173.51167, "eta": 10675.96077, "eta_hours": 2.96554, "loss": 0.02821081, "lr": 0.00037261, "params": 9744496, "time_iter": 0.2533, "accuracy": 0.9882, "ap": 0.44801, "auc": 0.94268}
{"epoch": 38, "time_epoch": 172.89128, "eta": 10504.86017, "eta_hours": 2.91802, "loss": 0.02792654, "lr": 0.00036534, "params": 9744496, "time_iter": 0.2524, "accuracy": 0.9883, "ap": 0.45765, "auc": 0.94419}
{"epoch": 39, "time_epoch": 174.25985, "eta": 10335.72288, "eta_hours": 2.87103, "loss": 0.02771601, "lr": 0.00035794, "params": 9744496, "time_iter": 0.25439, "accuracy": 0.98835, "ap": 0.46155, "auc": 0.94517}
{"epoch": 40, "time_epoch": 173.68845, "eta": 10165.51346, "eta_hours": 2.82375, "loss": 0.02750865, "lr": 0.00035042, "params": 9744496, "time_iter": 0.25356, "accuracy": 0.98854, "ap": 0.46864, "auc": 0.94673}
{"epoch": 41, "time_epoch": 173.28056, "eta": 9994.57509, "eta_hours": 2.77627, "loss": 0.02731452, "lr": 0.0003428, "params": 9744496, "time_iter": 0.25296, "accuracy": 0.98856, "ap": 0.47422, "auc": 0.9485}
{"epoch": 42, "time_epoch": 170.56828, "eta": 9819.93244, "eta_hours": 2.72776, "loss": 0.02700474, "lr": 0.00033507, "params": 9744496, "time_iter": 0.249, "accuracy": 0.98869, "ap": 0.48093, "auc": 0.94968}
{"epoch": 43, "time_epoch": 169.40402, "eta": 9643.9932, "eta_hours": 2.67889, "loss": 0.02682193, "lr": 0.00032725, "params": 9744496, "time_iter": 0.24731, "accuracy": 0.98874, "ap": 0.48707, "auc": 0.95105}
{"epoch": 44, "time_epoch": 170.29876, "eta": 9469.43798, "eta_hours": 2.6304, "loss": 0.02656766, "lr": 0.00031935, "params": 9744496, "time_iter": 0.24861, "accuracy": 0.98884, "ap": 0.49153, "auc": 0.95231}
{"epoch": 45, "time_epoch": 168.62858, "eta": 9293.10719, "eta_hours": 2.58142, "loss": 0.02639861, "lr": 0.00031137, "params": 9744496, "time_iter": 0.24617, "accuracy": 0.98895, "ap": 0.49683, "auc": 0.95334}
{"epoch": 46, "time_epoch": 167.50085, "eta": 9115.83245, "eta_hours": 2.53218, "loss": 0.02618026, "lr": 0.00030332, "params": 9744496, "time_iter": 0.24453, "accuracy": 0.98903, "ap": 0.50385, "auc": 0.95444}
{"epoch": 47, "time_epoch": 169.0117, "eta": 8940.6017, "eta_hours": 2.4835, "loss": 0.02596266, "lr": 0.00029522, "params": 9744496, "time_iter": 0.24673, "accuracy": 0.98915, "ap": 0.51131, "auc": 0.95566}
{"epoch": 48, "time_epoch": 168.12849, "eta": 8764.70554, "eta_hours": 2.43464, "loss": 0.02571693, "lr": 0.00028707, "params": 9744496, "time_iter": 0.24544, "accuracy": 0.98925, "ap": 0.51757, "auc": 0.95678}
{"epoch": 49, "time_epoch": 170.03398, "eta": 8591.02558, "eta_hours": 2.3864, "loss": 0.02555863, "lr": 0.00027887, "params": 9744496, "time_iter": 0.24822, "accuracy": 0.98938, "ap": 0.52292, "auc": 0.95783}
{"epoch": 50, "time_epoch": 169.61301, "eta": 8417.08413, "eta_hours": 2.33808, "loss": 0.02539854, "lr": 0.00027064, "params": 9744496, "time_iter": 0.24761, "accuracy": 0.98937, "ap": 0.52884, "auc": 0.9583}
{"epoch": 51, "time_epoch": 168.70533, "eta": 8242.47131, "eta_hours": 2.28958, "loss": 0.02521979, "lr": 0.0002624, "params": 9744496, "time_iter": 0.24629, "accuracy": 0.98943, "ap": 0.53065, "auc": 0.95952}
{"epoch": 52, "time_epoch": 170.40752, "eta": 8069.5909, "eta_hours": 2.24155, "loss": 0.02498824, "lr": 0.00025413, "params": 9744496, "time_iter": 0.24877, "accuracy": 0.98961, "ap": 0.53472, "auc": 0.96082}
{"epoch": 53, "time_epoch": 170.28739, "eta": 7896.69974, "eta_hours": 2.19353, "loss": 0.02481835, "lr": 0.00024587, "params": 9744496, "time_iter": 0.24859, "accuracy": 0.98963, "ap": 0.53962, "auc": 0.96154}
{"epoch": 54, "time_epoch": 168.94302, "eta": 7722.80333, "eta_hours": 2.14522, "loss": 0.02462084, "lr": 0.0002376, "params": 9744496, "time_iter": 0.24663, "accuracy": 0.98976, "ap": 0.54612, "auc": 0.96214}
{"epoch": 55, "time_epoch": 170.28516, "eta": 7550.13836, "eta_hours": 2.09726, "loss": 0.02439516, "lr": 0.00022936, "params": 9744496, "time_iter": 0.24859, "accuracy": 0.98985, "ap": 0.55139, "auc": 0.96328}
{"epoch": 56, "time_epoch": 169.49008, "eta": 7376.95709, "eta_hours": 2.04915, "loss": 0.02422061, "lr": 0.00022113, "params": 9744496, "time_iter": 0.24743, "accuracy": 0.98991, "ap": 0.55913, "auc": 0.96439}
{"epoch": 57, "time_epoch": 168.50339, "eta": 7203.18862, "eta_hours": 2.00089, "loss": 0.02406162, "lr": 0.00021293, "params": 9744496, "time_iter": 0.24599, "accuracy": 0.98987, "ap": 0.56037, "auc": 0.9651}
{"epoch": 58, "time_epoch": 170.23826, "eta": 7030.8042, "eta_hours": 1.953, "loss": 0.02383292, "lr": 0.00020478, "params": 9744496, "time_iter": 0.24852, "accuracy": 0.99008, "ap": 0.56745, "auc": 0.96598}
{"epoch": 59, "time_epoch": 169.12835, "eta": 6857.75139, "eta_hours": 1.90493, "loss": 0.02366578, "lr": 0.00019668, "params": 9744496, "time_iter": 0.2469, "accuracy": 0.99018, "ap": 0.57237, "auc": 0.96691}
{"epoch": 60, "time_epoch": 170.29341, "eta": 6685.57212, "eta_hours": 1.8571, "loss": 0.02351144, "lr": 0.00018863, "params": 9744496, "time_iter": 0.2486, "accuracy": 0.99022, "ap": 0.57773, "auc": 0.96726}
{"epoch": 61, "time_epoch": 173.30189, "eta": 6515.29759, "eta_hours": 1.8098, "loss": 0.02333526, "lr": 0.00018065, "params": 9744496, "time_iter": 0.253, "accuracy": 0.99029, "ap": 0.5813, "auc": 0.96817}
{"epoch": 62, "time_epoch": 173.02102, "eta": 6344.762, "eta_hours": 1.76243, "loss": 0.02318868, "lr": 0.00017275, "params": 9744496, "time_iter": 0.25259, "accuracy": 0.9903, "ap": 0.58641, "auc": 0.96909}
{"epoch": 63, "time_epoch": 173.11558, "eta": 6174.20193, "eta_hours": 1.71506, "loss": 0.0229819, "lr": 0.00016493, "params": 9744496, "time_iter": 0.25272, "accuracy": 0.99045, "ap": 0.58829, "auc": 0.96967}
{"epoch": 64, "time_epoch": 171.27434, "eta": 6002.57179, "eta_hours": 1.66738, "loss": 0.0228496, "lr": 0.0001572, "params": 9744496, "time_iter": 0.25004, "accuracy": 0.99045, "ap": 0.59407, "auc": 0.97035}
{"epoch": 65, "time_epoch": 171.53362, "eta": 5831.086, "eta_hours": 1.61975, "loss": 0.02272469, "lr": 0.00014958, "params": 9744496, "time_iter": 0.25041, "accuracy": 0.99056, "ap": 0.59795, "auc": 0.97101}
{"epoch": 66, "time_epoch": 172.9263, "eta": 5660.28473, "eta_hours": 1.5723, "loss": 0.02258576, "lr": 0.00014206, "params": 9744496, "time_iter": 0.25245, "accuracy": 0.99059, "ap": 0.59985, "auc": 0.97163}
{"epoch": 67, "time_epoch": 171.82459, "eta": 5488.90251, "eta_hours": 1.5247, "loss": 0.02239932, "lr": 0.00013466, "params": 9744496, "time_iter": 0.25084, "accuracy": 0.99063, "ap": 0.60622, "auc": 0.9721}
{"epoch": 68, "time_epoch": 175.408, "eta": 5319.1174, "eta_hours": 1.47753, "loss": 0.02225623, "lr": 0.00012739, "params": 9744496, "time_iter": 0.25607, "accuracy": 0.99072, "ap": 0.61032, "auc": 0.97259}
{"epoch": 69, "time_epoch": 172.46263, "eta": 5147.90934, "eta_hours": 1.42997, "loss": 0.02216108, "lr": 0.00012026, "params": 9744496, "time_iter": 0.25177, "accuracy": 0.99073, "ap": 0.61333, "auc": 0.97285}
{"epoch": 70, "time_epoch": 168.85463, "eta": 4975.19225, "eta_hours": 1.382, "loss": 0.02199519, "lr": 0.00011326, "params": 9744496, "time_iter": 0.2465, "accuracy": 0.99083, "ap": 0.61715, "auc": 0.97373}
{"epoch": 71, "time_epoch": 170.59087, "eta": 4803.25766, "eta_hours": 1.33424, "loss": 0.02189525, "lr": 0.00010642, "params": 9744496, "time_iter": 0.24904, "accuracy": 0.99089, "ap": 0.61977, "auc": 0.97415}
{"epoch": 72, "time_epoch": 170.14346, "eta": 4631.19439, "eta_hours": 1.28644, "loss": 0.02175117, "lr": 9.973e-05, "params": 9744496, "time_iter": 0.24838, "accuracy": 0.99088, "ap": 0.62255, "auc": 0.97452}
{"epoch": 73, "time_epoch": 169.47635, "eta": 4458.94862, "eta_hours": 1.2386, "loss": 0.02166015, "lr": 9.321e-05, "params": 9744496, "time_iter": 0.24741, "accuracy": 0.99101, "ap": 0.62728, "auc": 0.97485}
{"epoch": 74, "time_epoch": 170.71687, "eta": 4287.19022, "eta_hours": 1.19089, "loss": 0.02156657, "lr": 8.685e-05, "params": 9744496, "time_iter": 0.24922, "accuracy": 0.991, "ap": 0.62702, "auc": 0.97527}
{"epoch": 75, "time_epoch": 169.66961, "eta": 4115.1285, "eta_hours": 1.14309, "loss": 0.02141705, "lr": 8.068e-05, "params": 9744496, "time_iter": 0.24769, "accuracy": 0.9911, "ap": 0.63157, "auc": 0.97554}
{"epoch": 76, "time_epoch": 170.95871, "eta": 3943.51398, "eta_hours": 1.09542, "loss": 0.02133103, "lr": 7.469e-05, "params": 9744496, "time_iter": 0.24957, "accuracy": 0.9911, "ap": 0.63378, "auc": 0.97609}
{"epoch": 77, "time_epoch": 170.3122, "eta": 3771.73392, "eta_hours": 1.0477, "loss": 0.02126767, "lr": 6.889e-05, "params": 9744496, "time_iter": 0.24863, "accuracy": 0.99111, "ap": 0.63592, "auc": 0.97618}
{"epoch": 78, "time_epoch": 168.63439, "eta": 3599.54502, "eta_hours": 0.99987, "loss": 0.021131, "lr": 6.329e-05, "params": 9744496, "time_iter": 0.24618, "accuracy": 0.99125, "ap": 0.64037, "auc": 0.97647}
{"epoch": 79, "time_epoch": 171.14475, "eta": 3428.07258, "eta_hours": 0.95224, "loss": 0.02105741, "lr": 5.79e-05, "params": 9744496, "time_iter": 0.24985, "accuracy": 0.99125, "ap": 0.64164, "auc": 0.97709}
{"epoch": 80, "time_epoch": 168.9849, "eta": 3256.10159, "eta_hours": 0.90447, "loss": 0.02096862, "lr": 5.271e-05, "params": 9744496, "time_iter": 0.24669, "accuracy": 0.99129, "ap": 0.64379, "auc": 0.977}
{"epoch": 81, "time_epoch": 169.64144, "eta": 3084.34756, "eta_hours": 0.85676, "loss": 0.02089328, "lr": 4.775e-05, "params": 9744496, "time_iter": 0.24765, "accuracy": 0.99131, "ap": 0.64419, "auc": 0.97734}
{"epoch": 82, "time_epoch": 169.12113, "eta": 2912.53786, "eta_hours": 0.80904, "loss": 0.02083165, "lr": 4.3e-05, "params": 9744496, "time_iter": 0.24689, "accuracy": 0.99133, "ap": 0.64468, "auc": 0.97755}
{"epoch": 83, "time_epoch": 167.865, "eta": 2740.55291, "eta_hours": 0.76126, "loss": 0.0207406, "lr": 3.848e-05, "params": 9744496, "time_iter": 0.24506, "accuracy": 0.99133, "ap": 0.65051, "auc": 0.97768}
{"epoch": 84, "time_epoch": 169.1377, "eta": 2568.88949, "eta_hours": 0.71358, "loss": 0.02066231, "lr": 3.419e-05, "params": 9744496, "time_iter": 0.24692, "accuracy": 0.99142, "ap": 0.65304, "auc": 0.97801}
{"epoch": 85, "time_epoch": 168.24631, "eta": 2397.13971, "eta_hours": 0.66587, "loss": 0.02063805, "lr": 3.013e-05, "params": 9744496, "time_iter": 0.24562, "accuracy": 0.99143, "ap": 0.65467, "auc": 0.9781}
{"epoch": 86, "time_epoch": 167.94228, "eta": 2225.42503, "eta_hours": 0.61817, "loss": 0.0206177, "lr": 2.632e-05, "params": 9744496, "time_iter": 0.24517, "accuracy": 0.99141, "ap": 0.65308, "auc": 0.97827}
{"epoch": 87, "time_epoch": 170.82955, "eta": 2054.18981, "eta_hours": 0.57061, "loss": 0.02053058, "lr": 2.275e-05, "params": 9744496, "time_iter": 0.24939, "accuracy": 0.99143, "ap": 0.65532, "auc": 0.97838}
{"epoch": 88, "time_epoch": 169.80687, "eta": 1882.83731, "eta_hours": 0.52301, "loss": 0.02047713, "lr": 1.943e-05, "params": 9744496, "time_iter": 0.24789, "accuracy": 0.99151, "ap": 0.6568, "auc": 0.97852}
{"epoch": 89, "time_epoch": 173.2903, "eta": 1711.9062, "eta_hours": 0.47553, "loss": 0.02045279, "lr": 1.636e-05, "params": 9744496, "time_iter": 0.25298, "accuracy": 0.9915, "ap": 0.65703, "auc": 0.97863}
{"epoch": 90, "time_epoch": 174.08831, "eta": 1541.00216, "eta_hours": 0.42806, "loss": 0.02039371, "lr": 1.355e-05, "params": 9744496, "time_iter": 0.25414, "accuracy": 0.9915, "ap": 0.65821, "auc": 0.97891}
{"epoch": 91, "time_epoch": 173.27309, "eta": 1369.95802, "eta_hours": 0.38054, "loss": 0.02038841, "lr": 1.099e-05, "params": 9744496, "time_iter": 0.25295, "accuracy": 0.99153, "ap": 0.65717, "auc": 0.97898}
{"epoch": 92, "time_epoch": 172.89786, "eta": 1198.83769, "eta_hours": 0.33301, "loss": 0.0203635, "lr": 8.7e-06, "params": 9744496, "time_iter": 0.25241, "accuracy": 0.99154, "ap": 0.65907, "auc": 0.97888}
{"epoch": 93, "time_epoch": 174.16487, "eta": 1027.76042, "eta_hours": 0.28549, "loss": 0.02034468, "lr": 6.67e-06, "params": 9744496, "time_iter": 0.25426, "accuracy": 0.99155, "ap": 0.66065, "auc": 0.97894}
{"epoch": 94, "time_epoch": 173.26992, "eta": 856.57104, "eta_hours": 0.23794, "loss": 0.02033137, "lr": 4.91e-06, "params": 9744496, "time_iter": 0.25295, "accuracy": 0.99154, "ap": 0.66046, "auc": 0.97895}
{"epoch": 95, "time_epoch": 173.64743, "eta": 685.35405, "eta_hours": 0.19038, "loss": 0.02030745, "lr": 3.41e-06, "params": 9744496, "time_iter": 0.2535, "accuracy": 0.99152, "ap": 0.66138, "auc": 0.97902}
{"epoch": 96, "time_epoch": 175.66035, "eta": 514.1492, "eta_hours": 0.14282, "loss": 0.02026864, "lr": 2.18e-06, "params": 9744496, "time_iter": 0.25644, "accuracy": 0.99156, "ap": 0.66052, "auc": 0.97904}
{"epoch": 97, "time_epoch": 169.20412, "eta": 342.72167, "eta_hours": 0.0952, "loss": 0.02027551, "lr": 1.23e-06, "params": 9744496, "time_iter": 0.24701, "accuracy": 0.99157, "ap": 0.66497, "auc": 0.97905}
{"epoch": 98, "time_epoch": 169.88319, "eta": 171.34591, "eta_hours": 0.0476, "loss": 0.0202734, "lr": 5.5e-07, "params": 9744496, "time_iter": 0.248, "accuracy": 0.99157, "ap": 0.6613, "auc": 0.97924}
{"epoch": 99, "time_epoch": 169.83048, "eta": 0.0, "eta_hours": 0.0, "loss": 0.02026446, "lr": 1.4e-07, "params": 9744496, "time_iter": 0.24793, "accuracy": 0.99161, "ap": 0.66383, "auc": 0.97893}
