{"epoch": 0, "time_epoch": 77.18245, "eta": 7641.06256, "eta_hours": 2.12252, "loss": 2.30474663, "lr": 0.0, "params": 115394, "time_iter": 0.02245, "accuracy": 0.12013, "f1": 0.03806, "auc": 0.51701}
{"epoch": 1, "time_epoch": 71.59841, "eta": 7290.2622, "eta_hours": 2.02507, "loss": 1.57997049, "lr": 0.0002, "params": 115394, "time_iter": 0.02083, "accuracy": 0.69198, "f1": 0.68042, "auc": 0.93204}
{"epoch": 2, "time_epoch": 71.25555, "eta": 7114.51065, "eta_hours": 1.97625, "loss": 0.65702114, "lr": 0.0004, "params": 115394, "time_iter": 0.02073, "accuracy": 0.88471, "f1": 0.88342, "auc": 0.98133}
{"epoch": 3, "time_epoch": 71.59216, "eta": 6999.08565, "eta_hours": 1.94419, "loss": 0.3491269, "lr": 0.0006, "params": 115394, "time_iter": 0.02082, "accuracy": 0.90927, "f1": 0.9083, "auc": 0.99023}
{"epoch": 4, "time_epoch": 71.06128, "eta": 6891.10705, "eta_hours": 1.9142, "loss": 0.27115388, "lr": 0.0008, "params": 115394, "time_iter": 0.02067, "accuracy": 0.92149, "f1": 0.92085, "auc": 0.99412}
{"epoch": 5, "time_epoch": 71.78406, "eta": 6806.7579, "eta_hours": 1.89077, "loss": 0.22974625, "lr": 0.001, "params": 115394, "time_iter": 0.02088, "accuracy": 0.93249, "f1": 0.9319, "auc": 0.99588}
{"epoch": 6, "time_epoch": 71.2041, "eta": 6718.2935, "eta_hours": 1.86619, "loss": 0.19262624, "lr": 0.00099973, "params": 115394, "time_iter": 0.02071, "accuracy": 0.94411, "f1": 0.94367, "auc": 0.99701}
{"epoch": 7, "time_epoch": 71.79235, "eta": 6640.90908, "eta_hours": 1.8447, "loss": 0.17043402, "lr": 0.00099891, "params": 115394, "time_iter": 0.02088, "accuracy": 0.95076, "f1": 0.95035, "auc": 0.99755}
{"epoch": 8, "time_epoch": 70.81707, "eta": 6554.90618, "eta_hours": 1.82081, "loss": 0.15335183, "lr": 0.00099754, "params": 115394, "time_iter": 0.0206, "accuracy": 0.95369, "f1": 0.95334, "auc": 0.99809}
{"epoch": 9, "time_epoch": 71.63979, "eta": 6479.34495, "eta_hours": 1.79982, "loss": 0.13764759, "lr": 0.00099563, "params": 115394, "time_iter": 0.02084, "accuracy": 0.959, "f1": 0.95867, "auc": 0.99844}
{"epoch": 10, "time_epoch": 71.08139, "eta": 6399.97875, "eta_hours": 1.77777, "loss": 0.12857574, "lr": 0.00099318, "params": 115394, "time_iter": 0.02068, "accuracy": 0.96196, "f1": 0.96168, "auc": 0.99867}
{"epoch": 11, "time_epoch": 71.80671, "eta": 6327.31233, "eta_hours": 1.75759, "loss": 0.1213748, "lr": 0.00099019, "params": 115394, "time_iter": 0.02089, "accuracy": 0.96418, "f1": 0.96391, "auc": 0.99876}
{"epoch": 12, "time_epoch": 71.07929, "eta": 6249.91008, "eta_hours": 1.73609, "loss": 0.11151024, "lr": 0.00098666, "params": 115394, "time_iter": 0.02067, "accuracy": 0.96605, "f1": 0.96583, "auc": 0.99898}
{"epoch": 13, "time_epoch": 71.75095, "eta": 6177.537, "eta_hours": 1.71598, "loss": 0.10498881, "lr": 0.0009826, "params": 115394, "time_iter": 0.02087, "accuracy": 0.96791, "f1": 0.96766, "auc": 0.99908}
{"epoch": 14, "time_epoch": 71.15259, "eta": 6101.85617, "eta_hours": 1.69496, "loss": 0.09836053, "lr": 0.00097802, "params": 115394, "time_iter": 0.0207, "accuracy": 0.96931, "f1": 0.96912, "auc": 0.99924}
{"epoch": 15, "time_epoch": 71.60278, "eta": 6029.10485, "eta_hours": 1.67475, "loss": 0.09686121, "lr": 0.00097291, "params": 115394, "time_iter": 0.02083, "accuracy": 0.97078, "f1": 0.97057, "auc": 0.99921}
{"epoch": 16, "time_epoch": 71.34102, "eta": 5955.21066, "eta_hours": 1.65423, "loss": 0.08940039, "lr": 0.00096728, "params": 115394, "time_iter": 0.02075, "accuracy": 0.97265, "f1": 0.97246, "auc": 0.99935}
{"epoch": 17, "time_epoch": 71.41345, "eta": 5881.93013, "eta_hours": 1.63387, "loss": 0.08664271, "lr": 0.00096114, "params": 115394, "time_iter": 0.02077, "accuracy": 0.97389, "f1": 0.97371, "auc": 0.99938}
{"epoch": 18, "time_epoch": 71.2761, "eta": 5808.26058, "eta_hours": 1.61341, "loss": 0.08395995, "lr": 0.0009545, "params": 115394, "time_iter": 0.02073, "accuracy": 0.97425, "f1": 0.97406, "auc": 0.99943}
{"epoch": 19, "time_epoch": 71.21603, "eta": 5734.5901, "eta_hours": 1.59294, "loss": 0.07895895, "lr": 0.00094736, "params": 115394, "time_iter": 0.02071, "accuracy": 0.97633, "f1": 0.97614, "auc": 0.99949}
{"epoch": 20, "time_epoch": 71.61042, "eta": 5662.63701, "eta_hours": 1.57295, "loss": 0.0736426, "lr": 0.00093974, "params": 115394, "time_iter": 0.02083, "accuracy": 0.97751, "f1": 0.97733, "auc": 0.99954}
{"epoch": 21, "time_epoch": 71.2738, "eta": 5589.52162, "eta_hours": 1.55264, "loss": 0.07486801, "lr": 0.00093163, "params": 115394, "time_iter": 0.02073, "accuracy": 0.97785, "f1": 0.9777, "auc": 0.99952}
{"epoch": 22, "time_epoch": 71.59563, "eta": 5517.64379, "eta_hours": 1.53268, "loss": 0.06947018, "lr": 0.00092305, "params": 115394, "time_iter": 0.02082, "accuracy": 0.97842, "f1": 0.9783, "auc": 0.99962}
{"epoch": 23, "time_epoch": 71.24785, "eta": 5444.68818, "eta_hours": 1.51241, "loss": 0.06740119, "lr": 0.000914, "params": 115394, "time_iter": 0.02072, "accuracy": 0.97958, "f1": 0.97942, "auc": 0.99963}
{"epoch": 24, "time_epoch": 71.54552, "eta": 5372.7622, "eta_hours": 1.49243, "loss": 0.06407001, "lr": 0.00090451, "params": 115394, "time_iter": 0.02081, "accuracy": 0.98016, "f1": 0.98001, "auc": 0.99969}
{"epoch": 25, "time_epoch": 70.73553, "eta": 5298.56012, "eta_hours": 1.47182, "loss": 0.06361997, "lr": 0.00089457, "params": 115394, "time_iter": 0.02057, "accuracy": 0.98038, "f1": 0.98022, "auc": 0.99966}
{"epoch": 26, "time_epoch": 71.55508, "eta": 5226.83065, "eta_hours": 1.4519, "loss": 0.06152217, "lr": 0.0008842, "params": 115394, "time_iter": 0.02081, "accuracy": 0.98122, "f1": 0.98105, "auc": 0.9997}
{"epoch": 27, "time_epoch": 71.39139, "eta": 5154.69274, "eta_hours": 1.43186, "loss": 0.05875495, "lr": 0.00087341, "params": 115394, "time_iter": 0.02077, "accuracy": 0.98216, "f1": 0.98204, "auc": 0.99969}
{"epoch": 28, "time_epoch": 71.73294, "eta": 5083.4425, "eta_hours": 1.41207, "loss": 0.05708785, "lr": 0.00086221, "params": 115394, "time_iter": 0.02086, "accuracy": 0.98284, "f1": 0.98271, "auc": 0.99972}
{"epoch": 29, "time_epoch": 70.9061, "eta": 5010.2308, "eta_hours": 1.39173, "loss": 0.05244938, "lr": 0.00085062, "params": 115394, "time_iter": 0.02062, "accuracy": 0.98487, "f1": 0.98477, "auc": 0.99976}
{"epoch": 30, "time_epoch": 71.18822, "eta": 4937.79579, "eta_hours": 1.37161, "loss": 0.0517048, "lr": 0.00083864, "params": 115394, "time_iter": 0.02071, "accuracy": 0.98384, "f1": 0.98371, "auc": 0.99979}
{"epoch": 31, "time_epoch": 70.92542, "eta": 4864.88026, "eta_hours": 1.35136, "loss": 0.04593409, "lr": 0.00082629, "params": 115394, "time_iter": 0.02063, "accuracy": 0.98562, "f1": 0.98552, "auc": 0.99984}
{"epoch": 32, "time_epoch": 71.83051, "eta": 4793.92294, "eta_hours": 1.33165, "loss": 0.04671274, "lr": 0.00081359, "params": 115394, "time_iter": 0.02089, "accuracy": 0.98516, "f1": 0.98506, "auc": 0.99984}
{"epoch": 33, "time_epoch": 71.39144, "eta": 4722.06196, "eta_hours": 1.31168, "loss": 0.046968, "lr": 0.00080054, "params": 115394, "time_iter": 0.02077, "accuracy": 0.98556, "f1": 0.98543, "auc": 0.99982}
{"epoch": 34, "time_epoch": 71.61014, "eta": 4650.63395, "eta_hours": 1.29184, "loss": 0.0437216, "lr": 0.00078716, "params": 115394, "time_iter": 0.02083, "accuracy": 0.98635, "f1": 0.98626, "auc": 0.99985}
{"epoch": 35, "time_epoch": 71.76723, "eta": 4579.4751, "eta_hours": 1.27208, "loss": 0.03905921, "lr": 0.00077347, "params": 115394, "time_iter": 0.02087, "accuracy": 0.98742, "f1": 0.9873, "auc": 0.99987}
{"epoch": 36, "time_epoch": 70.68874, "eta": 4506.44702, "eta_hours": 1.25179, "loss": 0.04083607, "lr": 0.00075948, "params": 115394, "time_iter": 0.02056, "accuracy": 0.98696, "f1": 0.98686, "auc": 0.99988}
{"epoch": 37, "time_epoch": 70.85483, "eta": 4433.81304, "eta_hours": 1.23161, "loss": 0.03705079, "lr": 0.00074521, "params": 115394, "time_iter": 0.02061, "accuracy": 0.98907, "f1": 0.98899, "auc": 0.99988}
{"epoch": 38, "time_epoch": 70.21095, "eta": 4360.26321, "eta_hours": 1.21118, "loss": 0.03477235, "lr": 0.00073067, "params": 115394, "time_iter": 0.02042, "accuracy": 0.9898, "f1": 0.98974, "auc": 0.9999}
{"epoch": 39, "time_epoch": 70.9926, "eta": 4288.05279, "eta_hours": 1.19113, "loss": 0.03426013, "lr": 0.00071588, "params": 115394, "time_iter": 0.02065, "accuracy": 0.98949, "f1": 0.98941, "auc": 0.99991}
{"epoch": 40, "time_epoch": 70.13478, "eta": 4214.66736, "eta_hours": 1.17074, "loss": 0.03387107, "lr": 0.00070085, "params": 115394, "time_iter": 0.0204, "accuracy": 0.98947, "f1": 0.98942, "auc": 0.9999}
{"epoch": 41, "time_epoch": 70.58654, "eta": 4142.06057, "eta_hours": 1.15057, "loss": 0.03064355, "lr": 0.0006856, "params": 115394, "time_iter": 0.02053, "accuracy": 0.99016, "f1": 0.9901, "auc": 0.99993}
{"epoch": 42, "time_epoch": 70.11936, "eta": 4068.92847, "eta_hours": 1.13026, "loss": 0.030661, "lr": 0.00067015, "params": 115394, "time_iter": 0.0204, "accuracy": 0.99065, "f1": 0.99062, "auc": 0.99993}
{"epoch": 43, "time_epoch": 70.59155, "eta": 3996.53428, "eta_hours": 1.11015, "loss": 0.02985241, "lr": 0.00065451, "params": 115394, "time_iter": 0.02053, "accuracy": 0.99089, "f1": 0.99083, "auc": 0.99992}
{"epoch": 44, "time_epoch": 70.1655, "eta": 3923.69948, "eta_hours": 1.08992, "loss": 0.02738898, "lr": 0.0006387, "params": 115394, "time_iter": 0.02041, "accuracy": 0.99138, "f1": 0.99133, "auc": 0.99994}
{"epoch": 45, "time_epoch": 69.22188, "eta": 3849.87301, "eta_hours": 1.06941, "loss": 0.02626746, "lr": 0.00062274, "params": 115394, "time_iter": 0.02013, "accuracy": 0.99178, "f1": 0.99171, "auc": 0.99995}
{"epoch": 46, "time_epoch": 68.84542, "eta": 3775.81796, "eta_hours": 1.04884, "loss": 0.02481862, "lr": 0.00060665, "params": 115394, "time_iter": 0.02002, "accuracy": 0.99198, "f1": 0.9919, "auc": 0.99995}
{"epoch": 47, "time_epoch": 68.86567, "eta": 3702.00192, "eta_hours": 1.02833, "loss": 0.02478929, "lr": 0.00059044, "params": 115394, "time_iter": 0.02003, "accuracy": 0.99229, "f1": 0.99223, "auc": 0.99995}
{"epoch": 48, "time_epoch": 68.85924, "eta": 3628.38124, "eta_hours": 1.00788, "loss": 0.0246517, "lr": 0.00057413, "params": 115394, "time_iter": 0.02003, "accuracy": 0.99249, "f1": 0.99243, "auc": 0.99995}
{"epoch": 49, "time_epoch": 69.02378, "eta": 3555.11556, "eta_hours": 0.98753, "loss": 0.02182194, "lr": 0.00055774, "params": 115394, "time_iter": 0.02008, "accuracy": 0.99358, "f1": 0.99354, "auc": 0.99996}
{"epoch": 50, "time_epoch": 68.70788, "eta": 3481.71272, "eta_hours": 0.96714, "loss": 0.01957414, "lr": 0.00054129, "params": 115394, "time_iter": 0.01998, "accuracy": 0.99353, "f1": 0.99347, "auc": 0.99996}
{"epoch": 51, "time_epoch": 69.11615, "eta": 3408.86731, "eta_hours": 0.94691, "loss": 0.01877563, "lr": 0.00052479, "params": 115394, "time_iter": 0.0201, "accuracy": 0.99425, "f1": 0.9942, "auc": 0.99997}
{"epoch": 52, "time_epoch": 68.58446, "eta": 3335.69113, "eta_hours": 0.92658, "loss": 0.01828583, "lr": 0.00050827, "params": 115394, "time_iter": 0.01995, "accuracy": 0.9946, "f1": 0.99457, "auc": 0.99997}
{"epoch": 53, "time_epoch": 68.20637, "eta": 3262.36294, "eta_hours": 0.90621, "loss": 0.0156635, "lr": 0.00049173, "params": 115394, "time_iter": 0.01984, "accuracy": 0.99504, "f1": 0.99499, "auc": 0.99998}
{"epoch": 54, "time_epoch": 67.85842, "eta": 3188.93631, "eta_hours": 0.88582, "loss": 0.01535922, "lr": 0.00047521, "params": 115394, "time_iter": 0.01974, "accuracy": 0.99484, "f1": 0.9948, "auc": 0.99998}
{"epoch": 55, "time_epoch": 67.5829, "eta": 3115.49207, "eta_hours": 0.86541, "loss": 0.01578974, "lr": 0.00045871, "params": 115394, "time_iter": 0.01966, "accuracy": 0.9952, "f1": 0.99515, "auc": 0.99998}
{"epoch": 56, "time_epoch": 67.58093, "eta": 3042.252, "eta_hours": 0.84507, "loss": 0.01530448, "lr": 0.00044226, "params": 115394, "time_iter": 0.01966, "accuracy": 0.99533, "f1": 0.99529, "auc": 0.99997}
{"epoch": 57, "time_epoch": 67.50234, "eta": 2969.15017, "eta_hours": 0.82476, "loss": 0.01293016, "lr": 0.00042587, "params": 115394, "time_iter": 0.01963, "accuracy": 0.99595, "f1": 0.99592, "auc": 0.99998}
{"epoch": 58, "time_epoch": 67.53818, "eta": 2896.26305, "eta_hours": 0.80452, "loss": 0.01233352, "lr": 0.00040956, "params": 115394, "time_iter": 0.01964, "accuracy": 0.99615, "f1": 0.99611, "auc": 0.99999}
{"epoch": 59, "time_epoch": 67.51075, "eta": 2823.53595, "eta_hours": 0.78432, "loss": 0.01291231, "lr": 0.00039335, "params": 115394, "time_iter": 0.01964, "accuracy": 0.99607, "f1": 0.99606, "auc": 0.99998}
{"epoch": 60, "time_epoch": 67.63313, "eta": 2751.05811, "eta_hours": 0.76418, "loss": 0.01166785, "lr": 0.00037726, "params": 115394, "time_iter": 0.01967, "accuracy": 0.99618, "f1": 0.99615, "auc": 0.99999}
{"epoch": 61, "time_epoch": 67.63013, "eta": 2678.73472, "eta_hours": 0.74409, "loss": 0.01028213, "lr": 0.0003613, "params": 115394, "time_iter": 0.01967, "accuracy": 0.99689, "f1": 0.99687, "auc": 0.99999}
{"epoch": 62, "time_epoch": 67.62996, "eta": 2606.56022, "eta_hours": 0.72404, "loss": 0.01030355, "lr": 0.00034549, "params": 115394, "time_iter": 0.01967, "accuracy": 0.99687, "f1": 0.99685, "auc": 0.99999}
{"epoch": 63, "time_epoch": 67.60014, "eta": 2534.51097, "eta_hours": 0.70403, "loss": 0.01010256, "lr": 0.00032985, "params": 115394, "time_iter": 0.01966, "accuracy": 0.99709, "f1": 0.99708, "auc": 0.99999}
{"epoch": 64, "time_epoch": 68.18924, "eta": 2462.91582, "eta_hours": 0.68414, "loss": 0.00726766, "lr": 0.0003144, "params": 115394, "time_iter": 0.01983, "accuracy": 0.99767, "f1": 0.99766, "auc": 1.0}
{"epoch": 65, "time_epoch": 68.08435, "eta": 2391.36984, "eta_hours": 0.66427, "loss": 0.0075824, "lr": 0.00029915, "params": 115394, "time_iter": 0.0198, "accuracy": 0.99765, "f1": 0.99763, "auc": 0.99999}
{"epoch": 66, "time_epoch": 68.0962, "eta": 2319.93303, "eta_hours": 0.64443, "loss": 0.00750896, "lr": 0.00028412, "params": 115394, "time_iter": 0.01981, "accuracy": 0.99778, "f1": 0.99777, "auc": 1.0}
{"epoch": 67, "time_epoch": 67.49488, "eta": 2248.3115, "eta_hours": 0.62453, "loss": 0.00711032, "lr": 0.00026933, "params": 115394, "time_iter": 0.01963, "accuracy": 0.9978, "f1": 0.99779, "auc": 1.0}
{"epoch": 68, "time_epoch": 67.40806, "eta": 2176.77058, "eta_hours": 0.60466, "loss": 0.00515061, "lr": 0.00025479, "params": 115394, "time_iter": 0.01961, "accuracy": 0.99836, "f1": 0.99835, "auc": 1.0}
{"epoch": 69, "time_epoch": 67.45257, "eta": 2105.36682, "eta_hours": 0.58482, "loss": 0.00547273, "lr": 0.00024052, "params": 115394, "time_iter": 0.01962, "accuracy": 0.99847, "f1": 0.99847, "auc": 1.0}
{"epoch": 70, "time_epoch": 67.42616, "eta": 2034.06357, "eta_hours": 0.56502, "loss": 0.00554146, "lr": 0.00022653, "params": 115394, "time_iter": 0.01961, "accuracy": 0.99844, "f1": 0.99842, "auc": 1.0}
{"epoch": 71, "time_epoch": 67.89804, "eta": 1963.05153, "eta_hours": 0.54529, "loss": 0.00629094, "lr": 0.00021284, "params": 115394, "time_iter": 0.01975, "accuracy": 0.99833, "f1": 0.99832, "auc": 1.0}
{"epoch": 72, "time_epoch": 68.18029, "eta": 1892.22919, "eta_hours": 0.52562, "loss": 0.00376182, "lr": 0.00019946, "params": 115394, "time_iter": 0.01983, "accuracy": 0.99887, "f1": 0.99886, "auc": 1.0}
{"epoch": 73, "time_epoch": 68.29887, "eta": 1821.51993, "eta_hours": 0.50598, "loss": 0.00337806, "lr": 0.00018641, "params": 115394, "time_iter": 0.01987, "accuracy": 0.99902, "f1": 0.99901, "auc": 1.0}
{"epoch": 74, "time_epoch": 67.69612, "eta": 1750.67402, "eta_hours": 0.4863, "loss": 0.00451649, "lr": 0.00017371, "params": 115394, "time_iter": 0.01969, "accuracy": 0.99849, "f1": 0.99847, "auc": 1.0}
{"epoch": 75, "time_epoch": 67.50406, "eta": 1679.85035, "eta_hours": 0.46663, "loss": 0.00306034, "lr": 0.00016136, "params": 115394, "time_iter": 0.01963, "accuracy": 0.99893, "f1": 0.99892, "auc": 1.0}
{"epoch": 76, "time_epoch": 67.39506, "eta": 1609.08035, "eta_hours": 0.44697, "loss": 0.00362165, "lr": 0.00014938, "params": 115394, "time_iter": 0.0196, "accuracy": 0.99889, "f1": 0.99888, "auc": 1.0}
{"epoch": 77, "time_epoch": 67.42968, "eta": 1538.40665, "eta_hours": 0.42734, "loss": 0.00333479, "lr": 0.00013779, "params": 115394, "time_iter": 0.01961, "accuracy": 0.999, "f1": 0.99899, "auc": 1.0}
{"epoch": 78, "time_epoch": 67.58324, "eta": 1467.8559, "eta_hours": 0.40774, "loss": 0.00249337, "lr": 0.00012659, "params": 115394, "time_iter": 0.01966, "accuracy": 0.99936, "f1": 0.99936, "auc": 1.0}
{"epoch": 79, "time_epoch": 67.56849, "eta": 1397.37565, "eta_hours": 0.38816, "loss": 0.00257531, "lr": 0.0001158, "params": 115394, "time_iter": 0.01965, "accuracy": 0.99938, "f1": 0.99938, "auc": 1.0}
{"epoch": 80, "time_epoch": 67.46104, "eta": 1326.94209, "eta_hours": 0.3686, "loss": 0.00290058, "lr": 0.00010543, "params": 115394, "time_iter": 0.01962, "accuracy": 0.99911, "f1": 0.9991, "auc": 1.0}
{"epoch": 81, "time_epoch": 67.46527, "eta": 1256.58195, "eta_hours": 0.34905, "loss": 0.00171334, "lr": 9.549e-05, "params": 115394, "time_iter": 0.01962, "accuracy": 0.99945, "f1": 0.99945, "auc": 1.0}
{"epoch": 82, "time_epoch": 67.50489, "eta": 1186.29969, "eta_hours": 0.32953, "loss": 0.00151307, "lr": 8.6e-05, "params": 115394, "time_iter": 0.01963, "accuracy": 0.99951, "f1": 0.99951, "auc": 1.0}
{"epoch": 83, "time_epoch": 67.54196, "eta": 1116.09062, "eta_hours": 0.31003, "loss": 0.00180029, "lr": 7.695e-05, "params": 115394, "time_iter": 0.01965, "accuracy": 0.99938, "f1": 0.99938, "auc": 1.0}
{"epoch": 84, "time_epoch": 67.64352, "eta": 1045.96222, "eta_hours": 0.29055, "loss": 0.00184853, "lr": 6.837e-05, "params": 115394, "time_iter": 0.01968, "accuracy": 0.99945, "f1": 0.99946, "auc": 1.0}
{"epoch": 85, "time_epoch": 67.66883, "eta": 975.89574, "eta_hours": 0.27108, "loss": 0.00150796, "lr": 6.026e-05, "params": 115394, "time_iter": 0.01968, "accuracy": 0.99953, "f1": 0.99952, "auc": 1.0}
{"epoch": 86, "time_epoch": 67.57041, "eta": 905.86966, "eta_hours": 0.25163, "loss": 0.00164852, "lr": 5.264e-05, "params": 115394, "time_iter": 0.01965, "accuracy": 0.99951, "f1": 0.99951, "auc": 1.0}
{"epoch": 87, "time_epoch": 67.56586, "eta": 835.89878, "eta_hours": 0.23219, "loss": 0.00125494, "lr": 4.55e-05, "params": 115394, "time_iter": 0.01965, "accuracy": 0.99964, "f1": 0.99963, "auc": 1.0}
{"epoch": 88, "time_epoch": 67.5205, "eta": 765.97633, "eta_hours": 0.21277, "loss": 0.00108416, "lr": 3.886e-05, "params": 115394, "time_iter": 0.01964, "accuracy": 0.99971, "f1": 0.9997, "auc": 1.0}
{"epoch": 89, "time_epoch": 68.02971, "eta": 696.16384, "eta_hours": 0.19338, "loss": 0.00106178, "lr": 3.272e-05, "params": 115394, "time_iter": 0.01979, "accuracy": 0.99964, "f1": 0.99963, "auc": 1.0}
{"epoch": 90, "time_epoch": 68.22462, "eta": 626.40981, "eta_hours": 0.174, "loss": 0.00174297, "lr": 2.709e-05, "params": 115394, "time_iter": 0.01984, "accuracy": 0.99951, "f1": 0.99951, "auc": 1.0}
{"epoch": 91, "time_epoch": 68.17793, "eta": 556.68497, "eta_hours": 0.15463, "loss": 0.00098863, "lr": 2.198e-05, "params": 115394, "time_iter": 0.01983, "accuracy": 0.99965, "f1": 0.99965, "auc": 1.0}
{"epoch": 92, "time_epoch": 68.51941, "eta": 487.01909, "eta_hours": 0.13528, "loss": 0.00095217, "lr": 1.74e-05, "params": 115394, "time_iter": 0.01993, "accuracy": 0.99969, "f1": 0.99969, "auc": 1.0}
{"epoch": 93, "time_epoch": 68.34353, "eta": 417.36639, "eta_hours": 0.11594, "loss": 0.00076054, "lr": 1.334e-05, "params": 115394, "time_iter": 0.01988, "accuracy": 0.99982, "f1": 0.99982, "auc": 1.0}
{"epoch": 94, "time_epoch": 68.33153, "eta": 347.74061, "eta_hours": 0.09659, "loss": 0.00080094, "lr": 9.81e-06, "params": 115394, "time_iter": 0.01988, "accuracy": 0.99969, "f1": 0.99969, "auc": 1.0}
{"epoch": 95, "time_epoch": 68.21271, "eta": 278.13685, "eta_hours": 0.07726, "loss": 0.00137229, "lr": 6.82e-06, "params": 115394, "time_iter": 0.01984, "accuracy": 0.9996, "f1": 0.9996, "auc": 1.0}
{"epoch": 96, "time_epoch": 67.74516, "eta": 208.5473, "eta_hours": 0.05793, "loss": 0.00096337, "lr": 4.37e-06, "params": 115394, "time_iter": 0.0197, "accuracy": 0.99964, "f1": 0.99963, "auc": 1.0}
{"epoch": 97, "time_epoch": 67.56916, "eta": 138.99181, "eta_hours": 0.03861, "loss": 0.00082462, "lr": 2.46e-06, "params": 115394, "time_iter": 0.01965, "accuracy": 0.99975, "f1": 0.99974, "auc": 1.0}
{"epoch": 98, "time_epoch": 67.56832, "eta": 69.47643, "eta_hours": 0.0193, "loss": 0.00089694, "lr": 1.09e-06, "params": 115394, "time_iter": 0.01965, "accuracy": 0.99975, "f1": 0.99975, "auc": 1.0}
{"epoch": 99, "time_epoch": 67.42566, "eta": 0.0, "eta_hours": 0.0, "loss": 0.00143379, "lr": 2.7e-07, "params": 115394, "time_iter": 0.01961, "accuracy": 0.99955, "f1": 0.99954, "auc": 1.0}
