{"epoch": 0, "time_epoch": 206.29147, "time_epoch_std": 7.64241, "eta": 20422.85596, "eta_std": 756.59877, "eta_hours": 5.67302, "eta_hours_std": 0.21017, "loss": 0.69731, "loss_std": 0.00193, "lr": 0.0, "lr_std": 0.0, "params": 9744496.0, "params_std": 0.0, "time_iter": 0.30115, "time_iter_std": 0.01116, "accuracy": 0.50041, "accuracy_std": 0.00772, "ap": 0.0212, "ap_std": 0.00121, "auc": 0.4999, "auc_std": 0.01042}
{"epoch": 1, "time_epoch": 171.42176, "time_epoch_std": 6.10652, "eta": 18507.94864, "eta_std": 656.03618, "eta_hours": 5.1411, "eta_hours_std": 0.18223, "loss": 0.33828, "loss_std": 0.00436, "lr": 0.0001, "lr_std": 0.0, "params": 9744496.0, "params_std": 0.0, "time_iter": 0.25025, "time_iter_std": 0.00891, "accuracy": 0.91875, "accuracy_std": 0.00205, "ap": 0.02986, "ap_std": 0.0004, "auc": 0.54201, "auc_std": 0.00244}
{"epoch": 2, "time_epoch": 169.88779, "time_epoch_std": 7.1492, "eta": 17705.76643, "eta_std": 661.04308, "eta_hours": 4.91827, "eta_hours_std": 0.18362, "loss": 0.06908, "loss_std": 0.00192, "lr": 0.0002, "lr_std": 0.0, "params": 9744496.0, "params_std": 0.0, "time_iter": 0.24801, "time_iter_std": 0.01044, "accuracy": 0.97954, "accuracy_std": 0.00019, "ap": 0.0427, "ap_std": 0.00112, "auc": 0.62486, "auc_std": 0.00373}
{"epoch": 3, "time_epoch": 169.80704, "time_epoch_std": 7.37369, "eta": 17217.79345, "eta_std": 660.99033, "eta_hours": 4.78272, "eta_hours_std": 0.18361, "loss": 0.04887, "loss_std": 0.00022, "lr": 0.0003, "lr_std": 0.0, "params": 9744496.0, "params_std": 0.0, "time_iter": 0.24789, "time_iter_std": 0.01076, "accuracy": 0.98104, "accuracy_std": 0.0001, "ap": 0.07988, "ap_std": 0.00164, "auc": 0.73473, "auc_std": 0.00364}
{"epoch": 4, "time_epoch": 171.32054, "time_epoch_std": 7.46812, "eta": 16885.84348, "eta_std": 651.88984, "eta_hours": 4.69051, "eta_hours_std": 0.18108, "loss": 0.04513, "loss_std": 0.00015, "lr": 0.0004, "lr_std": 0.0, "params": 9744496.0, "params_std": 0.0, "time_iter": 0.2501, "time_iter_std": 0.0109, "accuracy": 0.98195, "accuracy_std": 7e-05, "ap": 0.10865, "ap_std": 0.0016, "auc": 0.79522, "auc_std": 0.00205}
{"epoch": 5, "time_epoch": 170.02208, "time_epoch_std": 6.72411, "eta": 16587.09402, "eta_std": 641.28197, "eta_hours": 4.60753, "eta_hours_std": 0.17813, "loss": 0.04305, "loss_std": 0.00014, "lr": 0.0005, "lr_std": 0.0, "params": 9744496.0, "params_std": 0.0, "time_iter": 0.24821, "time_iter_std": 0.00982, "accuracy": 0.9826, "accuracy_std": 7e-05, "ap": 0.13324, "ap_std": 0.00247, "auc": 0.82409, "auc_std": 0.00141}
{"epoch": 6, "time_epoch": 170.59781, "time_epoch_std": 6.79574, "eta": 16332.77288, "eta_std": 626.63356, "eta_hours": 4.53688, "eta_hours_std": 0.17407, "loss": 0.04139, "loss_std": 0.00012, "lr": 0.0005, "lr_std": 0.0, "params": 9744496.0, "params_std": 0.0, "time_iter": 0.24905, "time_iter_std": 0.00992, "accuracy": 0.98315, "accuracy_std": 7e-05, "ap": 0.15572, "ap_std": 0.00188, "auc": 0.84329, "auc_std": 0.00171}
{"epoch": 7, "time_epoch": 171.81484, "time_epoch_std": 7.46268, "eta": 16113.37834, "eta_std": 626.82612, "eta_hours": 4.47594, "eta_hours_std": 0.17412, "loss": 0.04018, "loss_std": 0.0001, "lr": 0.0005, "lr_std": 0.0, "params": 9744496.0, "params_std": 0.0, "time_iter": 0.25082, "time_iter_std": 0.01089, "accuracy": 0.98359, "accuracy_std": 5e-05, "ap": 0.17435, "ap_std": 0.00189, "auc": 0.85528, "auc_std": 0.00115}
{"epoch": 8, "time_epoch": 170.07801, "time_epoch_std": 6.72805, "eta": 15886.99578, "eta_std": 615.47538, "eta_hours": 4.41306, "eta_hours_std": 0.17097, "loss": 0.03917, "loss_std": 8e-05, "lr": 0.0005, "lr_std": 0.0, "params": 9744496.0, "params_std": 0.0, "time_iter": 0.24829, "time_iter_std": 0.00982, "accuracy": 0.98391, "accuracy_std": 8e-05, "ap": 0.19201, "ap_std": 0.00189, "auc": 0.86435, "auc_std": 0.00072}
{"epoch": 9, "time_epoch": 172.17175, "time_epoch_std": 8.31085, "eta": 15690.71781, "eta_std": 620.7198, "eta_hours": 4.35853, "eta_hours_std": 0.17242, "loss": 0.03834, "loss_std": 0.00013, "lr": 0.0005, "lr_std": 0.0, "params": 9744496.0, "params_std": 0.0, "time_iter": 0.25135, "time_iter_std": 0.01213, "accuracy": 0.98424, "accuracy_std": 6e-05, "ap": 0.20712, "ap_std": 0.00325, "auc": 0.87145, "auc_std": 0.00137}
{"epoch": 10, "time_epoch": 171.27353, "time_epoch_std": 9.22773, "eta": 15491.55537, "eta_std": 631.20532, "eta_hours": 4.30321, "eta_hours_std": 0.17533, "loss": 0.03763, "loss_std": 0.00014, "lr": 0.0005, "lr_std": 0.0, "params": 9744496.0, "params_std": 0.0, "time_iter": 0.25004, "time_iter_std": 0.01347, "accuracy": 0.98449, "accuracy_std": 6e-05, "ap": 0.22093, "ap_std": 0.00261, "auc": 0.87703, "auc_std": 0.00131}
{"epoch": 11, "time_epoch": 171.41696, "time_epoch_std": 8.67153, "eta": 15298.09294, "eta_std": 633.26892, "eta_hours": 4.24947, "eta_hours_std": 0.17591, "loss": 0.03689, "loss_std": 0.0001, "lr": 0.0005, "lr_std": 0.0, "params": 9744496.0, "params_std": 0.0, "time_iter": 0.25024, "time_iter_std": 0.01266, "accuracy": 0.9848, "accuracy_std": 4e-05, "ap": 0.23659, "ap_std": 0.00188, "auc": 0.88268, "auc_std": 0.00078}
{"epoch": 12, "time_epoch": 172.94115, "time_epoch_std": 9.35318, "eta": 15118.22245, "eta_std": 636.90868, "eta_hours": 4.1995, "eta_hours_std": 0.17692, "loss": 0.03621, "loss_std": 0.0001, "lr": 0.00049, "lr_std": 0.0, "params": 9744496.0, "params_std": 0.0, "time_iter": 0.25247, "time_iter_std": 0.01365, "accuracy": 0.98505, "accuracy_std": 5e-05, "ap": 0.25036, "ap_std": 0.00248, "auc": 0.88742, "auc_std": 0.00088}
{"epoch": 13, "time_epoch": 170.06257, "time_epoch_std": 6.76091, "eta": 14921.65918, "eta_std": 622.52892, "eta_hours": 4.14491, "eta_hours_std": 0.17292, "loss": 0.03561, "loss_std": 0.00012, "lr": 0.00049, "lr_std": 0.0, "params": 9744496.0, "params_std": 0.0, "time_iter": 0.24826, "time_iter_std": 0.00987, "accuracy": 0.98529, "accuracy_std": 8e-05, "ap": 0.26365, "ap_std": 0.00315, "auc": 0.89208, "auc_std": 0.00081}
{"epoch": 14, "time_epoch": 171.44089, "time_epoch_std": 9.38115, "eta": 14736.43979, "eta_std": 621.13884, "eta_hours": 4.09346, "eta_hours_std": 0.17254, "loss": 0.0351, "loss_std": 0.00015, "lr": 0.00049, "lr_std": 0.0, "params": 9744496.0, "params_std": 0.0, "time_iter": 0.25028, "time_iter_std": 0.0137, "accuracy": 0.98545, "accuracy_std": 9e-05, "ap": 0.27443, "ap_std": 0.00326, "auc": 0.8954, "auc_std": 0.00104}
{"epoch": 15, "time_epoch": 171.59911, "time_epoch_std": 7.40113, "eta": 14553.77336, "eta_std": 612.16704, "eta_hours": 4.04271, "eta_hours_std": 0.17005, "loss": 0.03456, "loss_std": 0.00025, "lr": 0.00049, "lr_std": 0.0, "params": 9744496.0, "params_std": 0.0, "time_iter": 0.25051, "time_iter_std": 0.01081, "accuracy": 0.98567, "accuracy_std": 0.00011, "ap": 0.28706, "ap_std": 0.00485, "auc": 0.89902, "auc_std": 0.0013}
{"epoch": 16, "time_epoch": 170.64501, "time_epoch_std": 6.71054, "eta": 14367.75073, "eta_std": 601.79983, "eta_hours": 3.99104, "eta_hours_std": 0.16717, "loss": 0.03408, "loss_std": 0.00028, "lr": 0.00048, "lr_std": 0.0, "params": 9744496.0, "params_std": 0.0, "time_iter": 0.24912, "time_iter_std": 0.0098, "accuracy": 0.98586, "accuracy_std": 0.00011, "ap": 0.29844, "ap_std": 0.00649, "auc": 0.9022, "auc_std": 0.00157}
{"epoch": 17, "time_epoch": 171.01377, "time_epoch_std": 6.59031, "eta": 14185.11662, "eta_std": 590.5251, "eta_hours": 3.94031, "eta_hours_std": 0.16404, "loss": 0.03366, "loss_std": 0.0004, "lr": 0.00048, "lr_std": 0.0, "params": 9744496.0, "params_std": 0.0, "time_iter": 0.24966, "time_iter_std": 0.00962, "accuracy": 0.98602, "accuracy_std": 0.00018, "ap": 0.30819, "ap_std": 0.00826, "auc": 0.90564, "auc_std": 0.00244}
{"epoch": 18, "time_epoch": 170.39094, "time_epoch_std": 6.89188, "eta": 14001.05049, "eta_std": 581.49586, "eta_hours": 3.88918, "eta_hours_std": 0.16153, "loss": 0.03388, "loss_std": 0.00244, "lr": 0.00048, "lr_std": 0.0, "params": 9744496.0, "params_std": 0.0, "time_iter": 0.24874, "time_iter_std": 0.01006, "accuracy": 0.98595, "accuracy_std": 0.00089, "ap": 0.30723, "ap_std": 0.04277, "auc": 0.90368, "auc_std": 0.0159}
{"epoch": 19, "time_epoch": 170.87943, "time_epoch_std": 8.58631, "eta": 13820.30584, "eta_std": 579.33598, "eta_hours": 3.83898, "eta_hours_std": 0.16093, "loss": 0.03336, "loss_std": 0.00214, "lr": 0.00047, "lr_std": 0.0, "params": 9744496.0, "params_std": 0.0, "time_iter": 0.24946, "time_iter_std": 0.01254, "accuracy": 0.98613, "accuracy_std": 0.00079, "ap": 0.31939, "ap_std": 0.0381, "auc": 0.90795, "auc_std": 0.01282}
{"epoch": 20, "time_epoch": 171.85255, "time_epoch_std": 6.67988, "eta": 13644.1615, "eta_std": 569.38007, "eta_hours": 3.79005, "eta_hours_std": 0.15816, "loss": 0.03286, "loss_std": 0.0019, "lr": 0.00047, "lr_std": 0.0, "params": 9744496.0, "params_std": 0.0, "time_iter": 0.25088, "time_iter_std": 0.00975, "accuracy": 0.98637, "accuracy_std": 0.00069, "ap": 0.33103, "ap_std": 0.03613, "auc": 0.9112, "auc_std": 0.01132}
{"epoch": 21, "time_epoch": 172.33939, "time_epoch_std": 9.44869, "eta": 13470.13339, "eta_std": 567.26469, "eta_hours": 3.7417, "eta_hours_std": 0.15757, "loss": 0.03255, "loss_std": 0.00197, "lr": 0.00047, "lr_std": 0.0, "params": 9744496.0, "params_std": 0.0, "time_iter": 0.25159, "time_iter_std": 0.01379, "accuracy": 0.98649, "accuracy_std": 0.00072, "ap": 0.33944, "ap_std": 0.03612, "auc": 0.9135, "auc_std": 0.01118}
{"epoch": 22, "time_epoch": 170.60438, "time_epoch_std": 5.87716, "eta": 13290.44363, "eta_std": 554.79411, "eta_hours": 3.69179, "eta_hours_std": 0.15411, "loss": 0.03226, "loss_std": 0.00175, "lr": 0.00046, "lr_std": 0.0, "params": 9744496.0, "params_std": 0.0, "time_iter": 0.24906, "time_iter_std": 0.00858, "accuracy": 0.98657, "accuracy_std": 0.00064, "ap": 0.34584, "ap_std": 0.0333, "auc": 0.91583, "auc_std": 0.00961}
{"epoch": 23, "time_epoch": 170.81873, "time_epoch_std": 5.16284, "eta": 13112.18975, "eta_std": 540.51386, "eta_hours": 3.64227, "eta_hours_std": 0.15014, "loss": 0.03216, "loss_std": 0.00183, "lr": 0.00046, "lr_std": 0.0, "params": 9744496.0, "params_std": 0.0, "time_iter": 0.24937, "time_iter_std": 0.00754, "accuracy": 0.98662, "accuracy_std": 0.00068, "ap": 0.3495, "ap_std": 0.03638, "auc": 0.91666, "auc_std": 0.01003}
{"epoch": 24, "time_epoch": 169.02643, "time_epoch_std": 4.74192, "eta": 12929.15378, "eta_std": 525.23805, "eta_hours": 3.59143, "eta_hours_std": 0.1459, "loss": 0.03213, "loss_std": 0.00226, "lr": 0.00045, "lr_std": 0.0, "params": 9744496.0, "params_std": 0.0, "time_iter": 0.24675, "time_iter_std": 0.00692, "accuracy": 0.98658, "accuracy_std": 0.00093, "ap": 0.35139, "ap_std": 0.04461, "auc": 0.91714, "auc_std": 0.01282}
{"epoch": 25, "time_epoch": 171.16078, "time_epoch_std": 5.68137, "eta": 12753.27018, "eta_std": 513.96997, "eta_hours": 3.54258, "eta_hours_std": 0.14277, "loss": 0.0317, "loss_std": 0.00201, "lr": 0.00045, "lr_std": 0.0, "params": 9744496.0, "params_std": 0.0, "time_iter": 0.24987, "time_iter_std": 0.00829, "accuracy": 0.98676, "accuracy_std": 0.00085, "ap": 0.36216, "ap_std": 0.04062, "auc": 0.91997, "auc_std": 0.0113}
{"epoch": 26, "time_epoch": 170.32374, "time_epoch_std": 6.1637, "eta": 12575.4733, "eta_std": 504.66843, "eta_hours": 3.49319, "eta_hours_std": 0.14019, "loss": 0.03125, "loss_std": 0.00181, "lr": 0.00044, "lr_std": 0.0, "params": 9744496.0, "params_std": 0.0, "time_iter": 0.24865, "time_iter_std": 0.009, "accuracy": 0.98695, "accuracy_std": 0.00076, "ap": 0.37236, "ap_std": 0.03745, "auc": 0.92268, "auc_std": 0.00999}
{"epoch": 27, "time_epoch": 169.77331, "time_epoch_std": 6.0648, "eta": 12396.79483, "eta_std": 494.00152, "eta_hours": 3.44356, "eta_hours_std": 0.13722, "loss": 0.0309, "loss_std": 0.00166, "lr": 0.00044, "lr_std": 0.0, "params": 9744496.0, "params_std": 0.0, "time_iter": 0.24784, "time_iter_std": 0.00885, "accuracy": 0.98708, "accuracy_std": 0.00069, "ap": 0.38098, "ap_std": 0.0348, "auc": 0.92521, "auc_std": 0.00902}
{"epoch": 28, "time_epoch": 169.83434, "time_epoch_std": 4.26517, "eta": 12218.8799, "eta_std": 479.50528, "eta_hours": 3.39414, "eta_hours_std": 0.1332, "loss": 0.03055, "loss_std": 0.00162, "lr": 0.00043, "lr_std": 0.0, "params": 9744496.0, "params_std": 0.0, "time_iter": 0.24794, "time_iter_std": 0.00623, "accuracy": 0.98723, "accuracy_std": 0.00068, "ap": 0.38979, "ap_std": 0.03406, "auc": 0.92715, "auc_std": 0.00897}
{"epoch": 29, "time_epoch": 169.71778, "time_epoch_std": 6.75439, "eta": 12041.23172, "eta_std": 471.86941, "eta_hours": 3.34479, "eta_hours_std": 0.13108, "loss": 0.0303, "loss_std": 0.00164, "lr": 0.00043, "lr_std": 0.0, "params": 9744496.0, "params_std": 0.0, "time_iter": 0.24776, "time_iter_std": 0.00986, "accuracy": 0.98733, "accuracy_std": 0.00069, "ap": 0.39611, "ap_std": 0.03573, "auc": 0.92919, "auc_std": 0.00884}
{"epoch": 30, "time_epoch": 169.45707, "time_epoch_std": 5.79872, "eta": 11863.51489, "eta_std": 462.3558, "eta_hours": 3.29542, "eta_hours_std": 0.12843, "loss": 0.03007, "loss_std": 0.00165, "lr": 0.00042, "lr_std": 0.0, "params": 9744496.0, "params_std": 0.0, "time_iter": 0.24738, "time_iter_std": 0.00846, "accuracy": 0.98743, "accuracy_std": 0.0007, "ap": 0.40279, "ap_std": 0.03647, "auc": 0.93034, "auc_std": 0.00881}
{"epoch": 31, "time_epoch": 169.25769, "time_epoch_std": 5.98403, "eta": 11685.89061, "eta_std": 453.10071, "eta_hours": 3.24608, "eta_hours_std": 0.12586, "loss": 0.02982, "loss_std": 0.00161, "lr": 0.00041, "lr_std": 0.0, "params": 9744496.0, "params_std": 0.0, "time_iter": 0.24709, "time_iter_std": 0.00874, "accuracy": 0.98756, "accuracy_std": 0.0007, "ap": 0.40859, "ap_std": 0.03517, "auc": 0.93232, "auc_std": 0.00868}
{"epoch": 32, "time_epoch": 169.62693, "time_epoch_std": 6.2299, "eta": 11509.52307, "eta_std": 445.41532, "eta_hours": 3.19709, "eta_hours_std": 0.12373, "loss": 0.02956, "loss_std": 0.00161, "lr": 0.00041, "lr_std": 0.0, "params": 9744496.0, "params_std": 0.0, "time_iter": 0.24763, "time_iter_std": 0.00909, "accuracy": 0.98765, "accuracy_std": 0.0007, "ap": 0.41586, "ap_std": 0.03561, "auc": 0.9339, "auc_std": 0.00874}
{"epoch": 33, "time_epoch": 170.64667, "time_epoch_std": 6.51754, "eta": 11335.53152, "eta_std": 438.13502, "eta_hours": 3.14876, "eta_hours_std": 0.1217, "loss": 0.02937, "loss_std": 0.00169, "lr": 0.0004, "lr_std": 0.0, "params": 9744496.0, "params_std": 0.0, "time_iter": 0.24912, "time_iter_std": 0.00952, "accuracy": 0.98772, "accuracy_std": 0.00075, "ap": 0.42089, "ap_std": 0.03775, "auc": 0.93509, "auc_std": 0.0091}
{"epoch": 34, "time_epoch": 171.79303, "time_epoch_std": 7.48216, "eta": 11163.86007, "eta_std": 432.50687, "eta_hours": 3.10107, "eta_hours_std": 0.12014, "loss": 0.02912, "loss_std": 0.00175, "lr": 0.00039, "lr_std": 0.0, "params": 9744496.0, "params_std": 0.0, "time_iter": 0.25079, "time_iter_std": 0.01092, "accuracy": 0.98782, "accuracy_std": 0.00077, "ap": 0.42811, "ap_std": 0.03903, "auc": 0.93681, "auc_std": 0.00941}
{"epoch": 35, "time_epoch": 171.20266, "time_epoch_std": 8.16186, "eta": 10991.13232, "eta_std": 428.02872, "eta_hours": 3.05309, "eta_hours_std": 0.1189, "loss": 0.02886, "loss_std": 0.0017, "lr": 0.00039, "lr_std": 0.0, "params": 9744496.0, "params_std": 0.0, "time_iter": 0.24993, "time_iter_std": 0.01192, "accuracy": 0.98795, "accuracy_std": 0.00075, "ap": 0.4339, "ap_std": 0.03855, "auc": 0.9385, "auc_std": 0.00911}
{"epoch": 36, "time_epoch": 171.34313, "time_epoch_std": 8.25094, "eta": 10818.72619, "eta_std": 423.53212, "eta_hours": 3.0052, "eta_hours_std": 0.11765, "loss": 0.02866, "loss_std": 0.00169, "lr": 0.00038, "lr_std": 0.0, "params": 9744496.0, "params_std": 0.0, "time_iter": 0.25014, "time_iter_std": 0.01205, "accuracy": 0.98803, "accuracy_std": 0.00078, "ap": 0.43942, "ap_std": 0.03835, "auc": 0.93972, "auc_std": 0.00909}
{"epoch": 37, "time_epoch": 171.46911, "time_epoch_std": 9.45827, "eta": 10646.58154, "eta_std": 420.55914, "eta_hours": 2.95738, "eta_hours_std": 0.11682, "loss": 0.0284, "loss_std": 0.00172, "lr": 0.00037, "lr_std": 0.0, "params": 9744496.0, "params_std": 0.0, "time_iter": 0.25032, "time_iter_std": 0.01381, "accuracy": 0.98815, "accuracy_std": 0.00074, "ap": 0.44587, "ap_std": 0.03991, "auc": 0.9412, "auc_std": 0.0092}
{"epoch": 38, "time_epoch": 172.32374, "time_epoch_std": 10.38407, "eta": 10475.80826, "eta_std": 418.85353, "eta_hours": 2.90995, "eta_hours_std": 0.11635, "loss": 0.02815, "loss_std": 0.00168, "lr": 0.00037, "lr_std": 0.0, "params": 9744496.0, "params_std": 0.0, "time_iter": 0.25157, "time_iter_std": 0.01516, "accuracy": 0.98823, "accuracy_std": 0.00072, "ap": 0.45278, "ap_std": 0.03863, "auc": 0.94286, "auc_std": 0.00891}
{"epoch": 39, "time_epoch": 172.1659, "time_epoch_std": 7.16959, "eta": 10304.72071, "eta_std": 411.69013, "eta_hours": 2.86242, "eta_hours_std": 0.11436, "loss": 0.02789, "loss_std": 0.00166, "lr": 0.00036, "lr_std": 0.0, "params": 9744496.0, "params_std": 0.0, "time_iter": 0.25134, "time_iter_std": 0.01047, "accuracy": 0.98837, "accuracy_std": 0.00073, "ap": 0.45968, "ap_std": 0.03838, "auc": 0.94449, "auc_std": 0.00881}
{"epoch": 40, "time_epoch": 170.9287, "time_epoch_std": 7.57036, "eta": 10131.80019, "eta_std": 404.9155, "eta_hours": 2.81439, "eta_hours_std": 0.11247, "loss": 0.02768, "loss_std": 0.00166, "lr": 0.00035, "lr_std": 0.0, "params": 9744496.0, "params_std": 0.0, "time_iter": 0.24953, "time_iter_std": 0.01105, "accuracy": 0.98845, "accuracy_std": 0.00071, "ap": 0.46533, "ap_std": 0.03872, "auc": 0.94556, "auc_std": 0.00872}
{"epoch": 41, "time_epoch": 171.62612, "time_epoch_std": 7.93395, "eta": 9959.93763, "eta_std": 399.32186, "eta_hours": 2.76665, "eta_hours_std": 0.11092, "loss": 0.02747, "loss_std": 0.00168, "lr": 0.00034, "lr_std": 0.0, "params": 9744496.0, "params_std": 0.0, "time_iter": 0.25055, "time_iter_std": 0.01158, "accuracy": 0.98854, "accuracy_std": 0.00074, "ap": 0.47042, "ap_std": 0.03959, "auc": 0.94676, "auc_std": 0.00893}
{"epoch": 42, "time_epoch": 172.31189, "time_epoch_std": 8.7594, "eta": 9788.9951, "eta_std": 394.77299, "eta_hours": 2.71917, "eta_hours_std": 0.10966, "loss": 0.02723, "loss_std": 0.00167, "lr": 0.00034, "lr_std": 0.0, "params": 9744496.0, "params_std": 0.0, "time_iter": 0.25155, "time_iter_std": 0.01279, "accuracy": 0.98863, "accuracy_std": 0.00073, "ap": 0.47726, "ap_std": 0.03891, "auc": 0.94836, "auc_std": 0.00859}
{"epoch": 43, "time_epoch": 171.06851, "time_epoch_std": 8.1575, "eta": 9616.40785, "eta_std": 389.08909, "eta_hours": 2.67122, "eta_hours_std": 0.10808, "loss": 0.027, "loss_std": 0.00166, "lr": 0.00033, "lr_std": 0.0, "params": 9744496.0, "params_std": 0.0, "time_iter": 0.24974, "time_iter_std": 0.01191, "accuracy": 0.98872, "accuracy_std": 0.00073, "ap": 0.48378, "ap_std": 0.03891, "auc": 0.94963, "auc_std": 0.00861}
{"epoch": 44, "time_epoch": 172.57209, "time_epoch_std": 8.32222, "eta": 9445.72581, "eta_std": 383.46528, "eta_hours": 2.62381, "eta_hours_std": 0.10652, "loss": 0.02679, "loss_std": 0.0017, "lr": 0.00032, "lr_std": 0.0, "params": 9744496.0, "params_std": 0.0, "time_iter": 0.25193, "time_iter_std": 0.01215, "accuracy": 0.98882, "accuracy_std": 0.00075, "ap": 0.48868, "ap_std": 0.04021, "auc": 0.95083, "auc_std": 0.0088}
{"epoch": 45, "time_epoch": 169.86391, "time_epoch_std": 6.75929, "eta": 9271.78242, "eta_std": 375.88925, "eta_hours": 2.57549, "eta_hours_std": 0.10441, "loss": 0.02656, "loss_std": 0.0017, "lr": 0.00031, "lr_std": 0.0, "params": 9744496.0, "params_std": 0.0, "time_iter": 0.24798, "time_iter_std": 0.00987, "accuracy": 0.98891, "accuracy_std": 0.00074, "ap": 0.49497, "ap_std": 0.04006, "auc": 0.95207, "auc_std": 0.00876}
{"epoch": 46, "time_epoch": 170.12421, "time_epoch_std": 6.87284, "eta": 9098.30616, "eta_std": 368.65506, "eta_hours": 2.52731, "eta_hours_std": 0.1024, "loss": 0.02637, "loss_std": 0.00171, "lr": 0.0003, "lr_std": 0.0, "params": 9744496.0, "params_std": 0.0, "time_iter": 0.24836, "time_iter_std": 0.01003, "accuracy": 0.98901, "accuracy_std": 0.00077, "ap": 0.50023, "ap_std": 0.04059, "auc": 0.95298, "auc_std": 0.00862}
{"epoch": 47, "time_epoch": 172.02014, "time_epoch_std": 6.90571, "eta": 8927.02348, "eta_std": 361.20126, "eta_hours": 2.47973, "eta_hours_std": 0.10033, "loss": 0.02617, "loss_std": 0.00174, "lr": 0.0003, "lr_std": 0.0, "params": 9744496.0, "params_std": 0.0, "time_iter": 0.25112, "time_iter_std": 0.01008, "accuracy": 0.98909, "accuracy_std": 0.00077, "ap": 0.50602, "ap_std": 0.04192, "auc": 0.95412, "auc_std": 0.00882}
{"epoch": 48, "time_epoch": 169.47856, "time_epoch_std": 5.39081, "eta": 8753.0654, "eta_std": 352.49861, "eta_hours": 2.43141, "eta_hours_std": 0.09792, "loss": 0.02597, "loss_std": 0.00176, "lr": 0.00029, "lr_std": 0.0, "params": 9744496.0, "params_std": 0.0, "time_iter": 0.24741, "time_iter_std": 0.00787, "accuracy": 0.98917, "accuracy_std": 0.00079, "ap": 0.51103, "ap_std": 0.04271, "auc": 0.95528, "auc_std": 0.00877}
{"epoch": 49, "time_epoch": 169.83818, "time_epoch_std": 4.92426, "eta": 8579.64611, "eta_std": 343.33112, "eta_hours": 2.38323, "eta_hours_std": 0.09537, "loss": 0.02578, "loss_std": 0.00175, "lr": 0.00028, "lr_std": 0.0, "params": 9744496.0, "params_std": 0.0, "time_iter": 0.24794, "time_iter_std": 0.00719, "accuracy": 0.98926, "accuracy_std": 0.00074, "ap": 0.51662, "ap_std": 0.04168, "auc": 0.95635, "auc_std": 0.00882}
{"epoch": 50, "time_epoch": 170.6165, "time_epoch_std": 5.5847, "eta": 8407.11506, "eta_std": 335.01764, "eta_hours": 2.33531, "eta_hours_std": 0.09306, "loss": 0.02559, "loss_std": 0.00176, "lr": 0.00027, "lr_std": 0.0, "params": 9744496.0, "params_std": 0.0, "time_iter": 0.24908, "time_iter_std": 0.00815, "accuracy": 0.98933, "accuracy_std": 0.00077, "ap": 0.52094, "ap_std": 0.04316, "auc": 0.95741, "auc_std": 0.00867}
{"epoch": 51, "time_epoch": 170.83502, "time_epoch_std": 7.20346, "eta": 8234.85936, "eta_std": 328.31405, "eta_hours": 2.28746, "eta_hours_std": 0.0912, "loss": 0.0254, "loss_std": 0.0018, "lr": 0.00026, "lr_std": 0.0, "params": 9744496.0, "params_std": 0.0, "time_iter": 0.24939, "time_iter_std": 0.01052, "accuracy": 0.98941, "accuracy_std": 0.00079, "ap": 0.52664, "ap_std": 0.04345, "auc": 0.9582, "auc_std": 0.00873}
{"epoch": 52, "time_epoch": 170.97675, "time_epoch_std": 5.76591, "eta": 8062.78295, "eta_std": 320.46203, "eta_hours": 2.23966, "eta_hours_std": 0.08902, "loss": 0.02522, "loss_std": 0.00182, "lr": 0.00025, "lr_std": 0.0, "params": 9744496.0, "params_std": 0.0, "time_iter": 0.2496, "time_iter_std": 0.00842, "accuracy": 0.98949, "accuracy_std": 0.00082, "ap": 0.53159, "ap_std": 0.044, "auc": 0.95897, "auc_std": 0.00896}
{"epoch": 53, "time_epoch": 170.95599, "time_epoch_std": 8.51138, "eta": 7890.72958, "eta_std": 314.73933, "eta_hours": 2.19187, "eta_hours_std": 0.08743, "loss": 0.02502, "loss_std": 0.00183, "lr": 0.00025, "lr_std": 0.0, "params": 9744496.0, "params_std": 0.0, "time_iter": 0.24957, "time_iter_std": 0.01243, "accuracy": 0.98957, "accuracy_std": 0.00081, "ap": 0.53637, "ap_std": 0.04407, "auc": 0.96011, "auc_std": 0.00887}
{"epoch": 54, "time_epoch": 169.31154, "time_epoch_std": 5.27333, "eta": 7717.37066, "eta_std": 306.39053, "eta_hours": 2.14371, "eta_hours_std": 0.08511, "loss": 0.02485, "loss_std": 0.00183, "lr": 0.00024, "lr_std": 0.0, "params": 9744496.0, "params_std": 0.0, "time_iter": 0.24717, "time_iter_std": 0.0077, "accuracy": 0.98964, "accuracy_std": 0.00082, "ap": 0.54147, "ap_std": 0.04427, "auc": 0.96095, "auc_std": 0.0087}
{"epoch": 55, "time_epoch": 169.33187, "time_epoch_std": 4.61361, "eta": 7544.17226, "eta_std": 297.37135, "eta_hours": 2.0956, "eta_hours_std": 0.0826, "loss": 0.02465, "loss_std": 0.00187, "lr": 0.00023, "lr_std": 0.0, "params": 9744496.0, "params_std": 0.0, "time_iter": 0.2472, "time_iter_std": 0.00673, "accuracy": 0.98973, "accuracy_std": 0.00085, "ap": 0.54698, "ap_std": 0.04628, "auc": 0.96188, "auc_std": 0.0089}
{"epoch": 56, "time_epoch": 169.36047, "time_epoch_std": 7.07177, "eta": 7371.1311, "eta_std": 290.58879, "eta_hours": 2.04754, "eta_hours_std": 0.08072, "loss": 0.02448, "loss_std": 0.0019, "lr": 0.00022, "lr_std": 0.0, "params": 9744496.0, "params_std": 0.0, "time_iter": 0.24724, "time_iter_std": 0.01032, "accuracy": 0.9898, "accuracy_std": 0.00084, "ap": 0.55146, "ap_std": 0.0469, "auc": 0.96262, "auc_std": 0.009}
{"epoch": 57, "time_epoch": 171.61645, "time_epoch_std": 8.19839, "eta": 7199.8505, "eta_std": 284.71505, "eta_hours": 1.99996, "eta_hours_std": 0.07909, "loss": 0.02432, "loss_std": 0.00192, "lr": 0.00021, "lr_std": 0.0, "params": 9744496.0, "params_std": 0.0, "time_iter": 0.25054, "time_iter_std": 0.01197, "accuracy": 0.98988, "accuracy_std": 0.00088, "ap": 0.55618, "ap_std": 0.04653, "auc": 0.96346, "auc_std": 0.00896}
{"epoch": 58, "time_epoch": 171.90762, "time_epoch_std": 8.91811, "eta": 7028.76086, "eta_std": 279.07418, "eta_hours": 1.95243, "eta_hours_std": 0.07752, "loss": 0.02414, "loss_std": 0.00193, "lr": 0.0002, "lr_std": 0.0, "params": 9744496.0, "params_std": 0.0, "time_iter": 0.25096, "time_iter_std": 0.01302, "accuracy": 0.98995, "accuracy_std": 0.00086, "ap": 0.56048, "ap_std": 0.04752, "auc": 0.96418, "auc_std": 0.00888}
{"epoch": 59, "time_epoch": 169.82813, "time_epoch_std": 8.38076, "eta": 6856.25762, "eta_std": 273.25227, "eta_hours": 1.90452, "eta_hours_std": 0.0759, "loss": 0.02397, "loss_std": 0.00195, "lr": 0.0002, "lr_std": 0.0, "params": 9744496.0, "params_std": 0.0, "time_iter": 0.24792, "time_iter_std": 0.01223, "accuracy": 0.99002, "accuracy_std": 0.00085, "ap": 0.56564, "ap_std": 0.04761, "auc": 0.96495, "auc_std": 0.0089}
{"epoch": 60, "time_epoch": 170.83666, "time_epoch_std": 6.765, "eta": 6684.4869, "eta_std": 266.09128, "eta_hours": 1.8568, "eta_hours_std": 0.07391, "loss": 0.02381, "loss_std": 0.00198, "lr": 0.00019, "lr_std": 0.0, "params": 9744496.0, "params_std": 0.0, "time_iter": 0.2494, "time_iter_std": 0.00987, "accuracy": 0.9901, "accuracy_std": 0.00087, "ap": 0.5703, "ap_std": 0.04923, "auc": 0.96563, "auc_std": 0.00906}
{"epoch": 61, "time_epoch": 171.33208, "time_epoch_std": 8.06532, "eta": 6513.04994, "eta_std": 259.91983, "eta_hours": 1.80918, "eta_hours_std": 0.0722, "loss": 0.02364, "loss_std": 0.002, "lr": 0.00018, "lr_std": 0.0, "params": 9744496.0, "params_std": 0.0, "time_iter": 0.25012, "time_iter_std": 0.01177, "accuracy": 0.99016, "accuracy_std": 0.0009, "ap": 0.57328, "ap_std": 0.0484, "auc": 0.96639, "auc_std": 0.00905}
{"epoch": 62, "time_epoch": 169.86715, "time_epoch_std": 7.34104, "eta": 6340.75596, "eta_std": 253.23134, "eta_hours": 1.76132, "eta_hours_std": 0.07034, "loss": 0.02348, "loss_std": 0.002, "lr": 0.00017, "lr_std": 0.0, "params": 9744496.0, "params_std": 0.0, "time_iter": 0.24798, "time_iter_std": 0.01072, "accuracy": 0.99023, "accuracy_std": 0.00089, "ap": 0.57828, "ap_std": 0.04998, "auc": 0.96719, "auc_std": 0.00886}
{"epoch": 63, "time_epoch": 172.49192, "time_epoch_std": 9.5878, "eta": 6170.01426, "eta_std": 247.52711, "eta_hours": 1.71389, "eta_hours_std": 0.06876, "loss": 0.02333, "loss_std": 0.00202, "lr": 0.00016, "lr_std": 0.0, "params": 9744496.0, "params_std": 0.0, "time_iter": 0.25181, "time_iter_std": 0.014, "accuracy": 0.99031, "accuracy_std": 0.00091, "ap": 0.5821, "ap_std": 0.04976, "auc": 0.96769, "auc_std": 0.00913}
{"epoch": 64, "time_epoch": 171.96453, "time_epoch_std": 11.90147, "eta": 5998.93472, "eta_std": 242.25191, "eta_hours": 1.66637, "eta_hours_std": 0.06729, "loss": 0.02318, "loss_std": 0.00204, "lr": 0.00016, "lr_std": 0.0, "params": 9744496.0, "params_std": 0.0, "time_iter": 0.25104, "time_iter_std": 0.01737, "accuracy": 0.99037, "accuracy_std": 0.00091, "ap": 0.58563, "ap_std": 0.05039, "auc": 0.96839, "auc_std": 0.00898}
{"epoch": 65, "time_epoch": 171.02573, "time_epoch_std": 7.6011, "eta": 5827.34474, "eta_std": 235.5557, "eta_hours": 1.61871, "eta_hours_std": 0.06543, "loss": 0.02303, "loss_std": 0.00204, "lr": 0.00015, "lr_std": 0.0, "params": 9744496.0, "params_std": 0.0, "time_iter": 0.24967, "time_iter_std": 0.0111, "accuracy": 0.99043, "accuracy_std": 0.0009, "ap": 0.59006, "ap_std": 0.05008, "auc": 0.96905, "auc_std": 0.00888}
{"epoch": 66, "time_epoch": 171.53526, "time_epoch_std": 7.47082, "eta": 5656.02257, "eta_std": 228.76928, "eta_hours": 1.57112, "eta_hours_std": 0.06355, "loss": 0.02288, "loss_std": 0.00207, "lr": 0.00014, "lr_std": 0.0, "params": 9744496.0, "params_std": 0.0, "time_iter": 0.25042, "time_iter_std": 0.01091, "accuracy": 0.99049, "accuracy_std": 0.00091, "ap": 0.59284, "ap_std": 0.05056, "auc": 0.96951, "auc_std": 0.00897}
{"epoch": 67, "time_epoch": 170.40456, "time_epoch_std": 6.70749, "eta": 5484.16203, "eta_std": 221.68123, "eta_hours": 1.52338, "eta_hours_std": 0.06158, "loss": 0.02273, "loss_std": 0.00207, "lr": 0.00013, "lr_std": 0.0, "params": 9744496.0, "params_std": 0.0, "time_iter": 0.24877, "time_iter_std": 0.00979, "accuracy": 0.99053, "accuracy_std": 0.00091, "ap": 0.59808, "ap_std": 0.05087, "auc": 0.9702, "auc_std": 0.0088}
{"epoch": 68, "time_epoch": 173.23632, "time_epoch_std": 9.73307, "eta": 5313.61594, "eta_std": 215.91058, "eta_hours": 1.476, "eta_hours_std": 0.05998, "loss": 0.02259, "loss_std": 0.00208, "lr": 0.00013, "lr_std": 0.0, "params": 9744496.0, "params_std": 0.0, "time_iter": 0.2529, "time_iter_std": 0.01421, "accuracy": 0.99059, "accuracy_std": 0.00091, "ap": 0.60206, "ap_std": 0.05106, "auc": 0.9707, "auc_std": 0.00877}
{"epoch": 69, "time_epoch": 173.18611, "time_epoch_std": 13.61239, "eta": 5142.97146, "eta_std": 211.09727, "eta_hours": 1.4286, "eta_hours_std": 0.05864, "loss": 0.02246, "loss_std": 0.00211, "lr": 0.00012, "lr_std": 0.0, "params": 9744496.0, "params_std": 0.0, "time_iter": 0.25283, "time_iter_std": 0.01987, "accuracy": 0.99065, "accuracy_std": 0.00092, "ap": 0.60502, "ap_std": 0.05167, "auc": 0.97126, "auc_std": 0.00874}
{"epoch": 70, "time_epoch": 169.80963, "time_epoch_std": 7.38558, "eta": 4970.87627, "eta_std": 204.08089, "eta_hours": 1.3808, "eta_hours_std": 0.05669, "loss": 0.02234, "loss_std": 0.00211, "lr": 0.00011, "lr_std": 0.0, "params": 9744496.0, "params_std": 0.0, "time_iter": 0.2479, "time_iter_std": 0.01078, "accuracy": 0.99071, "accuracy_std": 0.00093, "ap": 0.60852, "ap_std": 0.05141, "auc": 0.97169, "auc_std": 0.00878}
{"epoch": 71, "time_epoch": 171.26745, "time_epoch_std": 7.60761, "eta": 4799.41149, "eta_std": 197.22413, "eta_hours": 1.33317, "eta_hours_std": 0.05478, "loss": 0.02222, "loss_std": 0.00213, "lr": 0.00011, "lr_std": 0.0, "params": 9744496.0, "params_std": 0.0, "time_iter": 0.25002, "time_iter_std": 0.01111, "accuracy": 0.99077, "accuracy_std": 0.00093, "ap": 0.6113, "ap_std": 0.05199, "auc": 0.97205, "auc_std": 0.0088}
{"epoch": 72, "time_epoch": 170.86282, "time_epoch_std": 8.80954, "eta": 4627.80246, "eta_std": 190.66592, "eta_hours": 1.2855, "eta_hours_std": 0.05296, "loss": 0.02209, "loss_std": 0.00214, "lr": 0.0001, "lr_std": 0.0, "params": 9744496.0, "params_std": 0.0, "time_iter": 0.24943, "time_iter_std": 0.01286, "accuracy": 0.99078, "accuracy_std": 0.00095, "ap": 0.61446, "ap_std": 0.05252, "auc": 0.9726, "auc_std": 0.00876}
{"epoch": 73, "time_epoch": 171.04144, "time_epoch_std": 8.49199, "eta": 4456.27635, "eta_std": 183.93072, "eta_hours": 1.23785, "eta_hours_std": 0.05109, "loss": 0.02197, "loss_std": 0.00216, "lr": 9e-05, "lr_std": 0.0, "params": 9744496.0, "params_std": 0.0, "time_iter": 0.2497, "time_iter_std": 0.0124, "accuracy": 0.99089, "accuracy_std": 0.00096, "ap": 0.6195, "ap_std": 0.05347, "auc": 0.97305, "auc_std": 0.00876}
{"epoch": 74, "time_epoch": 171.74956, "time_epoch_std": 7.47836, "eta": 4284.99922, "eta_std": 176.8725, "eta_hours": 1.19028, "eta_hours_std": 0.04913, "loss": 0.02187, "loss_std": 0.00216, "lr": 9e-05, "lr_std": 0.0, "params": 9744496.0, "params_std": 0.0, "time_iter": 0.25073, "time_iter_std": 0.01092, "accuracy": 0.99092, "accuracy_std": 0.00093, "ap": 0.6208, "ap_std": 0.05317, "auc": 0.97341, "auc_std": 0.00869}
{"epoch": 75, "time_epoch": 172.35332, "time_epoch_std": 11.15139, "eta": 4113.9003, "eta_std": 170.64402, "eta_hours": 1.14275, "eta_hours_std": 0.0474, "loss": 0.02175, "loss_std": 0.00216, "lr": 8e-05, "lr_std": 0.0, "params": 9744496.0, "params_std": 0.0, "time_iter": 0.25161, "time_iter_std": 0.01628, "accuracy": 0.99099, "accuracy_std": 0.00094, "ap": 0.62353, "ap_std": 0.05395, "auc": 0.97372, "auc_std": 0.00872}
{"epoch": 76, "time_epoch": 171.58786, "time_epoch_std": 6.70243, "eta": 3942.54017, "eta_std": 163.35678, "eta_hours": 1.09515, "eta_hours_std": 0.04538, "loss": 0.02165, "loss_std": 0.00219, "lr": 7e-05, "lr_std": 0.0, "params": 9744496.0, "params_std": 0.0, "time_iter": 0.25049, "time_iter_std": 0.00978, "accuracy": 0.99101, "accuracy_std": 0.00097, "ap": 0.62703, "ap_std": 0.05441, "auc": 0.97418, "auc_std": 0.00873}
{"epoch": 77, "time_epoch": 172.0634, "time_epoch_std": 9.10084, "eta": 3771.30832, "eta_std": 156.5688, "eta_hours": 1.04759, "eta_hours_std": 0.04349, "loss": 0.02157, "loss_std": 0.0022, "lr": 7e-05, "lr_std": 0.0, "params": 9744496.0, "params_std": 0.0, "time_iter": 0.25119, "time_iter_std": 0.01329, "accuracy": 0.99104, "accuracy_std": 0.00098, "ap": 0.62826, "ap_std": 0.05391, "auc": 0.9743, "auc_std": 0.00876}
{"epoch": 78, "time_epoch": 172.09008, "time_epoch_std": 11.02264, "eta": 3600.06251, "eta_std": 150.15059, "eta_hours": 1.00002, "eta_hours_std": 0.04171, "loss": 0.02147, "loss_std": 0.00219, "lr": 6e-05, "lr_std": 0.0, "params": 9744496.0, "params_std": 0.0, "time_iter": 0.25123, "time_iter_std": 0.01609, "accuracy": 0.99109, "accuracy_std": 0.00098, "ap": 0.63095, "ap_std": 0.05382, "auc": 0.97462, "auc_std": 0.00862}
{"epoch": 79, "time_epoch": 172.16392, "time_epoch_std": 8.48585, "eta": 3428.81406, "eta_std": 143.27557, "eta_hours": 0.95245, "eta_hours_std": 0.0398, "loss": 0.02137, "loss_std": 0.00221, "lr": 6e-05, "lr_std": 0.0, "params": 9744496.0, "params_std": 0.0, "time_iter": 0.25134, "time_iter_std": 0.01239, "accuracy": 0.99114, "accuracy_std": 0.00098, "ap": 0.63375, "ap_std": 0.055, "auc": 0.97499, "auc_std": 0.00864}
{"epoch": 80, "time_epoch": 172.26137, "time_epoch_std": 12.57163, "eta": 3257.56586, "eta_std": 136.90239, "eta_hours": 0.90488, "eta_hours_std": 0.03803, "loss": 0.02129, "loss_std": 0.00221, "lr": 5e-05, "lr_std": 0.0, "params": 9744496.0, "params_std": 0.0, "time_iter": 0.25148, "time_iter_std": 0.01835, "accuracy": 0.99117, "accuracy_std": 0.00098, "ap": 0.6363, "ap_std": 0.05457, "auc": 0.97533, "auc_std": 0.00849}
{"epoch": 81, "time_epoch": 172.39225, "time_epoch_std": 10.67935, "eta": 3086.32167, "eta_std": 130.16759, "eta_hours": 0.85731, "eta_hours_std": 0.03616, "loss": 0.02122, "loss_std": 0.00222, "lr": 5e-05, "lr_std": 0.0, "params": 9744496.0, "params_std": 0.0, "time_iter": 0.25167, "time_iter_std": 0.01559, "accuracy": 0.99118, "accuracy_std": 0.00098, "ap": 0.63757, "ap_std": 0.0543, "auc": 0.97548, "auc_std": 0.00855}
{"epoch": 82, "time_epoch": 172.89317, "time_epoch_std": 11.2076, "eta": 2915.15242, "eta_std": 123.48249, "eta_hours": 0.80976, "eta_hours_std": 0.0343, "loss": 0.02115, "loss_std": 0.00224, "lr": 4e-05, "lr_std": 0.0, "params": 9744496.0, "params_std": 0.0, "time_iter": 0.2524, "time_iter_std": 0.01636, "accuracy": 0.99119, "accuracy_std": 0.00097, "ap": 0.63893, "ap_std": 0.05544, "auc": 0.97566, "auc_std": 0.00859}
{"epoch": 83, "time_epoch": 170.61933, "time_epoch_std": 9.62438, "eta": 2743.50902, "eta_std": 116.5139, "eta_hours": 0.76208, "eta_hours_std": 0.03236, "loss": 0.02107, "loss_std": 0.00223, "lr": 4e-05, "lr_std": 0.0, "params": 9744496.0, "params_std": 0.0, "time_iter": 0.24908, "time_iter_std": 0.01405, "accuracy": 0.99124, "accuracy_std": 0.00097, "ap": 0.64176, "ap_std": 0.05475, "auc": 0.97603, "auc_std": 0.00847}
{"epoch": 84, "time_epoch": 172.01169, "time_epoch_std": 10.38441, "eta": 2572.13542, "eta_std": 109.63732, "eta_hours": 0.71448, "eta_hours_std": 0.03046, "loss": 0.02101, "loss_std": 0.00225, "lr": 3e-05, "lr_std": 0.0, "params": 9744496.0, "params_std": 0.0, "time_iter": 0.25111, "time_iter_std": 0.01516, "accuracy": 0.99129, "accuracy_std": 0.00098, "ap": 0.64359, "ap_std": 0.05532, "auc": 0.97619, "auc_std": 0.00848}
{"epoch": 85, "time_epoch": 171.94622, "time_epoch_std": 9.70796, "eta": 2400.73632, "eta_std": 102.63093, "eta_hours": 0.66687, "eta_hours_std": 0.02851, "loss": 0.02095, "loss_std": 0.00225, "lr": 3e-05, "lr_std": 0.0, "params": 9744496.0, "params_std": 0.0, "time_iter": 0.25102, "time_iter_std": 0.01417, "accuracy": 0.99131, "accuracy_std": 0.001, "ap": 0.64486, "ap_std": 0.05554, "auc": 0.97635, "auc_std": 0.00853}
{"epoch": 86, "time_epoch": 171.82375, "time_epoch_std": 10.1885, "eta": 2229.30634, "eta_std": 95.68388, "eta_hours": 0.61925, "eta_hours_std": 0.02658, "loss": 0.02091, "loss_std": 0.00227, "lr": 3e-05, "lr_std": 0.0, "params": 9744496.0, "params_std": 0.0, "time_iter": 0.25084, "time_iter_std": 0.01488, "accuracy": 0.99132, "accuracy_std": 0.00101, "ap": 0.64617, "ap_std": 0.05535, "auc": 0.97646, "auc_std": 0.00867}
{"epoch": 87, "time_epoch": 173.12784, "time_epoch_std": 11.54774, "eta": 2058.04525, "eta_std": 88.77746, "eta_hours": 0.57168, "eta_hours_std": 0.02466, "loss": 0.02085, "loss_std": 0.00227, "lr": 2e-05, "lr_std": 0.0, "params": 9744496.0, "params_std": 0.0, "time_iter": 0.25274, "time_iter_std": 0.01686, "accuracy": 0.99136, "accuracy_std": 0.00099, "ap": 0.6468, "ap_std": 0.0553, "auc": 0.97662, "auc_std": 0.00848}
{"epoch": 88, "time_epoch": 172.02081, "time_epoch_std": 11.37283, "eta": 1886.60538, "eta_std": 81.80452, "eta_hours": 0.52406, "eta_hours_std": 0.02272, "loss": 0.0208, "loss_std": 0.00227, "lr": 2e-05, "lr_std": 0.0, "params": 9744496.0, "params_std": 0.0, "time_iter": 0.25112, "time_iter_std": 0.0166, "accuracy": 0.99137, "accuracy_std": 0.001, "ap": 0.64862, "ap_std": 0.05488, "auc": 0.97674, "auc_std": 0.00847}
{"epoch": 89, "time_epoch": 171.01133, "time_epoch_std": 8.67369, "eta": 1715.04044, "eta_std": 74.4901, "eta_hours": 0.4764, "eta_hours_std": 0.02069, "loss": 0.02078, "loss_std": 0.00226, "lr": 2e-05, "lr_std": 0.0, "params": 9744496.0, "params_std": 0.0, "time_iter": 0.24965, "time_iter_std": 0.01266, "accuracy": 0.99138, "accuracy_std": 0.00098, "ap": 0.64889, "ap_std": 0.05573, "auc": 0.97687, "auc_std": 0.00833}
{"epoch": 90, "time_epoch": 172.34868, "time_epoch_std": 9.13604, "eta": 1543.61993, "eta_std": 67.1776, "eta_hours": 0.42878, "eta_hours_std": 0.01866, "loss": 0.02073, "loss_std": 0.00228, "lr": 1e-05, "lr_std": 0.0, "params": 9744496.0, "params_std": 0.0, "time_iter": 0.2516, "time_iter_std": 0.01334, "accuracy": 0.9914, "accuracy_std": 0.00101, "ap": 0.65026, "ap_std": 0.05565, "auc": 0.97705, "auc_std": 0.00847}
{"epoch": 91, "time_epoch": 170.14162, "time_epoch_std": 6.30608, "eta": 1371.98733, "eta_std": 59.57215, "eta_hours": 0.38111, "eta_hours_std": 0.01655, "loss": 0.02071, "loss_std": 0.00228, "lr": 1e-05, "lr_std": 0.0, "params": 9744496.0, "params_std": 0.0, "time_iter": 0.24838, "time_iter_std": 0.00921, "accuracy": 0.99141, "accuracy_std": 0.00099, "ap": 0.65094, "ap_std": 0.05594, "auc": 0.97702, "auc_std": 0.00852}
{"epoch": 92, "time_epoch": 172.21031, "time_epoch_std": 10.50834, "eta": 1200.5425, "eta_std": 52.31701, "eta_hours": 0.33348, "eta_hours_std": 0.01453, "loss": 0.02067, "loss_std": 0.00229, "lr": 1e-05, "lr_std": 0.0, "params": 9744496.0, "params_std": 0.0, "time_iter": 0.2514, "time_iter_std": 0.01534, "accuracy": 0.99144, "accuracy_std": 0.00101, "ap": 0.65108, "ap_std": 0.05632, "auc": 0.97718, "auc_std": 0.00844}
{"epoch": 93, "time_epoch": 171.78991, "time_epoch_std": 7.9563, "eta": 1029.05454, "eta_std": 44.86481, "eta_hours": 0.28585, "eta_hours_std": 0.01246, "loss": 0.02066, "loss_std": 0.00229, "lr": 1e-05, "lr_std": 0.0, "params": 9744496.0, "params_std": 0.0, "time_iter": 0.25079, "time_iter_std": 0.01161, "accuracy": 0.99143, "accuracy_std": 0.00098, "ap": 0.65291, "ap_std": 0.05561, "auc": 0.97719, "auc_std": 0.00848}
{"epoch": 94, "time_epoch": 172.68134, "time_epoch_std": 12.66108, "eta": 857.60715, "eta_std": 37.60894, "eta_hours": 0.23823, "eta_hours_std": 0.01045, "loss": 0.02065, "loss_std": 0.0023, "lr": 0.0, "lr_std": 0.0, "params": 9744496.0, "params_std": 0.0, "time_iter": 0.25209, "time_iter_std": 0.01848, "accuracy": 0.99143, "accuracy_std": 0.00102, "ap": 0.65369, "ap_std": 0.0564, "auc": 0.97726, "auc_std": 0.00845}
{"epoch": 95, "time_epoch": 173.53824, "time_epoch_std": 10.17626, "eta": 686.16975, "eta_std": 30.17955, "eta_hours": 0.1906, "eta_hours_std": 0.00838, "loss": 0.02063, "loss_std": 0.00229, "lr": 0.0, "lr_std": 0.0, "params": 9744496.0, "params_std": 0.0, "time_iter": 0.25334, "time_iter_std": 0.01486, "accuracy": 0.99144, "accuracy_std": 0.001, "ap": 0.65283, "ap_std": 0.05557, "auc": 0.97728, "auc_std": 0.0085}
{"epoch": 96, "time_epoch": 170.9323, "time_epoch_std": 8.3253, "eta": 514.60844, "eta_std": 22.64255, "eta_hours": 0.14295, "eta_hours_std": 0.00629, "loss": 0.0206, "loss_std": 0.00229, "lr": 0.0, "lr_std": 0.0, "params": 9744496.0, "params_std": 0.0, "time_iter": 0.24954, "time_iter_std": 0.01215, "accuracy": 0.99146, "accuracy_std": 0.00102, "ap": 0.65396, "ap_std": 0.05675, "auc": 0.97733, "auc_std": 0.00842}
{"epoch": 97, "time_epoch": 172.18434, "time_epoch_std": 11.56328, "eta": 343.08552, "eta_std": 15.15796, "eta_hours": 0.0953, "eta_hours_std": 0.00421, "loss": 0.0206, "loss_std": 0.00229, "lr": 0.0, "lr_std": 0.0, "params": 9744496.0, "params_std": 0.0, "time_iter": 0.25136, "time_iter_std": 0.01688, "accuracy": 0.99145, "accuracy_std": 0.00098, "ap": 0.65388, "ap_std": 0.05588, "auc": 0.97732, "auc_std": 0.00842}
{"epoch": 98, "time_epoch": 173.23714, "time_epoch_std": 12.78765, "eta": 171.55988, "eta_std": 7.62196, "eta_hours": 0.04765, "eta_hours_std": 0.00212, "loss": 0.0206, "loss_std": 0.0023, "lr": 0.0, "lr_std": 0.0, "params": 9744496.0, "params_std": 0.0, "time_iter": 0.2529, "time_iter_std": 0.01867, "accuracy": 0.99147, "accuracy_std": 0.00101, "ap": 0.654, "ap_std": 0.05648, "auc": 0.97736, "auc_std": 0.00847}
{"epoch": 99, "time_epoch": 172.87676, "time_epoch_std": 13.9166, "eta": 0.0, "eta_std": 0.0, "eta_hours": 0.0, "eta_hours_std": 0.0, "loss": 0.02061, "loss_std": 0.0023, "lr": 0.0, "lr_std": 0.0, "params": 9744496.0, "params_std": 0.0, "time_iter": 0.25238, "time_iter_std": 0.02032, "accuracy": 0.99146, "accuracy_std": 0.00102, "ap": 0.6537, "ap_std": 0.05641, "auc": 0.97729, "auc_std": 0.00841}
