{"epoch": 0, "time_epoch": 39.34222, "eta": 5861.991, "eta_hours": 1.62833, "loss": 1.61496544, "lr": 0.0, "params": 527237, "time_iter": 0.17964, "accuracy": 0.2, "f1": 0.06667, "auc": 0.50114}
{"epoch": 1, "time_epoch": 38.30998, "eta": 5746.26319, "eta_hours": 1.59618, "loss": 1.53901676, "lr": 5e-05, "params": 527237, "time_iter": 0.17493, "accuracy": 0.37943, "f1": 0.30728, "auc": 0.77247}
{"epoch": 2, "time_epoch": 38.29323, "eta": 5681.32614, "eta_hours": 1.57815, "loss": 1.41332927, "lr": 0.0001, "params": 527237, "time_iter": 0.17485, "accuracy": 0.58086, "f1": 0.53941, "auc": 0.88541}
{"epoch": 3, "time_epoch": 38.20337, "eta": 5626.43111, "eta_hours": 1.5629, "loss": 1.32109393, "lr": 0.00015, "params": 527237, "time_iter": 0.17444, "accuracy": 0.72171, "f1": 0.7022, "auc": 0.91077}
{"epoch": 4, "time_epoch": 38.36141, "eta": 5582.79597, "eta_hours": 1.55078, "loss": 1.22104241, "lr": 0.0002, "params": 527237, "time_iter": 0.17517, "accuracy": 0.75629, "f1": 0.74066, "auc": 0.92423}
{"epoch": 5, "time_epoch": 38.50166, "eta": 5544.2848, "eta_hours": 1.54008, "loss": 1.11745296, "lr": 0.00025, "params": 527237, "time_iter": 0.17581, "accuracy": 0.78629, "f1": 0.77794, "auc": 0.94144}
{"epoch": 6, "time_epoch": 38.34045, "eta": 5502.48305, "eta_hours": 1.52847, "loss": 1.00468878, "lr": 0.0003, "params": 527237, "time_iter": 0.17507, "accuracy": 0.81314, "f1": 0.80843, "auc": 0.95116}
{"epoch": 7, "time_epoch": 38.48947, "eta": 5464.19165, "eta_hours": 1.51783, "loss": 0.89980712, "lr": 0.00035, "params": 527237, "time_iter": 0.17575, "accuracy": 0.84086, "f1": 0.83831, "auc": 0.9609}
{"epoch": 8, "time_epoch": 38.0896, "eta": 5419.59165, "eta_hours": 1.50544, "loss": 0.79996164, "lr": 0.0004, "params": 527237, "time_iter": 0.17393, "accuracy": 0.86771, "f1": 0.86644, "auc": 0.97039}
{"epoch": 9, "time_epoch": 38.17603, "eta": 5377.50371, "eta_hours": 1.49375, "loss": 0.71178303, "lr": 0.00045, "params": 527237, "time_iter": 0.17432, "accuracy": 0.87571, "f1": 0.87547, "auc": 0.97419}
{"epoch": 10, "time_epoch": 38.04948, "eta": 5334.52792, "eta_hours": 1.48181, "loss": 0.62177522, "lr": 0.0005, "params": 527237, "time_iter": 0.17374, "accuracy": 0.89429, "f1": 0.89415, "auc": 0.97824}
{"epoch": 11, "time_epoch": 38.24556, "eta": 5294.62809, "eta_hours": 1.47073, "loss": 0.55068956, "lr": 0.00049994, "params": 527237, "time_iter": 0.17464, "accuracy": 0.90286, "f1": 0.90322, "auc": 0.98022}
{"epoch": 12, "time_epoch": 38.12812, "eta": 5253.74515, "eta_hours": 1.45937, "loss": 0.47108909, "lr": 0.00049975, "params": 527237, "time_iter": 0.1741, "accuracy": 0.91257, "f1": 0.9125, "auc": 0.98387}
{"epoch": 13, "time_epoch": 38.10219, "eta": 5213.00391, "eta_hours": 1.44806, "loss": 0.42300918, "lr": 0.00049943, "params": 527237, "time_iter": 0.17398, "accuracy": 0.918, "f1": 0.91802, "auc": 0.98568}
{"epoch": 14, "time_epoch": 38.03767, "eta": 5172.0338, "eta_hours": 1.43668, "loss": 0.37461288, "lr": 0.00049899, "params": 527237, "time_iter": 0.17369, "accuracy": 0.92857, "f1": 0.92851, "auc": 0.98766}
{"epoch": 15, "time_epoch": 38.34895, "eta": 5134.03728, "eta_hours": 1.42612, "loss": 0.3423971, "lr": 0.00049843, "params": 527237, "time_iter": 0.17511, "accuracy": 0.93114, "f1": 0.93108, "auc": 0.98911}
{"epoch": 16, "time_epoch": 38.49596, "eta": 5097.14937, "eta_hours": 1.41587, "loss": 0.3088276, "lr": 0.00049774, "params": 527237, "time_iter": 0.17578, "accuracy": 0.93171, "f1": 0.93141, "auc": 0.99092}
{"epoch": 17, "time_epoch": 38.10349, "eta": 5057.20473, "eta_hours": 1.40478, "loss": 0.28401227, "lr": 0.00049692, "params": 527237, "time_iter": 0.17399, "accuracy": 0.93486, "f1": 0.93477, "auc": 0.98982}
{"epoch": 18, "time_epoch": 38.13149, "eta": 5017.64695, "eta_hours": 1.39379, "loss": 0.2715164, "lr": 0.00049598, "params": 527237, "time_iter": 0.17412, "accuracy": 0.93257, "f1": 0.9325, "auc": 0.98972}
{"epoch": 19, "time_epoch": 38.08835, "eta": 4977.95133, "eta_hours": 1.38276, "loss": 0.24456348, "lr": 0.00049492, "params": 527237, "time_iter": 0.17392, "accuracy": 0.93971, "f1": 0.93975, "auc": 0.99156}
{"epoch": 20, "time_epoch": 38.34712, "eta": 4939.99839, "eta_hours": 1.37222, "loss": 0.2242805, "lr": 0.00049373, "params": 527237, "time_iter": 0.1751, "accuracy": 0.94286, "f1": 0.9429, "auc": 0.99175}
{"epoch": 21, "time_epoch": 38.32567, "eta": 4901.88481, "eta_hours": 1.36163, "loss": 0.21399364, "lr": 0.00049242, "params": 527237, "time_iter": 0.175, "accuracy": 0.94514, "f1": 0.94503, "auc": 0.9922}
{"epoch": 22, "time_epoch": 38.15122, "eta": 4862.78952, "eta_hours": 1.35077, "loss": 0.20848836, "lr": 0.00049099, "params": 527237, "time_iter": 0.17421, "accuracy": 0.94543, "f1": 0.9455, "auc": 0.99179}
{"epoch": 23, "time_epoch": 38.23867, "eta": 4824.23201, "eta_hours": 1.34006, "loss": 0.20374691, "lr": 0.00048944, "params": 527237, "time_iter": 0.17461, "accuracy": 0.94429, "f1": 0.94439, "auc": 0.99218}
{"epoch": 24, "time_epoch": 37.88836, "eta": 4783.94847, "eta_hours": 1.32887, "loss": 0.18329748, "lr": 0.00048776, "params": 527237, "time_iter": 0.17301, "accuracy": 0.94914, "f1": 0.94915, "auc": 0.99327}
{"epoch": 25, "time_epoch": 38.19925, "eta": 4745.33189, "eta_hours": 1.31815, "loss": 0.17487368, "lr": 0.00048597, "params": 527237, "time_iter": 0.17443, "accuracy": 0.95143, "f1": 0.95138, "auc": 0.9933}
{"epoch": 26, "time_epoch": 38.30195, "eta": 4707.21406, "eta_hours": 1.30756, "loss": 0.16751554, "lr": 0.00048406, "params": 527237, "time_iter": 0.17489, "accuracy": 0.95457, "f1": 0.95446, "auc": 0.99313}
{"epoch": 27, "time_epoch": 38.24518, "eta": 4668.83574, "eta_hours": 1.2969, "loss": 0.16937483, "lr": 0.00048203, "params": 527237, "time_iter": 0.17464, "accuracy": 0.95229, "f1": 0.9523, "auc": 0.99387}
{"epoch": 28, "time_epoch": 38.20656, "eta": 4630.30548, "eta_hours": 1.2862, "loss": 0.16388225, "lr": 0.00047988, "params": 527237, "time_iter": 0.17446, "accuracy": 0.95743, "f1": 0.95739, "auc": 0.99346}
{"epoch": 29, "time_epoch": 38.20181, "eta": 4591.77776, "eta_hours": 1.27549, "loss": 0.15914625, "lr": 0.00047762, "params": 527237, "time_iter": 0.17444, "accuracy": 0.95343, "f1": 0.95349, "auc": 0.99443}
{"epoch": 30, "time_epoch": 38.34369, "eta": 4553.81575, "eta_hours": 1.26495, "loss": 0.14304004, "lr": 0.00047524, "params": 527237, "time_iter": 0.17509, "accuracy": 0.96029, "f1": 0.96029, "auc": 0.99481}
{"epoch": 31, "time_epoch": 38.23301, "eta": 4515.42173, "eta_hours": 1.25428, "loss": 0.16325037, "lr": 0.00047275, "params": 527237, "time_iter": 0.17458, "accuracy": 0.95314, "f1": 0.95308, "auc": 0.99274}
{"epoch": 32, "time_epoch": 38.39654, "eta": 4477.61725, "eta_hours": 1.24378, "loss": 0.1442452, "lr": 0.00047015, "params": 527237, "time_iter": 0.17533, "accuracy": 0.96086, "f1": 0.96084, "auc": 0.99403}
{"epoch": 33, "time_epoch": 38.38086, "eta": 4439.72444, "eta_hours": 1.23326, "loss": 0.15056433, "lr": 0.00046744, "params": 527237, "time_iter": 0.17526, "accuracy": 0.95857, "f1": 0.95848, "auc": 0.99379}
{"epoch": 34, "time_epoch": 37.83484, "eta": 4400.00969, "eta_hours": 1.22222, "loss": 0.14732484, "lr": 0.00046461, "params": 527237, "time_iter": 0.17276, "accuracy": 0.96, "f1": 0.95992, "auc": 0.99434}
{"epoch": 35, "time_epoch": 38.02574, "eta": 4361.00389, "eta_hours": 1.21139, "loss": 0.14585275, "lr": 0.00046168, "params": 527237, "time_iter": 0.17363, "accuracy": 0.95857, "f1": 0.95852, "auc": 0.99472}
{"epoch": 36, "time_epoch": 38.22783, "eta": 4322.66825, "eta_hours": 1.20074, "loss": 0.13636972, "lr": 0.00045864, "params": 527237, "time_iter": 0.17456, "accuracy": 0.96429, "f1": 0.96425, "auc": 0.99487}
{"epoch": 37, "time_epoch": 38.39987, "eta": 4284.84537, "eta_hours": 1.19023, "loss": 0.13206775, "lr": 0.0004555, "params": 527237, "time_iter": 0.17534, "accuracy": 0.96343, "f1": 0.96341, "auc": 0.9953}
{"epoch": 38, "time_epoch": 38.05934, "eta": 4246.0237, "eta_hours": 1.17945, "loss": 0.12513377, "lr": 0.00045225, "params": 527237, "time_iter": 0.17379, "accuracy": 0.96457, "f1": 0.96453, "auc": 0.99465}
{"epoch": 39, "time_epoch": 38.04294, "eta": 4207.19505, "eta_hours": 1.16867, "loss": 0.13100739, "lr": 0.00044891, "params": 527237, "time_iter": 0.17371, "accuracy": 0.964, "f1": 0.96394, "auc": 0.99517}
{"epoch": 40, "time_epoch": 38.33172, "eta": 4169.17243, "eta_hours": 1.1581, "loss": 0.12238987, "lr": 0.00044546, "params": 527237, "time_iter": 0.17503, "accuracy": 0.966, "f1": 0.96597, "auc": 0.99553}
{"epoch": 41, "time_epoch": 38.04489, "eta": 4130.39754, "eta_hours": 1.14733, "loss": 0.11871235, "lr": 0.00044191, "params": 527237, "time_iter": 0.17372, "accuracy": 0.96514, "f1": 0.96509, "auc": 0.99621}
{"epoch": 42, "time_epoch": 38.10679, "eta": 4091.81065, "eta_hours": 1.13661, "loss": 0.1202992, "lr": 0.00043827, "params": 527237, "time_iter": 0.174, "accuracy": 0.966, "f1": 0.96597, "auc": 0.99549}
{"epoch": 43, "time_epoch": 38.15781, "eta": 4053.36847, "eta_hours": 1.12594, "loss": 0.11706109, "lr": 0.00043453, "params": 527237, "time_iter": 0.17424, "accuracy": 0.968, "f1": 0.96798, "auc": 0.99586}
{"epoch": 44, "time_epoch": 38.15146, "eta": 4014.92413, "eta_hours": 1.11526, "loss": 0.11662418, "lr": 0.0004307, "params": 527237, "time_iter": 0.17421, "accuracy": 0.96486, "f1": 0.96478, "auc": 0.99626}
{"epoch": 45, "time_epoch": 38.15603, "eta": 3976.50286, "eta_hours": 1.10458, "loss": 0.11415188, "lr": 0.00042678, "params": 527237, "time_iter": 0.17423, "accuracy": 0.96657, "f1": 0.96655, "auc": 0.99628}
{"epoch": 46, "time_epoch": 38.16338, "eta": 3938.10898, "eta_hours": 1.09392, "loss": 0.10315375, "lr": 0.00042277, "params": 527237, "time_iter": 0.17426, "accuracy": 0.96686, "f1": 0.96682, "auc": 0.99659}
{"epoch": 47, "time_epoch": 38.43823, "eta": 3900.30876, "eta_hours": 1.08342, "loss": 0.10711091, "lr": 0.00041867, "params": 527237, "time_iter": 0.17552, "accuracy": 0.96829, "f1": 0.96821, "auc": 0.99645}
{"epoch": 48, "time_epoch": 38.33489, "eta": 3862.26949, "eta_hours": 1.07285, "loss": 0.11314795, "lr": 0.00041448, "params": 527237, "time_iter": 0.17505, "accuracy": 0.96886, "f1": 0.96879, "auc": 0.99606}
{"epoch": 49, "time_epoch": 38.3301, "eta": 3824.20881, "eta_hours": 1.06228, "loss": 0.11544003, "lr": 0.00041022, "params": 527237, "time_iter": 0.17502, "accuracy": 0.966, "f1": 0.96594, "auc": 0.99671}
{"epoch": 50, "time_epoch": 38.27628, "eta": 3786.03309, "eta_hours": 1.05168, "loss": 0.09858587, "lr": 0.00040587, "params": 527237, "time_iter": 0.17478, "accuracy": 0.97257, "f1": 0.97256, "auc": 0.99674}
{"epoch": 51, "time_epoch": 38.40011, "eta": 3748.08688, "eta_hours": 1.04114, "loss": 0.09380959, "lr": 0.00040145, "params": 527237, "time_iter": 0.17534, "accuracy": 0.97343, "f1": 0.97339, "auc": 0.99726}
{"epoch": 52, "time_epoch": 37.82169, "eta": 3709.06492, "eta_hours": 1.0303, "loss": 0.09965753, "lr": 0.00039695, "params": 527237, "time_iter": 0.1727, "accuracy": 0.97143, "f1": 0.97138, "auc": 0.99711}
{"epoch": 53, "time_epoch": 38.07815, "eta": 3670.54334, "eta_hours": 1.0196, "loss": 0.10699342, "lr": 0.00039237, "params": 527237, "time_iter": 0.17387, "accuracy": 0.96829, "f1": 0.96821, "auc": 0.99715}
{"epoch": 54, "time_epoch": 38.3209, "eta": 3632.45718, "eta_hours": 1.00902, "loss": 0.10392592, "lr": 0.00038772, "params": 527237, "time_iter": 0.17498, "accuracy": 0.96914, "f1": 0.96909, "auc": 0.99666}
{"epoch": 55, "time_epoch": 38.22181, "eta": 3594.19632, "eta_hours": 0.99839, "loss": 0.09139072, "lr": 0.00038301, "params": 527237, "time_iter": 0.17453, "accuracy": 0.97457, "f1": 0.97453, "auc": 0.99704}
{"epoch": 56, "time_epoch": 38.27865, "eta": 3556.02956, "eta_hours": 0.98779, "loss": 0.09579361, "lr": 0.00037822, "params": 527237, "time_iter": 0.17479, "accuracy": 0.97143, "f1": 0.97138, "auc": 0.99752}
{"epoch": 57, "time_epoch": 38.54091, "eta": 3518.27495, "eta_hours": 0.9773, "loss": 0.09375023, "lr": 0.00037338, "params": 527237, "time_iter": 0.17599, "accuracy": 0.97314, "f1": 0.97313, "auc": 0.99773}
{"epoch": 58, "time_epoch": 38.11884, "eta": 3479.84269, "eta_hours": 0.96662, "loss": 0.09531455, "lr": 0.00036847, "params": 527237, "time_iter": 0.17406, "accuracy": 0.97086, "f1": 0.97082, "auc": 0.99757}
{"epoch": 59, "time_epoch": 38.2442, "eta": 3441.60892, "eta_hours": 0.956, "loss": 0.08957988, "lr": 0.0003635, "params": 527237, "time_iter": 0.17463, "accuracy": 0.97514, "f1": 0.97512, "auc": 0.99751}
{"epoch": 60, "time_epoch": 38.20689, "eta": 3403.32037, "eta_hours": 0.94537, "loss": 0.08397046, "lr": 0.00035847, "params": 527237, "time_iter": 0.17446, "accuracy": 0.976, "f1": 0.97596, "auc": 0.9977}
{"epoch": 61, "time_epoch": 38.08412, "eta": 3364.86019, "eta_hours": 0.93468, "loss": 0.08814162, "lr": 0.00035339, "params": 527237, "time_iter": 0.1739, "accuracy": 0.97514, "f1": 0.97509, "auc": 0.99777}
{"epoch": 62, "time_epoch": 38.32432, "eta": 3326.74367, "eta_hours": 0.9241, "loss": 0.08047015, "lr": 0.00034826, "params": 527237, "time_iter": 0.175, "accuracy": 0.97857, "f1": 0.97854, "auc": 0.99799}
{"epoch": 63, "time_epoch": 38.13606, "eta": 3288.36768, "eta_hours": 0.91344, "loss": 0.08746672, "lr": 0.00034307, "params": 527237, "time_iter": 0.17414, "accuracy": 0.97457, "f1": 0.97452, "auc": 0.99777}
{"epoch": 64, "time_epoch": 38.26954, "eta": 3250.17361, "eta_hours": 0.90283, "loss": 0.09476912, "lr": 0.00033784, "params": 527237, "time_iter": 0.17475, "accuracy": 0.97286, "f1": 0.97281, "auc": 0.99773}
{"epoch": 65, "time_epoch": 38.3397, "eta": 3212.06656, "eta_hours": 0.89224, "loss": 0.08273778, "lr": 0.00033257, "params": 527237, "time_iter": 0.17507, "accuracy": 0.97686, "f1": 0.97682, "auc": 0.99817}
{"epoch": 66, "time_epoch": 38.16993, "eta": 3173.74225, "eta_hours": 0.8816, "loss": 0.0745423, "lr": 0.00032725, "params": 527237, "time_iter": 0.17429, "accuracy": 0.978, "f1": 0.97798, "auc": 0.99808}
{"epoch": 67, "time_epoch": 38.14689, "eta": 3135.3947, "eta_hours": 0.87094, "loss": 0.08880888, "lr": 0.0003219, "params": 527237, "time_iter": 0.17419, "accuracy": 0.97314, "f1": 0.97309, "auc": 0.99771}
{"epoch": 68, "time_epoch": 38.28065, "eta": 3097.20998, "eta_hours": 0.86034, "loss": 0.07946922, "lr": 0.00031651, "params": 527237, "time_iter": 0.1748, "accuracy": 0.97771, "f1": 0.97768, "auc": 0.99805}
{"epoch": 69, "time_epoch": 38.28497, "eta": 3059.02746, "eta_hours": 0.84973, "loss": 0.07328845, "lr": 0.00031109, "params": 527237, "time_iter": 0.17482, "accuracy": 0.97914, "f1": 0.9791, "auc": 0.99793}
{"epoch": 70, "time_epoch": 38.16137, "eta": 3020.70452, "eta_hours": 0.83908, "loss": 0.07755429, "lr": 0.00030563, "params": 527237, "time_iter": 0.17425, "accuracy": 0.97714, "f1": 0.9771, "auc": 0.99829}
{"epoch": 71, "time_epoch": 38.07319, "eta": 2982.29055, "eta_hours": 0.82841, "loss": 0.07684337, "lr": 0.00030015, "params": 527237, "time_iter": 0.17385, "accuracy": 0.97943, "f1": 0.97938, "auc": 0.99815}
{"epoch": 72, "time_epoch": 38.35168, "eta": 2944.17966, "eta_hours": 0.81783, "loss": 0.06981645, "lr": 0.00029464, "params": 527237, "time_iter": 0.17512, "accuracy": 0.98057, "f1": 0.98055, "auc": 0.9984}
{"epoch": 73, "time_epoch": 38.039, "eta": 2905.74114, "eta_hours": 0.80715, "loss": 0.06775028, "lr": 0.00028911, "params": 527237, "time_iter": 0.17369, "accuracy": 0.98143, "f1": 0.98139, "auc": 0.99843}
{"epoch": 74, "time_epoch": 38.22334, "eta": 2867.49761, "eta_hours": 0.79653, "loss": 0.06585003, "lr": 0.00028356, "params": 527237, "time_iter": 0.17454, "accuracy": 0.98286, "f1": 0.98284, "auc": 0.99834}
{"epoch": 75, "time_epoch": 38.31066, "eta": 2829.33963, "eta_hours": 0.78593, "loss": 0.06797307, "lr": 0.00027799, "params": 527237, "time_iter": 0.17493, "accuracy": 0.98114, "f1": 0.98111, "auc": 0.99841}
{"epoch": 76, "time_epoch": 38.38802, "eta": 2791.25102, "eta_hours": 0.77535, "loss": 0.06822639, "lr": 0.00027241, "params": 527237, "time_iter": 0.17529, "accuracy": 0.98171, "f1": 0.98169, "auc": 0.99867}
{"epoch": 77, "time_epoch": 38.37625, "eta": 2753.14388, "eta_hours": 0.76476, "loss": 0.07112927, "lr": 0.00026682, "params": 527237, "time_iter": 0.17523, "accuracy": 0.97914, "f1": 0.97909, "auc": 0.99867}
{"epoch": 78, "time_epoch": 38.08436, "eta": 2714.76759, "eta_hours": 0.7541, "loss": 0.0689153, "lr": 0.00026122, "params": 527237, "time_iter": 0.1739, "accuracy": 0.98171, "f1": 0.9817, "auc": 0.99863}
{"epoch": 79, "time_epoch": 37.9068, "eta": 2676.24323, "eta_hours": 0.7434, "loss": 0.06656599, "lr": 0.00025561, "params": 527237, "time_iter": 0.17309, "accuracy": 0.98171, "f1": 0.98168, "auc": 0.99863}
{"epoch": 80, "time_epoch": 37.88914, "eta": 2637.71908, "eta_hours": 0.7327, "loss": 0.07043621, "lr": 0.00025, "params": 527237, "time_iter": 0.17301, "accuracy": 0.97971, "f1": 0.97967, "auc": 0.99845}
{"epoch": 81, "time_epoch": 37.92708, "eta": 2599.24188, "eta_hours": 0.72201, "loss": 0.06762868, "lr": 0.00024439, "params": 527237, "time_iter": 0.17318, "accuracy": 0.98086, "f1": 0.98082, "auc": 0.99853}
{"epoch": 82, "time_epoch": 38.05261, "eta": 2560.87927, "eta_hours": 0.71136, "loss": 0.06278751, "lr": 0.00023878, "params": 527237, "time_iter": 0.17376, "accuracy": 0.982, "f1": 0.98197, "auc": 0.99863}
{"epoch": 83, "time_epoch": 38.12909, "eta": 2522.58413, "eta_hours": 0.70072, "loss": 0.06026908, "lr": 0.00023318, "params": 527237, "time_iter": 0.17411, "accuracy": 0.98371, "f1": 0.9837, "auc": 0.99881}
{"epoch": 84, "time_epoch": 38.07701, "eta": 2484.25307, "eta_hours": 0.69007, "loss": 0.05886493, "lr": 0.00022759, "params": 527237, "time_iter": 0.17387, "accuracy": 0.98486, "f1": 0.98483, "auc": 0.99851}
{"epoch": 85, "time_epoch": 38.20273, "eta": 2446.02148, "eta_hours": 0.67945, "loss": 0.05910049, "lr": 0.00022201, "params": 527237, "time_iter": 0.17444, "accuracy": 0.984, "f1": 0.98397, "auc": 0.99875}
{"epoch": 86, "time_epoch": 38.13165, "eta": 2407.73908, "eta_hours": 0.66882, "loss": 0.06013907, "lr": 0.00021644, "params": 527237, "time_iter": 0.17412, "accuracy": 0.98143, "f1": 0.98139, "auc": 0.99878}
{"epoch": 87, "time_epoch": 37.98516, "eta": 2369.3569, "eta_hours": 0.65815, "loss": 0.05924896, "lr": 0.00021089, "params": 527237, "time_iter": 0.17345, "accuracy": 0.98257, "f1": 0.98256, "auc": 0.99887}
{"epoch": 88, "time_epoch": 38.39231, "eta": 2331.26269, "eta_hours": 0.64757, "loss": 0.06179785, "lr": 0.00020536, "params": 527237, "time_iter": 0.17531, "accuracy": 0.98286, "f1": 0.98282, "auc": 0.99876}
{"epoch": 89, "time_epoch": 38.28765, "eta": 2293.09209, "eta_hours": 0.63697, "loss": 0.05770392, "lr": 0.00019985, "params": 527237, "time_iter": 0.17483, "accuracy": 0.98257, "f1": 0.98255, "auc": 0.99867}
{"epoch": 90, "time_epoch": 38.21301, "eta": 2254.87053, "eta_hours": 0.62635, "loss": 0.05541784, "lr": 0.00019437, "params": 527237, "time_iter": 0.17449, "accuracy": 0.98371, "f1": 0.98369, "auc": 0.9988}
{"epoch": 91, "time_epoch": 38.20899, "eta": 2216.64661, "eta_hours": 0.61574, "loss": 0.05643313, "lr": 0.00018891, "params": 527237, "time_iter": 0.17447, "accuracy": 0.98286, "f1": 0.98284, "auc": 0.99886}
{"epoch": 92, "time_epoch": 38.30776, "eta": 2178.48356, "eta_hours": 0.60513, "loss": 0.05469147, "lr": 0.00018349, "params": 527237, "time_iter": 0.17492, "accuracy": 0.98257, "f1": 0.98254, "auc": 0.99868}
{"epoch": 93, "time_epoch": 38.08725, "eta": 2140.18605, "eta_hours": 0.5945, "loss": 0.05066793, "lr": 0.0001781, "params": 527237, "time_iter": 0.17391, "accuracy": 0.98486, "f1": 0.98484, "auc": 0.99886}
{"epoch": 94, "time_epoch": 38.23977, "eta": 2101.98127, "eta_hours": 0.58388, "loss": 0.05007964, "lr": 0.00017275, "params": 527237, "time_iter": 0.17461, "accuracy": 0.98514, "f1": 0.98513, "auc": 0.99895}
{"epoch": 95, "time_epoch": 38.10966, "eta": 2063.70258, "eta_hours": 0.57325, "loss": 0.05645128, "lr": 0.00016743, "params": 527237, "time_iter": 0.17402, "accuracy": 0.98514, "f1": 0.98512, "auc": 0.99836}
{"epoch": 96, "time_epoch": 38.41241, "eta": 2025.59279, "eta_hours": 0.56266, "loss": 0.05340733, "lr": 0.00016216, "params": 527237, "time_iter": 0.1754, "accuracy": 0.98343, "f1": 0.9834, "auc": 0.99888}
{"epoch": 97, "time_epoch": 38.13707, "eta": 1987.33073, "eta_hours": 0.55204, "loss": 0.05358806, "lr": 0.00015693, "params": 527237, "time_iter": 0.17414, "accuracy": 0.98429, "f1": 0.98427, "auc": 0.99891}
{"epoch": 98, "time_epoch": 38.07206, "eta": 1949.0377, "eta_hours": 0.5414, "loss": 0.05112812, "lr": 0.00015174, "params": 527237, "time_iter": 0.17385, "accuracy": 0.98429, "f1": 0.98427, "auc": 0.99892}
{"epoch": 99, "time_epoch": 38.28753, "eta": 1910.85683, "eta_hours": 0.53079, "loss": 0.04951149, "lr": 0.00014661, "params": 527237, "time_iter": 0.17483, "accuracy": 0.984, "f1": 0.98397, "auc": 0.99903}
{"epoch": 100, "time_epoch": 38.28758, "eta": 1872.67387, "eta_hours": 0.52019, "loss": 0.04920223, "lr": 0.00014153, "params": 527237, "time_iter": 0.17483, "accuracy": 0.98543, "f1": 0.98541, "auc": 0.99902}
{"epoch": 101, "time_epoch": 38.3254, "eta": 1834.50666, "eta_hours": 0.50959, "loss": 0.04755329, "lr": 0.0001365, "params": 527237, "time_iter": 0.175, "accuracy": 0.98514, "f1": 0.98512, "auc": 0.99889}
{"epoch": 102, "time_epoch": 37.79157, "eta": 1796.09278, "eta_hours": 0.49891, "loss": 0.04764857, "lr": 0.00013153, "params": 527237, "time_iter": 0.17256, "accuracy": 0.98457, "f1": 0.98455, "auc": 0.99887}
{"epoch": 103, "time_epoch": 37.92087, "eta": 1757.74806, "eta_hours": 0.48826, "loss": 0.04721626, "lr": 0.00012662, "params": 527237, "time_iter": 0.17315, "accuracy": 0.98514, "f1": 0.98513, "auc": 0.99898}
{"epoch": 104, "time_epoch": 37.94428, "eta": 1719.42144, "eta_hours": 0.47762, "loss": 0.04805286, "lr": 0.00012178, "params": 527237, "time_iter": 0.17326, "accuracy": 0.98543, "f1": 0.9854, "auc": 0.99884}
{"epoch": 105, "time_epoch": 38.09935, "eta": 1681.16641, "eta_hours": 0.46699, "loss": 0.04707598, "lr": 0.00011699, "params": 527237, "time_iter": 0.17397, "accuracy": 0.98629, "f1": 0.98627, "auc": 0.99898}
{"epoch": 106, "time_epoch": 38.32039, "eta": 1643.00312, "eta_hours": 0.45639, "loss": 0.04491032, "lr": 0.00011228, "params": 527237, "time_iter": 0.17498, "accuracy": 0.98657, "f1": 0.98656, "auc": 0.99909}
{"epoch": 107, "time_epoch": 38.32945, "eta": 1604.84044, "eta_hours": 0.44579, "loss": 0.04668162, "lr": 0.00010763, "params": 527237, "time_iter": 0.17502, "accuracy": 0.98571, "f1": 0.9857, "auc": 0.999}
{"epoch": 108, "time_epoch": 38.24837, "eta": 1566.6442, "eta_hours": 0.43518, "loss": 0.04482759, "lr": 0.00010305, "params": 527237, "time_iter": 0.17465, "accuracy": 0.98543, "f1": 0.9854, "auc": 0.99908}
{"epoch": 109, "time_epoch": 37.89839, "eta": 1528.31975, "eta_hours": 0.42453, "loss": 0.04645727, "lr": 9.855e-05, "params": 527237, "time_iter": 0.17305, "accuracy": 0.98629, "f1": 0.98627, "auc": 0.99904}
{"epoch": 110, "time_epoch": 38.33004, "eta": 1490.15464, "eta_hours": 0.41393, "loss": 0.04398021, "lr": 9.413e-05, "params": 527237, "time_iter": 0.17502, "accuracy": 0.98571, "f1": 0.98569, "auc": 0.99901}
{"epoch": 111, "time_epoch": 38.30538, "eta": 1451.97821, "eta_hours": 0.40333, "loss": 0.04438253, "lr": 8.978e-05, "params": 527237, "time_iter": 0.17491, "accuracy": 0.98571, "f1": 0.9857, "auc": 0.99902}
{"epoch": 112, "time_epoch": 38.30488, "eta": 1413.79934, "eta_hours": 0.39272, "loss": 0.04286512, "lr": 8.552e-05, "params": 527237, "time_iter": 0.17491, "accuracy": 0.98771, "f1": 0.9877, "auc": 0.99905}
{"epoch": 113, "time_epoch": 38.22591, "eta": 1375.59332, "eta_hours": 0.38211, "loss": 0.04201511, "lr": 8.133e-05, "params": 527237, "time_iter": 0.17455, "accuracy": 0.98629, "f1": 0.98628, "auc": 0.99911}
{"epoch": 114, "time_epoch": 37.9089, "eta": 1337.29047, "eta_hours": 0.37147, "loss": 0.04054186, "lr": 7.723e-05, "params": 527237, "time_iter": 0.1731, "accuracy": 0.98686, "f1": 0.98685, "auc": 0.99905}
{"epoch": 115, "time_epoch": 38.1016, "eta": 1299.0509, "eta_hours": 0.36085, "loss": 0.04295775, "lr": 7.322e-05, "params": 527237, "time_iter": 0.17398, "accuracy": 0.986, "f1": 0.98598, "auc": 0.99915}
{"epoch": 116, "time_epoch": 38.35902, "eta": 1260.88629, "eta_hours": 0.35025, "loss": 0.04296476, "lr": 6.93e-05, "params": 527237, "time_iter": 0.17516, "accuracy": 0.98514, "f1": 0.98513, "auc": 0.99905}
{"epoch": 117, "time_epoch": 38.24771, "eta": 1222.6882, "eta_hours": 0.33964, "loss": 0.0410781, "lr": 6.547e-05, "params": 527237, "time_iter": 0.17465, "accuracy": 0.98571, "f1": 0.9857, "auc": 0.99907}
{"epoch": 118, "time_epoch": 37.78653, "eta": 1184.36914, "eta_hours": 0.32899, "loss": 0.04259787, "lr": 6.173e-05, "params": 527237, "time_iter": 0.17254, "accuracy": 0.98714, "f1": 0.98713, "auc": 0.9991}
{"epoch": 119, "time_epoch": 38.11884, "eta": 1146.14203, "eta_hours": 0.31837, "loss": 0.04097362, "lr": 5.809e-05, "params": 527237, "time_iter": 0.17406, "accuracy": 0.98629, "f1": 0.98627, "auc": 0.99931}
{"epoch": 120, "time_epoch": 38.2031, "eta": 1107.9369, "eta_hours": 0.30776, "loss": 0.04155854, "lr": 5.454e-05, "params": 527237, "time_iter": 0.17444, "accuracy": 0.98657, "f1": 0.98656, "auc": 0.99916}
{"epoch": 121, "time_epoch": 38.13004, "eta": 1069.71504, "eta_hours": 0.29714, "loss": 0.03953122, "lr": 5.109e-05, "params": 527237, "time_iter": 0.17411, "accuracy": 0.98686, "f1": 0.98685, "auc": 0.99914}
{"epoch": 122, "time_epoch": 38.53984, "eta": 1031.58463, "eta_hours": 0.28655, "loss": 0.04119801, "lr": 4.775e-05, "params": 527237, "time_iter": 0.17598, "accuracy": 0.98714, "f1": 0.98713, "auc": 0.9991}
{"epoch": 123, "time_epoch": 37.97064, "eta": 993.32827, "eta_hours": 0.27592, "loss": 0.04126693, "lr": 4.45e-05, "params": 527237, "time_iter": 0.17338, "accuracy": 0.98714, "f1": 0.98713, "auc": 0.99925}
{"epoch": 124, "time_epoch": 38.40662, "eta": 955.16367, "eta_hours": 0.26532, "loss": 0.04007848, "lr": 4.136e-05, "params": 527237, "time_iter": 0.17537, "accuracy": 0.98657, "f1": 0.98656, "auc": 0.99912}
{"epoch": 125, "time_epoch": 38.09548, "eta": 916.93597, "eta_hours": 0.2547, "loss": 0.03981529, "lr": 3.832e-05, "params": 527237, "time_iter": 0.17395, "accuracy": 0.98714, "f1": 0.98713, "auc": 0.99904}
{"epoch": 126, "time_epoch": 38.12412, "eta": 878.71554, "eta_hours": 0.24409, "loss": 0.03961729, "lr": 3.539e-05, "params": 527237, "time_iter": 0.17408, "accuracy": 0.98743, "f1": 0.98742, "auc": 0.99926}
{"epoch": 127, "time_epoch": 38.15104, "eta": 840.50123, "eta_hours": 0.23347, "loss": 0.03880577, "lr": 3.256e-05, "params": 527237, "time_iter": 0.17421, "accuracy": 0.98771, "f1": 0.9877, "auc": 0.9992}
{"epoch": 128, "time_epoch": 37.85745, "eta": 802.24012, "eta_hours": 0.22284, "loss": 0.04086504, "lr": 2.985e-05, "params": 527237, "time_iter": 0.17287, "accuracy": 0.98771, "f1": 0.9877, "auc": 0.99889}
{"epoch": 129, "time_epoch": 38.07713, "eta": 764.01901, "eta_hours": 0.21223, "loss": 0.03887598, "lr": 2.725e-05, "params": 527237, "time_iter": 0.17387, "accuracy": 0.98743, "f1": 0.98742, "auc": 0.99924}
{"epoch": 130, "time_epoch": 38.13884, "eta": 725.80905, "eta_hours": 0.20161, "loss": 0.03889401, "lr": 2.476e-05, "params": 527237, "time_iter": 0.17415, "accuracy": 0.98743, "f1": 0.98742, "auc": 0.99906}
{"epoch": 131, "time_epoch": 38.23494, "eta": 687.61328, "eta_hours": 0.191, "loss": 0.03901086, "lr": 2.238e-05, "params": 527237, "time_iter": 0.17459, "accuracy": 0.98743, "f1": 0.98741, "auc": 0.99914}
{"epoch": 132, "time_epoch": 38.04887, "eta": 649.39313, "eta_hours": 0.18039, "loss": 0.03924839, "lr": 2.012e-05, "params": 527237, "time_iter": 0.17374, "accuracy": 0.98771, "f1": 0.9877, "auc": 0.99915}
{"epoch": 133, "time_epoch": 38.34843, "eta": 611.2113, "eta_hours": 0.16978, "loss": 0.03837354, "lr": 1.797e-05, "params": 527237, "time_iter": 0.17511, "accuracy": 0.98714, "f1": 0.98713, "auc": 0.99924}
{"epoch": 134, "time_epoch": 38.27964, "eta": 573.01937, "eta_hours": 0.15917, "loss": 0.04026058, "lr": 1.594e-05, "params": 527237, "time_iter": 0.17479, "accuracy": 0.98714, "f1": 0.98713, "auc": 0.99918}
{"epoch": 135, "time_epoch": 38.24732, "eta": 534.82281, "eta_hours": 0.14856, "loss": 0.03899099, "lr": 1.403e-05, "params": 527237, "time_iter": 0.17465, "accuracy": 0.98714, "f1": 0.98713, "auc": 0.99918}
{"epoch": 136, "time_epoch": 37.97802, "eta": 496.59996, "eta_hours": 0.13794, "loss": 0.03893583, "lr": 1.224e-05, "params": 527237, "time_iter": 0.17342, "accuracy": 0.98714, "f1": 0.98713, "auc": 0.9992}
{"epoch": 137, "time_epoch": 38.2342, "eta": 458.40294, "eta_hours": 0.12733, "loss": 0.03805499, "lr": 1.056e-05, "params": 527237, "time_iter": 0.17459, "accuracy": 0.988, "f1": 0.98799, "auc": 0.99917}
{"epoch": 138, "time_epoch": 38.22398, "eta": 420.20457, "eta_hours": 0.11672, "loss": 0.03787727, "lr": 9.01e-06, "params": 527237, "time_iter": 0.17454, "accuracy": 0.988, "f1": 0.98799, "auc": 0.99923}
{"epoch": 139, "time_epoch": 37.93845, "eta": 381.98545, "eta_hours": 0.10611, "loss": 0.03702861, "lr": 7.58e-06, "params": 527237, "time_iter": 0.17323, "accuracy": 0.988, "f1": 0.98799, "auc": 0.99914}
{"epoch": 140, "time_epoch": 37.91204, "eta": 343.76861, "eta_hours": 0.09549, "loss": 0.03773921, "lr": 6.27e-06, "params": 527237, "time_iter": 0.17311, "accuracy": 0.98771, "f1": 0.98771, "auc": 0.99917}
{"epoch": 141, "time_epoch": 38.33715, "eta": 305.58003, "eta_hours": 0.08488, "loss": 0.03776077, "lr": 5.08e-06, "params": 527237, "time_iter": 0.17506, "accuracy": 0.98829, "f1": 0.98828, "auc": 0.99919}
{"epoch": 142, "time_epoch": 38.13276, "eta": 267.37935, "eta_hours": 0.07427, "loss": 0.03810002, "lr": 4.02e-06, "params": 527237, "time_iter": 0.17412, "accuracy": 0.98743, "f1": 0.98742, "auc": 0.99921}
{"epoch": 143, "time_epoch": 38.05958, "eta": 229.17657, "eta_hours": 0.06366, "loss": 0.03744861, "lr": 3.08e-06, "params": 527237, "time_iter": 0.17379, "accuracy": 0.988, "f1": 0.98799, "auc": 0.99916}
{"epoch": 144, "time_epoch": 38.21058, "eta": 190.98098, "eta_hours": 0.05305, "loss": 0.03706847, "lr": 2.26e-06, "params": 527237, "time_iter": 0.17448, "accuracy": 0.98771, "f1": 0.9877, "auc": 0.99927}
{"epoch": 145, "time_epoch": 38.06937, "eta": 152.78131, "eta_hours": 0.04244, "loss": 0.03735596, "lr": 1.57e-06, "params": 527237, "time_iter": 0.17383, "accuracy": 0.98857, "f1": 0.98856, "auc": 0.99946}
{"epoch": 146, "time_epoch": 37.8956, "eta": 114.57986, "eta_hours": 0.03183, "loss": 0.03767945, "lr": 1.01e-06, "params": 527237, "time_iter": 0.17304, "accuracy": 0.988, "f1": 0.98799, "auc": 0.99911}
{"epoch": 147, "time_epoch": 38.2059, "eta": 76.38675, "eta_hours": 0.02122, "loss": 0.04028297, "lr": 5.7e-07, "params": 527237, "time_iter": 0.17446, "accuracy": 0.98743, "f1": 0.98741, "auc": 0.99922}
{"epoch": 148, "time_epoch": 38.15737, "eta": 38.19313, "eta_hours": 0.01061, "loss": 0.03788983, "lr": 2.5e-07, "params": 527237, "time_iter": 0.17423, "accuracy": 0.988, "f1": 0.98799, "auc": 0.99923}
{"epoch": 149, "time_epoch": 38.20604, "eta": 0.0, "eta_hours": 0.0, "loss": 0.03780813, "lr": 6e-08, "params": 527237, "time_iter": 0.17446, "accuracy": 0.988, "f1": 0.98799, "auc": 0.99931}
