{"epoch": 0, "time_epoch": 86.97309, "time_epoch_std": 3.16268, "eta": 8610.33573, "eta_std": 313.10539, "eta_hours": 2.39176, "eta_hours_std": 0.08697, "loss": 1.79852, "loss_std": 0.00247, "lr": 0.0, "lr_std": 0.0, "params": 502054.0, "params_std": 0.0, "time_iter": 0.13916, "time_iter_std": 0.00506, "accuracy": 0.16655, "accuracy_std": 0.00047, "f1": 0.08849, "f1_std": 0.02909, "accuracy-SBM": 0.16659, "accuracy-SBM_std": 0.00045, "auc": 0.50018, "auc_std": 0.00127}
{"epoch": 1, "time_epoch": 85.13897, "time_epoch_std": 3.7501, "eta": 8433.49084, "eta_std": 335.51012, "eta_hours": 2.34264, "eta_hours_std": 0.0932, "loss": 1.74901, "loss_std": 0.0068, "lr": 0.0001, "lr_std": 0.0, "params": 502054.0, "params_std": 0.0, "time_iter": 0.13622, "time_iter_std": 0.006, "accuracy": 0.268, "accuracy_std": 0.01245, "f1": 0.25332, "f1_std": 0.02014, "accuracy-SBM": 0.268, "accuracy-SBM_std": 0.01247, "auc": 0.61391, "auc_std": 0.01003}
{"epoch": 2, "time_epoch": 85.40131, "time_epoch_std": 4.47482, "eta": 8326.26559, "eta_std": 365.06483, "eta_hours": 2.31285, "eta_hours_std": 0.10141, "loss": 1.55931, "loss_std": 0.03075, "lr": 0.0002, "lr_std": 0.0, "params": 502054.0, "params_std": 0.0, "time_iter": 0.13664, "time_iter_std": 0.00716, "accuracy": 0.44408, "accuracy_std": 0.02549, "f1": 0.43908, "f1_std": 0.02884, "accuracy-SBM": 0.44408, "accuracy-SBM_std": 0.0255, "auc": 0.75749, "auc_std": 0.01554}
{"epoch": 3, "time_epoch": 84.96102, "time_epoch_std": 3.43529, "eta": 8219.38525, "eta_std": 352.59586, "eta_hours": 2.28316, "eta_hours_std": 0.09794, "loss": 1.31542, "loss_std": 0.04406, "lr": 0.0003, "lr_std": 0.0, "params": 502054.0, "params_std": 0.0, "time_iter": 0.13594, "time_iter_std": 0.0055, "accuracy": 0.55803, "accuracy_std": 0.02681, "f1": 0.55698, "f1_std": 0.0279, "accuracy-SBM": 0.55804, "accuracy-SBM_std": 0.02681, "auc": 0.83288, "auc_std": 0.01414}
{"epoch": 4, "time_epoch": 84.86928, "time_epoch_std": 3.50821, "eta": 8119.52968, "eta_std": 345.01837, "eta_hours": 2.25542, "eta_hours_std": 0.09584, "loss": 1.10496, "loss_std": 0.05291, "lr": 0.0004, "lr_std": 0.0, "params": 502054.0, "params_std": 0.0, "time_iter": 0.13579, "time_iter_std": 0.00561, "accuracy": 0.62798, "accuracy_std": 0.02555, "f1": 0.62768, "f1_std": 0.02608, "accuracy-SBM": 0.62798, "accuracy-SBM_std": 0.02554, "auc": 0.88079, "auc_std": 0.01292}
{"epoch": 5, "time_epoch": 84.63124, "time_epoch_std": 3.28631, "eta": 8020.94017, "eta_std": 335.8226, "eta_hours": 2.22804, "eta_hours_std": 0.09329, "loss": 0.97419, "loss_std": 0.04886, "lr": 0.0005, "lr_std": 0.0, "params": 502054.0, "params_std": 0.0, "time_iter": 0.13541, "time_iter_std": 0.00526, "accuracy": 0.66578, "accuracy_std": 0.01988, "f1": 0.66566, "f1_std": 0.02012, "accuracy-SBM": 0.66578, "accuracy-SBM_std": 0.01987, "auc": 0.90706, "auc_std": 0.01038}
{"epoch": 6, "time_epoch": 85.10855, "time_epoch_std": 3.852, "eta": 7932.68019, "eta_std": 335.41274, "eta_hours": 2.20352, "eta_hours_std": 0.09317, "loss": 0.90507, "loss_std": 0.04256, "lr": 0.0005, "lr_std": 0.0, "params": 502054.0, "params_std": 0.0, "time_iter": 0.13617, "time_iter_std": 0.00616, "accuracy": 0.68534, "accuracy_std": 0.01638, "f1": 0.6853, "f1_std": 0.01645, "accuracy-SBM": 0.68534, "accuracy-SBM_std": 0.01638, "auc": 0.91941, "auc_std": 0.00799}
{"epoch": 7, "time_epoch": 84.89521, "time_epoch_std": 3.22317, "eta": 7842.75467, "eta_std": 326.68836, "eta_hours": 2.17854, "eta_hours_std": 0.09074, "loss": 0.85399, "loss_std": 0.0338, "lr": 0.0005, "lr_std": 0.0, "params": 502054.0, "params_std": 0.0, "time_iter": 0.13583, "time_iter_std": 0.00516, "accuracy": 0.70143, "accuracy_std": 0.01205, "f1": 0.70143, "f1_std": 0.01206, "accuracy-SBM": 0.70143, "accuracy-SBM_std": 0.01205, "auc": 0.92802, "auc_std": 0.00581}
{"epoch": 8, "time_epoch": 84.90915, "time_epoch_std": 3.84831, "eta": 7754.08796, "eta_std": 325.93933, "eta_hours": 2.15391, "eta_hours_std": 0.09054, "loss": 0.82195, "loss_std": 0.02785, "lr": 0.0005, "lr_std": 0.0, "params": 502054.0, "params_std": 0.0, "time_iter": 0.13586, "time_iter_std": 0.00616, "accuracy": 0.71117, "accuracy_std": 0.00982, "f1": 0.71117, "f1_std": 0.00982, "accuracy-SBM": 0.71117, "accuracy-SBM_std": 0.00982, "auc": 0.93308, "auc_std": 0.00457}
{"epoch": 9, "time_epoch": 84.86217, "time_epoch_std": 3.65901, "eta": 7665.74987, "eta_std": 322.93129, "eta_hours": 2.12937, "eta_hours_std": 0.0897, "loss": 0.7987, "loss_std": 0.02619, "lr": 0.0005, "lr_std": 0.0, "params": 502054.0, "params_std": 0.0, "time_iter": 0.13578, "time_iter_std": 0.00586, "accuracy": 0.71804, "accuracy_std": 0.00924, "f1": 0.71804, "f1_std": 0.00924, "accuracy-SBM": 0.71804, "accuracy-SBM_std": 0.00924, "auc": 0.93667, "auc_std": 0.0042}
{"epoch": 10, "time_epoch": 85.08476, "time_epoch_std": 4.64621, "eta": 7579.8448, "eta_std": 326.9055, "eta_hours": 2.10551, "eta_hours_std": 0.09081, "loss": 0.77895, "loss_std": 0.02575, "lr": 0.0005, "lr_std": 0.0, "params": 502054.0, "params_std": 0.0, "time_iter": 0.13614, "time_iter_std": 0.00743, "accuracy": 0.72449, "accuracy_std": 0.00899, "f1": 0.72448, "f1_std": 0.00899, "accuracy-SBM": 0.72449, "accuracy-SBM_std": 0.00899, "auc": 0.93961, "auc_std": 0.00408}
{"epoch": 11, "time_epoch": 84.86283, "time_epoch_std": 3.12889, "eta": 7492.44894, "eta_std": 318.97428, "eta_hours": 2.08124, "eta_hours_std": 0.0886, "loss": 0.76309, "loss_std": 0.02232, "lr": 0.0005, "lr_std": 0.0, "params": 502054.0, "params_std": 0.0, "time_iter": 0.13578, "time_iter_std": 0.00501, "accuracy": 0.72964, "accuracy_std": 0.00787, "f1": 0.72964, "f1_std": 0.00787, "accuracy-SBM": 0.72964, "accuracy-SBM_std": 0.00787, "auc": 0.94197, "auc_std": 0.00345}
{"epoch": 12, "time_epoch": 84.93464, "time_epoch_std": 4.25396, "eta": 7405.92335, "eta_std": 319.39053, "eta_hours": 2.0572, "eta_hours_std": 0.08872, "loss": 0.74692, "loss_std": 0.01842, "lr": 0.00049, "lr_std": 0.0, "params": 502054.0, "params_std": 0.0, "time_iter": 0.1359, "time_iter_std": 0.00681, "accuracy": 0.735, "accuracy_std": 0.00639, "f1": 0.735, "f1_std": 0.00639, "accuracy-SBM": 0.735, "accuracy-SBM_std": 0.00639, "auc": 0.94435, "auc_std": 0.00277}
{"epoch": 13, "time_epoch": 85.72032, "time_epoch_std": 5.90212, "eta": 7324.45131, "eta_std": 328.40635, "eta_hours": 2.03457, "eta_hours_std": 0.09122, "loss": 0.73548, "loss_std": 0.01591, "lr": 0.00049, "lr_std": 0.0, "params": 502054.0, "params_std": 0.0, "time_iter": 0.13715, "time_iter_std": 0.00944, "accuracy": 0.7385, "accuracy_std": 0.00575, "f1": 0.7385, "f1_std": 0.00574, "accuracy-SBM": 0.7385, "accuracy-SBM_std": 0.00575, "auc": 0.94603, "auc_std": 0.00236}
{"epoch": 14, "time_epoch": 86.45227, "time_epoch_std": 7.64689, "eta": 7246.5606, "eta_std": 344.02613, "eta_hours": 2.01293, "eta_hours_std": 0.09556, "loss": 0.72776, "loss_std": 0.01617, "lr": 0.00049, "lr_std": 0.0, "params": 502054.0, "params_std": 0.0, "time_iter": 0.13832, "time_iter_std": 0.01224, "accuracy": 0.74118, "accuracy_std": 0.00586, "f1": 0.74118, "f1_std": 0.00586, "accuracy-SBM": 0.74118, "accuracy-SBM_std": 0.00586, "auc": 0.94709, "auc_std": 0.00238}
{"epoch": 15, "time_epoch": 84.77442, "time_epoch_std": 3.53226, "eta": 7158.79098, "eta_std": 337.22367, "eta_hours": 1.98855, "eta_hours_std": 0.09367, "loss": 0.71927, "loss_std": 0.01423, "lr": 0.00049, "lr_std": 0.0, "params": 502054.0, "params_std": 0.0, "time_iter": 0.13564, "time_iter_std": 0.00565, "accuracy": 0.74398, "accuracy_std": 0.00515, "f1": 0.74398, "f1_std": 0.00515, "accuracy-SBM": 0.74398, "accuracy-SBM_std": 0.00515, "auc": 0.9483, "auc_std": 0.00205}
{"epoch": 16, "time_epoch": 85.22595, "time_epoch_std": 4.46052, "eta": 7073.57827, "eta_std": 335.33375, "eta_hours": 1.96488, "eta_hours_std": 0.09315, "loss": 0.71364, "loss_std": 0.01333, "lr": 0.00048, "lr_std": 0.0, "params": 502054.0, "params_std": 0.0, "time_iter": 0.13636, "time_iter_std": 0.00714, "accuracy": 0.74574, "accuracy_std": 0.00489, "f1": 0.74574, "f1_std": 0.00489, "accuracy-SBM": 0.74574, "accuracy-SBM_std": 0.00489, "auc": 0.94908, "auc_std": 0.00191}
{"epoch": 17, "time_epoch": 85.20285, "time_epoch_std": 4.24499, "eta": 6988.25885, "eta_std": 332.13692, "eta_hours": 1.94118, "eta_hours_std": 0.09226, "loss": 0.70607, "loss_std": 0.01343, "lr": 0.00048, "lr_std": 0.0, "params": 502054.0, "params_std": 0.0, "time_iter": 0.13632, "time_iter_std": 0.00679, "accuracy": 0.7483, "accuracy_std": 0.00491, "f1": 0.7483, "f1_std": 0.00491, "accuracy-SBM": 0.7483, "accuracy-SBM_std": 0.00491, "auc": 0.95014, "auc_std": 0.0019}
{"epoch": 18, "time_epoch": 85.40726, "time_epoch_std": 4.64761, "eta": 6903.82313, "eta_std": 330.54888, "eta_hours": 1.91773, "eta_hours_std": 0.09182, "loss": 0.70126, "loss_std": 0.01275, "lr": 0.00048, "lr_std": 0.0, "params": 502054.0, "params_std": 0.0, "time_iter": 0.13665, "time_iter_std": 0.00744, "accuracy": 0.7499, "accuracy_std": 0.00443, "f1": 0.7499, "f1_std": 0.00444, "accuracy-SBM": 0.7499, "accuracy-SBM_std": 0.00443, "auc": 0.95081, "auc_std": 0.0018}
{"epoch": 19, "time_epoch": 84.85763, "time_epoch_std": 3.33072, "eta": 6817.09173, "eta_std": 323.21977, "eta_hours": 1.89364, "eta_hours_std": 0.08978, "loss": 0.69667, "loss_std": 0.01296, "lr": 0.00047, "lr_std": 0.0, "params": 502054.0, "params_std": 0.0, "time_iter": 0.13577, "time_iter_std": 0.00533, "accuracy": 0.75134, "accuracy_std": 0.00465, "f1": 0.75134, "f1_std": 0.00465, "accuracy-SBM": 0.75134, "accuracy-SBM_std": 0.00465, "auc": 0.95144, "auc_std": 0.00181}
{"epoch": 20, "time_epoch": 85.81768, "time_epoch_std": 5.70984, "eta": 6734.15037, "eta_std": 325.23849, "eta_hours": 1.8706, "eta_hours_std": 0.09034, "loss": 0.69169, "loss_std": 0.01253, "lr": 0.00047, "lr_std": 0.0, "params": 502054.0, "params_std": 0.0, "time_iter": 0.13731, "time_iter_std": 0.00914, "accuracy": 0.75309, "accuracy_std": 0.00433, "f1": 0.75309, "f1_std": 0.00433, "accuracy-SBM": 0.75309, "accuracy-SBM_std": 0.00433, "auc": 0.95212, "auc_std": 0.00175}
{"epoch": 21, "time_epoch": 84.95182, "time_epoch_std": 4.05336, "eta": 6647.87768, "eta_std": 320.8667, "eta_hours": 1.84663, "eta_hours_std": 0.08913, "loss": 0.68671, "loss_std": 0.01154, "lr": 0.00047, "lr_std": 0.0, "params": 502054.0, "params_std": 0.0, "time_iter": 0.13592, "time_iter_std": 0.00649, "accuracy": 0.75471, "accuracy_std": 0.00417, "f1": 0.75471, "f1_std": 0.00417, "accuracy-SBM": 0.75471, "accuracy-SBM_std": 0.00417, "auc": 0.95281, "auc_std": 0.00158}
{"epoch": 22, "time_epoch": 84.90443, "time_epoch_std": 3.33472, "eta": 6561.56119, "eta_std": 314.02467, "eta_hours": 1.82266, "eta_hours_std": 0.08723, "loss": 0.68133, "loss_std": 0.00984, "lr": 0.00046, "lr_std": 0.0, "params": 502054.0, "params_std": 0.0, "time_iter": 0.13585, "time_iter_std": 0.00533, "accuracy": 0.75655, "accuracy_std": 0.0034, "f1": 0.75655, "f1_std": 0.0034, "accuracy-SBM": 0.75655, "accuracy-SBM_std": 0.00339, "auc": 0.95354, "auc_std": 0.00135}
{"epoch": 23, "time_epoch": 85.54413, "time_epoch_std": 4.95226, "eta": 6477.3881, "eta_std": 312.60665, "eta_hours": 1.79927, "eta_hours_std": 0.08684, "loss": 0.67833, "loss_std": 0.01041, "lr": 0.00046, "lr_std": 0.0, "params": 502054.0, "params_std": 0.0, "time_iter": 0.13687, "time_iter_std": 0.00792, "accuracy": 0.75763, "accuracy_std": 0.00366, "f1": 0.75763, "f1_std": 0.00366, "accuracy-SBM": 0.75763, "accuracy-SBM_std": 0.00366, "auc": 0.95394, "auc_std": 0.00141}
{"epoch": 24, "time_epoch": 85.16261, "time_epoch_std": 4.16167, "eta": 6391.96075, "eta_std": 308.56739, "eta_hours": 1.77554, "eta_hours_std": 0.08571, "loss": 0.67454, "loss_std": 0.00962, "lr": 0.00045, "lr_std": 0.0, "params": 502054.0, "params_std": 0.0, "time_iter": 0.13626, "time_iter_std": 0.00666, "accuracy": 0.75893, "accuracy_std": 0.00338, "f1": 0.75893, "f1_std": 0.00338, "accuracy-SBM": 0.75893, "accuracy-SBM_std": 0.00338, "auc": 0.95446, "auc_std": 0.00131}
{"epoch": 25, "time_epoch": 85.25041, "time_epoch_std": 5.22471, "eta": 6306.80369, "eta_std": 307.39607, "eta_hours": 1.75189, "eta_hours_std": 0.08539, "loss": 0.67033, "loss_std": 0.0095, "lr": 0.00045, "lr_std": 0.0, "params": 502054.0, "params_std": 0.0, "time_iter": 0.1364, "time_iter_std": 0.00836, "accuracy": 0.76016, "accuracy_std": 0.00338, "f1": 0.76016, "f1_std": 0.00338, "accuracy-SBM": 0.76016, "accuracy-SBM_std": 0.00338, "auc": 0.95502, "auc_std": 0.00127}
{"epoch": 26, "time_epoch": 84.37212, "time_epoch_std": 2.50009, "eta": 6219.26506, "eta_std": 298.52843, "eta_hours": 1.72757, "eta_hours_std": 0.08292, "loss": 0.66679, "loss_std": 0.00969, "lr": 0.00044, "lr_std": 0.0, "params": 502054.0, "params_std": 0.0, "time_iter": 0.13499, "time_iter_std": 0.004, "accuracy": 0.76154, "accuracy_std": 0.00347, "f1": 0.76154, "f1_std": 0.00347, "accuracy-SBM": 0.76154, "accuracy-SBM_std": 0.00347, "auc": 0.95548, "auc_std": 0.00129}
{"epoch": 27, "time_epoch": 84.92631, "time_epoch_std": 3.84024, "eta": 6133.37766, "eta_std": 293.7269, "eta_hours": 1.70372, "eta_hours_std": 0.08159, "loss": 0.66383, "loss_std": 0.01001, "lr": 0.00044, "lr_std": 0.0, "params": 502054.0, "params_std": 0.0, "time_iter": 0.13588, "time_iter_std": 0.00614, "accuracy": 0.76262, "accuracy_std": 0.00366, "f1": 0.76262, "f1_std": 0.00366, "accuracy-SBM": 0.76262, "accuracy-SBM_std": 0.00366, "auc": 0.95587, "auc_std": 0.00133}
{"epoch": 28, "time_epoch": 84.97124, "time_epoch_std": 3.93805, "eta": 6047.66656, "eta_std": 289.21647, "eta_hours": 1.67991, "eta_hours_std": 0.08034, "loss": 0.66058, "loss_std": 0.00949, "lr": 0.00043, "lr_std": 0.0, "params": 502054.0, "params_std": 0.0, "time_iter": 0.13596, "time_iter_std": 0.0063, "accuracy": 0.76362, "accuracy_std": 0.00335, "f1": 0.76362, "f1_std": 0.00335, "accuracy-SBM": 0.76362, "accuracy-SBM_std": 0.00335, "auc": 0.95631, "auc_std": 0.00126}
{"epoch": 29, "time_epoch": 84.35845, "time_epoch_std": 2.88786, "eta": 5960.57494, "eta_std": 282.11902, "eta_hours": 1.65571, "eta_hours_std": 0.07837, "loss": 0.65813, "loss_std": 0.00877, "lr": 0.00043, "lr_std": 0.0, "params": 502054.0, "params_std": 0.0, "time_iter": 0.13497, "time_iter_std": 0.00462, "accuracy": 0.76456, "accuracy_std": 0.00303, "f1": 0.76456, "f1_std": 0.00303, "accuracy-SBM": 0.76456, "accuracy-SBM_std": 0.00303, "auc": 0.95663, "auc_std": 0.00115}
{"epoch": 30, "time_epoch": 84.70187, "time_epoch_std": 3.69772, "eta": 5874.42404, "eta_std": 277.30959, "eta_hours": 1.63178, "eta_hours_std": 0.07703, "loss": 0.65459, "loss_std": 0.0092, "lr": 0.00042, "lr_std": 0.0, "params": 502054.0, "params_std": 0.0, "time_iter": 0.13552, "time_iter_std": 0.00592, "accuracy": 0.76575, "accuracy_std": 0.00334, "f1": 0.76575, "f1_std": 0.00334, "accuracy-SBM": 0.76575, "accuracy-SBM_std": 0.00334, "auc": 0.95709, "auc_std": 0.0012}
{"epoch": 31, "time_epoch": 85.06005, "time_epoch_std": 3.77314, "eta": 5789.12482, "eta_std": 272.74756, "eta_hours": 1.60809, "eta_hours_std": 0.07576, "loss": 0.6509, "loss_std": 0.0089, "lr": 0.00041, "lr_std": 0.0, "params": 502054.0, "params_std": 0.0, "time_iter": 0.1361, "time_iter_std": 0.00604, "accuracy": 0.76693, "accuracy_std": 0.00306, "f1": 0.76692, "f1_std": 0.00306, "accuracy-SBM": 0.76693, "accuracy-SBM_std": 0.00306, "auc": 0.95757, "auc_std": 0.00117}
{"epoch": 32, "time_epoch": 85.16144, "time_epoch_std": 4.42446, "eta": 5704.04597, "eta_std": 269.5008, "eta_hours": 1.58446, "eta_hours_std": 0.07486, "loss": 0.64966, "loss_std": 0.00823, "lr": 0.00041, "lr_std": 0.0, "params": 502054.0, "params_std": 0.0, "time_iter": 0.13626, "time_iter_std": 0.00708, "accuracy": 0.76737, "accuracy_std": 0.00283, "f1": 0.76737, "f1_std": 0.00283, "accuracy-SBM": 0.76737, "accuracy-SBM_std": 0.00283, "auc": 0.95773, "auc_std": 0.00107}
{"epoch": 33, "time_epoch": 84.53322, "time_epoch_std": 3.11434, "eta": 5617.74276, "eta_std": 263.51108, "eta_hours": 1.56048, "eta_hours_std": 0.0732, "loss": 0.64603, "loss_std": 0.00874, "lr": 0.0004, "lr_std": 0.0, "params": 502054.0, "params_std": 0.0, "time_iter": 0.13525, "time_iter_std": 0.00498, "accuracy": 0.76867, "accuracy_std": 0.00306, "f1": 0.76867, "f1_std": 0.00306, "accuracy-SBM": 0.76867, "accuracy-SBM_std": 0.00306, "auc": 0.9582, "auc_std": 0.00113}
{"epoch": 34, "time_epoch": 84.8915, "time_epoch_std": 3.86542, "eta": 5532.20607, "eta_std": 259.20403, "eta_hours": 1.53672, "eta_hours_std": 0.072, "loss": 0.64334, "loss_std": 0.00806, "lr": 0.00039, "lr_std": 0.0, "params": 502054.0, "params_std": 0.0, "time_iter": 0.13583, "time_iter_std": 0.00618, "accuracy": 0.76957, "accuracy_std": 0.00272, "f1": 0.76957, "f1_std": 0.00272, "accuracy-SBM": 0.76957, "accuracy-SBM_std": 0.00272, "auc": 0.95854, "auc_std": 0.00105}
{"epoch": 35, "time_epoch": 85.27408, "time_epoch_std": 4.92659, "eta": 5447.38537, "eta_std": 256.80913, "eta_hours": 1.51316, "eta_hours_std": 0.07134, "loss": 0.64034, "loss_std": 0.009, "lr": 0.00039, "lr_std": 0.0, "params": 502054.0, "params_std": 0.0, "time_iter": 0.13644, "time_iter_std": 0.00788, "accuracy": 0.77052, "accuracy_std": 0.00315, "f1": 0.77052, "f1_std": 0.00315, "accuracy-SBM": 0.77052, "accuracy-SBM_std": 0.00315, "auc": 0.95894, "auc_std": 0.00115}
{"epoch": 36, "time_epoch": 85.45377, "time_epoch_std": 5.11401, "eta": 5362.84613, "eta_std": 254.62162, "eta_hours": 1.48968, "eta_hours_std": 0.07073, "loss": 0.63898, "loss_std": 0.00829, "lr": 0.00038, "lr_std": 0.0, "params": 502054.0, "params_std": 0.0, "time_iter": 0.13673, "time_iter_std": 0.00818, "accuracy": 0.77112, "accuracy_std": 0.00295, "f1": 0.77112, "f1_std": 0.00295, "accuracy-SBM": 0.77112, "accuracy-SBM_std": 0.00295, "auc": 0.95911, "auc_std": 0.00106}
{"epoch": 37, "time_epoch": 84.93769, "time_epoch_std": 3.50515, "eta": 5277.41671, "eta_std": 249.61668, "eta_hours": 1.46595, "eta_hours_std": 0.06934, "loss": 0.63621, "loss_std": 0.00841, "lr": 0.00037, "lr_std": 0.0, "params": 502054.0, "params_std": 0.0, "time_iter": 0.1359, "time_iter_std": 0.00561, "accuracy": 0.77222, "accuracy_std": 0.00297, "f1": 0.77222, "f1_std": 0.00297, "accuracy-SBM": 0.77222, "accuracy-SBM_std": 0.00297, "auc": 0.95946, "auc_std": 0.00107}
{"epoch": 38, "time_epoch": 85.22976, "time_epoch_std": 4.38687, "eta": 5192.46935, "eta_std": 246.10631, "eta_hours": 1.44235, "eta_hours_std": 0.06836, "loss": 0.63294, "loss_std": 0.00904, "lr": 0.00037, "lr_std": 0.0, "params": 502054.0, "params_std": 0.0, "time_iter": 0.13637, "time_iter_std": 0.00702, "accuracy": 0.77321, "accuracy_std": 0.00311, "f1": 0.77321, "f1_std": 0.00311, "accuracy-SBM": 0.77321, "accuracy-SBM_std": 0.00311, "auc": 0.95987, "auc_std": 0.00115}
{"epoch": 39, "time_epoch": 84.97934, "time_epoch_std": 3.72998, "eta": 5107.13224, "eta_std": 241.57847, "eta_hours": 1.41865, "eta_hours_std": 0.06711, "loss": 0.63009, "loss_std": 0.00844, "lr": 0.00036, "lr_std": 0.0, "params": 502054.0, "params_std": 0.0, "time_iter": 0.13597, "time_iter_std": 0.00597, "accuracy": 0.77419, "accuracy_std": 0.00294, "f1": 0.77419, "f1_std": 0.00294, "accuracy-SBM": 0.77419, "accuracy-SBM_std": 0.00294, "auc": 0.96024, "auc_std": 0.00107}
{"epoch": 40, "time_epoch": 84.70452, "time_epoch_std": 3.49728, "eta": 5021.4171, "eta_std": 236.71894, "eta_hours": 1.39484, "eta_hours_std": 0.06576, "loss": 0.62816, "loss_std": 0.00858, "lr": 0.00035, "lr_std": 0.0, "params": 502054.0, "params_std": 0.0, "time_iter": 0.13553, "time_iter_std": 0.00559, "accuracy": 0.77473, "accuracy_std": 0.00303, "f1": 0.77473, "f1_std": 0.00303, "accuracy-SBM": 0.77473, "accuracy-SBM_std": 0.00303, "auc": 0.96048, "auc_std": 0.00108}
{"epoch": 41, "time_epoch": 84.92592, "time_epoch_std": 4.0567, "eta": 4936.05584, "eta_std": 232.75972, "eta_hours": 1.37113, "eta_hours_std": 0.06466, "loss": 0.62575, "loss_std": 0.00922, "lr": 0.00034, "lr_std": 0.0, "params": 502054.0, "params_std": 0.0, "time_iter": 0.13588, "time_iter_std": 0.00649, "accuracy": 0.77563, "accuracy_std": 0.00336, "f1": 0.77563, "f1_std": 0.00336, "accuracy-SBM": 0.77563, "accuracy-SBM_std": 0.00336, "auc": 0.96079, "auc_std": 0.00115}
{"epoch": 42, "time_epoch": 84.91846, "time_epoch_std": 4.38431, "eta": 4850.70493, "eta_std": 229.21166, "eta_hours": 1.34742, "eta_hours_std": 0.06367, "loss": 0.62315, "loss_std": 0.00818, "lr": 0.00034, "lr_std": 0.0, "params": 502054.0, "params_std": 0.0, "time_iter": 0.13587, "time_iter_std": 0.00702, "accuracy": 0.77654, "accuracy_std": 0.003, "f1": 0.77654, "f1_std": 0.003, "accuracy-SBM": 0.77654, "accuracy-SBM_std": 0.003, "auc": 0.96111, "auc_std": 0.00102}
{"epoch": 43, "time_epoch": 84.9812, "time_epoch_std": 3.92544, "eta": 4765.45353, "eta_std": 225.03585, "eta_hours": 1.32374, "eta_hours_std": 0.06251, "loss": 0.62148, "loss_std": 0.00853, "lr": 0.00033, "lr_std": 0.0, "params": 502054.0, "params_std": 0.0, "time_iter": 0.13597, "time_iter_std": 0.00628, "accuracy": 0.77695, "accuracy_std": 0.00295, "f1": 0.77695, "f1_std": 0.00296, "accuracy-SBM": 0.77695, "accuracy-SBM_std": 0.00295, "auc": 0.96133, "auc_std": 0.00106}
{"epoch": 44, "time_epoch": 84.8771, "time_epoch_std": 3.67065, "eta": 4680.08692, "eta_std": 220.55272, "eta_hours": 1.30002, "eta_hours_std": 0.06127, "loss": 0.61803, "loss_std": 0.00765, "lr": 0.00032, "lr_std": 0.0, "params": 502054.0, "params_std": 0.0, "time_iter": 0.1358, "time_iter_std": 0.00587, "accuracy": 0.77816, "accuracy_std": 0.00271, "f1": 0.77816, "f1_std": 0.00271, "accuracy-SBM": 0.77816, "accuracy-SBM_std": 0.00271, "auc": 0.96175, "auc_std": 0.00095}
{"epoch": 45, "time_epoch": 85.20185, "time_epoch_std": 4.31408, "eta": 4595.1228, "eta_std": 216.88311, "eta_hours": 1.27642, "eta_hours_std": 0.06025, "loss": 0.61623, "loss_std": 0.00936, "lr": 0.00031, "lr_std": 0.0, "params": 502054.0, "params_std": 0.0, "time_iter": 0.13632, "time_iter_std": 0.0069, "accuracy": 0.77883, "accuracy_std": 0.0032, "f1": 0.77883, "f1_std": 0.0032, "accuracy-SBM": 0.77883, "accuracy-SBM_std": 0.0032, "auc": 0.96196, "auc_std": 0.00117}
{"epoch": 46, "time_epoch": 85.35621, "time_epoch_std": 5.00457, "eta": 4510.32265, "eta_std": 213.90815, "eta_hours": 1.25287, "eta_hours_std": 0.05942, "loss": 0.61408, "loss_std": 0.0093, "lr": 0.0003, "lr_std": 0.0, "params": 502054.0, "params_std": 0.0, "time_iter": 0.13657, "time_iter_std": 0.00801, "accuracy": 0.77963, "accuracy_std": 0.00329, "f1": 0.77963, "f1_std": 0.00329, "accuracy-SBM": 0.77963, "accuracy-SBM_std": 0.00329, "auc": 0.96223, "auc_std": 0.00115}
{"epoch": 47, "time_epoch": 85.35653, "time_epoch_std": 4.66611, "eta": 4425.49966, "eta_std": 210.54448, "eta_hours": 1.22931, "eta_hours_std": 0.05849, "loss": 0.61155, "loss_std": 0.00951, "lr": 0.0003, "lr_std": 0.0, "params": 502054.0, "params_std": 0.0, "time_iter": 0.13657, "time_iter_std": 0.00747, "accuracy": 0.78036, "accuracy_std": 0.00336, "f1": 0.78036, "f1_std": 0.00336, "accuracy-SBM": 0.78036, "accuracy-SBM_std": 0.00336, "auc": 0.96255, "auc_std": 0.00116}
{"epoch": 48, "time_epoch": 85.1426, "time_epoch_std": 4.01407, "eta": 4340.43224, "eta_std": 206.43568, "eta_hours": 1.20568, "eta_hours_std": 0.05734, "loss": 0.60892, "loss_std": 0.00933, "lr": 0.00029, "lr_std": 0.0, "params": 502054.0, "params_std": 0.0, "time_iter": 0.13623, "time_iter_std": 0.00642, "accuracy": 0.78158, "accuracy_std": 0.00336, "f1": 0.78158, "f1_std": 0.00336, "accuracy-SBM": 0.78158, "accuracy-SBM_std": 0.00336, "auc": 0.96286, "auc_std": 0.00114}
{"epoch": 49, "time_epoch": 84.99951, "time_epoch_std": 4.17754, "eta": 4255.21872, "eta_std": 202.49663, "eta_hours": 1.182, "eta_hours_std": 0.05625, "loss": 0.60665, "loss_std": 0.00933, "lr": 0.00028, "lr_std": 0.0, "params": 502054.0, "params_std": 0.0, "time_iter": 0.136, "time_iter_std": 0.00668, "accuracy": 0.7821, "accuracy_std": 0.00332, "f1": 0.7821, "f1_std": 0.00332, "accuracy-SBM": 0.7821, "accuracy-SBM_std": 0.00332, "auc": 0.96315, "auc_std": 0.00114}
{"epoch": 50, "time_epoch": 84.64539, "time_epoch_std": 3.11506, "eta": 4169.67336, "eta_std": 197.41975, "eta_hours": 1.15824, "eta_hours_std": 0.05484, "loss": 0.60422, "loss_std": 0.00877, "lr": 0.00027, "lr_std": 0.0, "params": 502054.0, "params_std": 0.0, "time_iter": 0.13543, "time_iter_std": 0.00498, "accuracy": 0.78308, "accuracy_std": 0.00293, "f1": 0.78308, "f1_std": 0.00293, "accuracy-SBM": 0.78308, "accuracy-SBM_std": 0.00293, "auc": 0.96344, "auc_std": 0.00106}
{"epoch": 51, "time_epoch": 84.58683, "time_epoch_std": 3.79252, "eta": 4084.10855, "eta_std": 193.15103, "eta_hours": 1.13447, "eta_hours_std": 0.05365, "loss": 0.60249, "loss_std": 0.00878, "lr": 0.00026, "lr_std": 0.0, "params": 502054.0, "params_std": 0.0, "time_iter": 0.13534, "time_iter_std": 0.00607, "accuracy": 0.7837, "accuracy_std": 0.00307, "f1": 0.7837, "f1_std": 0.00307, "accuracy-SBM": 0.7837, "accuracy-SBM_std": 0.00307, "auc": 0.96365, "auc_std": 0.00106}
{"epoch": 52, "time_epoch": 84.63005, "time_epoch_std": 3.29261, "eta": 3998.61899, "eta_std": 188.45479, "eta_hours": 1.11073, "eta_hours_std": 0.05235, "loss": 0.59958, "loss_std": 0.00873, "lr": 0.00025, "lr_std": 0.0, "params": 502054.0, "params_std": 0.0, "time_iter": 0.13541, "time_iter_std": 0.00527, "accuracy": 0.78452, "accuracy_std": 0.00331, "f1": 0.78452, "f1_std": 0.00331, "accuracy-SBM": 0.78452, "accuracy-SBM_std": 0.00331, "auc": 0.964, "auc_std": 0.00104}
{"epoch": 53, "time_epoch": 84.63969, "time_epoch_std": 3.50447, "eta": 3913.16946, "eta_std": 183.98489, "eta_hours": 1.08699, "eta_hours_std": 0.05111, "loss": 0.59744, "loss_std": 0.00917, "lr": 0.00025, "lr_std": 0.0, "params": 502054.0, "params_std": 0.0, "time_iter": 0.13542, "time_iter_std": 0.00561, "accuracy": 0.78545, "accuracy_std": 0.00327, "f1": 0.78545, "f1_std": 0.00327, "accuracy-SBM": 0.78545, "accuracy-SBM_std": 0.00327, "auc": 0.96425, "auc_std": 0.0011}
{"epoch": 54, "time_epoch": 84.92667, "time_epoch_std": 3.82857, "eta": 3827.98419, "eta_std": 179.80416, "eta_hours": 1.06333, "eta_hours_std": 0.04995, "loss": 0.59541, "loss_std": 0.00865, "lr": 0.00024, "lr_std": 0.0, "params": 502054.0, "params_std": 0.0, "time_iter": 0.13588, "time_iter_std": 0.00613, "accuracy": 0.78604, "accuracy_std": 0.00319, "f1": 0.78604, "f1_std": 0.00319, "accuracy-SBM": 0.78604, "accuracy-SBM_std": 0.00319, "auc": 0.9645, "auc_std": 0.00103}
{"epoch": 55, "time_epoch": 84.69662, "time_epoch_std": 3.44673, "eta": 3742.6274, "eta_std": 175.35855, "eta_hours": 1.03962, "eta_hours_std": 0.04871, "loss": 0.59281, "loss_std": 0.00871, "lr": 0.00023, "lr_std": 0.0, "params": 502054.0, "params_std": 0.0, "time_iter": 0.13552, "time_iter_std": 0.00552, "accuracy": 0.7869, "accuracy_std": 0.00324, "f1": 0.7869, "f1_std": 0.00324, "accuracy-SBM": 0.78691, "accuracy-SBM_std": 0.00324, "auc": 0.96481, "auc_std": 0.00103}
{"epoch": 56, "time_epoch": 84.62468, "time_epoch_std": 3.91267, "eta": 3657.2395, "eta_std": 171.28013, "eta_hours": 1.0159, "eta_hours_std": 0.04758, "loss": 0.59079, "loss_std": 0.00891, "lr": 0.00022, "lr_std": 0.0, "params": 502054.0, "params_std": 0.0, "time_iter": 0.1354, "time_iter_std": 0.00626, "accuracy": 0.7877, "accuracy_std": 0.00331, "f1": 0.7877, "f1_std": 0.00331, "accuracy-SBM": 0.7877, "accuracy-SBM_std": 0.00331, "auc": 0.96505, "auc_std": 0.00105}
{"epoch": 57, "time_epoch": 84.49163, "time_epoch_std": 3.70349, "eta": 3571.78158, "eta_std": 167.07139, "eta_hours": 0.99216, "eta_hours_std": 0.04641, "loss": 0.58889, "loss_std": 0.00874, "lr": 0.00021, "lr_std": 0.0, "params": 502054.0, "params_std": 0.0, "time_iter": 0.13519, "time_iter_std": 0.00593, "accuracy": 0.78827, "accuracy_std": 0.00329, "f1": 0.78827, "f1_std": 0.00329, "accuracy-SBM": 0.78827, "accuracy-SBM_std": 0.00329, "auc": 0.96528, "auc_std": 0.00102}
{"epoch": 58, "time_epoch": 84.73728, "time_epoch_std": 3.56058, "eta": 3486.52711, "eta_std": 162.76302, "eta_hours": 0.96848, "eta_hours_std": 0.04521, "loss": 0.58665, "loss_std": 0.00823, "lr": 0.0002, "lr_std": 0.0, "params": 502054.0, "params_std": 0.0, "time_iter": 0.13558, "time_iter_std": 0.0057, "accuracy": 0.78903, "accuracy_std": 0.00298, "f1": 0.78902, "f1_std": 0.00298, "accuracy-SBM": 0.78903, "accuracy-SBM_std": 0.00298, "auc": 0.96554, "auc_std": 0.00096}
{"epoch": 59, "time_epoch": 85.0018, "time_epoch_std": 3.59603, "eta": 3401.46624, "eta_std": 158.42459, "eta_hours": 0.94485, "eta_hours_std": 0.04401, "loss": 0.58559, "loss_std": 0.00899, "lr": 0.0002, "lr_std": 0.0, "params": 502054.0, "params_std": 0.0, "time_iter": 0.136, "time_iter_std": 0.00575, "accuracy": 0.78928, "accuracy_std": 0.0032, "f1": 0.78928, "f1_std": 0.0032, "accuracy-SBM": 0.78928, "accuracy-SBM_std": 0.0032, "auc": 0.96567, "auc_std": 0.00106}
{"epoch": 60, "time_epoch": 84.84061, "time_epoch_std": 4.21442, "eta": 3316.30424, "eta_std": 154.45555, "eta_hours": 0.9212, "eta_hours_std": 0.0429, "loss": 0.58282, "loss_std": 0.0091, "lr": 0.00019, "lr_std": 0.0, "params": 502054.0, "params_std": 0.0, "time_iter": 0.13575, "time_iter_std": 0.00674, "accuracy": 0.79041, "accuracy_std": 0.00341, "f1": 0.79041, "f1_std": 0.00341, "accuracy-SBM": 0.79041, "accuracy-SBM_std": 0.00341, "auc": 0.96599, "auc_std": 0.00105}
{"epoch": 61, "time_epoch": 85.14937, "time_epoch_std": 4.63804, "eta": 3231.34185, "eta_std": 150.73068, "eta_hours": 0.89759, "eta_hours_std": 0.04187, "loss": 0.5816, "loss_std": 0.00918, "lr": 0.00018, "lr_std": 0.0, "params": 502054.0, "params_std": 0.0, "time_iter": 0.13624, "time_iter_std": 0.00742, "accuracy": 0.79074, "accuracy_std": 0.00335, "f1": 0.79074, "f1_std": 0.00335, "accuracy-SBM": 0.79074, "accuracy-SBM_std": 0.00335, "auc": 0.96613, "auc_std": 0.00107}
{"epoch": 62, "time_epoch": 84.77272, "time_epoch_std": 3.20442, "eta": 3146.15231, "eta_std": 146.08728, "eta_hours": 0.87393, "eta_hours_std": 0.04058, "loss": 0.57938, "loss_std": 0.00903, "lr": 0.00017, "lr_std": 0.0, "params": 502054.0, "params_std": 0.0, "time_iter": 0.13564, "time_iter_std": 0.00513, "accuracy": 0.79156, "accuracy_std": 0.0034, "f1": 0.79155, "f1_std": 0.0034, "accuracy-SBM": 0.79156, "accuracy-SBM_std": 0.0034, "auc": 0.96639, "auc_std": 0.00104}
{"epoch": 63, "time_epoch": 85.24696, "time_epoch_std": 4.5673, "eta": 3061.24256, "eta_std": 142.35199, "eta_hours": 0.85035, "eta_hours_std": 0.03954, "loss": 0.57755, "loss_std": 0.00862, "lr": 0.00016, "lr_std": 0.0, "params": 502054.0, "params_std": 0.0, "time_iter": 0.13639, "time_iter_std": 0.00731, "accuracy": 0.79214, "accuracy_std": 0.00323, "f1": 0.79213, "f1_std": 0.00323, "accuracy-SBM": 0.79214, "accuracy-SBM_std": 0.00323, "auc": 0.96661, "auc_std": 0.00098}
{"epoch": 64, "time_epoch": 85.16211, "time_epoch_std": 4.62079, "eta": 2976.27675, "eta_std": 138.64064, "eta_hours": 0.82674, "eta_hours_std": 0.03851, "loss": 0.57471, "loss_std": 0.00944, "lr": 0.00016, "lr_std": 0.0, "params": 502054.0, "params_std": 0.0, "time_iter": 0.13626, "time_iter_std": 0.00739, "accuracy": 0.79324, "accuracy_std": 0.00354, "f1": 0.79324, "f1_std": 0.00354, "accuracy-SBM": 0.79324, "accuracy-SBM_std": 0.00354, "auc": 0.96693, "auc_std": 0.00108}
{"epoch": 65, "time_epoch": 85.18411, "time_epoch_std": 4.11959, "eta": 2891.31633, "eta_std": 134.56444, "eta_hours": 0.80314, "eta_hours_std": 0.03738, "loss": 0.57303, "loss_std": 0.00901, "lr": 0.00015, "lr_std": 0.0, "params": 502054.0, "params_std": 0.0, "time_iter": 0.13629, "time_iter_std": 0.00659, "accuracy": 0.79368, "accuracy_std": 0.00321, "f1": 0.79368, "f1_std": 0.00321, "accuracy-SBM": 0.79368, "accuracy-SBM_std": 0.00321, "auc": 0.96712, "auc_std": 0.00103}
{"epoch": 66, "time_epoch": 85.06098, "time_epoch_std": 3.60909, "eta": 2806.28858, "eta_std": 130.30938, "eta_hours": 0.77952, "eta_hours_std": 0.0362, "loss": 0.57241, "loss_std": 0.00889, "lr": 0.00014, "lr_std": 0.0, "params": 502054.0, "params_std": 0.0, "time_iter": 0.1361, "time_iter_std": 0.00577, "accuracy": 0.79404, "accuracy_std": 0.00317, "f1": 0.79404, "f1_std": 0.00317, "accuracy-SBM": 0.79404, "accuracy-SBM_std": 0.00317, "auc": 0.9672, "auc_std": 0.00101}
{"epoch": 67, "time_epoch": 85.14411, "time_epoch_std": 4.30294, "eta": 2721.29898, "eta_std": 126.45112, "eta_hours": 0.75592, "eta_hours_std": 0.03512, "loss": 0.56994, "loss_std": 0.00916, "lr": 0.00013, "lr_std": 0.0, "params": 502054.0, "params_std": 0.0, "time_iter": 0.13623, "time_iter_std": 0.00689, "accuracy": 0.79482, "accuracy_std": 0.00336, "f1": 0.79482, "f1_std": 0.00336, "accuracy-SBM": 0.79482, "accuracy-SBM_std": 0.00336, "auc": 0.96748, "auc_std": 0.00104}
{"epoch": 68, "time_epoch": 84.83521, "time_epoch_std": 3.40104, "eta": 2636.16611, "eta_std": 122.12808, "eta_hours": 0.73227, "eta_hours_std": 0.03392, "loss": 0.56848, "loss_std": 0.00968, "lr": 0.00013, "lr_std": 0.0, "params": 502054.0, "params_std": 0.0, "time_iter": 0.13574, "time_iter_std": 0.00544, "accuracy": 0.79545, "accuracy_std": 0.00348, "f1": 0.79545, "f1_std": 0.00348, "accuracy-SBM": 0.79545, "accuracy-SBM_std": 0.00348, "auc": 0.96765, "auc_std": 0.00109}
{"epoch": 69, "time_epoch": 84.97479, "time_epoch_std": 3.67283, "eta": 2551.10157, "eta_std": 117.98418, "eta_hours": 0.70864, "eta_hours_std": 0.03277, "loss": 0.56766, "loss_std": 0.0096, "lr": 0.00012, "lr_std": 0.0, "params": 502054.0, "params_std": 0.0, "time_iter": 0.13596, "time_iter_std": 0.00588, "accuracy": 0.79563, "accuracy_std": 0.00354, "f1": 0.79563, "f1_std": 0.00354, "accuracy-SBM": 0.79563, "accuracy-SBM_std": 0.00354, "auc": 0.96774, "auc_std": 0.00108}
{"epoch": 70, "time_epoch": 85.01696, "time_epoch_std": 3.65127, "eta": 2466.05678, "eta_std": 113.82664, "eta_hours": 0.68502, "eta_hours_std": 0.03162, "loss": 0.56618, "loss_std": 0.00885, "lr": 0.00011, "lr_std": 0.0, "params": 502054.0, "params_std": 0.0, "time_iter": 0.13603, "time_iter_std": 0.00584, "accuracy": 0.79626, "accuracy_std": 0.00322, "f1": 0.79626, "f1_std": 0.00322, "accuracy-SBM": 0.79626, "accuracy-SBM_std": 0.00322, "auc": 0.96791, "auc_std": 0.001}
{"epoch": 71, "time_epoch": 85.30105, "time_epoch_std": 4.1735, "eta": 2381.12324, "eta_std": 109.92821, "eta_hours": 0.66142, "eta_hours_std": 0.03054, "loss": 0.56446, "loss_std": 0.00914, "lr": 0.00011, "lr_std": 0.0, "params": 502054.0, "params_std": 0.0, "time_iter": 0.13648, "time_iter_std": 0.00668, "accuracy": 0.79684, "accuracy_std": 0.00337, "f1": 0.79684, "f1_std": 0.00337, "accuracy-SBM": 0.79684, "accuracy-SBM_std": 0.00337, "auc": 0.96811, "auc_std": 0.00102}
{"epoch": 72, "time_epoch": 84.62341, "time_epoch_std": 3.22342, "eta": 2295.929, "eta_std": 105.64941, "eta_hours": 0.63776, "eta_hours_std": 0.02935, "loss": 0.56272, "loss_std": 0.00892, "lr": 0.0001, "lr_std": 0.0, "params": 502054.0, "params_std": 0.0, "time_iter": 0.1354, "time_iter_std": 0.00516, "accuracy": 0.79737, "accuracy_std": 0.00325, "f1": 0.79737, "f1_std": 0.00325, "accuracy-SBM": 0.79737, "accuracy-SBM_std": 0.00325, "auc": 0.96831, "auc_std": 0.001}
{"epoch": 73, "time_epoch": 84.97435, "time_epoch_std": 4.18737, "eta": 2210.87349, "eta_std": 101.79842, "eta_hours": 0.61413, "eta_hours_std": 0.02828, "loss": 0.56143, "loss_std": 0.00928, "lr": 9e-05, "lr_std": 0.0, "params": 502054.0, "params_std": 0.0, "time_iter": 0.13596, "time_iter_std": 0.0067, "accuracy": 0.79787, "accuracy_std": 0.0033, "f1": 0.79787, "f1_std": 0.0033, "accuracy-SBM": 0.79787, "accuracy-SBM_std": 0.0033, "auc": 0.96845, "auc_std": 0.00104}
{"epoch": 74, "time_epoch": 84.77149, "time_epoch_std": 3.07814, "eta": 2125.75253, "eta_std": 97.48477, "eta_hours": 0.59049, "eta_hours_std": 0.02708, "loss": 0.56022, "loss_std": 0.00939, "lr": 9e-05, "lr_std": 0.0, "params": 502054.0, "params_std": 0.0, "time_iter": 0.13564, "time_iter_std": 0.00492, "accuracy": 0.79816, "accuracy_std": 0.0034, "f1": 0.79816, "f1_std": 0.0034, "accuracy-SBM": 0.79816, "accuracy-SBM_std": 0.0034, "auc": 0.96859, "auc_std": 0.00105}
{"epoch": 75, "time_epoch": 84.74943, "time_epoch_std": 2.59447, "eta": 2040.6338, "eta_std": 93.09098, "eta_hours": 0.56684, "eta_hours_std": 0.02586, "loss": 0.5594, "loss_std": 0.00958, "lr": 8e-05, "lr_std": 0.0, "params": 502054.0, "params_std": 0.0, "time_iter": 0.1356, "time_iter_std": 0.00415, "accuracy": 0.79845, "accuracy_std": 0.00356, "f1": 0.79845, "f1_std": 0.00356, "accuracy-SBM": 0.79845, "accuracy-SBM_std": 0.00356, "auc": 0.96868, "auc_std": 0.00106}
{"epoch": 76, "time_epoch": 84.939, "time_epoch_std": 3.59082, "eta": 1955.58128, "eta_std": 89.06003, "eta_hours": 0.54322, "eta_hours_std": 0.02474, "loss": 0.55808, "loss_std": 0.0093, "lr": 7e-05, "lr_std": 0.0, "params": 502054.0, "params_std": 0.0, "time_iter": 0.1359, "time_iter_std": 0.00575, "accuracy": 0.79916, "accuracy_std": 0.00342, "f1": 0.79915, "f1_std": 0.00342, "accuracy-SBM": 0.79916, "accuracy-SBM_std": 0.00342, "auc": 0.96882, "auc_std": 0.00103}
{"epoch": 77, "time_epoch": 85.29745, "time_epoch_std": 4.32328, "eta": 1870.63277, "eta_std": 85.25942, "eta_hours": 0.51962, "eta_hours_std": 0.02368, "loss": 0.55687, "loss_std": 0.00905, "lr": 7e-05, "lr_std": 0.0, "params": 502054.0, "params_std": 0.0, "time_iter": 0.13647, "time_iter_std": 0.00692, "accuracy": 0.79946, "accuracy_std": 0.00319, "f1": 0.79946, "f1_std": 0.00319, "accuracy-SBM": 0.79947, "accuracy-SBM_std": 0.00319, "auc": 0.96896, "auc_std": 0.001}
{"epoch": 78, "time_epoch": 85.15312, "time_epoch_std": 4.27544, "eta": 1785.63707, "eta_std": 81.46433, "eta_hours": 0.49601, "eta_hours_std": 0.02263, "loss": 0.55533, "loss_std": 0.00962, "lr": 6e-05, "lr_std": 0.0, "params": 502054.0, "params_std": 0.0, "time_iter": 0.13624, "time_iter_std": 0.00684, "accuracy": 0.7998, "accuracy_std": 0.00352, "f1": 0.7998, "f1_std": 0.00352, "accuracy-SBM": 0.7998, "accuracy-SBM_std": 0.00352, "auc": 0.96914, "auc_std": 0.00106}
{"epoch": 79, "time_epoch": 84.63441, "time_epoch_std": 3.65062, "eta": 1700.50775, "eta_std": 77.49852, "eta_hours": 0.47236, "eta_hours_std": 0.02153, "loss": 0.55401, "loss_std": 0.00933, "lr": 6e-05, "lr_std": 0.0, "params": 502054.0, "params_std": 0.0, "time_iter": 0.13541, "time_iter_std": 0.00584, "accuracy": 0.80045, "accuracy_std": 0.0034, "f1": 0.80045, "f1_std": 0.0034, "accuracy-SBM": 0.80045, "accuracy-SBM_std": 0.0034, "auc": 0.96928, "auc_std": 0.00103}
{"epoch": 80, "time_epoch": 84.96826, "time_epoch_std": 4.22954, "eta": 1615.46896, "eta_std": 73.65466, "eta_hours": 0.44874, "eta_hours_std": 0.02046, "loss": 0.55387, "loss_std": 0.00962, "lr": 5e-05, "lr_std": 0.0, "params": 502054.0, "params_std": 0.0, "time_iter": 0.13595, "time_iter_std": 0.00677, "accuracy": 0.80044, "accuracy_std": 0.00362, "f1": 0.80044, "f1_std": 0.00362, "accuracy-SBM": 0.80044, "accuracy-SBM_std": 0.00362, "auc": 0.9693, "auc_std": 0.00105}
{"epoch": 81, "time_epoch": 84.76835, "time_epoch_std": 2.91004, "eta": 1530.38801, "eta_std": 69.50379, "eta_hours": 0.42511, "eta_hours_std": 0.01931, "loss": 0.55276, "loss_std": 0.00963, "lr": 5e-05, "lr_std": 0.0, "params": 502054.0, "params_std": 0.0, "time_iter": 0.13563, "time_iter_std": 0.00466, "accuracy": 0.80087, "accuracy_std": 0.0036, "f1": 0.80087, "f1_std": 0.0036, "accuracy-SBM": 0.80087, "accuracy-SBM_std": 0.0036, "auc": 0.96941, "auc_std": 0.00106}
{"epoch": 82, "time_epoch": 85.01828, "time_epoch_std": 3.65145, "eta": 1445.36578, "eta_std": 65.56595, "eta_hours": 0.40149, "eta_hours_std": 0.01821, "loss": 0.55111, "loss_std": 0.00921, "lr": 4e-05, "lr_std": 0.0, "params": 502054.0, "params_std": 0.0, "time_iter": 0.13603, "time_iter_std": 0.00584, "accuracy": 0.80137, "accuracy_std": 0.00347, "f1": 0.80137, "f1_std": 0.00347, "accuracy-SBM": 0.80137, "accuracy-SBM_std": 0.00347, "auc": 0.96961, "auc_std": 0.00101}
{"epoch": 83, "time_epoch": 84.78713, "time_epoch_std": 3.29601, "eta": 1360.29962, "eta_std": 61.56723, "eta_hours": 0.37786, "eta_hours_std": 0.0171, "loss": 0.55116, "loss_std": 0.0095, "lr": 4e-05, "lr_std": 0.0, "params": 502054.0, "params_std": 0.0, "time_iter": 0.13566, "time_iter_std": 0.00528, "accuracy": 0.80156, "accuracy_std": 0.00355, "f1": 0.80156, "f1_std": 0.00355, "accuracy-SBM": 0.80156, "accuracy-SBM_std": 0.00355, "auc": 0.96959, "auc_std": 0.00104}
{"epoch": 84, "time_epoch": 85.41752, "time_epoch_std": 3.8487, "eta": 1275.35127, "eta_std": 57.69357, "eta_hours": 0.35426, "eta_hours_std": 0.01603, "loss": 0.54976, "loss_std": 0.00999, "lr": 3e-05, "lr_std": 0.0, "params": 502054.0, "params_std": 0.0, "time_iter": 0.13667, "time_iter_std": 0.00616, "accuracy": 0.80192, "accuracy_std": 0.0038, "f1": 0.80192, "f1_std": 0.0038, "accuracy-SBM": 0.80192, "accuracy-SBM_std": 0.0038, "auc": 0.96975, "auc_std": 0.00109}
{"epoch": 85, "time_epoch": 85.16099, "time_epoch_std": 3.82635, "eta": 1190.35025, "eta_std": 53.82301, "eta_hours": 0.33065, "eta_hours_std": 0.01495, "loss": 0.54907, "loss_std": 0.0095, "lr": 3e-05, "lr_std": 0.0, "params": 502054.0, "params_std": 0.0, "time_iter": 0.13626, "time_iter_std": 0.00612, "accuracy": 0.80209, "accuracy_std": 0.00345, "f1": 0.80208, "f1_std": 0.00345, "accuracy-SBM": 0.80209, "accuracy-SBM_std": 0.00345, "auc": 0.96983, "auc_std": 0.00104}
{"epoch": 86, "time_epoch": 85.11137, "time_epoch_std": 4.09232, "eta": 1105.33813, "eta_std": 49.98727, "eta_hours": 0.30704, "eta_hours_std": 0.01389, "loss": 0.54848, "loss_std": 0.00967, "lr": 3e-05, "lr_std": 0.0, "params": 502054.0, "params_std": 0.0, "time_iter": 0.13618, "time_iter_std": 0.00655, "accuracy": 0.8024, "accuracy_std": 0.00347, "f1": 0.8024, "f1_std": 0.00347, "accuracy-SBM": 0.8024, "accuracy-SBM_std": 0.00347, "auc": 0.96989, "auc_std": 0.00106}
{"epoch": 87, "time_epoch": 85.07433, "time_epoch_std": 3.38251, "eta": 1020.31871, "eta_std": 46.00539, "eta_hours": 0.28342, "eta_hours_std": 0.01278, "loss": 0.5473, "loss_std": 0.00919, "lr": 2e-05, "lr_std": 0.0, "params": 502054.0, "params_std": 0.0, "time_iter": 0.13612, "time_iter_std": 0.00541, "accuracy": 0.8028, "accuracy_std": 0.00344, "f1": 0.80281, "f1_std": 0.00344, "accuracy-SBM": 0.80281, "accuracy-SBM_std": 0.00344, "auc": 0.97003, "auc_std": 0.001}
{"epoch": 88, "time_epoch": 85.4332, "time_epoch_std": 4.71526, "eta": 935.34241, "eta_std": 42.25512, "eta_hours": 0.25982, "eta_hours_std": 0.01174, "loss": 0.54693, "loss_std": 0.0096, "lr": 2e-05, "lr_std": 0.0, "params": 502054.0, "params_std": 0.0, "time_iter": 0.13669, "time_iter_std": 0.00754, "accuracy": 0.80287, "accuracy_std": 0.00351, "f1": 0.80287, "f1_std": 0.00351, "accuracy-SBM": 0.80287, "accuracy-SBM_std": 0.00351, "auc": 0.97007, "auc_std": 0.00104}
{"epoch": 89, "time_epoch": 84.5901, "time_epoch_std": 2.53141, "eta": 850.26228, "eta_std": 38.23045, "eta_hours": 0.23618, "eta_hours_std": 0.01062, "loss": 0.54643, "loss_std": 0.00959, "lr": 2e-05, "lr_std": 0.0, "params": 502054.0, "params_std": 0.0, "time_iter": 0.13534, "time_iter_std": 0.00405, "accuracy": 0.80309, "accuracy_std": 0.00359, "f1": 0.80309, "f1_std": 0.00359, "accuracy-SBM": 0.80309, "accuracy-SBM_std": 0.00359, "auc": 0.97012, "auc_std": 0.00104}
{"epoch": 90, "time_epoch": 85.35197, "time_epoch_std": 4.81029, "eta": 765.26827, "eta_std": 34.48355, "eta_hours": 0.21258, "eta_hours_std": 0.00958, "loss": 0.54642, "loss_std": 0.00916, "lr": 1e-05, "lr_std": 0.0, "params": 502054.0, "params_std": 0.0, "time_iter": 0.13656, "time_iter_std": 0.0077, "accuracy": 0.80306, "accuracy_std": 0.00354, "f1": 0.80306, "f1_std": 0.00354, "accuracy-SBM": 0.80307, "accuracy-SBM_std": 0.00354, "auc": 0.97012, "auc_std": 0.001}
{"epoch": 91, "time_epoch": 85.29517, "time_epoch_std": 4.61223, "eta": 680.26154, "eta_std": 30.70256, "eta_hours": 0.18896, "eta_hours_std": 0.00853, "loss": 0.54566, "loss_std": 0.01014, "lr": 1e-05, "lr_std": 0.0, "params": 502054.0, "params_std": 0.0, "time_iter": 0.13647, "time_iter_std": 0.00738, "accuracy": 0.8034, "accuracy_std": 0.00384, "f1": 0.8034, "f1_std": 0.00384, "accuracy-SBM": 0.8034, "accuracy-SBM_std": 0.00384, "auc": 0.9702, "auc_std": 0.0011}
{"epoch": 92, "time_epoch": 84.7575, "time_epoch_std": 2.98365, "eta": 595.20813, "eta_std": 26.78307, "eta_hours": 0.16534, "eta_hours_std": 0.00744, "loss": 0.54563, "loss_std": 0.00958, "lr": 1e-05, "lr_std": 0.0, "params": 502054.0, "params_std": 0.0, "time_iter": 0.13561, "time_iter_std": 0.00477, "accuracy": 0.80339, "accuracy_std": 0.00365, "f1": 0.80339, "f1_std": 0.00365, "accuracy-SBM": 0.80339, "accuracy-SBM_std": 0.00365, "auc": 0.9702, "auc_std": 0.00104}
{"epoch": 93, "time_epoch": 85.37847, "time_epoch_std": 4.02499, "eta": 510.20066, "eta_std": 22.95799, "eta_hours": 0.14172, "eta_hours_std": 0.00638, "loss": 0.54527, "loss_std": 0.00904, "lr": 1e-05, "lr_std": 0.0, "params": 502054.0, "params_std": 0.0, "time_iter": 0.1366, "time_iter_std": 0.00644, "accuracy": 0.80347, "accuracy_std": 0.00328, "f1": 0.80347, "f1_std": 0.00328, "accuracy-SBM": 0.80347, "accuracy-SBM_std": 0.00328, "auc": 0.97025, "auc_std": 0.00098}
{"epoch": 94, "time_epoch": 85.79863, "time_epoch_std": 5.43677, "eta": 425.20749, "eta_std": 19.20466, "eta_hours": 0.11811, "eta_hours_std": 0.00533, "loss": 0.54463, "loss_std": 0.00928, "lr": 0.0, "lr_std": 0.0, "params": 502054.0, "params_std": 0.0, "time_iter": 0.13728, "time_iter_std": 0.0087, "accuracy": 0.80384, "accuracy_std": 0.0034, "f1": 0.80384, "f1_std": 0.0034, "accuracy-SBM": 0.80384, "accuracy-SBM_std": 0.0034, "auc": 0.97032, "auc_std": 0.00101}
{"epoch": 95, "time_epoch": 85.29577, "time_epoch_std": 3.95579, "eta": 340.17659, "eta_std": 15.36161, "eta_hours": 0.09449, "eta_hours_std": 0.00426, "loss": 0.54451, "loss_std": 0.00916, "lr": 0.0, "lr_std": 0.0, "params": 502054.0, "params_std": 0.0, "time_iter": 0.13647, "time_iter_std": 0.00633, "accuracy": 0.8038, "accuracy_std": 0.00352, "f1": 0.8038, "f1_std": 0.00352, "accuracy-SBM": 0.8038, "accuracy-SBM_std": 0.00352, "auc": 0.97033, "auc_std": 0.00099}
{"epoch": 96, "time_epoch": 85.52147, "time_epoch_std": 4.15608, "eta": 255.1472, "eta_std": 11.5263, "eta_hours": 0.07087, "eta_hours_std": 0.0032, "loss": 0.5448, "loss_std": 0.00938, "lr": 0.0, "lr_std": 0.0, "params": 502054.0, "params_std": 0.0, "time_iter": 0.13683, "time_iter_std": 0.00665, "accuracy": 0.80362, "accuracy_std": 0.00337, "f1": 0.80362, "f1_std": 0.00337, "accuracy-SBM": 0.80362, "accuracy-SBM_std": 0.00337, "auc": 0.9703, "auc_std": 0.00102}
{"epoch": 97, "time_epoch": 85.00372, "time_epoch_std": 3.43704, "eta": 170.09721, "eta_std": 7.67404, "eta_hours": 0.04725, "eta_hours_std": 0.00213, "loss": 0.54421, "loss_std": 0.00979, "lr": 0.0, "lr_std": 0.0, "params": 502054.0, "params_std": 0.0, "time_iter": 0.13601, "time_iter_std": 0.0055, "accuracy": 0.80385, "accuracy_std": 0.00368, "f1": 0.80385, "f1_std": 0.00368, "accuracy-SBM": 0.80385, "accuracy-SBM_std": 0.00368, "auc": 0.97036, "auc_std": 0.00106}
{"epoch": 98, "time_epoch": 85.00198, "time_epoch_std": 3.02355, "eta": 85.04814, "eta_std": 3.82701, "eta_hours": 0.02362, "eta_hours_std": 0.00106, "loss": 0.54466, "loss_std": 0.00924, "lr": 0.0, "lr_std": 0.0, "params": 502054.0, "params_std": 0.0, "time_iter": 0.136, "time_iter_std": 0.00484, "accuracy": 0.80367, "accuracy_std": 0.00342, "f1": 0.80367, "f1_std": 0.00342, "accuracy-SBM": 0.80367, "accuracy-SBM_std": 0.00342, "auc": 0.97032, "auc_std": 0.001}
{"epoch": 99, "time_epoch": 85.13733, "time_epoch_std": 4.40017, "eta": 0.0, "eta_std": 0.0, "eta_hours": 0.0, "eta_hours_std": 0.0, "loss": 0.54443, "loss_std": 0.00923, "lr": 0.0, "lr_std": 0.0, "params": 502054.0, "params_std": 0.0, "time_iter": 0.13622, "time_iter_std": 0.00704, "accuracy": 0.80378, "accuracy_std": 0.00335, "f1": 0.80378, "f1_std": 0.00335, "accuracy-SBM": 0.80378, "accuracy-SBM_std": 0.00335, "auc": 0.97034, "auc_std": 0.001}
