{"epoch": 0, "time_epoch": 29.90397, "eta": 2960.4932, "eta_hours": 0.82236, "loss": 0.20139481, "lr": 0.0, "params": 337201, "time_iter": 0.09554, "accuracy": 0.36089, "precision": 0.17523, "recall": 0.70699, "f1": 0.28085, "auc": 0.49606, "accuracy-SBM": 0.49685}
{"epoch": 1, "time_epoch": 26.8982, "eta": 2783.30651, "eta_hours": 0.77314, "loss": 0.18609869, "lr": 0.0001, "params": 337201, "time_iter": 0.08594, "accuracy": 0.63133, "precision": 0.2818, "recall": 0.70293, "f1": 0.40231, "auc": 0.7397, "accuracy-SBM": 0.65945}
{"epoch": 2, "time_epoch": 27.13884, "eta": 2714.09293, "eta_hours": 0.75391, "loss": 0.14545561, "lr": 0.0002, "params": 337201, "time_iter": 0.08671, "accuracy": 0.82797, "precision": 0.50782, "recall": 0.82585, "f1": 0.62891, "auc": 0.87745, "accuracy-SBM": 0.82714}
{"epoch": 3, "time_epoch": 27.10311, "eta": 2665.05919, "eta_hours": 0.74029, "loss": 0.12672691, "lr": 0.0003, "params": 337201, "time_iter": 0.08659, "accuracy": 0.8416, "precision": 0.5328, "recall": 0.83341, "f1": 0.65003, "auc": 0.90242, "accuracy-SBM": 0.83838}
{"epoch": 4, "time_epoch": 27.17751, "eta": 2626.21124, "eta_hours": 0.7295, "loss": 0.11784961, "lr": 0.0004, "params": 337201, "time_iter": 0.08683, "accuracy": 0.84225, "precision": 0.53413, "recall": 0.83179, "f1": 0.65053, "auc": 0.90973, "accuracy-SBM": 0.83814}
{"epoch": 5, "time_epoch": 26.97574, "eta": 2588.09236, "eta_hours": 0.71891, "loss": 0.11076467, "lr": 0.0005, "params": 337201, "time_iter": 0.08618, "accuracy": 0.84591, "precision": 0.54113, "recall": 0.83569, "f1": 0.6569, "auc": 0.91671, "accuracy-SBM": 0.84189}
{"epoch": 6, "time_epoch": 26.6277, "eta": 2548.53322, "eta_hours": 0.70793, "loss": 0.10636646, "lr": 0.00049986, "params": 337201, "time_iter": 0.08507, "accuracy": 0.84796, "precision": 0.54511, "recall": 0.83789, "f1": 0.66051, "auc": 0.92124, "accuracy-SBM": 0.844}
{"epoch": 7, "time_epoch": 26.96936, "eta": 2516.13609, "eta_hours": 0.69893, "loss": 0.10280899, "lr": 0.00049945, "params": 337201, "time_iter": 0.08616, "accuracy": 0.84888, "precision": 0.54644, "recall": 0.84641, "f1": 0.66413, "auc": 0.92552, "accuracy-SBM": 0.84791}
{"epoch": 8, "time_epoch": 26.81992, "eta": 2483.43416, "eta_hours": 0.68984, "loss": 0.10231272, "lr": 0.00049877, "params": 337201, "time_iter": 0.08569, "accuracy": 0.84977, "precision": 0.54851, "recall": 0.84199, "f1": 0.66428, "auc": 0.92526, "accuracy-SBM": 0.84671}
{"epoch": 9, "time_epoch": 26.53728, "eta": 2449.36481, "eta_hours": 0.68038, "loss": 0.09987252, "lr": 0.00049782, "params": 337201, "time_iter": 0.08478, "accuracy": 0.85172, "precision": 0.55205, "recall": 0.84822, "f1": 0.66881, "auc": 0.92857, "accuracy-SBM": 0.85034}
{"epoch": 10, "time_epoch": 26.24159, "eta": 2414.27252, "eta_hours": 0.67063, "loss": 0.09952608, "lr": 0.00049659, "params": 337201, "time_iter": 0.08384, "accuracy": 0.85161, "precision": 0.55186, "recall": 0.84775, "f1": 0.66852, "auc": 0.92871, "accuracy-SBM": 0.85009}
{"epoch": 11, "time_epoch": 26.14586, "eta": 2379.95334, "eta_hours": 0.6611, "loss": 0.09872166, "lr": 0.00049509, "params": 337201, "time_iter": 0.08353, "accuracy": 0.85243, "precision": 0.55343, "recall": 0.84944, "f1": 0.6702, "auc": 0.92956, "accuracy-SBM": 0.85126}
{"epoch": 12, "time_epoch": 25.99476, "eta": 2345.88039, "eta_hours": 0.65163, "loss": 0.09781001, "lr": 0.00049333, "params": 337201, "time_iter": 0.08305, "accuracy": 0.85348, "precision": 0.55553, "recall": 0.85, "f1": 0.67192, "auc": 0.93072, "accuracy-SBM": 0.85211}
{"epoch": 13, "time_epoch": 26.86959, "eta": 2318.33546, "eta_hours": 0.64398, "loss": 0.09725226, "lr": 0.0004913, "params": 337201, "time_iter": 0.08585, "accuracy": 0.85456, "precision": 0.55772, "recall": 0.8504, "f1": 0.67365, "auc": 0.93143, "accuracy-SBM": 0.85293}
{"epoch": 14, "time_epoch": 26.61702, "eta": 2289.44933, "eta_hours": 0.63596, "loss": 0.09702081, "lr": 0.00048901, "params": 337201, "time_iter": 0.08504, "accuracy": 0.85374, "precision": 0.55592, "recall": 0.8519, "f1": 0.6728, "auc": 0.93156, "accuracy-SBM": 0.85301}
{"epoch": 15, "time_epoch": 26.68283, "eta": 2261.1923, "eta_hours": 0.62811, "loss": 0.09719394, "lr": 0.00048645, "params": 337201, "time_iter": 0.08525, "accuracy": 0.85368, "precision": 0.55585, "recall": 0.85132, "f1": 0.67257, "auc": 0.93124, "accuracy-SBM": 0.85276}
{"epoch": 16, "time_epoch": 27.2039, "eta": 2235.66453, "eta_hours": 0.62102, "loss": 0.09653233, "lr": 0.00048364, "params": 337201, "time_iter": 0.08691, "accuracy": 0.85458, "precision": 0.55771, "recall": 0.8512, "f1": 0.67389, "auc": 0.93204, "accuracy-SBM": 0.85325}
{"epoch": 17, "time_epoch": 26.45512, "eta": 2206.53945, "eta_hours": 0.61293, "loss": 0.09623189, "lr": 0.00048057, "params": 337201, "time_iter": 0.08452, "accuracy": 0.85516, "precision": 0.55882, "recall": 0.85243, "f1": 0.67508, "auc": 0.93249, "accuracy-SBM": 0.85409}
{"epoch": 18, "time_epoch": 26.58232, "eta": 2178.23767, "eta_hours": 0.60507, "loss": 0.0955679, "lr": 0.00047725, "params": 337201, "time_iter": 0.08493, "accuracy": 0.85651, "precision": 0.56155, "recall": 0.85345, "f1": 0.67739, "auc": 0.93337, "accuracy-SBM": 0.85531}
{"epoch": 19, "time_epoch": 27.28002, "eta": 2152.89865, "eta_hours": 0.59803, "loss": 0.09454581, "lr": 0.00047368, "params": 337201, "time_iter": 0.08716, "accuracy": 0.85744, "precision": 0.56324, "recall": 0.85671, "f1": 0.67965, "auc": 0.93487, "accuracy-SBM": 0.85715}
{"epoch": 20, "time_epoch": 27.0029, "eta": 2126.33225, "eta_hours": 0.59065, "loss": 0.0942206, "lr": 0.00046987, "params": 337201, "time_iter": 0.08627, "accuracy": 0.85755, "precision": 0.56341, "recall": 0.85735, "f1": 0.67997, "auc": 0.93528, "accuracy-SBM": 0.85747}
{"epoch": 21, "time_epoch": 26.70367, "eta": 2098.66529, "eta_hours": 0.58296, "loss": 0.09329669, "lr": 0.00046581, "params": 337201, "time_iter": 0.08532, "accuracy": 0.85855, "precision": 0.56535, "recall": 0.85945, "f1": 0.68204, "auc": 0.93656, "accuracy-SBM": 0.85891}
{"epoch": 22, "time_epoch": 26.81807, "eta": 2071.46507, "eta_hours": 0.57541, "loss": 0.09305525, "lr": 0.00046152, "params": 337201, "time_iter": 0.08568, "accuracy": 0.85892, "precision": 0.56608, "recall": 0.85992, "f1": 0.68272, "auc": 0.93692, "accuracy-SBM": 0.85931}
{"epoch": 23, "time_epoch": 26.47171, "eta": 2043.1999, "eta_hours": 0.56756, "loss": 0.09261005, "lr": 0.000457, "params": 337201, "time_iter": 0.08457, "accuracy": 0.85914, "precision": 0.56639, "recall": 0.86168, "f1": 0.68351, "auc": 0.93747, "accuracy-SBM": 0.86014}
{"epoch": 24, "time_epoch": 26.99917, "eta": 2016.66056, "eta_hours": 0.56018, "loss": 0.09212313, "lr": 0.00045225, "params": 337201, "time_iter": 0.08626, "accuracy": 0.86045, "precision": 0.56912, "recall": 0.8623, "f1": 0.68568, "auc": 0.93812, "accuracy-SBM": 0.86118}
{"epoch": 25, "time_epoch": 26.93371, "eta": 1989.89955, "eta_hours": 0.55275, "loss": 0.09202941, "lr": 0.00044729, "params": 337201, "time_iter": 0.08605, "accuracy": 0.86023, "precision": 0.56859, "recall": 0.86278, "f1": 0.68545, "auc": 0.93826, "accuracy-SBM": 0.86123}
{"epoch": 26, "time_epoch": 26.71735, "eta": 1962.54078, "eta_hours": 0.54515, "loss": 0.09163452, "lr": 0.0004421, "params": 337201, "time_iter": 0.08536, "accuracy": 0.86099, "precision": 0.57017, "recall": 0.86323, "f1": 0.68674, "auc": 0.93881, "accuracy-SBM": 0.86187}
{"epoch": 27, "time_epoch": 26.95356, "eta": 1935.83521, "eta_hours": 0.53773, "loss": 0.09153625, "lr": 0.00043671, "params": 337201, "time_iter": 0.08611, "accuracy": 0.86147, "precision": 0.57123, "recall": 0.86286, "f1": 0.68739, "auc": 0.93888, "accuracy-SBM": 0.86201}
{"epoch": 28, "time_epoch": 26.58215, "eta": 1908.20324, "eta_hours": 0.53006, "loss": 0.09111487, "lr": 0.00043111, "params": 337201, "time_iter": 0.08493, "accuracy": 0.8626, "precision": 0.57359, "recall": 0.86371, "f1": 0.68937, "auc": 0.93948, "accuracy-SBM": 0.86304}
{"epoch": 29, "time_epoch": 26.85051, "eta": 1881.26743, "eta_hours": 0.52257, "loss": 0.09115003, "lr": 0.00042531, "params": 337201, "time_iter": 0.08578, "accuracy": 0.86127, "precision": 0.57059, "recall": 0.86513, "f1": 0.68764, "auc": 0.93944, "accuracy-SBM": 0.86278}
{"epoch": 30, "time_epoch": 26.66866, "eta": 1853.93235, "eta_hours": 0.51498, "loss": 0.09116306, "lr": 0.00041932, "params": 337201, "time_iter": 0.0852, "accuracy": 0.86175, "precision": 0.57171, "recall": 0.86426, "f1": 0.68819, "auc": 0.93933, "accuracy-SBM": 0.86274}
{"epoch": 31, "time_epoch": 26.90105, "eta": 1827.13276, "eta_hours": 0.50754, "loss": 0.09103203, "lr": 0.00041315, "params": 337201, "time_iter": 0.08595, "accuracy": 0.86212, "precision": 0.57246, "recall": 0.86477, "f1": 0.68889, "auc": 0.93953, "accuracy-SBM": 0.86316}
{"epoch": 32, "time_epoch": 26.80419, "eta": 1800.13037, "eta_hours": 0.50004, "loss": 0.09079065, "lr": 0.00040679, "params": 337201, "time_iter": 0.08564, "accuracy": 0.86164, "precision": 0.57136, "recall": 0.86551, "f1": 0.68833, "auc": 0.93986, "accuracy-SBM": 0.86316}
{"epoch": 33, "time_epoch": 26.86521, "eta": 1773.25807, "eta_hours": 0.49257, "loss": 0.09079966, "lr": 0.00040027, "params": 337201, "time_iter": 0.08583, "accuracy": 0.86202, "precision": 0.57218, "recall": 0.86523, "f1": 0.68883, "auc": 0.93987, "accuracy-SBM": 0.86328}
{"epoch": 34, "time_epoch": 26.97944, "eta": 1746.59833, "eta_hours": 0.48517, "loss": 0.09075971, "lr": 0.00039358, "params": 337201, "time_iter": 0.0862, "accuracy": 0.86187, "precision": 0.57185, "recall": 0.86533, "f1": 0.68862, "auc": 0.93986, "accuracy-SBM": 0.86323}
{"epoch": 35, "time_epoch": 26.82034, "eta": 1719.63798, "eta_hours": 0.47768, "loss": 0.09057584, "lr": 0.00038674, "params": 337201, "time_iter": 0.08569, "accuracy": 0.86206, "precision": 0.57225, "recall": 0.86547, "f1": 0.68896, "auc": 0.94017, "accuracy-SBM": 0.8634}
{"epoch": 36, "time_epoch": 26.86277, "eta": 1692.75745, "eta_hours": 0.47021, "loss": 0.09049734, "lr": 0.00037974, "params": 337201, "time_iter": 0.08582, "accuracy": 0.86195, "precision": 0.57195, "recall": 0.86618, "f1": 0.68896, "auc": 0.94019, "accuracy-SBM": 0.86361}
{"epoch": 37, "time_epoch": 27.23456, "eta": 1666.48446, "eta_hours": 0.46291, "loss": 0.0903887, "lr": 0.00037261, "params": 337201, "time_iter": 0.08701, "accuracy": 0.86246, "precision": 0.57311, "recall": 0.86555, "f1": 0.68961, "auc": 0.94035, "accuracy-SBM": 0.86367}
{"epoch": 38, "time_epoch": 26.72378, "eta": 1639.36323, "eta_hours": 0.45538, "loss": 0.09044167, "lr": 0.00036534, "params": 337201, "time_iter": 0.08538, "accuracy": 0.86218, "precision": 0.57247, "recall": 0.86601, "f1": 0.68929, "auc": 0.94027, "accuracy-SBM": 0.86369}
{"epoch": 39, "time_epoch": 27.06631, "eta": 1612.77568, "eta_hours": 0.44799, "loss": 0.09028222, "lr": 0.00035794, "params": 337201, "time_iter": 0.08647, "accuracy": 0.86306, "precision": 0.57432, "recall": 0.86632, "f1": 0.69073, "auc": 0.94051, "accuracy-SBM": 0.86434}
{"epoch": 40, "time_epoch": 27.03578, "eta": 1586.12084, "eta_hours": 0.44059, "loss": 0.09037928, "lr": 0.00035042, "params": 337201, "time_iter": 0.08638, "accuracy": 0.86286, "precision": 0.57399, "recall": 0.86539, "f1": 0.69019, "auc": 0.94032, "accuracy-SBM": 0.86386}
{"epoch": 41, "time_epoch": 26.90236, "eta": 1559.26361, "eta_hours": 0.43313, "loss": 0.09007099, "lr": 0.0003428, "params": 337201, "time_iter": 0.08595, "accuracy": 0.86276, "precision": 0.57359, "recall": 0.86717, "f1": 0.69047, "auc": 0.94079, "accuracy-SBM": 0.86449}
{"epoch": 42, "time_epoch": 27.44835, "eta": 1533.12804, "eta_hours": 0.42587, "loss": 0.08998663, "lr": 0.00033507, "params": 337201, "time_iter": 0.08769, "accuracy": 0.86318, "precision": 0.57447, "recall": 0.86736, "f1": 0.69116, "auc": 0.94094, "accuracy-SBM": 0.86482}
{"epoch": 43, "time_epoch": 27.03458, "eta": 1506.40619, "eta_hours": 0.41845, "loss": 0.09009506, "lr": 0.00032725, "params": 337201, "time_iter": 0.08637, "accuracy": 0.86235, "precision": 0.57275, "recall": 0.86671, "f1": 0.68972, "auc": 0.94077, "accuracy-SBM": 0.86406}
{"epoch": 44, "time_epoch": 26.78595, "eta": 1479.36655, "eta_hours": 0.41094, "loss": 0.08993627, "lr": 0.00031935, "params": 337201, "time_iter": 0.08558, "accuracy": 0.86249, "precision": 0.57299, "recall": 0.86746, "f1": 0.69013, "auc": 0.94097, "accuracy-SBM": 0.86444}
{"epoch": 45, "time_epoch": 27.06927, "eta": 1452.67053, "eta_hours": 0.40352, "loss": 0.08990689, "lr": 0.00031137, "params": 337201, "time_iter": 0.08648, "accuracy": 0.86298, "precision": 0.57404, "recall": 0.86744, "f1": 0.69088, "auc": 0.94101, "accuracy-SBM": 0.86473}
{"epoch": 46, "time_epoch": 26.79488, "eta": 1425.64922, "eta_hours": 0.39601, "loss": 0.0899442, "lr": 0.00030332, "params": 337201, "time_iter": 0.08561, "accuracy": 0.86273, "precision": 0.57355, "recall": 0.86701, "f1": 0.69039, "auc": 0.94093, "accuracy-SBM": 0.86441}
{"epoch": 47, "time_epoch": 26.79989, "eta": 1398.64276, "eta_hours": 0.38851, "loss": 0.08975067, "lr": 0.00029522, "params": 337201, "time_iter": 0.08562, "accuracy": 0.86284, "precision": 0.57364, "recall": 0.86844, "f1": 0.69091, "auc": 0.94118, "accuracy-SBM": 0.86504}
{"epoch": 48, "time_epoch": 27.03535, "eta": 1371.88981, "eta_hours": 0.38108, "loss": 0.08968681, "lr": 0.00028707, "params": 337201, "time_iter": 0.08637, "accuracy": 0.8632, "precision": 0.57444, "recall": 0.86819, "f1": 0.69141, "auc": 0.9413, "accuracy-SBM": 0.86516}
{"epoch": 49, "time_epoch": 26.94983, "eta": 1345.04005, "eta_hours": 0.37362, "loss": 0.08973076, "lr": 0.00027887, "params": 337201, "time_iter": 0.0861, "accuracy": 0.86286, "precision": 0.57374, "recall": 0.8677, "f1": 0.69075, "auc": 0.9412, "accuracy-SBM": 0.86476}
{"epoch": 50, "time_epoch": 26.98595, "eta": 1318.22106, "eta_hours": 0.36617, "loss": 0.08956191, "lr": 0.00027064, "params": 337201, "time_iter": 0.08622, "accuracy": 0.86295, "precision": 0.57384, "recall": 0.86884, "f1": 0.69118, "auc": 0.94147, "accuracy-SBM": 0.86527}
{"epoch": 51, "time_epoch": 26.94653, "eta": 1291.35925, "eta_hours": 0.35871, "loss": 0.08950435, "lr": 0.0002624, "params": 337201, "time_iter": 0.08609, "accuracy": 0.86281, "precision": 0.57354, "recall": 0.86887, "f1": 0.69097, "auc": 0.94154, "accuracy-SBM": 0.86519}
{"epoch": 52, "time_epoch": 26.7741, "eta": 1264.34135, "eta_hours": 0.35121, "loss": 0.08950945, "lr": 0.00025413, "params": 337201, "time_iter": 0.08554, "accuracy": 0.86287, "precision": 0.57368, "recall": 0.86867, "f1": 0.691, "auc": 0.94152, "accuracy-SBM": 0.86515}
{"epoch": 53, "time_epoch": 27.11161, "eta": 1237.61998, "eta_hours": 0.34378, "loss": 0.08940546, "lr": 0.00024587, "params": 337201, "time_iter": 0.08662, "accuracy": 0.86303, "precision": 0.57398, "recall": 0.86906, "f1": 0.69135, "auc": 0.94167, "accuracy-SBM": 0.8654}
{"epoch": 54, "time_epoch": 27.32617, "eta": 1211.05997, "eta_hours": 0.33641, "loss": 0.08934181, "lr": 0.0002376, "params": 337201, "time_iter": 0.0873, "accuracy": 0.86325, "precision": 0.57449, "recall": 0.86868, "f1": 0.6916, "auc": 0.94178, "accuracy-SBM": 0.86538}
{"epoch": 55, "time_epoch": 26.64673, "eta": 1183.93875, "eta_hours": 0.32887, "loss": 0.08919134, "lr": 0.00022936, "params": 337201, "time_iter": 0.08513, "accuracy": 0.86348, "precision": 0.5749, "recall": 0.86952, "f1": 0.69216, "auc": 0.94198, "accuracy-SBM": 0.86585}
{"epoch": 56, "time_epoch": 27.13562, "eta": 1157.203, "eta_hours": 0.32145, "loss": 0.08920751, "lr": 0.00022113, "params": 337201, "time_iter": 0.0867, "accuracy": 0.86359, "precision": 0.5752, "recall": 0.86906, "f1": 0.69223, "auc": 0.94191, "accuracy-SBM": 0.86574}
{"epoch": 57, "time_epoch": 26.94232, "eta": 1130.31347, "eta_hours": 0.31398, "loss": 0.08919608, "lr": 0.00021293, "params": 337201, "time_iter": 0.08608, "accuracy": 0.86326, "precision": 0.57441, "recall": 0.86975, "f1": 0.69188, "auc": 0.94189, "accuracy-SBM": 0.86581}
{"epoch": 58, "time_epoch": 26.71945, "eta": 1103.26729, "eta_hours": 0.30646, "loss": 0.0891314, "lr": 0.00020478, "params": 337201, "time_iter": 0.08537, "accuracy": 0.86281, "precision": 0.5734, "recall": 0.87035, "f1": 0.69133, "auc": 0.94201, "accuracy-SBM": 0.86577}
{"epoch": 59, "time_epoch": 26.6335, "eta": 1076.17469, "eta_hours": 0.29894, "loss": 0.08901641, "lr": 0.00019668, "params": 337201, "time_iter": 0.08509, "accuracy": 0.86328, "precision": 0.57446, "recall": 0.86963, "f1": 0.69188, "auc": 0.94219, "accuracy-SBM": 0.86577}
{"epoch": 60, "time_epoch": 26.93456, "eta": 1049.28963, "eta_hours": 0.29147, "loss": 0.08912063, "lr": 0.00018863, "params": 337201, "time_iter": 0.08605, "accuracy": 0.8639, "precision": 0.57585, "recall": 0.86917, "f1": 0.69274, "auc": 0.94198, "accuracy-SBM": 0.86597}
{"epoch": 61, "time_epoch": 26.7768, "eta": 1022.30627, "eta_hours": 0.28397, "loss": 0.08898218, "lr": 0.00018065, "params": 337201, "time_iter": 0.08555, "accuracy": 0.86351, "precision": 0.57499, "recall": 0.86942, "f1": 0.6922, "auc": 0.94221, "accuracy-SBM": 0.86583}
{"epoch": 62, "time_epoch": 26.79163, "eta": 995.33819, "eta_hours": 0.27648, "loss": 0.08885098, "lr": 0.00017275, "params": 337201, "time_iter": 0.0856, "accuracy": 0.86382, "precision": 0.57561, "recall": 0.86983, "f1": 0.69277, "auc": 0.94234, "accuracy-SBM": 0.86618}
{"epoch": 63, "time_epoch": 26.9733, "eta": 968.47781, "eta_hours": 0.26902, "loss": 0.08883041, "lr": 0.00016493, "params": 337201, "time_iter": 0.08618, "accuracy": 0.86375, "precision": 0.57543, "recall": 0.87008, "f1": 0.69272, "auc": 0.9424, "accuracy-SBM": 0.86623}
{"epoch": 64, "time_epoch": 26.90815, "eta": 941.57887, "eta_hours": 0.26155, "loss": 0.08879535, "lr": 0.0001572, "params": 337201, "time_iter": 0.08597, "accuracy": 0.86365, "precision": 0.57521, "recall": 0.87018, "f1": 0.6926, "auc": 0.94243, "accuracy-SBM": 0.86621}
{"epoch": 65, "time_epoch": 27.08516, "eta": 914.77084, "eta_hours": 0.2541, "loss": 0.08878996, "lr": 0.00014958, "params": 337201, "time_iter": 0.08653, "accuracy": 0.86432, "precision": 0.57674, "recall": 0.86948, "f1": 0.69348, "auc": 0.94246, "accuracy-SBM": 0.86635}
{"epoch": 66, "time_epoch": 26.59012, "eta": 887.71071, "eta_hours": 0.24659, "loss": 0.08871998, "lr": 0.00014206, "params": 337201, "time_iter": 0.08495, "accuracy": 0.86378, "precision": 0.5755, "recall": 0.87019, "f1": 0.69281, "auc": 0.94251, "accuracy-SBM": 0.8663}
{"epoch": 67, "time_epoch": 26.64407, "eta": 860.6898, "eta_hours": 0.23908, "loss": 0.08861772, "lr": 0.00013466, "params": 337201, "time_iter": 0.08512, "accuracy": 0.86392, "precision": 0.57582, "recall": 0.86982, "f1": 0.69293, "auc": 0.94269, "accuracy-SBM": 0.86624}
{"epoch": 68, "time_epoch": 26.85195, "eta": 833.7732, "eta_hours": 0.2316, "loss": 0.0885313, "lr": 0.00012739, "params": 337201, "time_iter": 0.08579, "accuracy": 0.86411, "precision": 0.57616, "recall": 0.87054, "f1": 0.6934, "auc": 0.94279, "accuracy-SBM": 0.86663}
{"epoch": 69, "time_epoch": 26.80625, "eta": 806.83887, "eta_hours": 0.22412, "loss": 0.08850435, "lr": 0.00012026, "params": 337201, "time_iter": 0.08564, "accuracy": 0.86392, "precision": 0.57572, "recall": 0.87085, "f1": 0.69318, "auc": 0.9428, "accuracy-SBM": 0.86664}
{"epoch": 70, "time_epoch": 26.83755, "eta": 779.92092, "eta_hours": 0.21664, "loss": 0.08843968, "lr": 0.00011326, "params": 337201, "time_iter": 0.08574, "accuracy": 0.86398, "precision": 0.57586, "recall": 0.87083, "f1": 0.69328, "auc": 0.94289, "accuracy-SBM": 0.86667}
{"epoch": 71, "time_epoch": 26.95924, "eta": 753.05254, "eta_hours": 0.20918, "loss": 0.08835588, "lr": 0.00010642, "params": 337201, "time_iter": 0.08613, "accuracy": 0.86422, "precision": 0.57638, "recall": 0.87071, "f1": 0.69361, "auc": 0.943, "accuracy-SBM": 0.86677}
{"epoch": 72, "time_epoch": 26.44806, "eta": 725.9926, "eta_hours": 0.20166, "loss": 0.08831639, "lr": 9.973e-05, "params": 337201, "time_iter": 0.0845, "accuracy": 0.86449, "precision": 0.57693, "recall": 0.87111, "f1": 0.69414, "auc": 0.94306, "accuracy-SBM": 0.86709}
{"epoch": 73, "time_epoch": 26.88414, "eta": 699.10241, "eta_hours": 0.1942, "loss": 0.08822046, "lr": 9.321e-05, "params": 337201, "time_iter": 0.08589, "accuracy": 0.86442, "precision": 0.57679, "recall": 0.87107, "f1": 0.69402, "auc": 0.94319, "accuracy-SBM": 0.86703}
{"epoch": 74, "time_epoch": 26.77091, "eta": 672.17464, "eta_hours": 0.18672, "loss": 0.08812475, "lr": 8.685e-05, "params": 337201, "time_iter": 0.08553, "accuracy": 0.86447, "precision": 0.57688, "recall": 0.87114, "f1": 0.69411, "auc": 0.9433, "accuracy-SBM": 0.86709}
{"epoch": 75, "time_epoch": 26.86649, "eta": 645.28118, "eta_hours": 0.17924, "loss": 0.08814156, "lr": 8.068e-05, "params": 337201, "time_iter": 0.08584, "accuracy": 0.86399, "precision": 0.57579, "recall": 0.87168, "f1": 0.6935, "auc": 0.94326, "accuracy-SBM": 0.86701}
{"epoch": 76, "time_epoch": 26.98691, "eta": 618.4244, "eta_hours": 0.17178, "loss": 0.08810226, "lr": 7.469e-05, "params": 337201, "time_iter": 0.08622, "accuracy": 0.86415, "precision": 0.5761, "recall": 0.87212, "f1": 0.69385, "auc": 0.94334, "accuracy-SBM": 0.86728}
{"epoch": 77, "time_epoch": 26.64254, "eta": 591.46714, "eta_hours": 0.1643, "loss": 0.08803201, "lr": 6.889e-05, "params": 337201, "time_iter": 0.08512, "accuracy": 0.86433, "precision": 0.57654, "recall": 0.87162, "f1": 0.69401, "auc": 0.94343, "accuracy-SBM": 0.86719}
{"epoch": 78, "time_epoch": 26.70574, "eta": 564.53465, "eta_hours": 0.15682, "loss": 0.08798517, "lr": 6.329e-05, "params": 337201, "time_iter": 0.08532, "accuracy": 0.8644, "precision": 0.57662, "recall": 0.87224, "f1": 0.69427, "auc": 0.94343, "accuracy-SBM": 0.86748}
{"epoch": 79, "time_epoch": 26.99183, "eta": 537.67936, "eta_hours": 0.14936, "loss": 0.08792521, "lr": 5.79e-05, "params": 337201, "time_iter": 0.08624, "accuracy": 0.86458, "precision": 0.57704, "recall": 0.87182, "f1": 0.69444, "auc": 0.94352, "accuracy-SBM": 0.86742}
{"epoch": 80, "time_epoch": 26.63748, "eta": 510.73757, "eta_hours": 0.14187, "loss": 0.08781195, "lr": 5.271e-05, "params": 337201, "time_iter": 0.0851, "accuracy": 0.86473, "precision": 0.57735, "recall": 0.87201, "f1": 0.69473, "auc": 0.94371, "accuracy-SBM": 0.86759}
{"epoch": 81, "time_epoch": 26.73529, "eta": 483.82468, "eta_hours": 0.1344, "loss": 0.08783635, "lr": 4.775e-05, "params": 337201, "time_iter": 0.08542, "accuracy": 0.86461, "precision": 0.57707, "recall": 0.87237, "f1": 0.69464, "auc": 0.94366, "accuracy-SBM": 0.86766}
{"epoch": 82, "time_epoch": 26.61297, "eta": 456.89101, "eta_hours": 0.12691, "loss": 0.0877875, "lr": 4.3e-05, "params": 337201, "time_iter": 0.08503, "accuracy": 0.86465, "precision": 0.57713, "recall": 0.87249, "f1": 0.69472, "auc": 0.94373, "accuracy-SBM": 0.86773}
{"epoch": 83, "time_epoch": 26.8892, "eta": 430.0176, "eta_hours": 0.11945, "loss": 0.08773191, "lr": 3.848e-05, "params": 337201, "time_iter": 0.08591, "accuracy": 0.86449, "precision": 0.57681, "recall": 0.87232, "f1": 0.69443, "auc": 0.9438, "accuracy-SBM": 0.86756}
{"epoch": 84, "time_epoch": 27.06117, "eta": 403.17416, "eta_hours": 0.11199, "loss": 0.08769641, "lr": 3.419e-05, "params": 337201, "time_iter": 0.08646, "accuracy": 0.86447, "precision": 0.57674, "recall": 0.87257, "f1": 0.69446, "auc": 0.94385, "accuracy-SBM": 0.86765}
{"epoch": 85, "time_epoch": 26.54308, "eta": 376.24131, "eta_hours": 0.10451, "loss": 0.08775792, "lr": 3.013e-05, "params": 337201, "time_iter": 0.0848, "accuracy": 0.86484, "precision": 0.57755, "recall": 0.87239, "f1": 0.69499, "auc": 0.94375, "accuracy-SBM": 0.8678}
{"epoch": 86, "time_epoch": 26.94859, "eta": 349.37802, "eta_hours": 0.09705, "loss": 0.08761763, "lr": 2.632e-05, "params": 337201, "time_iter": 0.0861, "accuracy": 0.86459, "precision": 0.57699, "recall": 0.87264, "f1": 0.69467, "auc": 0.94392, "accuracy-SBM": 0.86775}
{"epoch": 87, "time_epoch": 26.89958, "eta": 322.50611, "eta_hours": 0.08959, "loss": 0.08770016, "lr": 2.275e-05, "params": 337201, "time_iter": 0.08594, "accuracy": 0.86462, "precision": 0.57705, "recall": 0.87263, "f1": 0.69471, "auc": 0.94379, "accuracy-SBM": 0.86776}
{"epoch": 88, "time_epoch": 26.25787, "eta": 295.55426, "eta_hours": 0.0821, "loss": 0.08764186, "lr": 1.943e-05, "params": 337201, "time_iter": 0.08389, "accuracy": 0.86425, "precision": 0.57622, "recall": 0.8729, "f1": 0.69419, "auc": 0.94387, "accuracy-SBM": 0.86764}
{"epoch": 89, "time_epoch": 26.82674, "eta": 268.68105, "eta_hours": 0.07463, "loss": 0.08756135, "lr": 1.636e-05, "params": 337201, "time_iter": 0.08571, "accuracy": 0.86452, "precision": 0.57683, "recall": 0.87282, "f1": 0.6946, "auc": 0.94396, "accuracy-SBM": 0.86778}
{"epoch": 90, "time_epoch": 26.67968, "eta": 241.79431, "eta_hours": 0.06717, "loss": 0.08756359, "lr": 1.355e-05, "params": 337201, "time_iter": 0.08524, "accuracy": 0.86467, "precision": 0.57713, "recall": 0.87285, "f1": 0.69484, "auc": 0.944, "accuracy-SBM": 0.86788}
{"epoch": 91, "time_epoch": 26.84939, "eta": 214.92682, "eta_hours": 0.0597, "loss": 0.08756149, "lr": 1.099e-05, "params": 337201, "time_iter": 0.08578, "accuracy": 0.86443, "precision": 0.57658, "recall": 0.87328, "f1": 0.69457, "auc": 0.94399, "accuracy-SBM": 0.86791}
{"epoch": 92, "time_epoch": 27.10886, "eta": 188.07926, "eta_hours": 0.05224, "loss": 0.08749943, "lr": 8.7e-06, "params": 337201, "time_iter": 0.08661, "accuracy": 0.86503, "precision": 0.57796, "recall": 0.87257, "f1": 0.69534, "auc": 0.94412, "accuracy-SBM": 0.86799}
{"epoch": 93, "time_epoch": 26.5972, "eta": 161.19348, "eta_hours": 0.04478, "loss": 0.08748697, "lr": 6.67e-06, "params": 337201, "time_iter": 0.08498, "accuracy": 0.86462, "precision": 0.57697, "recall": 0.87341, "f1": 0.69489, "auc": 0.94409, "accuracy-SBM": 0.86807}
{"epoch": 94, "time_epoch": 26.88014, "eta": 134.32867, "eta_hours": 0.03731, "loss": 0.08742537, "lr": 4.91e-06, "params": 337201, "time_iter": 0.08588, "accuracy": 0.86475, "precision": 0.57726, "recall": 0.8733, "f1": 0.69507, "auc": 0.94419, "accuracy-SBM": 0.86811}
{"epoch": 95, "time_epoch": 26.52509, "eta": 107.44874, "eta_hours": 0.02985, "loss": 0.0874999, "lr": 3.41e-06, "params": 337201, "time_iter": 0.08474, "accuracy": 0.86454, "precision": 0.57682, "recall": 0.87321, "f1": 0.69472, "auc": 0.9441, "accuracy-SBM": 0.86794}
{"epoch": 96, "time_epoch": 26.96287, "eta": 80.58967, "eta_hours": 0.02239, "loss": 0.08747538, "lr": 2.18e-06, "params": 337201, "time_iter": 0.08614, "accuracy": 0.86453, "precision": 0.57684, "recall": 0.87287, "f1": 0.69463, "auc": 0.94411, "accuracy-SBM": 0.86781}
{"epoch": 97, "time_epoch": 27.24936, "eta": 53.73433, "eta_hours": 0.01493, "loss": 0.08754194, "lr": 1.23e-06, "params": 337201, "time_iter": 0.08706, "accuracy": 0.86476, "precision": 0.57734, "recall": 0.87292, "f1": 0.69501, "auc": 0.94401, "accuracy-SBM": 0.86797}
{"epoch": 98, "time_epoch": 26.55009, "eta": 26.86396, "eta_hours": 0.00746, "loss": 0.08743531, "lr": 5.5e-07, "params": 337201, "time_iter": 0.08482, "accuracy": 0.86496, "precision": 0.57776, "recall": 0.87307, "f1": 0.69536, "auc": 0.9442, "accuracy-SBM": 0.86815}
{"epoch": 99, "time_epoch": 26.77151, "eta": 0.0, "eta_hours": 0.0, "loss": 0.08746205, "lr": 1.4e-07, "params": 337201, "time_iter": 0.08553, "accuracy": 0.86471, "precision": 0.57722, "recall": 0.87302, "f1": 0.69495, "auc": 0.94411, "accuracy-SBM": 0.86798}
