{"epoch": 0, "time_epoch": 205.11245, "eta": 20306.13226, "eta_hours": 5.64059, "loss": 0.69811898, "lr": 0.0, "params": 9744496, "time_iter": 0.29943, "accuracy": 0.50832, "ap": 0.02347, "auc": 0.49342}
{"epoch": 1, "time_epoch": 168.98326, "eta": 18330.6898, "eta_hours": 5.09186, "loss": 0.33709476, "lr": 0.0001, "params": 9744496, "time_iter": 0.24669, "accuracy": 0.92028, "ap": 0.03012, "auc": 0.54152}
{"epoch": 2, "time_epoch": 168.54036, "eta": 17545.23283, "eta_hours": 4.87368, "loss": 0.07071497, "lr": 0.0002, "params": 9744496, "time_iter": 0.24604, "accuracy": 0.97937, "ap": 0.04277, "auc": 0.62451}
{"epoch": 3, "time_epoch": 168.96869, "eta": 17078.51422, "eta_hours": 4.74403, "loss": 0.04895627, "lr": 0.0003, "params": 9744496, "time_iter": 0.24667, "accuracy": 0.981, "ap": 0.07953, "auc": 0.7304}
{"epoch": 4, "time_epoch": 171.65248, "eta": 16781.88749, "eta_hours": 4.66164, "loss": 0.04536033, "lr": 0.0004, "params": 9744496, "time_iter": 0.25059, "accuracy": 0.98194, "ap": 0.10611, "auc": 0.79149}
{"epoch": 5, "time_epoch": 170.12506, "eta": 16502.98929, "eta_hours": 4.58416, "loss": 0.04332854, "lr": 0.0005, "params": 9744496, "time_iter": 0.24836, "accuracy": 0.98251, "ap": 0.12911, "auc": 0.8215}
{"epoch": 6, "time_epoch": 171.63037, "eta": 16275.16822, "eta_hours": 4.52088, "loss": 0.04164483, "lr": 0.00049986, "params": 9744496, "time_iter": 0.25056, "accuracy": 0.98305, "ap": 0.15196, "auc": 0.8401}
{"epoch": 7, "time_epoch": 171.30559, "eta": 16057.65991, "eta_hours": 4.46046, "loss": 0.04029933, "lr": 0.00049945, "params": 9744496, "time_iter": 0.25008, "accuracy": 0.98357, "ap": 0.17125, "auc": 0.85433}
{"epoch": 8, "time_epoch": 169.10273, "eta": 15828.14548, "eta_hours": 4.39671, "loss": 0.03927483, "lr": 0.00049877, "params": 9744496, "time_iter": 0.24687, "accuracy": 0.98376, "ap": 0.1889, "auc": 0.86336}
{"epoch": 9, "time_epoch": 171.36926, "eta": 15631.11215, "eta_hours": 4.34198, "loss": 0.03842192, "lr": 0.00049782, "params": 9744496, "time_iter": 0.25017, "accuracy": 0.98421, "ap": 0.2058, "auc": 0.87081}
{"epoch": 10, "time_epoch": 170.13688, "eta": 15428.77395, "eta_hours": 4.28577, "loss": 0.03777063, "lr": 0.00049659, "params": 9744496, "time_iter": 0.24838, "accuracy": 0.98441, "ap": 0.2178, "auc": 0.87517}
{"epoch": 11, "time_epoch": 171.18901, "eta": 15239.51823, "eta_hours": 4.2332, "loss": 0.03700031, "lr": 0.00049509, "params": 9744496, "time_iter": 0.24991, "accuracy": 0.98472, "ap": 0.23397, "auc": 0.88243}
{"epoch": 12, "time_epoch": 170.01712, "eta": 15045.19939, "eta_hours": 4.17922, "loss": 0.03634044, "lr": 0.00049333, "params": 9744496, "time_iter": 0.2482, "accuracy": 0.98502, "ap": 0.24665, "auc": 0.88596}
{"epoch": 13, "time_epoch": 169.18807, "eta": 14849.25948, "eta_hours": 4.12479, "loss": 0.03569021, "lr": 0.0004913, "params": 9744496, "time_iter": 0.24699, "accuracy": 0.98524, "ap": 0.2628, "auc": 0.89088}
{"epoch": 14, "time_epoch": 170.39219, "eta": 14663.70981, "eta_hours": 4.07325, "loss": 0.03514318, "lr": 0.00048901, "params": 9744496, "time_iter": 0.24875, "accuracy": 0.98537, "ap": 0.27378, "auc": 0.89441}
{"epoch": 15, "time_epoch": 170.70321, "eta": 14481.68771, "eta_hours": 4.02269, "loss": 0.03458577, "lr": 0.00048645, "params": 9744496, "time_iter": 0.2492, "accuracy": 0.98572, "ap": 0.2859, "auc": 0.89841}
{"epoch": 16, "time_epoch": 168.465, "eta": 14290.06952, "eta_hours": 3.96946, "loss": 0.0341038, "lr": 0.00048364, "params": 9744496, "time_iter": 0.24593, "accuracy": 0.98585, "ap": 0.2956, "auc": 0.9015}
{"epoch": 17, "time_epoch": 168.97226, "eta": 14103.33477, "eta_hours": 3.91759, "loss": 0.03356732, "lr": 0.00048057, "params": 9744496, "time_iter": 0.24667, "accuracy": 0.98614, "ap": 0.30965, "auc": 0.90585}
{"epoch": 18, "time_epoch": 169.14154, "eta": 13919.19139, "eta_hours": 3.86644, "loss": 0.03313875, "lr": 0.00047725, "params": 9744496, "time_iter": 0.24692, "accuracy": 0.98622, "ap": 0.32045, "auc": 0.90834}
{"epoch": 19, "time_epoch": 167.59424, "eta": 13730.35901, "eta_hours": 3.81399, "loss": 0.03268609, "lr": 0.00047368, "params": 9744496, "time_iter": 0.24466, "accuracy": 0.98641, "ap": 0.33099, "auc": 0.91203}
{"epoch": 20, "time_epoch": 169.99999, "eta": 13552.59951, "eta_hours": 3.76461, "loss": 0.03234199, "lr": 0.00046987, "params": 9744496, "time_iter": 0.24818, "accuracy": 0.98653, "ap": 0.34061, "auc": 0.91393}
{"epoch": 21, "time_epoch": 169.0628, "eta": 13372.22267, "eta_hours": 3.71451, "loss": 0.03212136, "lr": 0.00046581, "params": 9744496, "time_iter": 0.24681, "accuracy": 0.98663, "ap": 0.34366, "auc": 0.91488}
{"epoch": 22, "time_epoch": 169.43179, "eta": 13194.06496, "eta_hours": 3.66502, "loss": 0.03157411, "lr": 0.00046152, "params": 9744496, "time_iter": 0.24735, "accuracy": 0.98681, "ap": 0.35963, "auc": 0.9188}
{"epoch": 23, "time_epoch": 169.69507, "eta": 13017.46814, "eta_hours": 3.61596, "loss": 0.03122529, "lr": 0.000457, "params": 9744496, "time_iter": 0.24773, "accuracy": 0.987, "ap": 0.36711, "auc": 0.92131}
{"epoch": 24, "time_epoch": 169.09965, "eta": 12839.63719, "eta_hours": 3.56657, "loss": 0.03090742, "lr": 0.00045225, "params": 9744496, "time_iter": 0.24686, "accuracy": 0.98712, "ap": 0.3766, "auc": 0.92376}
{"epoch": 25, "time_epoch": 169.37454, "eta": 12663.26025, "eta_hours": 3.51757, "loss": 0.0305678, "lr": 0.00044729, "params": 9744496, "time_iter": 0.24726, "accuracy": 0.98727, "ap": 0.38565, "auc": 0.92609}
{"epoch": 26, "time_epoch": 169.20658, "eta": 12486.94791, "eta_hours": 3.4686, "loss": 0.03024577, "lr": 0.0004421, "params": 9744496, "time_iter": 0.24702, "accuracy": 0.98732, "ap": 0.39257, "auc": 0.92806}
{"epoch": 27, "time_epoch": 168.91801, "eta": 12310.40107, "eta_hours": 3.41956, "loss": 0.0299935, "lr": 0.00043671, "params": 9744496, "time_iter": 0.2466, "accuracy": 0.98755, "ap": 0.39767, "auc": 0.92969}
{"epoch": 28, "time_epoch": 170.26712, "eta": 12137.68335, "eta_hours": 3.37158, "loss": 0.02969477, "lr": 0.00043111, "params": 9744496, "time_iter": 0.24857, "accuracy": 0.98763, "ap": 0.40574, "auc": 0.9317}
{"epoch": 29, "time_epoch": 169.05449, "eta": 11962.29953, "eta_hours": 3.32286, "loss": 0.02940144, "lr": 0.00042531, "params": 9744496, "time_iter": 0.24679, "accuracy": 0.98771, "ap": 0.41476, "auc": 0.93339}
{"epoch": 30, "time_epoch": 169.92922, "eta": 11789.27105, "eta_hours": 3.2748, "loss": 0.02918682, "lr": 0.00041932, "params": 9744496, "time_iter": 0.24807, "accuracy": 0.98782, "ap": 0.4224, "auc": 0.93457}
{"epoch": 31, "time_epoch": 170.73805, "eta": 11618.15503, "eta_hours": 3.22727, "loss": 0.02891529, "lr": 0.00041315, "params": 9744496, "time_iter": 0.24925, "accuracy": 0.98794, "ap": 0.42836, "auc": 0.93689}
{"epoch": 32, "time_epoch": 168.87634, "eta": 11443.28208, "eta_hours": 3.17869, "loss": 0.02864512, "lr": 0.00040679, "params": 9744496, "time_iter": 0.24653, "accuracy": 0.98805, "ap": 0.43559, "auc": 0.9387}
{"epoch": 33, "time_epoch": 170.2146, "eta": 11271.35968, "eta_hours": 3.13093, "loss": 0.02837378, "lr": 0.00040027, "params": 9744496, "time_iter": 0.24849, "accuracy": 0.98824, "ap": 0.4425, "auc": 0.94063}
{"epoch": 34, "time_epoch": 171.10355, "eta": 11101.18577, "eta_hours": 3.08366, "loss": 0.0280995, "lr": 0.00039358, "params": 9744496, "time_iter": 0.24979, "accuracy": 0.9883, "ap": 0.4515, "auc": 0.94196}
{"epoch": 35, "time_epoch": 168.90479, "eta": 10927.0513, "eta_hours": 3.03529, "loss": 0.02788896, "lr": 0.00038674, "params": 9744496, "time_iter": 0.24658, "accuracy": 0.98835, "ap": 0.45263, "auc": 0.9435}
{"epoch": 36, "time_epoch": 168.94382, "eta": 10753.26599, "eta_hours": 2.98702, "loss": 0.02764105, "lr": 0.00037974, "params": 9744496, "time_iter": 0.24663, "accuracy": 0.98848, "ap": 0.45994, "auc": 0.94459}
{"epoch": 37, "time_epoch": 167.52637, "eta": 10577.4228, "eta_hours": 2.93817, "loss": 0.02735801, "lr": 0.00037261, "params": 9744496, "time_iter": 0.24456, "accuracy": 0.98863, "ap": 0.46998, "auc": 0.94608}
{"epoch": 38, "time_epoch": 168.03042, "eta": 10402.79449, "eta_hours": 2.88967, "loss": 0.02717545, "lr": 0.00036534, "params": 9744496, "time_iter": 0.2453, "accuracy": 0.98869, "ap": 0.47528, "auc": 0.94741}
{"epoch": 39, "time_epoch": 170.65139, "eta": 10232.42754, "eta_hours": 2.84234, "loss": 0.02689386, "lr": 0.00035794, "params": 9744496, "time_iter": 0.24913, "accuracy": 0.98882, "ap": 0.48295, "auc": 0.94914}
{"epoch": 40, "time_epoch": 169.22127, "eta": 10059.98874, "eta_hours": 2.79444, "loss": 0.02665407, "lr": 0.00035042, "params": 9744496, "time_iter": 0.24704, "accuracy": 0.98889, "ap": 0.48856, "auc": 0.95001}
{"epoch": 41, "time_epoch": 170.12419, "eta": 9888.95005, "eta_hours": 2.74693, "loss": 0.02644758, "lr": 0.0003428, "params": 9744496, "time_iter": 0.24836, "accuracy": 0.98897, "ap": 0.49313, "auc": 0.95177}
{"epoch": 42, "time_epoch": 171.28146, "eta": 9719.48794, "eta_hours": 2.69986, "loss": 0.02622936, "lr": 0.00033507, "params": 9744496, "time_iter": 0.25005, "accuracy": 0.98907, "ap": 0.49946, "auc": 0.95317}
{"epoch": 43, "time_epoch": 169.92714, "eta": 9548.21946, "eta_hours": 2.65228, "loss": 0.02603014, "lr": 0.00032725, "params": 9744496, "time_iter": 0.24807, "accuracy": 0.98913, "ap": 0.50718, "auc": 0.95415}
{"epoch": 44, "time_epoch": 171.50387, "eta": 9378.9377, "eta_hours": 2.60526, "loss": 0.02583146, "lr": 0.00031935, "params": 9744496, "time_iter": 0.25037, "accuracy": 0.98925, "ap": 0.51201, "auc": 0.95546}
{"epoch": 45, "time_epoch": 169.94316, "eta": 9207.72719, "eta_hours": 2.5577, "loss": 0.0255701, "lr": 0.00031137, "params": 9744496, "time_iter": 0.24809, "accuracy": 0.98932, "ap": 0.51537, "auc": 0.95677}
{"epoch": 46, "time_epoch": 170.1048, "eta": 9036.75289, "eta_hours": 2.51021, "loss": 0.02536465, "lr": 0.00030332, "params": 9744496, "time_iter": 0.24833, "accuracy": 0.98947, "ap": 0.52124, "auc": 0.95779}
{"epoch": 47, "time_epoch": 172.74668, "eta": 8868.67686, "eta_hours": 2.46352, "loss": 0.02514398, "lr": 0.00029522, "params": 9744496, "time_iter": 0.25218, "accuracy": 0.98959, "ap": 0.5292, "auc": 0.95875}
{"epoch": 48, "time_epoch": 169.17898, "eta": 8696.69686, "eta_hours": 2.41575, "loss": 0.02495074, "lr": 0.00028707, "params": 9744496, "time_iter": 0.24698, "accuracy": 0.98965, "ap": 0.53241, "auc": 0.96007}
{"epoch": 49, "time_epoch": 170.22293, "eta": 8525.87286, "eta_hours": 2.3683, "loss": 0.0247469, "lr": 0.00027887, "params": 9744496, "time_iter": 0.2485, "accuracy": 0.98963, "ap": 0.54044, "auc": 0.96097}
{"epoch": 50, "time_epoch": 169.72466, "eta": 8354.59369, "eta_hours": 2.32072, "loss": 0.02454456, "lr": 0.00027064, "params": 9744496, "time_iter": 0.24777, "accuracy": 0.98983, "ap": 0.54567, "auc": 0.96228}
{"epoch": 51, "time_epoch": 168.52651, "eta": 8182.26833, "eta_hours": 2.27285, "loss": 0.02430604, "lr": 0.0002624, "params": 9744496, "time_iter": 0.24602, "accuracy": 0.9899, "ap": 0.55269, "auc": 0.96296}
{"epoch": 52, "time_epoch": 169.787, "eta": 8011.20411, "eta_hours": 2.22533, "loss": 0.02410496, "lr": 0.00025413, "params": 9744496, "time_iter": 0.24786, "accuracy": 0.99004, "ap": 0.55879, "auc": 0.96366}
{"epoch": 53, "time_epoch": 168.83087, "eta": 7839.37272, "eta_hours": 2.1776, "loss": 0.02393378, "lr": 0.00024587, "params": 9744496, "time_iter": 0.24647, "accuracy": 0.99003, "ap": 0.55953, "auc": 0.9648}
{"epoch": 54, "time_epoch": 169.67848, "eta": 7668.34393, "eta_hours": 2.1301, "loss": 0.02373622, "lr": 0.0002376, "params": 9744496, "time_iter": 0.24771, "accuracy": 0.99017, "ap": 0.56807, "auc": 0.96589}
{"epoch": 55, "time_epoch": 169.45325, "eta": 7497.18641, "eta_hours": 2.08255, "loss": 0.0235119, "lr": 0.00022936, "params": 9744496, "time_iter": 0.24738, "accuracy": 0.99019, "ap": 0.57453, "auc": 0.96655}
{"epoch": 56, "time_epoch": 167.41474, "eta": 7324.55086, "eta_hours": 2.0346, "loss": 0.02333859, "lr": 0.00022113, "params": 9744496, "time_iter": 0.2444, "accuracy": 0.99032, "ap": 0.57899, "auc": 0.96746}
{"epoch": 57, "time_epoch": 170.32925, "eta": 7154.20585, "eta_hours": 1.98728, "loss": 0.02320088, "lr": 0.00021293, "params": 9744496, "time_iter": 0.24866, "accuracy": 0.99038, "ap": 0.581, "auc": 0.96839}
{"epoch": 58, "time_epoch": 170.46805, "eta": 6983.95782, "eta_hours": 1.93999, "loss": 0.02299264, "lr": 0.00020478, "params": 9744496, "time_iter": 0.24886, "accuracy": 0.99046, "ap": 0.59016, "auc": 0.96933}
{"epoch": 59, "time_epoch": 167.94011, "eta": 6812.01717, "eta_hours": 1.89223, "loss": 0.02282695, "lr": 0.00019668, "params": 9744496, "time_iter": 0.24517, "accuracy": 0.9905, "ap": 0.59236, "auc": 0.96974}
{"epoch": 60, "time_epoch": 168.84466, "eta": 6640.786, "eta_hours": 1.84466, "loss": 0.02264731, "lr": 0.00018863, "params": 9744496, "time_iter": 0.24649, "accuracy": 0.99057, "ap": 0.59839, "auc": 0.97058}
{"epoch": 61, "time_epoch": 168.51121, "eta": 6469.42745, "eta_hours": 1.79706, "loss": 0.02246223, "lr": 0.00018065, "params": 9744496, "time_iter": 0.246, "accuracy": 0.99066, "ap": 0.60238, "auc": 0.97126}
{"epoch": 62, "time_epoch": 169.22338, "eta": 6298.57754, "eta_hours": 1.7496, "loss": 0.0223322, "lr": 0.00017275, "params": 9744496, "time_iter": 0.24704, "accuracy": 0.99067, "ap": 0.60474, "auc": 0.972}
{"epoch": 63, "time_epoch": 170.14089, "eta": 6128.29457, "eta_hours": 1.7023, "loss": 0.0221066, "lr": 0.00016493, "params": 9744496, "time_iter": 0.24838, "accuracy": 0.99092, "ap": 0.61137, "auc": 0.97286}
{"epoch": 64, "time_epoch": 169.64213, "eta": 5957.7474, "eta_hours": 1.65493, "loss": 0.02197603, "lr": 0.0001572, "params": 9744496, "time_iter": 0.24765, "accuracy": 0.99093, "ap": 0.61464, "auc": 0.97314}
{"epoch": 65, "time_epoch": 170.36324, "eta": 5787.59913, "eta_hours": 1.60767, "loss": 0.02177918, "lr": 0.00014958, "params": 9744496, "time_iter": 0.24871, "accuracy": 0.99096, "ap": 0.6179, "auc": 0.97389}
{"epoch": 66, "time_epoch": 170.26184, "eta": 5617.39451, "eta_hours": 1.56039, "loss": 0.0216708, "lr": 0.00014206, "params": 9744496, "time_iter": 0.24856, "accuracy": 0.99102, "ap": 0.62183, "auc": 0.97438}
{"epoch": 67, "time_epoch": 169.09554, "eta": 5446.63936, "eta_hours": 1.51296, "loss": 0.02151055, "lr": 0.00013466, "params": 9744496, "time_iter": 0.24685, "accuracy": 0.99107, "ap": 0.62594, "auc": 0.97502}
{"epoch": 68, "time_epoch": 169.97401, "eta": 5276.32698, "eta_hours": 1.46565, "loss": 0.02137409, "lr": 0.00012739, "params": 9744496, "time_iter": 0.24814, "accuracy": 0.99108, "ap": 0.63042, "auc": 0.97546}
{"epoch": 69, "time_epoch": 169.30841, "eta": 5105.73902, "eta_hours": 1.41826, "loss": 0.02121695, "lr": 0.00012026, "params": 9744496, "time_iter": 0.24717, "accuracy": 0.9912, "ap": 0.63494, "auc": 0.97622}
{"epoch": 70, "time_epoch": 169.20813, "eta": 4935.14614, "eta_hours": 1.37087, "loss": 0.02107174, "lr": 0.00011326, "params": 9744496, "time_iter": 0.24702, "accuracy": 0.99129, "ap": 0.63726, "auc": 0.97649}
{"epoch": 71, "time_epoch": 170.8175, "eta": 4765.2176, "eta_hours": 1.32367, "loss": 0.02097589, "lr": 0.00010642, "params": 9744496, "time_iter": 0.24937, "accuracy": 0.99133, "ap": 0.64257, "auc": 0.97678}
{"epoch": 72, "time_epoch": 169.33496, "eta": 4594.71636, "eta_hours": 1.27631, "loss": 0.02081354, "lr": 9.973e-05, "params": 9744496, "time_iter": 0.2472, "accuracy": 0.99132, "ap": 0.64428, "auc": 0.97753}
{"epoch": 73, "time_epoch": 169.18839, "eta": 4424.19514, "eta_hours": 1.22894, "loss": 0.02070426, "lr": 9.321e-05, "params": 9744496, "time_iter": 0.24699, "accuracy": 0.9914, "ap": 0.65026, "auc": 0.97779}
{"epoch": 74, "time_epoch": 169.64471, "eta": 4253.86158, "eta_hours": 1.18163, "loss": 0.02058451, "lr": 8.685e-05, "params": 9744496, "time_iter": 0.24766, "accuracy": 0.99144, "ap": 0.65, "auc": 0.97834}
{"epoch": 75, "time_epoch": 170.12104, "eta": 4083.69656, "eta_hours": 1.13436, "loss": 0.02048718, "lr": 8.068e-05, "params": 9744496, "time_iter": 0.24835, "accuracy": 0.99157, "ap": 0.65543, "auc": 0.97838}
{"epoch": 76, "time_epoch": 171.67442, "eta": 3913.99668, "eta_hours": 1.08722, "loss": 0.02036757, "lr": 7.469e-05, "params": 9744496, "time_iter": 0.25062, "accuracy": 0.99154, "ap": 0.65743, "auc": 0.97898}
{"epoch": 77, "time_epoch": 171.56599, "eta": 3744.21559, "eta_hours": 1.04006, "loss": 0.02027941, "lr": 6.889e-05, "params": 9744496, "time_iter": 0.25046, "accuracy": 0.99157, "ap": 0.65952, "auc": 0.97919}
{"epoch": 78, "time_epoch": 169.60229, "eta": 3573.86732, "eta_hours": 0.99274, "loss": 0.02019817, "lr": 6.329e-05, "params": 9744496, "time_iter": 0.24759, "accuracy": 0.99168, "ap": 0.66058, "auc": 0.9794}
{"epoch": 79, "time_epoch": 170.76133, "eta": 3403.82745, "eta_hours": 0.94551, "loss": 0.02006779, "lr": 5.79e-05, "params": 9744496, "time_iter": 0.24929, "accuracy": 0.99166, "ap": 0.66485, "auc": 0.97968}
{"epoch": 80, "time_epoch": 169.64666, "eta": 3233.50831, "eta_hours": 0.8982, "loss": 0.01998827, "lr": 5.271e-05, "params": 9744496, "time_iter": 0.24766, "accuracy": 0.99176, "ap": 0.66702, "auc": 0.98}
{"epoch": 81, "time_epoch": 170.75099, "eta": 3063.44798, "eta_hours": 0.85096, "loss": 0.01993281, "lr": 4.775e-05, "params": 9744496, "time_iter": 0.24927, "accuracy": 0.99171, "ap": 0.66771, "auc": 0.98017}
{"epoch": 82, "time_epoch": 172.7902, "eta": 2893.78868, "eta_hours": 0.80383, "loss": 0.01982185, "lr": 4.3e-05, "params": 9744496, "time_iter": 0.25225, "accuracy": 0.99178, "ap": 0.67085, "auc": 0.98011}
{"epoch": 83, "time_epoch": 172.99479, "eta": 2724.0938, "eta_hours": 0.75669, "loss": 0.01977701, "lr": 3.848e-05, "params": 9744496, "time_iter": 0.25255, "accuracy": 0.99183, "ap": 0.67412, "auc": 0.98072}
{"epoch": 84, "time_epoch": 171.4777, "eta": 2554.05356, "eta_hours": 0.70946, "loss": 0.01968602, "lr": 3.419e-05, "params": 9744496, "time_iter": 0.25033, "accuracy": 0.9919, "ap": 0.67645, "auc": 0.9809}
{"epoch": 85, "time_epoch": 172.70769, "eta": 2384.18011, "eta_hours": 0.66227, "loss": 0.0196092, "lr": 3.013e-05, "params": 9744496, "time_iter": 0.25213, "accuracy": 0.99191, "ap": 0.67721, "auc": 0.98115}
{"epoch": 86, "time_epoch": 172.26846, "eta": 2214.17588, "eta_hours": 0.61505, "loss": 0.01958738, "lr": 2.632e-05, "params": 9744496, "time_iter": 0.25149, "accuracy": 0.99195, "ap": 0.67624, "auc": 0.9813}
{"epoch": 87, "time_epoch": 171.79987, "eta": 2044.0563, "eta_hours": 0.56779, "loss": 0.01950032, "lr": 2.275e-05, "params": 9744496, "time_iter": 0.2508, "accuracy": 0.99195, "ap": 0.67826, "auc": 0.98118}
{"epoch": 88, "time_epoch": 170.26391, "eta": 1873.70911, "eta_hours": 0.52047, "loss": 0.01945479, "lr": 1.943e-05, "params": 9744496, "time_iter": 0.24856, "accuracy": 0.99193, "ap": 0.67864, "auc": 0.98148}
{"epoch": 89, "time_epoch": 170.6042, "eta": 1703.40159, "eta_hours": 0.47317, "loss": 0.01944532, "lr": 1.636e-05, "params": 9744496, "time_iter": 0.24906, "accuracy": 0.99192, "ap": 0.68147, "auc": 0.98146}
{"epoch": 90, "time_epoch": 172.66918, "eta": 1533.29177, "eta_hours": 0.42591, "loss": 0.01938136, "lr": 1.355e-05, "params": 9744496, "time_iter": 0.25207, "accuracy": 0.99207, "ap": 0.68153, "auc": 0.98179}
{"epoch": 91, "time_epoch": 172.41788, "eta": 1363.10446, "eta_hours": 0.37864, "loss": 0.01937658, "lr": 1.099e-05, "params": 9744496, "time_iter": 0.2517, "accuracy": 0.992, "ap": 0.68271, "auc": 0.98138}
{"epoch": 92, "time_epoch": 172.62093, "eta": 1192.88447, "eta_hours": 0.33136, "loss": 0.01933583, "lr": 8.7e-06, "params": 9744496, "time_iter": 0.252, "accuracy": 0.99202, "ap": 0.68249, "auc": 0.98182}
{"epoch": 93, "time_epoch": 171.82754, "eta": 1022.56275, "eta_hours": 0.28405, "loss": 0.01932555, "lr": 6.67e-06, "params": 9744496, "time_iter": 0.25084, "accuracy": 0.99198, "ap": 0.68552, "auc": 0.98199}
{"epoch": 94, "time_epoch": 171.63196, "eta": 852.19904, "eta_hours": 0.23672, "loss": 0.01928334, "lr": 4.91e-06, "params": 9744496, "time_iter": 0.25056, "accuracy": 0.99203, "ap": 0.68421, "auc": 0.98188}
{"epoch": 95, "time_epoch": 172.60703, "eta": 681.84953, "eta_hours": 0.1894, "loss": 0.01929264, "lr": 3.41e-06, "params": 9744496, "time_iter": 0.25198, "accuracy": 0.99207, "ap": 0.68393, "auc": 0.98211}
{"epoch": 96, "time_epoch": 172.05798, "eta": 511.4365, "eta_hours": 0.14207, "loss": 0.01924344, "lr": 2.18e-06, "params": 9744496, "time_iter": 0.25118, "accuracy": 0.99207, "ap": 0.68677, "auc": 0.98208}
{"epoch": 97, "time_epoch": 170.52968, "eta": 340.9587, "eta_hours": 0.09471, "loss": 0.01926209, "lr": 1.23e-06, "params": 9744496, "time_iter": 0.24895, "accuracy": 0.99203, "ap": 0.68501, "auc": 0.98187}
{"epoch": 98, "time_epoch": 172.02431, "eta": 170.49496, "eta_hours": 0.04736, "loss": 0.01926849, "lr": 5.5e-07, "params": 9744496, "time_iter": 0.25113, "accuracy": 0.99208, "ap": 0.68615, "auc": 0.98201}
{"epoch": 99, "time_epoch": 171.84407, "eta": 0.0, "eta_hours": 0.0, "loss": 0.01925896, "lr": 1.4e-07, "params": 9744496, "time_iter": 0.25087, "accuracy": 0.99207, "ap": 0.6861, "auc": 0.98181}
