{"epoch": 0, "time_epoch": 63.4193, "eta": 6278.5104, "eta_hours": 1.74403, "loss": 2.30406496, "lr": 0.0, "params": 112726, "time_iter": 0.02255, "accuracy": 0.08922, "f1": 0.05352, "auc": 0.50259}
{"epoch": 1, "time_epoch": 58.12912, "eta": 5955.8723, "eta_hours": 1.65441, "loss": 2.02140429, "lr": 0.0002, "params": 112726, "time_iter": 0.02066, "accuracy": 0.32076, "f1": 0.29505, "auc": 0.77698}
{"epoch": 2, "time_epoch": 58.22016, "eta": 5812.51736, "eta_hours": 1.61459, "loss": 1.69338615, "lr": 0.0004, "params": 112726, "time_iter": 0.0207, "accuracy": 0.42636, "f1": 0.41695, "auc": 0.84433}
{"epoch": 3, "time_epoch": 57.76866, "eta": 5700.89381, "eta_hours": 1.58358, "loss": 1.46476709, "lr": 0.0006, "params": 112726, "time_iter": 0.02054, "accuracy": 0.49324, "f1": 0.48836, "auc": 0.87768}
{"epoch": 4, "time_epoch": 58.34523, "eta": 5621.76699, "eta_hours": 1.5616, "loss": 1.33492015, "lr": 0.0008, "params": 112726, "time_iter": 0.02074, "accuracy": 0.53289, "f1": 0.53026, "auc": 0.89615}
{"epoch": 5, "time_epoch": 58.50715, "eta": 5552.10412, "eta_hours": 1.54225, "loss": 1.25494534, "lr": 0.001, "params": 112726, "time_iter": 0.0208, "accuracy": 0.55791, "f1": 0.55681, "auc": 0.90793}
{"epoch": 6, "time_epoch": 58.34961, "eta": 5483.53553, "eta_hours": 1.5232, "loss": 1.17256054, "lr": 0.00099973, "params": 112726, "time_iter": 0.02074, "accuracy": 0.58529, "f1": 0.58422, "auc": 0.91958}
{"epoch": 7, "time_epoch": 58.37184, "eta": 5417.77735, "eta_hours": 1.50494, "loss": 1.11152121, "lr": 0.00099891, "params": 112726, "time_iter": 0.02075, "accuracy": 0.60651, "f1": 0.60579, "auc": 0.92744}
{"epoch": 8, "time_epoch": 58.2987, "eta": 5352.92109, "eta_hours": 1.48692, "loss": 1.06127642, "lr": 0.00099754, "params": 112726, "time_iter": 0.02072, "accuracy": 0.62838, "f1": 0.62771, "auc": 0.93342}
{"epoch": 9, "time_epoch": 58.11801, "eta": 5287.75013, "eta_hours": 1.46882, "loss": 1.02088392, "lr": 0.00099563, "params": 112726, "time_iter": 0.02066, "accuracy": 0.64329, "f1": 0.64251, "auc": 0.93832}
{"epoch": 10, "time_epoch": 58.28783, "eta": 5225.23546, "eta_hours": 1.45145, "loss": 0.98630874, "lr": 0.00099318, "params": 112726, "time_iter": 0.02072, "accuracy": 0.65564, "f1": 0.65499, "auc": 0.94227}
{"epoch": 11, "time_epoch": 58.30013, "eta": 5163.51551, "eta_hours": 1.43431, "loss": 0.95119807, "lr": 0.00099019, "params": 112726, "time_iter": 0.02073, "accuracy": 0.6676, "f1": 0.66684, "auc": 0.94611}
{"epoch": 12, "time_epoch": 58.21483, "eta": 5101.7508, "eta_hours": 1.41715, "loss": 0.92383588, "lr": 0.00098666, "params": 112726, "time_iter": 0.02069, "accuracy": 0.67678, "f1": 0.67615, "auc": 0.94924}
{"epoch": 13, "time_epoch": 58.15952, "eta": 5040.15347, "eta_hours": 1.40004, "loss": 0.90263981, "lr": 0.0009826, "params": 112726, "time_iter": 0.02068, "accuracy": 0.68458, "f1": 0.68399, "auc": 0.95135}
{"epoch": 14, "time_epoch": 58.29485, "eta": 4979.78138, "eta_hours": 1.38327, "loss": 0.878402, "lr": 0.00097802, "params": 112726, "time_iter": 0.02072, "accuracy": 0.69489, "f1": 0.69426, "auc": 0.95384}
{"epoch": 15, "time_epoch": 58.01137, "eta": 4918.18069, "eta_hours": 1.36616, "loss": 0.855523, "lr": 0.00097291, "params": 112726, "time_iter": 0.02062, "accuracy": 0.70131, "f1": 0.70084, "auc": 0.95634}
{"epoch": 16, "time_epoch": 58.51329, "eta": 4859.45282, "eta_hours": 1.34985, "loss": 0.83418805, "lr": 0.00096728, "params": 112726, "time_iter": 0.0208, "accuracy": 0.70856, "f1": 0.70803, "auc": 0.95812}
{"epoch": 17, "time_epoch": 58.2863, "eta": 4799.71473, "eta_hours": 1.33325, "loss": 0.81905675, "lr": 0.00096114, "params": 112726, "time_iter": 0.02072, "accuracy": 0.71553, "f1": 0.7151, "auc": 0.95971}
{"epoch": 18, "time_epoch": 58.23365, "eta": 4739.90498, "eta_hours": 1.31664, "loss": 0.80083203, "lr": 0.0009545, "params": 112726, "time_iter": 0.0207, "accuracy": 0.71833, "f1": 0.71787, "auc": 0.96143}
{"epoch": 19, "time_epoch": 58.6128, "eta": 4681.76943, "eta_hours": 1.30049, "loss": 0.78796235, "lr": 0.00094736, "params": 112726, "time_iter": 0.02084, "accuracy": 0.72582, "f1": 0.72536, "auc": 0.96252}
{"epoch": 20, "time_epoch": 58.48543, "eta": 4623.10931, "eta_hours": 1.2842, "loss": 0.77213301, "lr": 0.00093974, "params": 112726, "time_iter": 0.02079, "accuracy": 0.73133, "f1": 0.73098, "auc": 0.96391}
{"epoch": 21, "time_epoch": 58.3313, "eta": 4563.91861, "eta_hours": 1.26776, "loss": 0.75742774, "lr": 0.00093163, "params": 112726, "time_iter": 0.02074, "accuracy": 0.73676, "f1": 0.7362, "auc": 0.96508}
{"epoch": 22, "time_epoch": 58.35175, "eta": 4504.87109, "eta_hours": 1.25135, "loss": 0.74167908, "lr": 0.00092305, "params": 112726, "time_iter": 0.02074, "accuracy": 0.74376, "f1": 0.74335, "auc": 0.96658}
{"epoch": 23, "time_epoch": 58.27323, "eta": 4445.63291, "eta_hours": 1.2349, "loss": 0.73135755, "lr": 0.000914, "params": 112726, "time_iter": 0.02072, "accuracy": 0.74638, "f1": 0.74604, "auc": 0.96764}
{"epoch": 24, "time_epoch": 58.52342, "eta": 4387.2225, "eta_hours": 1.21867, "loss": 0.7170871, "lr": 0.00090451, "params": 112726, "time_iter": 0.0208, "accuracy": 0.74887, "f1": 0.74845, "auc": 0.96874}
{"epoch": 25, "time_epoch": 58.21234, "eta": 4327.918, "eta_hours": 1.2022, "loss": 0.69459151, "lr": 0.00089457, "params": 112726, "time_iter": 0.02069, "accuracy": 0.75971, "f1": 0.75931, "auc": 0.97054}
{"epoch": 26, "time_epoch": 58.31817, "eta": 4268.98053, "eta_hours": 1.18583, "loss": 0.69060977, "lr": 0.0008842, "params": 112726, "time_iter": 0.02073, "accuracy": 0.75964, "f1": 0.7594, "auc": 0.97093}
{"epoch": 27, "time_epoch": 58.19663, "eta": 4209.77477, "eta_hours": 1.16938, "loss": 0.68126347, "lr": 0.00087341, "params": 112726, "time_iter": 0.02069, "accuracy": 0.76347, "f1": 0.76306, "auc": 0.97174}
{"epoch": 28, "time_epoch": 58.35625, "eta": 4151.0294, "eta_hours": 1.15306, "loss": 0.66964143, "lr": 0.00086221, "params": 112726, "time_iter": 0.02075, "accuracy": 0.767, "f1": 0.7667, "auc": 0.97259}
{"epoch": 29, "time_epoch": 58.22066, "eta": 4091.99361, "eta_hours": 1.13666, "loss": 0.65681592, "lr": 0.00085062, "params": 112726, "time_iter": 0.0207, "accuracy": 0.77178, "f1": 0.77136, "auc": 0.97339}
{"epoch": 30, "time_epoch": 58.16926, "eta": 4032.89598, "eta_hours": 1.12025, "loss": 0.6475345, "lr": 0.00083864, "params": 112726, "time_iter": 0.02068, "accuracy": 0.77367, "f1": 0.77339, "auc": 0.97412}
{"epoch": 31, "time_epoch": 58.30884, "eta": 3974.153, "eta_hours": 1.10393, "loss": 0.63513669, "lr": 0.00082629, "params": 112726, "time_iter": 0.02073, "accuracy": 0.77936, "f1": 0.77912, "auc": 0.97517}
{"epoch": 32, "time_epoch": 58.49725, "eta": 3915.81884, "eta_hours": 1.08773, "loss": 0.62704847, "lr": 0.00081359, "params": 112726, "time_iter": 0.0208, "accuracy": 0.78442, "f1": 0.78415, "auc": 0.97568}
{"epoch": 33, "time_epoch": 58.32736, "eta": 3857.14531, "eta_hours": 1.07143, "loss": 0.61285743, "lr": 0.00080054, "params": 112726, "time_iter": 0.02073, "accuracy": 0.78762, "f1": 0.78733, "auc": 0.97676}
{"epoch": 34, "time_epoch": 58.30435, "eta": 3798.44883, "eta_hours": 1.05512, "loss": 0.60179289, "lr": 0.00078716, "params": 112726, "time_iter": 0.02073, "accuracy": 0.79009, "f1": 0.78983, "auc": 0.97765}
{"epoch": 35, "time_epoch": 58.4684, "eta": 3740.06578, "eta_hours": 1.03891, "loss": 0.59328794, "lr": 0.00077347, "params": 112726, "time_iter": 0.02079, "accuracy": 0.79424, "f1": 0.79405, "auc": 0.9782}
{"epoch": 36, "time_epoch": 58.35091, "eta": 3681.47806, "eta_hours": 1.02263, "loss": 0.58489143, "lr": 0.00075948, "params": 112726, "time_iter": 0.02074, "accuracy": 0.79867, "f1": 0.7985, "auc": 0.97866}
{"epoch": 37, "time_epoch": 58.56835, "eta": 3623.25759, "eta_hours": 1.00646, "loss": 0.57067778, "lr": 0.00074521, "params": 112726, "time_iter": 0.02082, "accuracy": 0.80291, "f1": 0.80276, "auc": 0.97973}
{"epoch": 38, "time_epoch": 58.64219, "eta": 3565.13476, "eta_hours": 0.99032, "loss": 0.56272217, "lr": 0.00073067, "params": 112726, "time_iter": 0.02085, "accuracy": 0.80558, "f1": 0.80532, "auc": 0.98017}
{"epoch": 39, "time_epoch": 58.52484, "eta": 3506.80995, "eta_hours": 0.97411, "loss": 0.55908542, "lr": 0.00071588, "params": 112726, "time_iter": 0.02081, "accuracy": 0.80476, "f1": 0.80459, "auc": 0.98068}
{"epoch": 40, "time_epoch": 58.52526, "eta": 3448.47598, "eta_hours": 0.95791, "loss": 0.54370307, "lr": 0.00070085, "params": 112726, "time_iter": 0.02081, "accuracy": 0.81229, "f1": 0.81215, "auc": 0.9816}
{"epoch": 41, "time_epoch": 58.59892, "eta": 3390.23462, "eta_hours": 0.94173, "loss": 0.53900999, "lr": 0.0006856, "params": 112726, "time_iter": 0.02083, "accuracy": 0.81347, "f1": 0.81334, "auc": 0.98183}
{"epoch": 42, "time_epoch": 58.54047, "eta": 3331.89914, "eta_hours": 0.92553, "loss": 0.52620579, "lr": 0.00067015, "params": 112726, "time_iter": 0.02081, "accuracy": 0.81716, "f1": 0.81703, "auc": 0.9827}
{"epoch": 43, "time_epoch": 58.28327, "eta": 3273.22701, "eta_hours": 0.90923, "loss": 0.52020256, "lr": 0.00065451, "params": 112726, "time_iter": 0.02072, "accuracy": 0.81929, "f1": 0.81917, "auc": 0.98305}
{"epoch": 44, "time_epoch": 58.7241, "eta": 3215.11095, "eta_hours": 0.89309, "loss": 0.50612371, "lr": 0.0006387, "params": 112726, "time_iter": 0.02088, "accuracy": 0.82522, "f1": 0.8251, "auc": 0.9839}
{"epoch": 45, "time_epoch": 58.68984, "eta": 3156.92823, "eta_hours": 0.87692, "loss": 0.49796557, "lr": 0.00062274, "params": 112726, "time_iter": 0.02086, "accuracy": 0.82836, "f1": 0.82819, "auc": 0.98436}
{"epoch": 46, "time_epoch": 58.59087, "eta": 3098.61233, "eta_hours": 0.86073, "loss": 0.48024835, "lr": 0.00060665, "params": 112726, "time_iter": 0.02083, "accuracy": 0.83387, "f1": 0.83374, "auc": 0.98544}
{"epoch": 47, "time_epoch": 58.15804, "eta": 3039.81607, "eta_hours": 0.84439, "loss": 0.47770085, "lr": 0.00059044, "params": 112726, "time_iter": 0.02067, "accuracy": 0.83522, "f1": 0.83509, "auc": 0.98572}
{"epoch": 48, "time_epoch": 58.24653, "eta": 2981.13797, "eta_hours": 0.82809, "loss": 0.46860513, "lr": 0.00057413, "params": 112726, "time_iter": 0.02071, "accuracy": 0.83751, "f1": 0.83733, "auc": 0.9862}
{"epoch": 49, "time_epoch": 57.58523, "eta": 2921.81583, "eta_hours": 0.81162, "loss": 0.45913516, "lr": 0.00055774, "params": 112726, "time_iter": 0.02047, "accuracy": 0.84251, "f1": 0.84237, "auc": 0.98668}
{"epoch": 50, "time_epoch": 57.55228, "eta": 2862.53014, "eta_hours": 0.79515, "loss": 0.45011165, "lr": 0.00054129, "params": 112726, "time_iter": 0.02046, "accuracy": 0.84471, "f1": 0.84464, "auc": 0.98711}
{"epoch": 51, "time_epoch": 57.67852, "eta": 2803.42765, "eta_hours": 0.77873, "loss": 0.44718192, "lr": 0.00052479, "params": 112726, "time_iter": 0.0205, "accuracy": 0.84644, "f1": 0.84632, "auc": 0.98729}
{"epoch": 52, "time_epoch": 58.38979, "eta": 2745.00965, "eta_hours": 0.7625, "loss": 0.43663745, "lr": 0.00050827, "params": 112726, "time_iter": 0.02076, "accuracy": 0.84922, "f1": 0.84921, "auc": 0.98784}
{"epoch": 53, "time_epoch": 58.10014, "eta": 2686.34595, "eta_hours": 0.74621, "loss": 0.42483893, "lr": 0.00049173, "params": 112726, "time_iter": 0.02065, "accuracy": 0.85336, "f1": 0.85323, "auc": 0.98849}
{"epoch": 54, "time_epoch": 56.98094, "eta": 2626.78704, "eta_hours": 0.72966, "loss": 0.41740889, "lr": 0.00047521, "params": 112726, "time_iter": 0.02026, "accuracy": 0.85533, "f1": 0.85523, "auc": 0.98885}
{"epoch": 55, "time_epoch": 56.83098, "eta": 2567.20237, "eta_hours": 0.71311, "loss": 0.40749772, "lr": 0.00045871, "params": 112726, "time_iter": 0.0202, "accuracy": 0.85827, "f1": 0.85814, "auc": 0.98933}
{"epoch": 56, "time_epoch": 57.33508, "eta": 2508.09461, "eta_hours": 0.69669, "loss": 0.40265546, "lr": 0.00044226, "params": 112726, "time_iter": 0.02038, "accuracy": 0.86189, "f1": 0.86177, "auc": 0.98966}
{"epoch": 57, "time_epoch": 56.58269, "eta": 2448.50314, "eta_hours": 0.68014, "loss": 0.38977377, "lr": 0.00042587, "params": 112726, "time_iter": 0.02011, "accuracy": 0.86618, "f1": 0.86615, "auc": 0.9902}
{"epoch": 58, "time_epoch": 56.96434, "eta": 2389.27888, "eta_hours": 0.66369, "loss": 0.38437868, "lr": 0.00040956, "params": 112726, "time_iter": 0.02025, "accuracy": 0.8684, "f1": 0.86834, "auc": 0.99049}
{"epoch": 59, "time_epoch": 56.58799, "eta": 2329.87904, "eta_hours": 0.64719, "loss": 0.38012525, "lr": 0.00039335, "params": 112726, "time_iter": 0.02012, "accuracy": 0.86987, "f1": 0.86981, "auc": 0.99069}
{"epoch": 60, "time_epoch": 57.05989, "eta": 2270.87311, "eta_hours": 0.6308, "loss": 0.3701279, "lr": 0.00037726, "params": 112726, "time_iter": 0.02028, "accuracy": 0.87278, "f1": 0.87271, "auc": 0.99115}
{"epoch": 61, "time_epoch": 56.55117, "eta": 2211.61816, "eta_hours": 0.61434, "loss": 0.36343304, "lr": 0.0003613, "params": 112726, "time_iter": 0.0201, "accuracy": 0.87547, "f1": 0.87544, "auc": 0.99142}
{"epoch": 62, "time_epoch": 56.66676, "eta": 2152.51693, "eta_hours": 0.59792, "loss": 0.35426219, "lr": 0.00034549, "params": 112726, "time_iter": 0.02014, "accuracy": 0.87829, "f1": 0.87821, "auc": 0.99188}
{"epoch": 63, "time_epoch": 57.61415, "eta": 2094.02468, "eta_hours": 0.58167, "loss": 0.34917389, "lr": 0.00032985, "params": 112726, "time_iter": 0.02048, "accuracy": 0.8808, "f1": 0.88079, "auc": 0.99207}
{"epoch": 64, "time_epoch": 57.12833, "eta": 2035.29785, "eta_hours": 0.56536, "loss": 0.33848232, "lr": 0.0003144, "params": 112726, "time_iter": 0.02031, "accuracy": 0.88427, "f1": 0.88423, "auc": 0.99249}
{"epoch": 65, "time_epoch": 56.87529, "eta": 1976.48911, "eta_hours": 0.54902, "loss": 0.32532349, "lr": 0.00029915, "params": 112726, "time_iter": 0.02022, "accuracy": 0.88951, "f1": 0.88943, "auc": 0.99304}
{"epoch": 66, "time_epoch": 56.93327, "eta": 1917.76664, "eta_hours": 0.53271, "loss": 0.32507565, "lr": 0.00028412, "params": 112726, "time_iter": 0.02024, "accuracy": 0.88916, "f1": 0.88909, "auc": 0.99311}
{"epoch": 67, "time_epoch": 57.23696, "eta": 1859.23971, "eta_hours": 0.51646, "loss": 0.31821315, "lr": 0.00026933, "params": 112726, "time_iter": 0.02035, "accuracy": 0.89, "f1": 0.88998, "auc": 0.99336}
{"epoch": 68, "time_epoch": 64.41763, "eta": 1803.97627, "eta_hours": 0.5011, "loss": 0.30843434, "lr": 0.00025479, "params": 112726, "time_iter": 0.0229, "accuracy": 0.89613, "f1": 0.89606, "auc": 0.99376}
{"epoch": 69, "time_epoch": 62.30029, "eta": 1747.54385, "eta_hours": 0.48543, "loss": 0.31138265, "lr": 0.00024052, "params": 112726, "time_iter": 0.02215, "accuracy": 0.89336, "f1": 0.89331, "auc": 0.99363}
{"epoch": 70, "time_epoch": 57.18065, "eta": 1688.85501, "eta_hours": 0.46913, "loss": 0.29281684, "lr": 0.00022653, "params": 112726, "time_iter": 0.02033, "accuracy": 0.90133, "f1": 0.90132, "auc": 0.99423}
{"epoch": 71, "time_epoch": 57.73374, "eta": 1630.42316, "eta_hours": 0.4529, "loss": 0.29500188, "lr": 0.00021284, "params": 112726, "time_iter": 0.02052, "accuracy": 0.90122, "f1": 0.90118, "auc": 0.99418}
{"epoch": 72, "time_epoch": 57.11096, "eta": 1571.78009, "eta_hours": 0.43661, "loss": 0.28344795, "lr": 0.00019946, "params": 112726, "time_iter": 0.0203, "accuracy": 0.90367, "f1": 0.90367, "auc": 0.9947}
{"epoch": 73, "time_epoch": 56.86354, "eta": 1513.0915, "eta_hours": 0.4203, "loss": 0.28110986, "lr": 0.00018641, "params": 112726, "time_iter": 0.02021, "accuracy": 0.90429, "f1": 0.9043, "auc": 0.99476}
{"epoch": 74, "time_epoch": 56.74925, "eta": 1454.41349, "eta_hours": 0.404, "loss": 0.27399692, "lr": 0.00017371, "params": 112726, "time_iter": 0.02017, "accuracy": 0.90596, "f1": 0.90594, "auc": 0.99501}
{"epoch": 75, "time_epoch": 56.89953, "eta": 1395.83368, "eta_hours": 0.38773, "loss": 0.27100316, "lr": 0.00016136, "params": 112726, "time_iter": 0.02023, "accuracy": 0.909, "f1": 0.90901, "auc": 0.99515}
{"epoch": 76, "time_epoch": 57.03245, "eta": 1337.33722, "eta_hours": 0.37148, "loss": 0.26780934, "lr": 0.00014938, "params": 112726, "time_iter": 0.02027, "accuracy": 0.9094, "f1": 0.90939, "auc": 0.99519}
{"epoch": 77, "time_epoch": 56.80477, "eta": 1278.81408, "eta_hours": 0.35523, "loss": 0.26316753, "lr": 0.00013779, "params": 112726, "time_iter": 0.02019, "accuracy": 0.91178, "f1": 0.91173, "auc": 0.99539}
{"epoch": 78, "time_epoch": 56.956, "eta": 1220.37465, "eta_hours": 0.33899, "loss": 0.25641358, "lr": 0.00012659, "params": 112726, "time_iter": 0.02025, "accuracy": 0.91273, "f1": 0.91274, "auc": 0.99559}
{"epoch": 79, "time_epoch": 57.26189, "eta": 1162.04878, "eta_hours": 0.32279, "loss": 0.25091379, "lr": 0.0001158, "params": 112726, "time_iter": 0.02036, "accuracy": 0.91511, "f1": 0.91512, "auc": 0.99572}
{"epoch": 80, "time_epoch": 56.95108, "eta": 1103.67627, "eta_hours": 0.30658, "loss": 0.2441369, "lr": 0.00010543, "params": 112726, "time_iter": 0.02025, "accuracy": 0.91824, "f1": 0.91824, "auc": 0.99598}
{"epoch": 81, "time_epoch": 57.08593, "eta": 1045.36803, "eta_hours": 0.29038, "loss": 0.24445119, "lr": 9.549e-05, "params": 112726, "time_iter": 0.02029, "accuracy": 0.91816, "f1": 0.91812, "auc": 0.99595}
{"epoch": 82, "time_epoch": 56.87548, "eta": 987.04614, "eta_hours": 0.27418, "loss": 0.24180192, "lr": 8.6e-05, "params": 112726, "time_iter": 0.02022, "accuracy": 0.91807, "f1": 0.91803, "auc": 0.99601}
{"epoch": 83, "time_epoch": 57.10446, "eta": 928.8023, "eta_hours": 0.258, "loss": 0.23475729, "lr": 7.695e-05, "params": 112726, "time_iter": 0.0203, "accuracy": 0.92058, "f1": 0.92058, "auc": 0.99622}
{"epoch": 84, "time_epoch": 57.54424, "eta": 870.66288, "eta_hours": 0.24185, "loss": 0.23473914, "lr": 6.837e-05, "params": 112726, "time_iter": 0.02046, "accuracy": 0.92036, "f1": 0.92033, "auc": 0.99626}
{"epoch": 85, "time_epoch": 56.99603, "eta": 812.44805, "eta_hours": 0.22568, "loss": 0.22887518, "lr": 6.026e-05, "params": 112726, "time_iter": 0.02026, "accuracy": 0.9214, "f1": 0.92141, "auc": 0.99641}
{"epoch": 86, "time_epoch": 56.86159, "eta": 754.24116, "eta_hours": 0.20951, "loss": 0.2223961, "lr": 5.264e-05, "params": 112726, "time_iter": 0.02021, "accuracy": 0.924, "f1": 0.92395, "auc": 0.99666}
{"epoch": 87, "time_epoch": 57.41049, "eta": 696.13969, "eta_hours": 0.19337, "loss": 0.22667887, "lr": 4.55e-05, "params": 112726, "time_iter": 0.02041, "accuracy": 0.92302, "f1": 0.92301, "auc": 0.9965}
{"epoch": 88, "time_epoch": 57.2289, "eta": 638.03131, "eta_hours": 0.17723, "loss": 0.21528313, "lr": 3.886e-05, "params": 112726, "time_iter": 0.02034, "accuracy": 0.92747, "f1": 0.92746, "auc": 0.99679}
{"epoch": 89, "time_epoch": 57.42105, "eta": 579.96382, "eta_hours": 0.1611, "loss": 0.21677933, "lr": 3.272e-05, "params": 112726, "time_iter": 0.02041, "accuracy": 0.92753, "f1": 0.92754, "auc": 0.99677}
{"epoch": 90, "time_epoch": 57.16609, "eta": 521.88532, "eta_hours": 0.14497, "loss": 0.2139136, "lr": 2.709e-05, "params": 112726, "time_iter": 0.02032, "accuracy": 0.92773, "f1": 0.92775, "auc": 0.99681}
{"epoch": 91, "time_epoch": 57.02997, "eta": 463.81482, "eta_hours": 0.12884, "loss": 0.21423829, "lr": 2.198e-05, "params": 112726, "time_iter": 0.02027, "accuracy": 0.92684, "f1": 0.92682, "auc": 0.99683}
{"epoch": 92, "time_epoch": 57.35451, "eta": 405.79112, "eta_hours": 0.11272, "loss": 0.20762291, "lr": 1.74e-05, "params": 112726, "time_iter": 0.02039, "accuracy": 0.93016, "f1": 0.93013, "auc": 0.997}
{"epoch": 93, "time_epoch": 57.05656, "eta": 347.76265, "eta_hours": 0.0966, "loss": 0.20963737, "lr": 1.334e-05, "params": 112726, "time_iter": 0.02028, "accuracy": 0.9298, "f1": 0.92979, "auc": 0.997}
{"epoch": 94, "time_epoch": 57.27555, "eta": 289.76616, "eta_hours": 0.08049, "loss": 0.21095839, "lr": 9.81e-06, "params": 112726, "time_iter": 0.02036, "accuracy": 0.92851, "f1": 0.92847, "auc": 0.99692}
{"epoch": 95, "time_epoch": 57.11942, "eta": 231.77819, "eta_hours": 0.06438, "loss": 0.20974905, "lr": 6.82e-06, "params": 112726, "time_iter": 0.02031, "accuracy": 0.92931, "f1": 0.9293, "auc": 0.99692}
{"epoch": 96, "time_epoch": 56.64177, "eta": 173.79335, "eta_hours": 0.04828, "loss": 0.20478053, "lr": 4.37e-06, "params": 112726, "time_iter": 0.02014, "accuracy": 0.93187, "f1": 0.9319, "auc": 0.99715}
{"epoch": 97, "time_epoch": 56.63154, "eta": 115.83571, "eta_hours": 0.03218, "loss": 0.21221688, "lr": 2.46e-06, "params": 112726, "time_iter": 0.02013, "accuracy": 0.9302, "f1": 0.93019, "auc": 0.99684}
{"epoch": 98, "time_epoch": 57.79359, "eta": 57.9166, "eta_hours": 0.01609, "loss": 0.20628641, "lr": 1.09e-06, "params": 112726, "time_iter": 0.02055, "accuracy": 0.93187, "f1": 0.93186, "auc": 0.99705}
{"epoch": 99, "time_epoch": 56.90524, "eta": 0.0, "eta_hours": 0.0, "loss": 0.20239623, "lr": 2.7e-07, "params": 112726, "time_iter": 0.02023, "accuracy": 0.93282, "f1": 0.93281, "auc": 0.99713}
