{"epoch": 0, "time_epoch": 92.36757, "eta": 9144.38989, "eta_hours": 2.54011, "loss": 0.5808635, "lr": 0.0, "params": 558625, "time_iter": 0.08976, "accuracy": 0.96249, "precision": 0.0, "recall": 0.0, "f1": 0.0, "auc": 0.47502}
{"epoch": 1, "time_epoch": 81.04304, "eta": 8497.11999, "eta_hours": 2.36031, "loss": 0.3270169, "lr": 2e-05, "params": 558625, "time_iter": 0.07876, "accuracy": 0.96255, "precision": 0.0, "recall": 0.0, "f1": 0.0, "auc": 0.51806}
{"epoch": 2, "time_epoch": 86.03338, "eta": 8388.68898, "eta_hours": 2.33019, "loss": 0.15561346, "lr": 4e-05, "params": 558625, "time_iter": 0.08361, "accuracy": 0.96255, "precision": 0.0, "recall": 0.0, "f1": 0.0, "auc": 0.66657}
{"epoch": 3, "time_epoch": 80.197, "eta": 8151.38365, "eta_hours": 2.26427, "loss": 0.14214667, "lr": 6e-05, "params": 558625, "time_iter": 0.07794, "accuracy": 0.96255, "precision": 0.0, "recall": 0.0, "f1": 0.0, "auc": 0.73498}
{"epoch": 4, "time_epoch": 84.7459, "eta": 8063.35083, "eta_hours": 2.23982, "loss": 0.13610549, "lr": 8e-05, "params": 558625, "time_iter": 0.08236, "accuracy": 0.96255, "precision": 0.0, "recall": 0.0, "f1": 0.0, "auc": 0.75791}
{"epoch": 5, "time_epoch": 85.93543, "eta": 7995.04962, "eta_hours": 2.22085, "loss": 0.13156408, "lr": 0.0001, "params": 558625, "time_iter": 0.08351, "accuracy": 0.96255, "precision": 0.0, "recall": 0.0, "f1": 0.0, "auc": 0.77714}
{"epoch": 6, "time_epoch": 85.57869, "eta": 7916.97046, "eta_hours": 2.19916, "loss": 0.12765561, "lr": 9.997e-05, "params": 558625, "time_iter": 0.08317, "accuracy": 0.96325, "precision": 0.76744, "recall": 0.02679, "f1": 0.05176, "auc": 0.79146}
{"epoch": 7, "time_epoch": 83.76691, "eta": 7816.18097, "eta_hours": 2.17116, "loss": 0.12257345, "lr": 9.989e-05, "params": 558625, "time_iter": 0.08141, "accuracy": 0.96523, "precision": 0.63095, "recall": 0.17208, "f1": 0.27041, "auc": 0.80651}
{"epoch": 8, "time_epoch": 79.99695, "eta": 7681.05578, "eta_hours": 2.13363, "loss": 0.11999747, "lr": 9.975e-05, "params": 558625, "time_iter": 0.07774, "accuracy": 0.96608, "precision": 0.62719, "recall": 0.23214, "f1": 0.33886, "auc": 0.81833}
{"epoch": 9, "time_epoch": 87.60903, "eta": 7625.46496, "eta_hours": 2.11818, "loss": 0.11787443, "lr": 9.956e-05, "params": 558625, "time_iter": 0.08514, "accuracy": 0.96651, "precision": 0.62948, "recall": 0.25649, "f1": 0.36448, "auc": 0.82867}
{"epoch": 10, "time_epoch": 86.60034, "eta": 7555.89143, "eta_hours": 2.09886, "loss": 0.11553067, "lr": 9.932e-05, "params": 558625, "time_iter": 0.08416, "accuracy": 0.96733, "precision": 0.65362, "recall": 0.2711, "f1": 0.38325, "auc": 0.83115}
{"epoch": 11, "time_epoch": 83.5173, "eta": 7460.87113, "eta_hours": 2.07246, "loss": 0.11354284, "lr": 9.902e-05, "params": 558625, "time_iter": 0.08116, "accuracy": 0.96812, "precision": 0.66976, "recall": 0.29302, "f1": 0.40768, "auc": 0.83965}
{"epoch": 12, "time_epoch": 82.46972, "eta": 7360.60985, "eta_hours": 2.04461, "loss": 0.11010522, "lr": 9.867e-05, "params": 558625, "time_iter": 0.08015, "accuracy": 0.96836, "precision": 0.66903, "recall": 0.30682, "f1": 0.4207, "auc": 0.84704}
{"epoch": 13, "time_epoch": 83.17657, "eta": 7267.23226, "eta_hours": 2.01868, "loss": 0.10964788, "lr": 9.826e-05, "params": 558625, "time_iter": 0.08083, "accuracy": 0.96872, "precision": 0.68692, "recall": 0.30276, "f1": 0.42028, "auc": 0.85666}
{"epoch": 14, "time_epoch": 82.21284, "eta": 7169.75365, "eta_hours": 1.9916, "loss": 0.10809027, "lr": 9.78e-05, "params": 558625, "time_iter": 0.0799, "accuracy": 0.96979, "precision": 0.70447, "recall": 0.33279, "f1": 0.45204, "auc": 0.85661}
{"epoch": 15, "time_epoch": 79.91353, "eta": 7062.1119, "eta_hours": 1.9617, "loss": 0.10607301, "lr": 9.729e-05, "params": 558625, "time_iter": 0.07766, "accuracy": 0.96985, "precision": 0.69934, "recall": 0.34172, "f1": 0.45911, "auc": 0.86491}
{"epoch": 16, "time_epoch": 83.60452, "eta": 6975.75302, "eta_hours": 1.93771, "loss": 0.10420942, "lr": 9.673e-05, "params": 558625, "time_iter": 0.08125, "accuracy": 0.96997, "precision": 0.69677, "recall": 0.35065, "f1": 0.46652, "auc": 0.86836}
{"epoch": 17, "time_epoch": 85.24097, "eta": 6897.15514, "eta_hours": 1.91588, "loss": 0.10229708, "lr": 9.611e-05, "params": 558625, "time_iter": 0.08284, "accuracy": 0.97034, "precision": 0.70847, "recall": 0.35308, "f1": 0.47129, "auc": 0.8799}
{"epoch": 18, "time_epoch": 89.6421, "eta": 6836.62069, "eta_hours": 1.89906, "loss": 0.1005186, "lr": 9.545e-05, "params": 558625, "time_iter": 0.08712, "accuracy": 0.97164, "precision": 0.74074, "recall": 0.37338, "f1": 0.49649, "auc": 0.88295}
{"epoch": 19, "time_epoch": 81.58822, "eta": 6740.95993, "eta_hours": 1.87249, "loss": 0.10018222, "lr": 9.474e-05, "params": 558625, "time_iter": 0.07929, "accuracy": 0.97146, "precision": 0.72231, "recall": 0.38636, "f1": 0.50344, "auc": 0.88308}
{"epoch": 20, "time_epoch": 82.81136, "eta": 6651.24077, "eta_hours": 1.84757, "loss": 0.09699109, "lr": 9.397e-05, "params": 558625, "time_iter": 0.08048, "accuracy": 0.97204, "precision": 0.73926, "recall": 0.39123, "f1": 0.51168, "auc": 0.89667}
{"epoch": 21, "time_epoch": 89.06855, "eta": 6584.33418, "eta_hours": 1.82898, "loss": 0.09639683, "lr": 9.316e-05, "params": 558625, "time_iter": 0.08656, "accuracy": 0.97189, "precision": 0.73435, "recall": 0.39042, "f1": 0.5098, "auc": 0.89805}
{"epoch": 22, "time_epoch": 83.10743, "eta": 6495.54366, "eta_hours": 1.80432, "loss": 0.09561496, "lr": 9.23e-05, "params": 558625, "time_iter": 0.08077, "accuracy": 0.97277, "precision": 0.75926, "recall": 0.39935, "f1": 0.5234, "auc": 0.89862}
{"epoch": 23, "time_epoch": 85.27566, "eta": 6414.09279, "eta_hours": 1.78169, "loss": 0.09290359, "lr": 9.14e-05, "params": 558625, "time_iter": 0.08287, "accuracy": 0.97252, "precision": 0.74047, "recall": 0.4099, "f1": 0.52769, "auc": 0.91005}
{"epoch": 24, "time_epoch": 87.15301, "eta": 6337.96798, "eta_hours": 1.76055, "loss": 0.09215545, "lr": 9.045e-05, "params": 558625, "time_iter": 0.0847, "accuracy": 0.97243, "precision": 0.74659, "recall": 0.39935, "f1": 0.52036, "auc": 0.91375}
{"epoch": 25, "time_epoch": 85.59276, "eta": 6256.55413, "eta_hours": 1.73793, "loss": 0.09149213, "lr": 8.946e-05, "params": 558625, "time_iter": 0.08318, "accuracy": 0.97316, "precision": 0.757, "recall": 0.41721, "f1": 0.53794, "auc": 0.9131}
{"epoch": 26, "time_epoch": 82.5514, "eta": 6166.60781, "eta_hours": 1.71295, "loss": 0.09055851, "lr": 8.842e-05, "params": 558625, "time_iter": 0.08022, "accuracy": 0.9731, "precision": 0.74964, "recall": 0.42289, "f1": 0.54074, "auc": 0.91421}
{"epoch": 27, "time_epoch": 83.50613, "eta": 6079.64472, "eta_hours": 1.68879, "loss": 0.08719585, "lr": 8.734e-05, "params": 558625, "time_iter": 0.08115, "accuracy": 0.97365, "precision": 0.76259, "recall": 0.43019, "f1": 0.55008, "auc": 0.92743}
{"epoch": 28, "time_epoch": 84.14281, "eta": 5994.47881, "eta_hours": 1.66513, "loss": 0.08711947, "lr": 8.622e-05, "params": 558625, "time_iter": 0.08177, "accuracy": 0.97337, "precision": 0.74654, "recall": 0.4375, "f1": 0.55169, "auc": 0.92928}
{"epoch": 29, "time_epoch": 84.48209, "eta": 5910.17276, "eta_hours": 1.64171, "loss": 0.08607813, "lr": 8.506e-05, "params": 558625, "time_iter": 0.0821, "accuracy": 0.97322, "precision": 0.73684, "recall": 0.44318, "f1": 0.55347, "auc": 0.93036}
{"epoch": 30, "time_epoch": 83.75544, "eta": 5824.23796, "eta_hours": 1.61784, "loss": 0.08492358, "lr": 8.386e-05, "params": 558625, "time_iter": 0.08139, "accuracy": 0.97511, "precision": 0.77135, "recall": 0.47646, "f1": 0.58906, "auc": 0.92878}
{"epoch": 31, "time_epoch": 82.64641, "eta": 5736.08269, "eta_hours": 1.59336, "loss": 0.08296418, "lr": 8.263e-05, "params": 558625, "time_iter": 0.08032, "accuracy": 0.97438, "precision": 0.7583, "recall": 0.46347, "f1": 0.57531, "auc": 0.93733}
{"epoch": 32, "time_epoch": 85.20397, "eta": 5653.45391, "eta_hours": 1.5704, "loss": 0.08406145, "lr": 8.136e-05, "params": 558625, "time_iter": 0.0828, "accuracy": 0.97371, "precision": 0.75882, "recall": 0.43669, "f1": 0.55435, "auc": 0.93703}
{"epoch": 33, "time_epoch": 82.84141, "eta": 5566.0875, "eta_hours": 1.54614, "loss": 0.08086459, "lr": 8.005e-05, "params": 558625, "time_iter": 0.08051, "accuracy": 0.97529, "precision": 0.78503, "recall": 0.46834, "f1": 0.58668, "auc": 0.94251}
{"epoch": 34, "time_epoch": 85.03107, "eta": 5483.04618, "eta_hours": 1.52307, "loss": 0.07972175, "lr": 7.872e-05, "params": 558625, "time_iter": 0.08263, "accuracy": 0.97535, "precision": 0.78029, "recall": 0.47565, "f1": 0.59102, "auc": 0.94355}
{"epoch": 35, "time_epoch": 89.72806, "eta": 5408.24452, "eta_hours": 1.50229, "loss": 0.07783859, "lr": 7.735e-05, "params": 558625, "time_iter": 0.0872, "accuracy": 0.97502, "precision": 0.78315, "recall": 0.46023, "f1": 0.57975, "auc": 0.95077}
{"epoch": 36, "time_epoch": 82.93319, "eta": 5321.06638, "eta_hours": 1.47807, "loss": 0.07843359, "lr": 7.595e-05, "params": 558625, "time_iter": 0.0806, "accuracy": 0.97526, "precision": 0.77003, "recall": 0.48377, "f1": 0.59422, "auc": 0.94783}
{"epoch": 37, "time_epoch": 84.21034, "eta": 5236.19544, "eta_hours": 1.4545, "loss": 0.07735742, "lr": 7.452e-05, "params": 558625, "time_iter": 0.08184, "accuracy": 0.97538, "precision": 0.77332, "recall": 0.48458, "f1": 0.59581, "auc": 0.95145}
{"epoch": 38, "time_epoch": 82.37945, "eta": 5148.49466, "eta_hours": 1.43014, "loss": 0.07594769, "lr": 7.307e-05, "params": 558625, "time_iter": 0.08006, "accuracy": 0.97602, "precision": 0.78879, "recall": 0.49107, "f1": 0.6053, "auc": 0.95453}
{"epoch": 39, "time_epoch": 82.47274, "eta": 5061.19989, "eta_hours": 1.40589, "loss": 0.07307721, "lr": 7.159e-05, "params": 558625, "time_iter": 0.08015, "accuracy": 0.97657, "precision": 0.78705, "recall": 0.51299, "f1": 0.62113, "auc": 0.95664}
{"epoch": 40, "time_epoch": 82.98196, "eta": 4974.87312, "eta_hours": 1.38191, "loss": 0.07350486, "lr": 7.008e-05, "params": 558625, "time_iter": 0.08064, "accuracy": 0.97666, "precision": 0.79293, "recall": 0.50974, "f1": 0.62055, "auc": 0.95928}
{"epoch": 41, "time_epoch": 83.28443, "eta": 4889.12333, "eta_hours": 1.35809, "loss": 0.07185355, "lr": 6.856e-05, "params": 558625, "time_iter": 0.08094, "accuracy": 0.97705, "precision": 0.80382, "recall": 0.51218, "f1": 0.62568, "auc": 0.96158}
{"epoch": 42, "time_epoch": 87.38329, "eta": 4808.92158, "eta_hours": 1.33581, "loss": 0.07101342, "lr": 6.701e-05, "params": 558625, "time_iter": 0.08492, "accuracy": 0.9773, "precision": 0.78903, "recall": 0.53734, "f1": 0.6393, "auc": 0.96164}
{"epoch": 43, "time_epoch": 81.84863, "eta": 4721.34928, "eta_hours": 1.31149, "loss": 0.07247382, "lr": 6.545e-05, "params": 558625, "time_iter": 0.07954, "accuracy": 0.97578, "precision": 0.76622, "recall": 0.50812, "f1": 0.61103, "auc": 0.96001}
{"epoch": 44, "time_epoch": 83.26247, "eta": 4635.75939, "eta_hours": 1.28771, "loss": 0.06841462, "lr": 6.387e-05, "params": 558625, "time_iter": 0.08092, "accuracy": 0.97781, "precision": 0.79322, "recall": 0.55114, "f1": 0.65038, "auc": 0.96353}
{"epoch": 45, "time_epoch": 82.08419, "eta": 4548.8875, "eta_hours": 1.26358, "loss": 0.06937501, "lr": 6.227e-05, "params": 558625, "time_iter": 0.07977, "accuracy": 0.97772, "precision": 0.80242, "recall": 0.53734, "f1": 0.64366, "auc": 0.96415}
{"epoch": 46, "time_epoch": 81.26415, "eta": 4461.29461, "eta_hours": 1.23925, "loss": 0.06822993, "lr": 6.066e-05, "params": 558625, "time_iter": 0.07897, "accuracy": 0.97781, "precision": 0.80535, "recall": 0.53734, "f1": 0.6446, "auc": 0.96586}
{"epoch": 47, "time_epoch": 82.83766, "eta": 4375.67005, "eta_hours": 1.21546, "loss": 0.06553568, "lr": 5.904e-05, "params": 558625, "time_iter": 0.0805, "accuracy": 0.97781, "precision": 0.79186, "recall": 0.55276, "f1": 0.65105, "auc": 0.97157}
{"epoch": 48, "time_epoch": 81.75328, "eta": 4289.03061, "eta_hours": 1.1914, "loss": 0.0670671, "lr": 5.741e-05, "params": 558625, "time_iter": 0.07945, "accuracy": 0.97815, "precision": 0.8007, "recall": 0.55438, "f1": 0.65516, "auc": 0.96799}
{"epoch": 49, "time_epoch": 82.73858, "eta": 4203.57191, "eta_hours": 1.16766, "loss": 0.0632589, "lr": 5.577e-05, "params": 558625, "time_iter": 0.08041, "accuracy": 0.9783, "precision": 0.79908, "recall": 0.56169, "f1": 0.65968, "auc": 0.9733}
{"epoch": 50, "time_epoch": 88.81468, "eta": 4124.05771, "eta_hours": 1.14557, "loss": 0.06607198, "lr": 5.413e-05, "params": 558625, "time_iter": 0.08631, "accuracy": 0.97796, "precision": 0.78324, "recall": 0.56899, "f1": 0.65914, "auc": 0.97092}
{"epoch": 51, "time_epoch": 84.04499, "eta": 4039.783, "eta_hours": 1.12216, "loss": 0.06282072, "lr": 5.248e-05, "params": 558625, "time_iter": 0.08168, "accuracy": 0.97882, "precision": 0.80502, "recall": 0.57305, "f1": 0.66951, "auc": 0.97432}
{"epoch": 52, "time_epoch": 85.61786, "eta": 3956.91177, "eta_hours": 1.09914, "loss": 0.06166668, "lr": 5.083e-05, "params": 558625, "time_iter": 0.0832, "accuracy": 0.97909, "precision": 0.807, "recall": 0.58036, "f1": 0.67517, "auc": 0.97464}
{"epoch": 53, "time_epoch": 82.28137, "eta": 3871.09662, "eta_hours": 1.0753, "loss": 0.06178077, "lr": 4.917e-05, "params": 558625, "time_iter": 0.07996, "accuracy": 0.97985, "precision": 0.82293, "recall": 0.58847, "f1": 0.68623, "auc": 0.97495}
{"epoch": 54, "time_epoch": 84.93949, "eta": 3787.58479, "eta_hours": 1.05211, "loss": 0.0616995, "lr": 4.752e-05, "params": 558625, "time_iter": 0.08255, "accuracy": 0.97976, "precision": 0.82159, "recall": 0.58685, "f1": 0.68466, "auc": 0.97438}
{"epoch": 55, "time_epoch": 86.92053, "eta": 3705.57851, "eta_hours": 1.02933, "loss": 0.05960952, "lr": 4.587e-05, "params": 558625, "time_iter": 0.08447, "accuracy": 0.98006, "precision": 0.82432, "recall": 0.59416, "f1": 0.69057, "auc": 0.97832}
{"epoch": 56, "time_epoch": 81.93935, "eta": 3619.64207, "eta_hours": 1.00546, "loss": 0.06044455, "lr": 4.423e-05, "params": 558625, "time_iter": 0.07963, "accuracy": 0.98003, "precision": 0.81421, "recall": 0.60471, "f1": 0.69399, "auc": 0.97522}
{"epoch": 57, "time_epoch": 84.44975, "eta": 3535.66133, "eta_hours": 0.98213, "loss": 0.0574495, "lr": 4.259e-05, "params": 558625, "time_iter": 0.08207, "accuracy": 0.98064, "precision": 0.82514, "recall": 0.61282, "f1": 0.70331, "auc": 0.97862}
{"epoch": 58, "time_epoch": 84.86037, "eta": 3451.95005, "eta_hours": 0.95888, "loss": 0.05795973, "lr": 4.096e-05, "params": 558625, "time_iter": 0.08247, "accuracy": 0.97991, "precision": 0.81066, "recall": 0.60471, "f1": 0.6927, "auc": 0.97887}
{"epoch": 59, "time_epoch": 81.35363, "eta": 3365.86263, "eta_hours": 0.93496, "loss": 0.05581576, "lr": 3.934e-05, "params": 558625, "time_iter": 0.07906, "accuracy": 0.98103, "precision": 0.82479, "recall": 0.62662, "f1": 0.71218, "auc": 0.98009}
{"epoch": 60, "time_epoch": 81.2205, "eta": 3279.8453, "eta_hours": 0.91107, "loss": 0.05654949, "lr": 3.773e-05, "params": 558625, "time_iter": 0.07893, "accuracy": 0.98088, "precision": 0.81703, "recall": 0.63068, "f1": 0.71186, "auc": 0.97922}
{"epoch": 61, "time_epoch": 81.4066, "eta": 3194.09677, "eta_hours": 0.88725, "loss": 0.05594715, "lr": 3.613e-05, "params": 558625, "time_iter": 0.07911, "accuracy": 0.98088, "precision": 0.81905, "recall": 0.62825, "f1": 0.71107, "auc": 0.98053}
{"epoch": 62, "time_epoch": 81.3326, "eta": 3108.44261, "eta_hours": 0.86346, "loss": 0.05461376, "lr": 3.455e-05, "params": 558625, "time_iter": 0.07904, "accuracy": 0.98125, "precision": 0.81538, "recall": 0.64529, "f1": 0.72043, "auc": 0.98107}
{"epoch": 63, "time_epoch": 81.86531, "eta": 3023.22316, "eta_hours": 0.83978, "loss": 0.0532682, "lr": 3.299e-05, "params": 558625, "time_iter": 0.07956, "accuracy": 0.98176, "precision": 0.82377, "recall": 0.6526, "f1": 0.72826, "auc": 0.98287}
{"epoch": 64, "time_epoch": 81.7522, "eta": 2938.04601, "eta_hours": 0.81612, "loss": 0.05249794, "lr": 3.144e-05, "params": 558625, "time_iter": 0.07945, "accuracy": 0.98155, "precision": 0.8286, "recall": 0.63961, "f1": 0.72194, "auc": 0.98374}
{"epoch": 65, "time_epoch": 80.94751, "eta": 2852.5581, "eta_hours": 0.79238, "loss": 0.05293663, "lr": 2.992e-05, "params": 558625, "time_iter": 0.07867, "accuracy": 0.98192, "precision": 0.82801, "recall": 0.6526, "f1": 0.72991, "auc": 0.98366}
{"epoch": 66, "time_epoch": 80.9701, "eta": 2767.21686, "eta_hours": 0.76867, "loss": 0.05449691, "lr": 2.841e-05, "params": 558625, "time_iter": 0.07869, "accuracy": 0.98207, "precision": 0.83789, "recall": 0.6461, "f1": 0.72961, "auc": 0.98295}
{"epoch": 67, "time_epoch": 81.38948, "eta": 2682.20153, "eta_hours": 0.74506, "loss": 0.05161287, "lr": 2.693e-05, "params": 558625, "time_iter": 0.0791, "accuracy": 0.98258, "precision": 0.84004, "recall": 0.66071, "f1": 0.73966, "auc": 0.98416}
{"epoch": 68, "time_epoch": 81.13728, "eta": 2597.17799, "eta_hours": 0.72144, "loss": 0.0531733, "lr": 2.548e-05, "params": 558625, "time_iter": 0.07885, "accuracy": 0.98128, "precision": 0.81301, "recall": 0.64935, "f1": 0.72202, "auc": 0.98512}
{"epoch": 69, "time_epoch": 83.63415, "eta": 2513.33558, "eta_hours": 0.69815, "loss": 0.04866008, "lr": 2.405e-05, "params": 558625, "time_iter": 0.08128, "accuracy": 0.98337, "precision": 0.84985, "recall": 0.67532, "f1": 0.7526, "auc": 0.98642}
{"epoch": 70, "time_epoch": 84.18052, "eta": 2429.72219, "eta_hours": 0.67492, "loss": 0.05069703, "lr": 2.265e-05, "params": 558625, "time_iter": 0.08181, "accuracy": 0.98258, "precision": 0.84004, "recall": 0.66071, "f1": 0.73966, "auc": 0.98522}
{"epoch": 71, "time_epoch": 83.55933, "eta": 2345.85149, "eta_hours": 0.65163, "loss": 0.04808237, "lr": 2.128e-05, "params": 558625, "time_iter": 0.0812, "accuracy": 0.9831, "precision": 0.83936, "recall": 0.67857, "f1": 0.75045, "auc": 0.98689}
{"epoch": 72, "time_epoch": 82.29893, "eta": 2261.52313, "eta_hours": 0.6282, "loss": 0.04694996, "lr": 1.995e-05, "params": 558625, "time_iter": 0.07998, "accuracy": 0.98344, "precision": 0.84044, "recall": 0.68831, "f1": 0.7568, "auc": 0.98749}
{"epoch": 73, "time_epoch": 80.83109, "eta": 2176.7339, "eta_hours": 0.60465, "loss": 0.04718223, "lr": 1.864e-05, "params": 558625, "time_iter": 0.07855, "accuracy": 0.98401, "precision": 0.8523, "recall": 0.69318, "f1": 0.76455, "auc": 0.98874}
{"epoch": 74, "time_epoch": 83.46477, "eta": 2092.92811, "eta_hours": 0.58137, "loss": 0.0453182, "lr": 1.737e-05, "params": 558625, "time_iter": 0.08111, "accuracy": 0.98416, "precision": 0.85163, "recall": 0.69886, "f1": 0.76772, "auc": 0.98835}
{"epoch": 75, "time_epoch": 82.93471, "eta": 2008.96391, "eta_hours": 0.55805, "loss": 0.04944634, "lr": 1.614e-05, "params": 558625, "time_iter": 0.0806, "accuracy": 0.98371, "precision": 0.85152, "recall": 0.68425, "f1": 0.75878, "auc": 0.98594}
{"epoch": 76, "time_epoch": 81.82876, "eta": 1924.6961, "eta_hours": 0.53464, "loss": 0.04674615, "lr": 1.494e-05, "params": 558625, "time_iter": 0.07952, "accuracy": 0.98423, "precision": 0.85192, "recall": 0.70049, "f1": 0.76882, "auc": 0.98831}
{"epoch": 77, "time_epoch": 82.89071, "eta": 1840.79035, "eta_hours": 0.51133, "loss": 0.04573464, "lr": 1.378e-05, "params": 558625, "time_iter": 0.08055, "accuracy": 0.98456, "precision": 0.85913, "recall": 0.70292, "f1": 0.77321, "auc": 0.98793}
{"epoch": 78, "time_epoch": 81.12994, "eta": 1756.44225, "eta_hours": 0.4879, "loss": 0.04446222, "lr": 1.266e-05, "params": 558625, "time_iter": 0.07884, "accuracy": 0.9852, "precision": 0.86845, "recall": 0.71266, "f1": 0.78288, "auc": 0.98855}
{"epoch": 79, "time_epoch": 81.22068, "eta": 1672.19728, "eta_hours": 0.4645, "loss": 0.04416715, "lr": 1.158e-05, "params": 558625, "time_iter": 0.07893, "accuracy": 0.98435, "precision": 0.84772, "recall": 0.70942, "f1": 0.77243, "auc": 0.98945}
{"epoch": 80, "time_epoch": 85.33502, "eta": 1588.99208, "eta_hours": 0.44139, "loss": 0.04393669, "lr": 1.054e-05, "params": 558625, "time_iter": 0.08293, "accuracy": 0.98447, "precision": 0.8463, "recall": 0.7151, "f1": 0.77519, "auc": 0.98986}
{"epoch": 81, "time_epoch": 81.7368, "eta": 1504.94508, "eta_hours": 0.41804, "loss": 0.04679452, "lr": 9.55e-06, "params": 558625, "time_iter": 0.07943, "accuracy": 0.98383, "precision": 0.85211, "recall": 0.6875, "f1": 0.76101, "auc": 0.98939}
{"epoch": 82, "time_epoch": 82.73205, "eta": 1421.1576, "eta_hours": 0.39477, "loss": 0.0445614, "lr": 8.6e-06, "params": 558625, "time_iter": 0.0804, "accuracy": 0.98486, "precision": 0.86193, "recall": 0.70942, "f1": 0.77827, "auc": 0.98897}
{"epoch": 83, "time_epoch": 81.9587, "eta": 1337.24794, "eta_hours": 0.37146, "loss": 0.04412384, "lr": 7.7e-06, "params": 558625, "time_iter": 0.07965, "accuracy": 0.98441, "precision": 0.85489, "recall": 0.70292, "f1": 0.77149, "auc": 0.9901}
{"epoch": 84, "time_epoch": 81.78571, "eta": 1253.35366, "eta_hours": 0.34815, "loss": 0.04114554, "lr": 6.84e-06, "params": 558625, "time_iter": 0.07948, "accuracy": 0.98584, "precision": 0.85661, "recall": 0.74675, "f1": 0.79792, "auc": 0.99093}
{"epoch": 85, "time_epoch": 82.81334, "eta": 1169.6757, "eta_hours": 0.32491, "loss": 0.04208473, "lr": 6.03e-06, "params": 558625, "time_iter": 0.08048, "accuracy": 0.98495, "precision": 0.85742, "recall": 0.71753, "f1": 0.78126, "auc": 0.99091}
{"epoch": 86, "time_epoch": 81.7677, "eta": 1085.86138, "eta_hours": 0.30163, "loss": 0.04472541, "lr": 5.26e-06, "params": 558625, "time_iter": 0.07946, "accuracy": 0.98499, "precision": 0.85687, "recall": 0.71916, "f1": 0.78199, "auc": 0.98973}
{"epoch": 87, "time_epoch": 84.2261, "eta": 1002.4288, "eta_hours": 0.27845, "loss": 0.04381049, "lr": 4.55e-06, "params": 558625, "time_iter": 0.08185, "accuracy": 0.98471, "precision": 0.85082, "recall": 0.71753, "f1": 0.77851, "auc": 0.98957}
{"epoch": 88, "time_epoch": 87.56079, "eta": 919.39055, "eta_hours": 0.25539, "loss": 0.04300803, "lr": 3.89e-06, "params": 558625, "time_iter": 0.08509, "accuracy": 0.98523, "precision": 0.86355, "recall": 0.71916, "f1": 0.78477, "auc": 0.99004}
{"epoch": 89, "time_epoch": 84.53816, "eta": 835.91594, "eta_hours": 0.2322, "loss": 0.04153611, "lr": 3.27e-06, "params": 558625, "time_iter": 0.08216, "accuracy": 0.98559, "precision": 0.87157, "recall": 0.72159, "f1": 0.78952, "auc": 0.99004}
{"epoch": 90, "time_epoch": 81.15199, "eta": 752.08307, "eta_hours": 0.20891, "loss": 0.04305717, "lr": 2.71e-06, "params": 558625, "time_iter": 0.07886, "accuracy": 0.98483, "precision": 0.86037, "recall": 0.71023, "f1": 0.77812, "auc": 0.99041}
{"epoch": 91, "time_epoch": 82.40663, "eta": 668.41757, "eta_hours": 0.18567, "loss": 0.0420768, "lr": 2.2e-06, "params": 558625, "time_iter": 0.08008, "accuracy": 0.98623, "precision": 0.87202, "recall": 0.74107, "f1": 0.80123, "auc": 0.99012}
{"epoch": 92, "time_epoch": 82.33918, "eta": 584.77408, "eta_hours": 0.16244, "loss": 0.04130014, "lr": 1.74e-06, "params": 558625, "time_iter": 0.08002, "accuracy": 0.98547, "precision": 0.86111, "recall": 0.72971, "f1": 0.78998, "auc": 0.99095}
{"epoch": 93, "time_epoch": 86.71685, "eta": 501.43775, "eta_hours": 0.13929, "loss": 0.04188162, "lr": 1.33e-06, "params": 558625, "time_iter": 0.08427, "accuracy": 0.98575, "precision": 0.8722, "recall": 0.72565, "f1": 0.7922, "auc": 0.99115}
{"epoch": 94, "time_epoch": 87.06516, "eta": 418.04859, "eta_hours": 0.11612, "loss": 0.04259436, "lr": 9.8e-07, "params": 558625, "time_iter": 0.08461, "accuracy": 0.98584, "precision": 0.862, "recall": 0.74026, "f1": 0.79651, "auc": 0.98976}
{"epoch": 95, "time_epoch": 83.78607, "eta": 334.44622, "eta_hours": 0.0929, "loss": 0.04127155, "lr": 6.8e-07, "params": 558625, "time_iter": 0.08142, "accuracy": 0.98565, "precision": 0.86893, "recall": 0.72646, "f1": 0.79134, "auc": 0.99167}
{"epoch": 96, "time_epoch": 82.90802, "eta": 250.81291, "eta_hours": 0.06967, "loss": 0.04065116, "lr": 4.4e-07, "params": 558625, "time_iter": 0.08057, "accuracy": 0.98578, "precision": 0.86944, "recall": 0.72971, "f1": 0.79347, "auc": 0.99162}
{"epoch": 97, "time_epoch": 83.69824, "eta": 167.21052, "eta_hours": 0.04645, "loss": 0.04223261, "lr": 2.5e-07, "params": 558625, "time_iter": 0.08134, "accuracy": 0.98565, "precision": 0.86609, "recall": 0.72971, "f1": 0.79207, "auc": 0.99006}
{"epoch": 98, "time_epoch": 81.43321, "eta": 83.58332, "eta_hours": 0.02322, "loss": 0.04197818, "lr": 1.1e-07, "params": 558625, "time_iter": 0.07914, "accuracy": 0.98559, "precision": 0.86654, "recall": 0.72727, "f1": 0.79082, "auc": 0.99032}
{"epoch": 99, "time_epoch": 81.77942, "eta": 0.0, "eta_hours": 0.0, "loss": 0.04202425, "lr": 3e-08, "params": 558625, "time_iter": 0.07947, "accuracy": 0.98568, "precision": 0.86834, "recall": 0.72808, "f1": 0.79205, "auc": 0.9903}
