{"epoch": 0, "time_epoch": 88.23613, "eta": 8735.37718, "eta_hours": 2.42649, "loss": 1.79683252, "lr": 0.0, "params": 502054, "time_iter": 0.14118, "accuracy": 0.1669, "f1": 0.08307, "accuracy-SBM": 0.16686, "auc": 0.5004}
{"epoch": 1, "time_epoch": 85.56816, "eta": 8516.41026, "eta_hours": 2.36567, "loss": 1.73951342, "lr": 0.0001, "params": 502054, "time_iter": 0.13691, "accuracy": 0.28023, "f1": 0.27773, "accuracy-SBM": 0.28024, "auc": 0.62399}
{"epoch": 2, "time_epoch": 85.21537, "eta": 8374.96893, "eta_hours": 2.32638, "loss": 1.55038741, "lr": 0.0002, "params": 502054, "time_iter": 0.13634, "accuracy": 0.44061, "f1": 0.4308, "accuracy-SBM": 0.44067, "auc": 0.75616}
{"epoch": 3, "time_epoch": 85.22147, "eta": 8261.78713, "eta_hours": 2.29494, "loss": 1.32212249, "lr": 0.0003, "params": 502054, "time_iter": 0.13635, "accuracy": 0.54831, "f1": 0.54642, "accuracy-SBM": 0.54835, "auc": 0.82815}
{"epoch": 4, "time_epoch": 84.56887, "eta": 8147.38999, "eta_hours": 2.26316, "loss": 1.14572559, "lr": 0.0004, "params": 502054, "time_iter": 0.13531, "accuracy": 0.60564, "f1": 0.60523, "accuracy-SBM": 0.60567, "auc": 0.87069}
{"epoch": 5, "time_epoch": 84.44994, "eta": 8041.07234, "eta_hours": 2.23363, "loss": 1.01378205, "lr": 0.0005, "params": 502054, "time_iter": 0.13512, "accuracy": 0.64962, "f1": 0.64959, "accuracy-SBM": 0.64964, "auc": 0.89938}
{"epoch": 6, "time_epoch": 84.86039, "eta": 7946.45575, "eta_hours": 2.20735, "loss": 0.93752905, "lr": 0.00049986, "params": 502054, "time_iter": 0.13578, "accuracy": 0.67333, "f1": 0.67333, "accuracy-SBM": 0.67334, "auc": 0.9138}
{"epoch": 7, "time_epoch": 84.75659, "eta": 7853.08456, "eta_hours": 2.18141, "loss": 0.881063, "lr": 0.00049945, "params": 502054, "time_iter": 0.13561, "accuracy": 0.69182, "f1": 0.69182, "accuracy-SBM": 0.69182, "auc": 0.92358}
{"epoch": 8, "time_epoch": 84.60948, "eta": 7760.14023, "eta_hours": 2.15559, "loss": 0.84872166, "lr": 0.00049877, "params": 502054, "time_iter": 0.13538, "accuracy": 0.70074, "f1": 0.70074, "accuracy-SBM": 0.70074, "auc": 0.9289}
{"epoch": 9, "time_epoch": 85.71209, "eta": 7678.78633, "eta_hours": 2.133, "loss": 0.81187837, "lr": 0.00049782, "params": 502054, "time_iter": 0.13714, "accuracy": 0.71145, "f1": 0.71145, "accuracy-SBM": 0.71145, "auc": 0.93482}
{"epoch": 10, "time_epoch": 84.57412, "eta": 7587.43285, "eta_hours": 2.10762, "loss": 0.78452347, "lr": 0.00049659, "params": 502054, "time_iter": 0.13532, "accuracy": 0.72184, "f1": 0.72183, "accuracy-SBM": 0.72184, "auc": 0.93898}
{"epoch": 11, "time_epoch": 85.12351, "eta": 7501.23812, "eta_hours": 2.08368, "loss": 0.76333778, "lr": 0.00049509, "params": 502054, "time_iter": 0.1362, "accuracy": 0.72877, "f1": 0.72877, "accuracy-SBM": 0.72877, "auc": 0.9421}
{"epoch": 12, "time_epoch": 84.5406, "eta": 7411.30717, "eta_hours": 2.0587, "loss": 0.74537326, "lr": 0.00049333, "params": 502054, "time_iter": 0.13526, "accuracy": 0.73546, "f1": 0.73546, "accuracy-SBM": 0.73546, "auc": 0.94465}
{"epoch": 13, "time_epoch": 84.16256, "eta": 7319.82404, "eta_hours": 2.03328, "loss": 0.73500033, "lr": 0.0004913, "params": 502054, "time_iter": 0.13466, "accuracy": 0.73833, "f1": 0.73833, "accuracy-SBM": 0.73833, "auc": 0.9462}
{"epoch": 14, "time_epoch": 84.98779, "eta": 7233.99331, "eta_hours": 2.00944, "loss": 0.7293846, "lr": 0.00048901, "params": 502054, "time_iter": 0.13598, "accuracy": 0.74036, "f1": 0.74036, "accuracy-SBM": 0.74036, "auc": 0.94693}
{"epoch": 15, "time_epoch": 84.4183, "eta": 7145.27812, "eta_hours": 1.9848, "loss": 0.71813916, "lr": 0.00048645, "params": 502054, "time_iter": 0.13507, "accuracy": 0.74422, "f1": 0.74421, "accuracy-SBM": 0.74422, "auc": 0.94851}
{"epoch": 16, "time_epoch": 85.21163, "eta": 7060.94176, "eta_hours": 1.96137, "loss": 0.70928431, "lr": 0.00048364, "params": 502054, "time_iter": 0.13634, "accuracy": 0.74671, "f1": 0.74671, "accuracy-SBM": 0.74672, "auc": 0.94975}
{"epoch": 17, "time_epoch": 85.71727, "eta": 6978.81163, "eta_hours": 1.93856, "loss": 0.70614514, "lr": 0.00048057, "params": 502054, "time_iter": 0.13715, "accuracy": 0.74807, "f1": 0.74807, "accuracy-SBM": 0.74807, "auc": 0.95018}
{"epoch": 18, "time_epoch": 85.12791, "eta": 6893.79134, "eta_hours": 1.91494, "loss": 0.70126879, "lr": 0.00047725, "params": 502054, "time_iter": 0.1362, "accuracy": 0.74973, "f1": 0.74973, "accuracy-SBM": 0.74973, "auc": 0.95082}
{"epoch": 19, "time_epoch": 85.31107, "eta": 6809.49296, "eta_hours": 1.89153, "loss": 0.69701077, "lr": 0.00047368, "params": 502054, "time_iter": 0.1365, "accuracy": 0.75134, "f1": 0.75134, "accuracy-SBM": 0.75134, "auc": 0.95143}
{"epoch": 20, "time_epoch": 85.9031, "eta": 6727.32528, "eta_hours": 1.8687, "loss": 0.69102239, "lr": 0.00046987, "params": 502054, "time_iter": 0.13744, "accuracy": 0.75289, "f1": 0.75289, "accuracy-SBM": 0.75289, "auc": 0.95224}
{"epoch": 21, "time_epoch": 84.92637, "eta": 6641.35508, "eta_hours": 1.84482, "loss": 0.68756877, "lr": 0.00046581, "params": 502054, "time_iter": 0.13588, "accuracy": 0.7545, "f1": 0.7545, "accuracy-SBM": 0.7545, "auc": 0.95273}
{"epoch": 22, "time_epoch": 85.17763, "eta": 6556.3168, "eta_hours": 1.8212, "loss": 0.68109277, "lr": 0.00046152, "params": 502054, "time_iter": 0.13628, "accuracy": 0.75673, "f1": 0.75673, "accuracy-SBM": 0.75673, "auc": 0.95358}
{"epoch": 23, "time_epoch": 85.06299, "eta": 6470.90389, "eta_hours": 1.79747, "loss": 0.67963901, "lr": 0.000457, "params": 502054, "time_iter": 0.1361, "accuracy": 0.75664, "f1": 0.75664, "accuracy-SBM": 0.75664, "auc": 0.9538}
{"epoch": 24, "time_epoch": 85.23827, "eta": 6386.0448, "eta_hours": 1.7739, "loss": 0.67514409, "lr": 0.00045225, "params": 502054, "time_iter": 0.13638, "accuracy": 0.759, "f1": 0.759, "accuracy-SBM": 0.759, "auc": 0.95439}
{"epoch": 25, "time_epoch": 85.42536, "eta": 6301.68905, "eta_hours": 1.75047, "loss": 0.66995308, "lr": 0.00044729, "params": 502054, "time_iter": 0.13668, "accuracy": 0.76007, "f1": 0.76007, "accuracy-SBM": 0.76007, "auc": 0.9551}
{"epoch": 26, "time_epoch": 84.9969, "eta": 6216.09563, "eta_hours": 1.72669, "loss": 0.66571465, "lr": 0.0004421, "params": 502054, "time_iter": 0.136, "accuracy": 0.76202, "f1": 0.76202, "accuracy-SBM": 0.76202, "auc": 0.95565}
{"epoch": 27, "time_epoch": 85.37183, "eta": 6131.50892, "eta_hours": 1.7032, "loss": 0.66491611, "lr": 0.00043671, "params": 502054, "time_iter": 0.13659, "accuracy": 0.76301, "f1": 0.76301, "accuracy-SBM": 0.76301, "auc": 0.95569}
{"epoch": 28, "time_epoch": 85.63572, "eta": 6047.51414, "eta_hours": 1.67987, "loss": 0.66084748, "lr": 0.00043111, "params": 502054, "time_iter": 0.13702, "accuracy": 0.76416, "f1": 0.76416, "accuracy-SBM": 0.76416, "auc": 0.95626}
{"epoch": 29, "time_epoch": 84.90929, "eta": 5961.71496, "eta_hours": 1.65603, "loss": 0.65967036, "lr": 0.00042531, "params": 502054, "time_iter": 0.13585, "accuracy": 0.76375, "f1": 0.76376, "accuracy-SBM": 0.76376, "auc": 0.95644}
{"epoch": 30, "time_epoch": 85.22766, "eta": 5876.68183, "eta_hours": 1.63241, "loss": 0.65441638, "lr": 0.00041932, "params": 502054, "time_iter": 0.13636, "accuracy": 0.76618, "f1": 0.76618, "accuracy-SBM": 0.76618, "auc": 0.95714}
{"epoch": 31, "time_epoch": 85.18535, "eta": 5791.54662, "eta_hours": 1.60876, "loss": 0.65224306, "lr": 0.00041315, "params": 502054, "time_iter": 0.1363, "accuracy": 0.76648, "f1": 0.76647, "accuracy-SBM": 0.76648, "auc": 0.95739}
{"epoch": 32, "time_epoch": 84.19149, "eta": 5704.39054, "eta_hours": 1.58455, "loss": 0.65007912, "lr": 0.00040679, "params": 502054, "time_iter": 0.13471, "accuracy": 0.76766, "f1": 0.76766, "accuracy-SBM": 0.76766, "auc": 0.95768}
{"epoch": 33, "time_epoch": 84.18345, "eta": 5617.39325, "eta_hours": 1.56039, "loss": 0.64632345, "lr": 0.00040027, "params": 502054, "time_iter": 0.13469, "accuracy": 0.76877, "f1": 0.76877, "accuracy-SBM": 0.76877, "auc": 0.95816}
{"epoch": 34, "time_epoch": 84.42551, "eta": 5531.00628, "eta_hours": 1.53639, "loss": 0.64266888, "lr": 0.00039358, "params": 502054, "time_iter": 0.13508, "accuracy": 0.77053, "f1": 0.77053, "accuracy-SBM": 0.77053, "auc": 0.95862}
{"epoch": 35, "time_epoch": 84.87292, "eta": 5445.52368, "eta_hours": 1.51265, "loss": 0.63816507, "lr": 0.00038674, "params": 502054, "time_iter": 0.1358, "accuracy": 0.77173, "f1": 0.77173, "accuracy-SBM": 0.77173, "auc": 0.95921}
{"epoch": 36, "time_epoch": 84.97302, "eta": 5360.24447, "eta_hours": 1.48896, "loss": 0.63765765, "lr": 0.00037974, "params": 502054, "time_iter": 0.13596, "accuracy": 0.77136, "f1": 0.77136, "accuracy-SBM": 0.77136, "auc": 0.95929}
{"epoch": 37, "time_epoch": 85.57291, "eta": 5275.96015, "eta_hours": 1.46554, "loss": 0.63567347, "lr": 0.00037261, "params": 502054, "time_iter": 0.13692, "accuracy": 0.77258, "f1": 0.77258, "accuracy-SBM": 0.77258, "auc": 0.95954}
{"epoch": 38, "time_epoch": 84.7353, "eta": 5190.29964, "eta_hours": 1.44175, "loss": 0.63184624, "lr": 0.00036534, "params": 502054, "time_iter": 0.13558, "accuracy": 0.77368, "f1": 0.77368, "accuracy-SBM": 0.77368, "auc": 0.96003}
{"epoch": 39, "time_epoch": 84.71146, "eta": 5104.64963, "eta_hours": 1.41796, "loss": 0.63042241, "lr": 0.00035794, "params": 502054, "time_iter": 0.13554, "accuracy": 0.77439, "f1": 0.77439, "accuracy-SBM": 0.77439, "auc": 0.96018}
{"epoch": 40, "time_epoch": 85.28799, "eta": 5019.87504, "eta_hours": 1.39441, "loss": 0.62662379, "lr": 0.00035042, "params": 502054, "time_iter": 0.13646, "accuracy": 0.77561, "f1": 0.77561, "accuracy-SBM": 0.77561, "auc": 0.96069}
{"epoch": 41, "time_epoch": 84.84715, "eta": 4934.46723, "eta_hours": 1.37069, "loss": 0.62394071, "lr": 0.0003428, "params": 502054, "time_iter": 0.13576, "accuracy": 0.77631, "f1": 0.77631, "accuracy-SBM": 0.77631, "auc": 0.96104}
{"epoch": 42, "time_epoch": 83.91929, "eta": 4847.85555, "eta_hours": 1.34663, "loss": 0.62266652, "lr": 0.00033507, "params": 502054, "time_iter": 0.13427, "accuracy": 0.77747, "f1": 0.77747, "accuracy-SBM": 0.77747, "auc": 0.96115}
{"epoch": 43, "time_epoch": 84.75335, "eta": 4762.42777, "eta_hours": 1.3229, "loss": 0.61978393, "lr": 0.00032725, "params": 502054, "time_iter": 0.13561, "accuracy": 0.77799, "f1": 0.77799, "accuracy-SBM": 0.77799, "auc": 0.96152}
{"epoch": 44, "time_epoch": 84.74736, "eta": 4677.02265, "eta_hours": 1.29917, "loss": 0.61614344, "lr": 0.00031935, "params": 502054, "time_iter": 0.1356, "accuracy": 0.77947, "f1": 0.77947, "accuracy-SBM": 0.77947, "auc": 0.96196}
{"epoch": 45, "time_epoch": 85.51589, "eta": 4592.54832, "eta_hours": 1.27571, "loss": 0.61407148, "lr": 0.00031137, "params": 502054, "time_iter": 0.13683, "accuracy": 0.77965, "f1": 0.77965, "accuracy-SBM": 0.77965, "auc": 0.96223}
{"epoch": 46, "time_epoch": 85.6723, "eta": 4508.20604, "eta_hours": 1.25228, "loss": 0.61281966, "lr": 0.00030332, "params": 502054, "time_iter": 0.13708, "accuracy": 0.78073, "f1": 0.78074, "accuracy-SBM": 0.78073, "auc": 0.96235}
{"epoch": 47, "time_epoch": 85.63842, "eta": 4423.77164, "eta_hours": 1.22883, "loss": 0.61120944, "lr": 0.00029522, "params": 502054, "time_iter": 0.13702, "accuracy": 0.78096, "f1": 0.78096, "accuracy-SBM": 0.78096, "auc": 0.96258}
{"epoch": 48, "time_epoch": 85.7617, "eta": 4339.41641, "eta_hours": 1.20539, "loss": 0.60810653, "lr": 0.00028707, "params": 502054, "time_iter": 0.13722, "accuracy": 0.78327, "f1": 0.78327, "accuracy-SBM": 0.78327, "auc": 0.96294}
{"epoch": 49, "time_epoch": 85.288, "eta": 4254.53121, "eta_hours": 1.18181, "loss": 0.60532069, "lr": 0.00027887, "params": 502054, "time_iter": 0.13646, "accuracy": 0.78272, "f1": 0.78273, "accuracy-SBM": 0.78273, "auc": 0.96331}
{"epoch": 50, "time_epoch": 85.15966, "eta": 4169.50692, "eta_hours": 1.1582, "loss": 0.60668605, "lr": 0.00027064, "params": 502054, "time_iter": 0.13626, "accuracy": 0.7825, "f1": 0.7825, "accuracy-SBM": 0.7825, "auc": 0.96313}
{"epoch": 51, "time_epoch": 84.0097, "eta": 4083.41592, "eta_hours": 1.13428, "loss": 0.60322669, "lr": 0.0002624, "params": 502054, "time_iter": 0.13442, "accuracy": 0.78388, "f1": 0.78389, "accuracy-SBM": 0.78389, "auc": 0.96356}
{"epoch": 52, "time_epoch": 84.5786, "eta": 3997.90795, "eta_hours": 1.11053, "loss": 0.59958116, "lr": 0.00025413, "params": 502054, "time_iter": 0.13533, "accuracy": 0.78523, "f1": 0.78523, "accuracy-SBM": 0.78523, "auc": 0.96399}
{"epoch": 53, "time_epoch": 84.41209, "eta": 3912.29256, "eta_hours": 1.08675, "loss": 0.59764773, "lr": 0.00024587, "params": 502054, "time_iter": 0.13506, "accuracy": 0.78565, "f1": 0.78565, "accuracy-SBM": 0.78565, "auc": 0.96423}
{"epoch": 54, "time_epoch": 84.50699, "eta": 3826.79857, "eta_hours": 1.063, "loss": 0.59462573, "lr": 0.0002376, "params": 502054, "time_iter": 0.13521, "accuracy": 0.78699, "f1": 0.78699, "accuracy-SBM": 0.78699, "auc": 0.96458}
{"epoch": 55, "time_epoch": 84.41951, "eta": 3741.2711, "eta_hours": 1.03924, "loss": 0.59234261, "lr": 0.00022936, "params": 502054, "time_iter": 0.13507, "accuracy": 0.78723, "f1": 0.78723, "accuracy-SBM": 0.78723, "auc": 0.96487}
{"epoch": 56, "time_epoch": 83.16697, "eta": 3654.83761, "eta_hours": 1.01523, "loss": 0.59107865, "lr": 0.00022113, "params": 502054, "time_iter": 0.13307, "accuracy": 0.78766, "f1": 0.78766, "accuracy-SBM": 0.78766, "auc": 0.96502}
{"epoch": 57, "time_epoch": 83.82207, "eta": 3568.99114, "eta_hours": 0.99139, "loss": 0.58734119, "lr": 0.00021293, "params": 502054, "time_iter": 0.13412, "accuracy": 0.78878, "f1": 0.78878, "accuracy-SBM": 0.78878, "auc": 0.96547}
{"epoch": 58, "time_epoch": 83.22502, "eta": 3482.79838, "eta_hours": 0.96744, "loss": 0.58584094, "lr": 0.00020478, "params": 502054, "time_iter": 0.13316, "accuracy": 0.7898, "f1": 0.7898, "accuracy-SBM": 0.7898, "auc": 0.96564}
{"epoch": 59, "time_epoch": 83.68924, "eta": 3397.01404, "eta_hours": 0.94362, "loss": 0.58239168, "lr": 0.00019668, "params": 502054, "time_iter": 0.1339, "accuracy": 0.79066, "f1": 0.79065, "accuracy-SBM": 0.79066, "auc": 0.96605}
{"epoch": 60, "time_epoch": 83.96842, "eta": 3311.47688, "eta_hours": 0.91985, "loss": 0.58135204, "lr": 0.00018863, "params": 502054, "time_iter": 0.13435, "accuracy": 0.79163, "f1": 0.79163, "accuracy-SBM": 0.79163, "auc": 0.96617}
{"epoch": 61, "time_epoch": 84.63497, "eta": 3226.39886, "eta_hours": 0.89622, "loss": 0.57778374, "lr": 0.00018065, "params": 502054, "time_iter": 0.13542, "accuracy": 0.79244, "f1": 0.79244, "accuracy-SBM": 0.79244, "auc": 0.96658}
{"epoch": 62, "time_epoch": 83.9119, "eta": 3140.91023, "eta_hours": 0.87248, "loss": 0.57877581, "lr": 0.00017275, "params": 502054, "time_iter": 0.13426, "accuracy": 0.79226, "f1": 0.79226, "accuracy-SBM": 0.79226, "auc": 0.96646}
{"epoch": 63, "time_epoch": 84.27121, "eta": 3055.673, "eta_hours": 0.8488, "loss": 0.57661552, "lr": 0.00016493, "params": 502054, "time_iter": 0.13483, "accuracy": 0.79211, "f1": 0.79211, "accuracy-SBM": 0.79211, "auc": 0.96673}
{"epoch": 64, "time_epoch": 83.62136, "eta": 2970.11557, "eta_hours": 0.82503, "loss": 0.57414005, "lr": 0.0001572, "params": 502054, "time_iter": 0.13379, "accuracy": 0.79336, "f1": 0.79336, "accuracy-SBM": 0.79336, "auc": 0.967}
{"epoch": 65, "time_epoch": 84.10858, "eta": 2884.8678, "eta_hours": 0.80135, "loss": 0.57225834, "lr": 0.00014958, "params": 502054, "time_iter": 0.13457, "accuracy": 0.79447, "f1": 0.79447, "accuracy-SBM": 0.79447, "auc": 0.96722}
{"epoch": 66, "time_epoch": 83.90691, "eta": 2799.55471, "eta_hours": 0.77765, "loss": 0.57101464, "lr": 0.00014206, "params": 502054, "time_iter": 0.13425, "accuracy": 0.79504, "f1": 0.79504, "accuracy-SBM": 0.79504, "auc": 0.96737}
{"epoch": 67, "time_epoch": 84.31138, "eta": 2714.47331, "eta_hours": 0.75402, "loss": 0.57092843, "lr": 0.00013466, "params": 502054, "time_iter": 0.1349, "accuracy": 0.79487, "f1": 0.79488, "accuracy-SBM": 0.79487, "auc": 0.96737}
{"epoch": 68, "time_epoch": 83.91808, "eta": 2629.23753, "eta_hours": 0.73034, "loss": 0.56566475, "lr": 0.00012739, "params": 502054, "time_iter": 0.13427, "accuracy": 0.79676, "f1": 0.79676, "accuracy-SBM": 0.79676, "auc": 0.96799}
{"epoch": 69, "time_epoch": 84.09467, "eta": 2544.11509, "eta_hours": 0.7067, "loss": 0.5657696, "lr": 0.00012026, "params": 502054, "time_iter": 0.13455, "accuracy": 0.79658, "f1": 0.79658, "accuracy-SBM": 0.79658, "auc": 0.96795}
{"epoch": 70, "time_epoch": 83.86747, "eta": 2458.92879, "eta_hours": 0.68304, "loss": 0.56303329, "lr": 0.00011326, "params": 502054, "time_iter": 0.13419, "accuracy": 0.79735, "f1": 0.79735, "accuracy-SBM": 0.79735, "auc": 0.96827}
{"epoch": 71, "time_epoch": 84.17273, "eta": 2373.89784, "eta_hours": 0.65942, "loss": 0.56400172, "lr": 0.00010642, "params": 502054, "time_iter": 0.13468, "accuracy": 0.79772, "f1": 0.79772, "accuracy-SBM": 0.79772, "auc": 0.96814}
{"epoch": 72, "time_epoch": 84.12457, "eta": 2288.87259, "eta_hours": 0.6358, "loss": 0.56264173, "lr": 9.973e-05, "params": 502054, "time_iter": 0.1346, "accuracy": 0.79745, "f1": 0.79745, "accuracy-SBM": 0.79745, "auc": 0.96832}
{"epoch": 73, "time_epoch": 84.25769, "eta": 2203.91845, "eta_hours": 0.6122, "loss": 0.55892555, "lr": 9.321e-05, "params": 502054, "time_iter": 0.13481, "accuracy": 0.79907, "f1": 0.79907, "accuracy-SBM": 0.79907, "auc": 0.96873}
{"epoch": 74, "time_epoch": 83.87521, "eta": 2118.8554, "eta_hours": 0.58857, "loss": 0.55948218, "lr": 8.685e-05, "params": 502054, "time_iter": 0.1342, "accuracy": 0.79911, "f1": 0.79911, "accuracy-SBM": 0.79911, "auc": 0.96866}
{"epoch": 75, "time_epoch": 84.05, "eta": 2033.8788, "eta_hours": 0.56497, "loss": 0.55826864, "lr": 8.068e-05, "params": 502054, "time_iter": 0.13448, "accuracy": 0.79969, "f1": 0.79969, "accuracy-SBM": 0.79969, "auc": 0.9688}
{"epoch": 76, "time_epoch": 83.98825, "eta": 1948.90782, "eta_hours": 0.54136, "loss": 0.55718467, "lr": 7.469e-05, "params": 502054, "time_iter": 0.13438, "accuracy": 0.80007, "f1": 0.80007, "accuracy-SBM": 0.80007, "auc": 0.96892}
{"epoch": 77, "time_epoch": 83.99287, "eta": 1863.96334, "eta_hours": 0.51777, "loss": 0.55776269, "lr": 6.889e-05, "params": 502054, "time_iter": 0.13439, "accuracy": 0.79926, "f1": 0.79926, "accuracy-SBM": 0.79926, "auc": 0.96885}
{"epoch": 78, "time_epoch": 83.84596, "eta": 1779.00391, "eta_hours": 0.49417, "loss": 0.55457407, "lr": 6.329e-05, "params": 502054, "time_iter": 0.13415, "accuracy": 0.80028, "f1": 0.80028, "accuracy-SBM": 0.80028, "auc": 0.96922}
{"epoch": 79, "time_epoch": 83.80583, "eta": 1694.06227, "eta_hours": 0.47057, "loss": 0.55351421, "lr": 5.79e-05, "params": 502054, "time_iter": 0.13409, "accuracy": 0.80126, "f1": 0.80126, "accuracy-SBM": 0.80126, "auc": 0.96932}
{"epoch": 80, "time_epoch": 83.4571, "eta": 1609.06689, "eta_hours": 0.44696, "loss": 0.55227813, "lr": 5.271e-05, "params": 502054, "time_iter": 0.13353, "accuracy": 0.80169, "f1": 0.80169, "accuracy-SBM": 0.80169, "auc": 0.96947}
{"epoch": 81, "time_epoch": 83.83889, "eta": 1524.19282, "eta_hours": 0.42339, "loss": 0.551848, "lr": 4.775e-05, "params": 502054, "time_iter": 0.13414, "accuracy": 0.80147, "f1": 0.80147, "accuracy-SBM": 0.80147, "auc": 0.96952}
{"epoch": 82, "time_epoch": 84.23737, "eta": 1439.42532, "eta_hours": 0.39984, "loss": 0.55115447, "lr": 4.3e-05, "params": 502054, "time_iter": 0.13478, "accuracy": 0.80134, "f1": 0.80134, "accuracy-SBM": 0.80134, "auc": 0.96961}
{"epoch": 83, "time_epoch": 84.34258, "eta": 1354.69048, "eta_hours": 0.3763, "loss": 0.55090893, "lr": 3.848e-05, "params": 502054, "time_iter": 0.13495, "accuracy": 0.80233, "f1": 0.80233, "accuracy-SBM": 0.80233, "auc": 0.96961}
{"epoch": 84, "time_epoch": 84.27148, "eta": 1269.95233, "eta_hours": 0.35276, "loss": 0.54793627, "lr": 3.419e-05, "params": 502054, "time_iter": 0.13483, "accuracy": 0.80306, "f1": 0.80306, "accuracy-SBM": 0.80306, "auc": 0.96995}
{"epoch": 85, "time_epoch": 83.7914, "eta": 1185.14687, "eta_hours": 0.32921, "loss": 0.5483692, "lr": 3.013e-05, "params": 502054, "time_iter": 0.13407, "accuracy": 0.80245, "f1": 0.80245, "accuracy-SBM": 0.80245, "auc": 0.96991}
{"epoch": 86, "time_epoch": 84.50644, "eta": 1100.47157, "eta_hours": 0.30569, "loss": 0.54915277, "lr": 2.632e-05, "params": 502054, "time_iter": 0.13521, "accuracy": 0.8027, "f1": 0.8027, "accuracy-SBM": 0.8027, "auc": 0.96982}
{"epoch": 87, "time_epoch": 84.06909, "eta": 1015.74047, "eta_hours": 0.28215, "loss": 0.54591807, "lr": 2.275e-05, "params": 502054, "time_iter": 0.13451, "accuracy": 0.80373, "f1": 0.80374, "accuracy-SBM": 0.80374, "auc": 0.97018}
{"epoch": 88, "time_epoch": 84.33301, "eta": 931.05687, "eta_hours": 0.25863, "loss": 0.54472275, "lr": 1.943e-05, "params": 502054, "time_iter": 0.13493, "accuracy": 0.80395, "f1": 0.80395, "accuracy-SBM": 0.80395, "auc": 0.9703}
{"epoch": 89, "time_epoch": 84.68349, "eta": 846.41999, "eta_hours": 0.23512, "loss": 0.5444738, "lr": 1.636e-05, "params": 502054, "time_iter": 0.13549, "accuracy": 0.80377, "f1": 0.80377, "accuracy-SBM": 0.80377, "auc": 0.97035}
{"epoch": 90, "time_epoch": 84.08296, "eta": 761.72271, "eta_hours": 0.21159, "loss": 0.54427184, "lr": 1.355e-05, "params": 502054, "time_iter": 0.13453, "accuracy": 0.80407, "f1": 0.80407, "accuracy-SBM": 0.80408, "auc": 0.97036}
{"epoch": 91, "time_epoch": 83.94079, "eta": 677.02641, "eta_hours": 0.18806, "loss": 0.54378992, "lr": 1.099e-05, "params": 502054, "time_iter": 0.13431, "accuracy": 0.80445, "f1": 0.80445, "accuracy-SBM": 0.80445, "auc": 0.9704}
{"epoch": 92, "time_epoch": 84.04373, "eta": 592.35411, "eta_hours": 0.16454, "loss": 0.54293626, "lr": 8.7e-06, "params": 502054, "time_iter": 0.13447, "accuracy": 0.80432, "f1": 0.80432, "accuracy-SBM": 0.80432, "auc": 0.9705}
{"epoch": 93, "time_epoch": 84.18204, "eta": 507.70401, "eta_hours": 0.14103, "loss": 0.54408591, "lr": 6.67e-06, "params": 502054, "time_iter": 0.13469, "accuracy": 0.80416, "f1": 0.80416, "accuracy-SBM": 0.80417, "auc": 0.97038}
{"epoch": 94, "time_epoch": 84.28545, "eta": 423.06921, "eta_hours": 0.11752, "loss": 0.54179833, "lr": 4.91e-06, "params": 502054, "time_iter": 0.13486, "accuracy": 0.80504, "f1": 0.80504, "accuracy-SBM": 0.80504, "auc": 0.97062}
{"epoch": 95, "time_epoch": 84.13674, "eta": 338.43549, "eta_hours": 0.09401, "loss": 0.54222557, "lr": 3.41e-06, "params": 502054, "time_iter": 0.13462, "accuracy": 0.80495, "f1": 0.80495, "accuracy-SBM": 0.80495, "auc": 0.97058}
{"epoch": 96, "time_epoch": 84.08441, "eta": 253.81039, "eta_hours": 0.0705, "loss": 0.54216209, "lr": 2.18e-06, "params": 502054, "time_iter": 0.13454, "accuracy": 0.80505, "f1": 0.80505, "accuracy-SBM": 0.80505, "auc": 0.97058}
{"epoch": 97, "time_epoch": 84.19929, "eta": 169.19868, "eta_hours": 0.047, "loss": 0.54206737, "lr": 1.23e-06, "params": 502054, "time_iter": 0.13472, "accuracy": 0.80471, "f1": 0.80471, "accuracy-SBM": 0.80471, "auc": 0.97059}
{"epoch": 98, "time_epoch": 84.52869, "eta": 84.59863, "eta_hours": 0.0235, "loss": 0.54424548, "lr": 5.5e-07, "params": 502054, "time_iter": 0.13525, "accuracy": 0.80428, "f1": 0.80428, "accuracy-SBM": 0.80428, "auc": 0.97034}
{"epoch": 99, "time_epoch": 84.15014, "eta": 0.0, "eta_hours": 0.0, "loss": 0.54301141, "lr": 1.4e-07, "params": 502054, "time_iter": 0.13464, "accuracy": 0.80457, "f1": 0.80457, "accuracy-SBM": 0.80457, "auc": 0.9705}
